{"backend_name": "ibmq_quito", "backend_version": "1.1.33", "qobj_id": "339cd765-82b7-4c61-8b07-c4193f8dd227", "job_id": "62e1705b3e2c287fd1bd2288", "date": "2022-07-27T17:25:16Z", "success": true, "status": "Successful completion", "execution_id": "c06ebf44-0dd0-11ed-986f-b02628f7f59e", "time_taken": 141.0679268836975, "header": {"backend_name": "ibmq_quito", "backend_version": "1.1.33"}, "results": [{"shots": 4096, "success": true, "status": null, "seed": null, "meas_level": 2, "meas_return": null, "header": {"qubit_labels": [["q", 0], ["q", 1], ["q", 2], ["q", 3], ["q", 4]], "n_qubits": 5, "qreg_sizes": [["q", 5]], "clbit_labels": [["c", 0], ["c", 1], ["c", 2]], "memory_slots": 3, "creg_sizes": [["c", 3]], "name": "circuit-617276", "global_phase": 0.0, "metadata": {}}, "data": {"counts": {"0x0": 883, "0x1": 217, "0x2": 233, "0x3": 848, "0x4": 214, "0x5": 710, "0x6": 773, "0x7": 218}, "snapshots": null, "memory": null, "statevector": null, "unitary": null}}, {"shots": 4096, "success": true, "status": null, "seed": null, "meas_level": 2, "meas_return": null, "header": {"qubit_labels": [["q", 0], ["q", 1], ["q", 2], ["q", 3], ["q", 4]], "n_qubits": 5, "qreg_sizes": [["q", 5]], "clbit_labels": [["c", 0], ["c", 1], ["c", 2]], "memory_slots": 3, "creg_sizes": [["c", 3]], "name": "circuit-617277", "global_phase": 0.0, "metadata": {}}, "data": {"counts": {"0x0": 3022, "0x1": 337, "0x2": 374, "0x3": 43, "0x4": 212, "0x5": 59, "0x6": 35, "0x7": 14}, "snapshots": null, "memory": null, "statevector": null, "unitary": null}}, {"shots": 4096, "success": true, "status": null, "seed": null, "meas_level": 2, "meas_return": null, "header": {"qubit_labels": [["q", 0], ["q", 1], ["q", 2], ["q", 3], ["q", 4]], "n_qubits": 5, "qreg_sizes": [["q", 5]], "clbit_labels": [["c", 0], ["c", 1], ["c", 2]], "memory_slots": 3, "creg_sizes": [["c", 3]], "name": "circuit-617621", "global_phase": 0.0, "metadata": {}}, "data": {"counts": {"0x0": 816, "0x1": 386, "0x2": 300, "0x3": 729, "0x4": 353, "0x5": 663, "0x6": 620, "0x7": 229}, "snapshots": null, "memory": null, "statevector": null, "unitary": null}}, {"shots": 4096, "success": true, "status": null, "seed": null, "meas_level": 2, "meas_return": null, "header": {"qubit_labels": [["q", 0], ["q", 1], ["q", 2], ["q", 3], ["q", 4]], "n_qubits": 5, "qreg_sizes": [["q", 5]], "clbit_labels": [["c", 0], ["c", 1], ["c", 2]], "memory_slots": 3, "creg_sizes": [["c", 3]], "name": "circuit-617622", "global_phase": 0.0, "metadata": {}}, "data": {"counts": {"0x0": 3098, "0x1": 315, "0x2": 308, "0x3": 45, "0x4": 180, "0x5": 93, "0x6": 22, "0x7": 35}, "snapshots": null, "memory": null, "statevector": null, "unitary": null}}, {"shots": 4096, "success": true, "status": null, "seed": null, "meas_level": 2, "meas_return": null, "header": {"qubit_labels": [["q", 0], ["q", 1], ["q", 2], ["q", 3], ["q", 4]], "n_qubits": 5, "qreg_sizes": [["q", 5]], "clbit_labels": [["c", 0], ["c", 1], ["c", 2]], "memory_slots": 3, "creg_sizes": [["c", 3]], "name": "circuit-618116", "global_phase": 0.0, "metadata": {}}, "data": {"counts": {"0x0": 698, "0x1": 368, "0x2": 423, "0x3": 695, "0x4": 393, "0x5": 547, "0x6": 629, "0x7": 343}, "snapshots": null, "memory": null, "statevector": null, "unitary": null}}, {"shots": 4096, "success": true, "status": null, "seed": null, "meas_level": 2, "meas_return": null, "header": {"qubit_labels": [["q", 0], ["q", 1], ["q", 2], ["q", 3], ["q", 4]], "n_qubits": 5, "qreg_sizes": [["q", 5]], "clbit_labels": [["c", 0], ["c", 1], ["c", 2]], "memory_slots": 3, "creg_sizes": [["c", 3]], "name": "circuit-618117", "global_phase": 0.0, "metadata": {}}, "data": {"counts": {"0x0": 2867, "0x1": 390, "0x2": 431, "0x3": 62, "0x4": 209, "0x5": 88, "0x6": 24, "0x7": 25}, "snapshots": null, "memory": null, "statevector": null, "unitary": null}}, {"shots": 4096, "success": true, "status": null, "seed": null, "meas_level": 2, "meas_return": null, "header": {"qubit_labels": [["q", 0], ["q", 1], ["q", 2], ["q", 3], ["q", 4]], "n_qubits": 5, "qreg_sizes": [["q", 5]], "clbit_labels": [["c", 0], ["c", 1], ["c", 2]], "memory_slots": 3, "creg_sizes": [["c", 3]], "name": "circuit-618759", "global_phase": 0.0, "metadata": {}}, "data": {"counts": {"0x0": 276, "0x1": 422, "0x2": 535, "0x3": 722, "0x4": 656, "0x5": 304, "0x6": 506, "0x7": 675}, "snapshots": null, "memory": null, "statevector": null, "unitary": null}}, {"shots": 4096, "success": true, "status": null, "seed": null, "meas_level": 2, "meas_return": null, "header": {"qubit_labels": [["q", 0], ["q", 1], ["q", 2], ["q", 3], ["q", 4]], "n_qubits": 5, "qreg_sizes": [["q", 5]], "clbit_labels": [["c", 0], ["c", 1], ["c", 2]], "memory_slots": 3, "creg_sizes": [["c", 3]], "name": "circuit-618760", "global_phase": 0.0, "metadata": {}}, "data": {"counts": {"0x0": 2505, "0x1": 431, "0x2": 521, "0x3": 135, "0x4": 247, "0x5": 174, "0x6": 50, "0x7": 33}, "snapshots": null, "memory": null, "statevector": null, "unitary": null}}, {"shots": 4096, "success": true, "status": null, "seed": null, "meas_level": 2, "meas_return": null, "header": {"qubit_labels": [["q", 0], ["q", 1], ["q", 2], ["q", 3], ["q", 4]], "n_qubits": 5, "qreg_sizes": [["q", 5]], "clbit_labels": [["c", 0], ["c", 1], ["c", 2]], "memory_slots": 3, "creg_sizes": [["c", 3]], "name": "circuit-619549", "global_phase": 0.0, "metadata": {}}, "data": {"counts": {"0x0": 477, "0x1": 475, "0x2": 545, "0x3": 583, "0x4": 440, "0x5": 421, "0x6": 629, "0x7": 526}, "snapshots": null, "memory": null, "statevector": null, "unitary": null}}, {"shots": 4096, "success": true, "status": null, "seed": null, "meas_level": 2, "meas_return": null, "header": {"qubit_labels": [["q", 0], ["q", 1], ["q", 2], ["q", 3], ["q", 4]], "n_qubits": 5, "qreg_sizes": [["q", 5]], "clbit_labels": [["c", 0], ["c", 1], ["c", 2]], "memory_slots": 3, "creg_sizes": [["c", 3]], "name": "circuit-619550", "global_phase": 0.0, "metadata": {}}, "data": {"counts": {"0x0": 2657, "0x1": 352, "0x2": 458, "0x3": 103, "0x4": 242, "0x5": 155, "0x6": 55, "0x7": 74}, "snapshots": null, "memory": null, "statevector": null, "unitary": null}}, {"shots": 4096, "success": true, "status": null, "seed": null, "meas_level": 2, "meas_return": null, "header": {"qubit_labels": [["q", 0], ["q", 1], ["q", 2], ["q", 3], ["q", 4]], "n_qubits": 5, "qreg_sizes": [["q", 5]], "clbit_labels": [["c", 0], ["c", 1], ["c", 2]], "memory_slots": 3, "creg_sizes": [["c", 3]], "name": "circuit-620482", "global_phase": 0.0, "metadata": {}}, "data": {"counts": {"0x0": 534, "0x1": 639, "0x2": 518, "0x3": 586, "0x4": 536, "0x5": 356, "0x6": 429, "0x7": 498}, "snapshots": null, "memory": null, "statevector": null, "unitary": null}}, {"shots": 4096, "success": true, "status": null, "seed": null, "meas_level": 2, "meas_return": null, "header": {"qubit_labels": [["q", 0], ["q", 1], ["q", 2], ["q", 3], ["q", 4]], "n_qubits": 5, "qreg_sizes": [["q", 5]], "clbit_labels": [["c", 0], ["c", 1], ["c", 2]], "memory_slots": 3, "creg_sizes": [["c", 3]], "name": "circuit-620483", "global_phase": 0.0, "metadata": {}}, "data": {"counts": {"0x0": 2402, "0x1": 366, "0x2": 515, "0x3": 76, "0x4": 424, "0x5": 196, "0x6": 81, "0x7": 36}, "snapshots": null, "memory": null, "statevector": null, "unitary": null}}, {"shots": 4096, "success": true, "status": null, "seed": null, "meas_level": 2, "meas_return": null, "header": {"qubit_labels": [["q", 0], ["q", 1], ["q", 2], ["q", 3], ["q", 4]], "n_qubits": 5, "qreg_sizes": [["q", 5]], "clbit_labels": [["c", 0], ["c", 1], ["c", 2]], "memory_slots": 3, "creg_sizes": [["c", 3]], "name": "circuit-621519", "global_phase": 0.0, "metadata": {}}, "data": {"counts": {"0x0": 347, "0x1": 630, "0x2": 701, "0x3": 387, "0x4": 716, "0x5": 366, "0x6": 406, "0x7": 543}, "snapshots": null, "memory": null, "statevector": null, "unitary": null}}, {"shots": 4096, "success": true, "status": null, "seed": null, "meas_level": 2, "meas_return": null, "header": {"qubit_labels": [["q", 0], ["q", 1], ["q", 2], ["q", 3], ["q", 4]], "n_qubits": 5, "qreg_sizes": [["q", 5]], "clbit_labels": [["c", 0], ["c", 1], ["c", 2]], "memory_slots": 3, "creg_sizes": [["c", 3]], "name": "circuit-621520", "global_phase": 0.0, "metadata": {}}, "data": {"counts": {"0x0": 2420, "0x1": 351, "0x2": 519, "0x3": 127, "0x4": 323, "0x5": 203, "0x6": 68, "0x7": 85}, "snapshots": null, "memory": null, "statevector": null, "unitary": null}}, {"shots": 4096, "success": true, "status": null, "seed": null, "meas_level": 2, "meas_return": null, "header": {"qubit_labels": [["q", 0], ["q", 1], ["q", 2], ["q", 3], ["q", 4]], "n_qubits": 5, "qreg_sizes": [["q", 5]], "clbit_labels": [["c", 0], ["c", 1], ["c", 2]], "memory_slots": 3, "creg_sizes": [["c", 3]], "name": "circuit-622691", "global_phase": 0.0, "metadata": {}}, "data": {"counts": {"0x0": 328, "0x1": 731, "0x2": 916, "0x3": 395, "0x4": 555, "0x5": 388, "0x6": 282, "0x7": 501}, "snapshots": null, "memory": null, "statevector": null, "unitary": null}}, {"shots": 4096, "success": true, "status": null, "seed": null, "meas_level": 2, "meas_return": null, "header": {"qubit_labels": [["q", 0], ["q", 1], ["q", 2], ["q", 3], ["q", 4]], "n_qubits": 5, "qreg_sizes": [["q", 5]], "clbit_labels": [["c", 0], ["c", 1], ["c", 2]], "memory_slots": 3, "creg_sizes": [["c", 3]], "name": "circuit-622692", "global_phase": 0.0, "metadata": {}}, "data": {"counts": {"0x0": 1851, "0x1": 426, "0x2": 817, "0x3": 330, "0x4": 237, "0x5": 216, "0x6": 99, "0x7": 120}, "snapshots": null, "memory": null, "statevector": null, "unitary": null}}, {"shots": 4096, "success": true, "status": null, "seed": null, "meas_level": 2, "meas_return": null, "header": {"qubit_labels": [["q", 0], ["q", 1], ["q", 2], ["q", 3], ["q", 4]], "n_qubits": 5, "qreg_sizes": [["q", 5]], "clbit_labels": [["c", 0], ["c", 1], ["c", 2]], "memory_slots": 3, "creg_sizes": [["c", 3]], "name": "circuit-624047", "global_phase": 0.0, "metadata": {}}, "data": {"counts": {"0x0": 358, "0x1": 590, "0x2": 743, "0x3": 383, "0x4": 652, "0x5": 365, "0x6": 380, "0x7": 625}, "snapshots": null, "memory": null, "statevector": null, "unitary": null}}, {"shots": 4096, "success": true, "status": null, "seed": null, "meas_level": 2, "meas_return": null, "header": {"qubit_labels": [["q", 0], ["q", 1], ["q", 2], ["q", 3], ["q", 4]], "n_qubits": 5, "qreg_sizes": [["q", 5]], "clbit_labels": [["c", 0], ["c", 1], ["c", 2]], "memory_slots": 3, "creg_sizes": [["c", 3]], "name": "circuit-624048", "global_phase": 0.0, "metadata": {}}, "data": {"counts": {"0x0": 1754, "0x1": 397, "0x2": 1001, "0x3": 186, "0x4": 271, "0x5": 217, "0x6": 151, "0x7": 119}, "snapshots": null, "memory": null, "statevector": null, "unitary": null}}, {"shots": 4096, "success": true, "status": null, "seed": null, "meas_level": 2, "meas_return": null, "header": {"qubit_labels": [["q", 0], ["q", 1], ["q", 2], ["q", 3], ["q", 4]], "n_qubits": 5, "qreg_sizes": [["q", 5]], "clbit_labels": [["c", 0], ["c", 1], ["c", 2]], "memory_slots": 3, "creg_sizes": [["c", 3]], "name": "circuit-625514", "global_phase": 0.0, "metadata": {}}, "data": {"counts": {"0x0": 489, "0x1": 418, "0x2": 558, "0x3": 876, "0x4": 568, "0x5": 407, "0x6": 288, "0x7": 492}, "snapshots": null, "memory": null, "statevector": null, "unitary": null}}, {"shots": 4096, "success": true, "status": null, "seed": null, "meas_level": 2, "meas_return": null, "header": {"qubit_labels": [["q", 0], ["q", 1], ["q", 2], ["q", 3], ["q", 4]], "n_qubits": 5, "qreg_sizes": [["q", 5]], "clbit_labels": [["c", 0], ["c", 1], ["c", 2]], "memory_slots": 3, "creg_sizes": [["c", 3]], "name": "circuit-625515", "global_phase": 0.0, "metadata": {}}, "data": {"counts": {"0x0": 1657, "0x1": 789, "0x2": 531, "0x3": 374, "0x4": 255, "0x5": 246, "0x6": 105, "0x7": 139}, "snapshots": null, "memory": null, "statevector": null, "unitary": null}}, {"shots": 4096, "success": true, "status": null, "seed": null, "meas_level": 2, "meas_return": null, "header": {"qubit_labels": [["q", 0], ["q", 1], ["q", 2], ["q", 3], ["q", 4]], "n_qubits": 5, "qreg_sizes": [["q", 5]], "clbit_labels": [["c", 0], ["c", 1], ["c", 2]], "memory_slots": 3, "creg_sizes": [["c", 3]], "name": "circuit-627118", "global_phase": 0.0, "metadata": {}}, "data": {"counts": {"0x0": 412, "0x1": 708, "0x2": 424, "0x3": 474, "0x4": 551, "0x5": 442, "0x6": 594, "0x7": 491}, "snapshots": null, "memory": null, "statevector": null, "unitary": null}}, {"shots": 4096, "success": true, "status": null, "seed": null, "meas_level": 2, "meas_return": null, "header": {"qubit_labels": [["q", 0], ["q", 1], ["q", 2], ["q", 3], ["q", 4]], "n_qubits": 5, "qreg_sizes": [["q", 5]], "clbit_labels": [["c", 0], ["c", 1], ["c", 2]], "memory_slots": 3, "creg_sizes": [["c", 3]], "name": "circuit-627119", "global_phase": 0.0, "metadata": {}}, "data": {"counts": {"0x0": 1898, "0x1": 505, "0x2": 469, "0x3": 131, "0x4": 549, "0x5": 342, "0x6": 122, "0x7": 80}, "snapshots": null, "memory": null, "statevector": null, "unitary": null}}, {"shots": 4096, "success": true, "status": null, "seed": null, "meas_level": 2, "meas_return": null, "header": {"qubit_labels": [["q", 0], ["q", 1], ["q", 2], ["q", 3], ["q", 4]], "n_qubits": 5, "qreg_sizes": [["q", 5]], "clbit_labels": [["c", 0], ["c", 1], ["c", 2]], "memory_slots": 3, "creg_sizes": [["c", 3]], "name": "circuit-628916", "global_phase": 0.0, "metadata": {}}, "data": {"counts": {"0x0": 414, "0x1": 654, "0x2": 643, "0x3": 507, "0x4": 583, "0x5": 377, "0x6": 473, "0x7": 445}, "snapshots": null, "memory": null, "statevector": null, "unitary": null}}, {"shots": 4096, "success": true, "status": null, "seed": null, "meas_level": 2, "meas_return": null, "header": {"qubit_labels": [["q", 0], ["q", 1], ["q", 2], ["q", 3], ["q", 4]], "n_qubits": 5, "qreg_sizes": [["q", 5]], "clbit_labels": [["c", 0], ["c", 1], ["c", 2]], "memory_slots": 3, "creg_sizes": [["c", 3]], "name": "circuit-628917", "global_phase": 0.0, "metadata": {}}, "data": {"counts": {"0x0": 1523, "0x1": 607, "0x2": 617, "0x3": 358, "0x4": 349, "0x5": 300, "0x6": 130, "0x7": 212}, "snapshots": null, "memory": null, "statevector": null, "unitary": null}}, {"shots": 4096, "success": true, "status": null, "seed": null, "meas_level": 2, "meas_return": null, "header": {"qubit_labels": [["q", 0], ["q", 1], ["q", 2], ["q", 3], ["q", 4]], "n_qubits": 5, "qreg_sizes": [["q", 5]], "clbit_labels": [["c", 0], ["c", 1], ["c", 2]], "memory_slots": 3, "creg_sizes": [["c", 3]], "name": "circuit-630842", "global_phase": 0.0, "metadata": {}}, "data": {"counts": {"0x0": 541, "0x1": 484, "0x2": 490, "0x3": 514, "0x4": 502, "0x5": 539, "0x6": 556, "0x7": 470}, "snapshots": null, "memory": null, "statevector": null, "unitary": null}}, {"shots": 4096, "success": true, "status": null, "seed": null, "meas_level": 2, "meas_return": null, "header": {"qubit_labels": [["q", 0], ["q", 1], ["q", 2], ["q", 3], ["q", 4]], "n_qubits": 5, "qreg_sizes": [["q", 5]], "clbit_labels": [["c", 0], ["c", 1], ["c", 2]], "memory_slots": 3, "creg_sizes": [["c", 3]], "name": "circuit-630843", "global_phase": 0.0, "metadata": {}}, "data": {"counts": {"0x0": 1271, "0x1": 501, "0x2": 911, "0x3": 508, "0x4": 276, "0x5": 224, "0x6": 179, "0x7": 226}, "snapshots": null, "memory": null, "statevector": null, "unitary": null}}, {"shots": 4096, "success": true, "status": null, "seed": null, "meas_level": 2, "meas_return": null, "header": {"qubit_labels": [["q", 0], ["q", 1], ["q", 2], ["q", 3], ["q", 4]], "n_qubits": 5, "qreg_sizes": [["q", 5]], "clbit_labels": [["c", 0], ["c", 1], ["c", 2]], "memory_slots": 3, "creg_sizes": [["c", 3]], "name": "circuit-632915", "global_phase": 0.0, "metadata": {}}, "data": {"counts": {"0x0": 557, "0x1": 465, "0x2": 465, "0x3": 596, "0x4": 521, "0x5": 436, "0x6": 559, "0x7": 497}, "snapshots": null, "memory": null, "statevector": null, "unitary": null}}, {"shots": 4096, "success": true, "status": null, "seed": null, "meas_level": 2, "meas_return": null, "header": {"qubit_labels": [["q", 0], ["q", 1], ["q", 2], ["q", 3], ["q", 4]], "n_qubits": 5, "qreg_sizes": [["q", 5]], "clbit_labels": [["c", 0], ["c", 1], ["c", 2]], "memory_slots": 3, "creg_sizes": [["c", 3]], "name": "circuit-632916", "global_phase": 0.0, "metadata": {}}, "data": {"counts": {"0x0": 1733, "0x1": 441, "0x2": 546, "0x3": 141, "0x4": 551, "0x5": 390, "0x6": 176, "0x7": 118}, "snapshots": null, "memory": null, "statevector": null, "unitary": null}}, {"shots": 4096, "success": true, "status": null, "seed": null, "meas_level": 2, "meas_return": null, "header": {"qubit_labels": [["q", 0], ["q", 1], ["q", 2], ["q", 3], ["q", 4]], "n_qubits": 5, "qreg_sizes": [["q", 5]], "clbit_labels": [["c", 0], ["c", 1], ["c", 2]], "memory_slots": 3, "creg_sizes": [["c", 3]], "name": "circuit-635118", "global_phase": 0.0, "metadata": {}}, "data": {"counts": {"0x0": 486, "0x1": 484, "0x2": 447, "0x3": 782, "0x4": 315, "0x5": 642, "0x6": 488, "0x7": 452}, "snapshots": null, "memory": null, "statevector": null, "unitary": null}}, {"shots": 4096, "success": true, "status": null, "seed": null, "meas_level": 2, "meas_return": null, "header": {"qubit_labels": [["q", 0], ["q", 1], ["q", 2], ["q", 3], ["q", 4]], "n_qubits": 5, "qreg_sizes": [["q", 5]], "clbit_labels": [["c", 0], ["c", 1], ["c", 2]], "memory_slots": 3, "creg_sizes": [["c", 3]], "name": "circuit-635119", "global_phase": 0.0, "metadata": {}}, "data": {"counts": {"0x0": 1478, "0x1": 486, "0x2": 633, "0x3": 391, "0x4": 387, "0x5": 319, "0x6": 169, "0x7": 233}, "snapshots": null, "memory": null, "statevector": null, "unitary": null}}, {"shots": 4096, "success": true, "status": null, "seed": null, "meas_level": 2, "meas_return": null, "header": {"qubit_labels": [["q", 0], ["q", 1], ["q", 2], ["q", 3], ["q", 4]], "n_qubits": 5, "qreg_sizes": [["q", 5]], "clbit_labels": [["c", 0], ["c", 1], ["c", 2]], "memory_slots": 3, "creg_sizes": [["c", 3]], "name": "circuit-637432", "global_phase": 0.0, "metadata": {}}, "data": {"counts": {"0x0": 711, "0x1": 500, "0x2": 398, "0x3": 565, "0x4": 359, "0x5": 515, "0x6": 545, "0x7": 503}, "snapshots": null, "memory": null, "statevector": null, "unitary": null}}, {"shots": 4096, "success": true, "status": null, "seed": null, "meas_level": 2, "meas_return": null, "header": {"qubit_labels": [["q", 0], ["q", 1], ["q", 2], ["q", 3], ["q", 4]], "n_qubits": 5, "qreg_sizes": [["q", 5]], "clbit_labels": [["c", 0], ["c", 1], ["c", 2]], "memory_slots": 3, "creg_sizes": [["c", 3]], "name": "circuit-637433", "global_phase": 0.0, "metadata": {}}, "data": {"counts": {"0x0": 1231, "0x1": 565, "0x2": 758, "0x3": 405, "0x4": 395, "0x5": 315, "0x6": 213, "0x7": 214}, "snapshots": null, "memory": null, "statevector": null, "unitary": null}}, {"shots": 4096, "success": true, "status": null, "seed": null, "meas_level": 2, "meas_return": null, "header": {"qubit_labels": [["q", 0], ["q", 1], ["q", 2], ["q", 3], ["q", 4]], "n_qubits": 5, "qreg_sizes": [["q", 5]], "clbit_labels": [["c", 0], ["c", 1], ["c", 2]], "memory_slots": 3, "creg_sizes": [["c", 3]], "name": "circuit-639904", "global_phase": 0.0, "metadata": {}}, "data": {"counts": {"0x0": 534, "0x1": 385, "0x2": 433, "0x3": 653, "0x4": 410, "0x5": 550, "0x6": 661, "0x7": 470}, "snapshots": null, "memory": null, "statevector": null, "unitary": null}}, {"shots": 4096, "success": true, "status": null, "seed": null, "meas_level": 2, "meas_return": null, "header": {"qubit_labels": [["q", 0], ["q", 1], ["q", 2], ["q", 3], ["q", 4]], "n_qubits": 5, "qreg_sizes": [["q", 5]], "clbit_labels": [["c", 0], ["c", 1], ["c", 2]], "memory_slots": 3, "creg_sizes": [["c", 3]], "name": "circuit-639905", "global_phase": 0.0, "metadata": {}}, "data": {"counts": {"0x0": 1409, "0x1": 577, "0x2": 580, "0x3": 204, "0x4": 566, "0x5": 420, "0x6": 213, "0x7": 127}, "snapshots": null, "memory": null, "statevector": null, "unitary": null}}, {"shots": 4096, "success": true, "status": null, "seed": null, "meas_level": 2, "meas_return": null, "header": {"qubit_labels": [["q", 0], ["q", 1], ["q", 2], ["q", 3], ["q", 4]], "n_qubits": 5, "qreg_sizes": [["q", 5]], "clbit_labels": [["c", 0], ["c", 1], ["c", 2]], "memory_slots": 3, "creg_sizes": [["c", 3]], "name": "circuit-642464", "global_phase": 0.0, "metadata": {}}, "data": {"counts": {"0x0": 458, "0x1": 524, "0x2": 495, "0x3": 604, "0x4": 445, "0x5": 716, "0x6": 375, "0x7": 479}, "snapshots": null, "memory": null, "statevector": null, "unitary": null}}, {"shots": 4096, "success": true, "status": null, "seed": null, "meas_level": 2, "meas_return": null, "header": {"qubit_labels": [["q", 0], ["q", 1], ["q", 2], ["q", 3], ["q", 4]], "n_qubits": 5, "qreg_sizes": [["q", 5]], "clbit_labels": [["c", 0], ["c", 1], ["c", 2]], "memory_slots": 3, "creg_sizes": [["c", 3]], "name": "circuit-642465", "global_phase": 0.0, "metadata": {}}, "data": {"counts": {"0x0": 1434, "0x1": 446, "0x2": 500, "0x3": 180, "0x4": 668, "0x5": 431, "0x6": 236, "0x7": 201}, "snapshots": null, "memory": null, "statevector": null, "unitary": null}}, {"shots": 4096, "success": true, "status": null, "seed": null, "meas_level": 2, "meas_return": null, "header": {"qubit_labels": [["q", 0], ["q", 1], ["q", 2], ["q", 3], ["q", 4]], "n_qubits": 5, "qreg_sizes": [["q", 5]], "clbit_labels": [["c", 0], ["c", 1], ["c", 2]], "memory_slots": 3, "creg_sizes": [["c", 3]], "name": "circuit-645206", "global_phase": 0.0, "metadata": {}}, "data": {"counts": {"0x0": 604, "0x1": 542, "0x2": 412, "0x3": 545, "0x4": 515, "0x5": 592, "0x6": 396, "0x7": 490}, "snapshots": null, "memory": null, "statevector": null, "unitary": null}}, {"shots": 4096, "success": true, "status": null, "seed": null, "meas_level": 2, "meas_return": null, "header": {"qubit_labels": [["q", 0], ["q", 1], ["q", 2], ["q", 3], ["q", 4]], "n_qubits": 5, "qreg_sizes": [["q", 5]], "clbit_labels": [["c", 0], ["c", 1], ["c", 2]], "memory_slots": 3, "creg_sizes": [["c", 3]], "name": "circuit-645207", "global_phase": 0.0, "metadata": {}}, "data": {"counts": {"0x0": 1020, "0x1": 597, "0x2": 691, "0x3": 669, "0x4": 279, "0x5": 323, "0x6": 235, "0x7": 282}, "snapshots": null, "memory": null, "statevector": null, "unitary": null}}, {"shots": 4096, "success": true, "status": null, "seed": null, "meas_level": 2, "meas_return": null, "header": {"qubit_labels": [["q", 0], ["q", 1], ["q", 2], ["q", 3], ["q", 4]], "n_qubits": 5, "qreg_sizes": [["q", 5]], "clbit_labels": [["c", 0], ["c", 1], ["c", 2]], "memory_slots": 3, "creg_sizes": [["c", 3]], "name": "circuit-648042", "global_phase": 0.0, "metadata": {}}, "data": {"counts": {"0x0": 377, "0x1": 654, "0x2": 531, "0x3": 708, "0x4": 380, "0x5": 522, "0x6": 340, "0x7": 584}, "snapshots": null, "memory": null, "statevector": null, "unitary": null}}, {"shots": 4096, "success": true, "status": null, "seed": null, "meas_level": 2, "meas_return": null, "header": {"qubit_labels": [["q", 0], ["q", 1], ["q", 2], ["q", 3], ["q", 4]], "n_qubits": 5, "qreg_sizes": [["q", 5]], "clbit_labels": [["c", 0], ["c", 1], ["c", 2]], "memory_slots": 3, "creg_sizes": [["c", 3]], "name": "circuit-648043", "global_phase": 0.0, "metadata": {}}, "data": {"counts": {"0x0": 930, "0x1": 577, "0x2": 795, "0x3": 515, "0x4": 326, "0x5": 343, "0x6": 295, "0x7": 315}, "snapshots": null, "memory": null, "statevector": null, "unitary": null}}, {"shots": 4096, "success": true, "status": null, "seed": null, "meas_level": 2, "meas_return": null, "header": {"qubit_labels": [["q", 0], ["q", 1], ["q", 2], ["q", 3], ["q", 4]], "n_qubits": 5, "qreg_sizes": [["q", 5]], "clbit_labels": [["c", 0], ["c", 1], ["c", 2]], "memory_slots": 3, "creg_sizes": [["c", 3]], "name": "circuit-651113", "global_phase": 0.0, "metadata": {}}, "data": {"counts": {"0x0": 691, "0x1": 188, "0x2": 233, "0x3": 1076, "0x4": 174, "0x5": 589, "0x6": 997, "0x7": 148}, "snapshots": null, "memory": null, "statevector": null, "unitary": null}}, {"shots": 4096, "success": true, "status": null, "seed": null, "meas_level": 2, "meas_return": null, "header": {"qubit_labels": [["q", 0], ["q", 1], ["q", 2], ["q", 3], ["q", 4]], "n_qubits": 5, "qreg_sizes": [["q", 5]], "clbit_labels": [["c", 0], ["c", 1], ["c", 2]], "memory_slots": 3, "creg_sizes": [["c", 3]], "name": "circuit-651114", "global_phase": 0.0, "metadata": {}}, "data": {"counts": {"0x0": 3206, "0x1": 240, "0x2": 352, "0x3": 29, "0x4": 165, "0x5": 68, "0x6": 21, "0x7": 15}, "snapshots": null, "memory": null, "statevector": null, "unitary": null}}, {"shots": 4096, "success": true, "status": null, "seed": null, "meas_level": 2, "meas_return": null, "header": {"qubit_labels": [["q", 0], ["q", 1], ["q", 2], ["q", 3], ["q", 4]], "n_qubits": 5, "qreg_sizes": [["q", 5]], "clbit_labels": [["c", 0], ["c", 1], ["c", 2]], "memory_slots": 3, "creg_sizes": [["c", 3]], "name": "circuit-651441", "global_phase": 0.0, "metadata": {}}, "data": {"counts": {"0x0": 972, "0x1": 200, "0x2": 253, "0x3": 624, "0x4": 291, "0x5": 885, "0x6": 617, "0x7": 254}, "snapshots": null, "memory": null, "statevector": null, "unitary": null}}, {"shots": 4096, "success": true, "status": null, "seed": null, "meas_level": 2, "meas_return": null, "header": {"qubit_labels": [["q", 0], ["q", 1], ["q", 2], ["q", 3], ["q", 4]], "n_qubits": 5, "qreg_sizes": [["q", 5]], "clbit_labels": [["c", 0], ["c", 1], ["c", 2]], "memory_slots": 3, "creg_sizes": [["c", 3]], "name": "circuit-651442", "global_phase": 0.0, "metadata": {}}, "data": {"counts": {"0x0": 2962, "0x1": 438, "0x2": 274, "0x3": 68, "0x4": 202, "0x5": 105, "0x6": 30, "0x7": 17}, "snapshots": null, "memory": null, "statevector": null, "unitary": null}}, {"shots": 4096, "success": true, "status": null, "seed": null, "meas_level": 2, "meas_return": null, "header": {"qubit_labels": [["q", 0], ["q", 1], ["q", 2], ["q", 3], ["q", 4]], "n_qubits": 5, "qreg_sizes": [["q", 5]], "clbit_labels": [["c", 0], ["c", 1], ["c", 2]], "memory_slots": 3, "creg_sizes": [["c", 3]], "name": "circuit-651928", "global_phase": 0.0, "metadata": {}}, "data": {"counts": {"0x0": 660, "0x1": 435, "0x2": 339, "0x3": 550, "0x4": 477, "0x5": 810, "0x6": 400, "0x7": 425}, "snapshots": null, "memory": null, "statevector": null, "unitary": null}}, {"shots": 4096, "success": true, "status": null, "seed": null, "meas_level": 2, "meas_return": null, "header": {"qubit_labels": [["q", 0], ["q", 1], ["q", 2], ["q", 3], ["q", 4]], "n_qubits": 5, "qreg_sizes": [["q", 5]], "clbit_labels": [["c", 0], ["c", 1], ["c", 2]], "memory_slots": 3, "creg_sizes": [["c", 3]], "name": "circuit-651929", "global_phase": 0.0, "metadata": {}}, "data": {"counts": {"0x0": 2820, "0x1": 280, "0x2": 415, "0x3": 149, "0x4": 203, "0x5": 114, "0x6": 53, "0x7": 62}, "snapshots": null, "memory": null, "statevector": null, "unitary": null}}, {"shots": 4096, "success": true, "status": null, "seed": null, "meas_level": 2, "meas_return": null, "header": {"qubit_labels": [["q", 0], ["q", 1], ["q", 2], ["q", 3], ["q", 4]], "n_qubits": 5, "qreg_sizes": [["q", 5]], "clbit_labels": [["c", 0], ["c", 1], ["c", 2]], "memory_slots": 3, "creg_sizes": [["c", 3]], "name": "circuit-652562", "global_phase": 0.0, "metadata": {}}, "data": {"counts": {"0x0": 431, "0x1": 572, "0x2": 353, "0x3": 443, "0x4": 596, "0x5": 502, "0x6": 469, "0x7": 730}, "snapshots": null, "memory": null, "statevector": null, "unitary": null}}, {"shots": 4096, "success": true, "status": null, "seed": null, "meas_level": 2, "meas_return": null, "header": {"qubit_labels": [["q", 0], ["q", 1], ["q", 2], ["q", 3], ["q", 4]], "n_qubits": 5, "qreg_sizes": [["q", 5]], "clbit_labels": [["c", 0], ["c", 1], ["c", 2]], "memory_slots": 3, "creg_sizes": [["c", 3]], "name": "circuit-652563", "global_phase": 0.0, "metadata": {}}, "data": {"counts": {"0x0": 2530, "0x1": 420, "0x2": 414, "0x3": 88, "0x4": 340, "0x5": 199, "0x6": 67, "0x7": 38}, "snapshots": null, "memory": null, "statevector": null, "unitary": null}}, {"shots": 4096, "success": true, "status": null, "seed": null, "meas_level": 2, "meas_return": null, "header": {"qubit_labels": [["q", 0], ["q", 1], ["q", 2], ["q", 3], ["q", 4]], "n_qubits": 5, "qreg_sizes": [["q", 5]], "clbit_labels": [["c", 0], ["c", 1], ["c", 2]], "memory_slots": 3, "creg_sizes": [["c", 3]], "name": "circuit-653360", "global_phase": 0.0, "metadata": {}}, "data": {"counts": {"0x0": 543, "0x1": 413, "0x2": 622, "0x3": 515, "0x4": 473, "0x5": 462, "0x6": 519, "0x7": 549}, "snapshots": null, "memory": null, "statevector": null, "unitary": null}}, {"shots": 4096, "success": true, "status": null, "seed": null, "meas_level": 2, "meas_return": null, "header": {"qubit_labels": [["q", 0], ["q", 1], ["q", 2], ["q", 3], ["q", 4]], "n_qubits": 5, "qreg_sizes": [["q", 5]], "clbit_labels": [["c", 0], ["c", 1], ["c", 2]], "memory_slots": 3, "creg_sizes": [["c", 3]], "name": "circuit-653361", "global_phase": 0.0, "metadata": {}}, "data": {"counts": {"0x0": 2207, "0x1": 514, "0x2": 497, "0x3": 337, "0x4": 241, "0x5": 142, "0x6": 84, "0x7": 74}, "snapshots": null, "memory": null, "statevector": null, "unitary": null}}, {"shots": 4096, "success": true, "status": null, "seed": null, "meas_level": 2, "meas_return": null, "header": {"qubit_labels": [["q", 0], ["q", 1], ["q", 2], ["q", 3], ["q", 4]], "n_qubits": 5, "qreg_sizes": [["q", 5]], "clbit_labels": [["c", 0], ["c", 1], ["c", 2]], "memory_slots": 3, "creg_sizes": [["c", 3]], "name": "circuit-654279", "global_phase": 0.0, "metadata": {}}, "data": {"counts": {"0x0": 489, "0x1": 523, "0x2": 663, "0x3": 487, "0x4": 563, "0x5": 372, "0x6": 417, "0x7": 582}, "snapshots": null, "memory": null, "statevector": null, "unitary": null}}, {"shots": 4096, "success": true, "status": null, "seed": null, "meas_level": 2, "meas_return": null, "header": {"qubit_labels": [["q", 0], ["q", 1], ["q", 2], ["q", 3], ["q", 4]], "n_qubits": 5, "qreg_sizes": [["q", 5]], "clbit_labels": [["c", 0], ["c", 1], ["c", 2]], "memory_slots": 3, "creg_sizes": [["c", 3]], "name": "circuit-654280", "global_phase": 0.0, "metadata": {}}, "data": {"counts": {"0x0": 2175, "0x1": 607, "0x2": 513, "0x3": 173, "0x4": 279, "0x5": 203, "0x6": 62, "0x7": 84}, "snapshots": null, "memory": null, "statevector": null, "unitary": null}}, {"shots": 4096, "success": true, "status": null, "seed": null, "meas_level": 2, "meas_return": null, "header": {"qubit_labels": [["q", 0], ["q", 1], ["q", 2], ["q", 3], ["q", 4]], "n_qubits": 5, "qreg_sizes": [["q", 5]], "clbit_labels": [["c", 0], ["c", 1], ["c", 2]], "memory_slots": 3, "creg_sizes": [["c", 3]], "name": "circuit-655332", "global_phase": 0.0, "metadata": {}}, "data": {"counts": {"0x0": 372, "0x1": 792, "0x2": 489, "0x3": 356, "0x4": 535, "0x5": 497, "0x6": 295, "0x7": 760}, "snapshots": null, "memory": null, "statevector": null, "unitary": null}}, {"shots": 4096, "success": true, "status": null, "seed": null, "meas_level": 2, "meas_return": null, "header": {"qubit_labels": [["q", 0], ["q", 1], ["q", 2], ["q", 3], ["q", 4]], "n_qubits": 5, "qreg_sizes": [["q", 5]], "clbit_labels": [["c", 0], ["c", 1], ["c", 2]], "memory_slots": 3, "creg_sizes": [["c", 3]], "name": "circuit-655333", "global_phase": 0.0, "metadata": {}}, "data": {"counts": {"0x0": 2216, "0x1": 446, "0x2": 643, "0x3": 133, "0x4": 286, "0x5": 184, "0x6": 90, "0x7": 98}, "snapshots": null, "memory": null, "statevector": null, "unitary": null}}, {"shots": 4096, "success": true, "status": null, "seed": null, "meas_level": 2, "meas_return": null, "header": {"qubit_labels": [["q", 0], ["q", 1], ["q", 2], ["q", 3], ["q", 4]], "n_qubits": 5, "qreg_sizes": [["q", 5]], "clbit_labels": [["c", 0], ["c", 1], ["c", 2]], "memory_slots": 3, "creg_sizes": [["c", 3]], "name": "circuit-656564", "global_phase": 0.0, "metadata": {}}, "data": {"counts": {"0x0": 402, "0x1": 543, "0x2": 485, "0x3": 498, "0x4": 525, "0x5": 427, "0x6": 453, "0x7": 763}, "snapshots": null, "memory": null, "statevector": null, "unitary": null}}, {"shots": 4096, "success": true, "status": null, "seed": null, "meas_level": 2, "meas_return": null, "header": {"qubit_labels": [["q", 0], ["q", 1], ["q", 2], ["q", 3], ["q", 4]], "n_qubits": 5, "qreg_sizes": [["q", 5]], "clbit_labels": [["c", 0], ["c", 1], ["c", 2]], "memory_slots": 3, "creg_sizes": [["c", 3]], "name": "circuit-656565", "global_phase": 0.0, "metadata": {}}, "data": {"counts": {"0x0": 1843, "0x1": 485, "0x2": 660, "0x3": 338, "0x4": 296, "0x5": 233, "0x6": 113, "0x7": 128}, "snapshots": null, "memory": null, "statevector": null, "unitary": null}}, {"shots": 4096, "success": true, "status": null, "seed": null, "meas_level": 2, "meas_return": null, "header": {"qubit_labels": [["q", 0], ["q", 1], ["q", 2], ["q", 3], ["q", 4]], "n_qubits": 5, "qreg_sizes": [["q", 5]], "clbit_labels": [["c", 0], ["c", 1], ["c", 2]], "memory_slots": 3, "creg_sizes": [["c", 3]], "name": "circuit-657930", "global_phase": 0.0, "metadata": {}}, "data": {"counts": {"0x0": 409, "0x1": 541, "0x2": 590, "0x3": 415, "0x4": 626, "0x5": 398, "0x6": 406, "0x7": 711}, "snapshots": null, "memory": null, "statevector": null, "unitary": null}}, {"shots": 4096, "success": true, "status": null, "seed": null, "meas_level": 2, "meas_return": null, "header": {"qubit_labels": [["q", 0], ["q", 1], ["q", 2], ["q", 3], ["q", 4]], "n_qubits": 5, "qreg_sizes": [["q", 5]], "clbit_labels": [["c", 0], ["c", 1], ["c", 2]], "memory_slots": 3, "creg_sizes": [["c", 3]], "name": "circuit-657931", "global_phase": 0.0, "metadata": {}}, "data": {"counts": {"0x0": 1846, "0x1": 414, "0x2": 610, "0x3": 469, "0x4": 298, "0x5": 195, "0x6": 130, "0x7": 134}, "snapshots": null, "memory": null, "statevector": null, "unitary": null}}, {"shots": 4096, "success": true, "status": null, "seed": null, "meas_level": 2, "meas_return": null, "header": {"qubit_labels": [["q", 0], ["q", 1], ["q", 2], ["q", 3], ["q", 4]], "n_qubits": 5, "qreg_sizes": [["q", 5]], "clbit_labels": [["c", 0], ["c", 1], ["c", 2]], "memory_slots": 3, "creg_sizes": [["c", 3]], "name": "circuit-659430", "global_phase": 0.0, "metadata": {}}, "data": {"counts": {"0x0": 371, "0x1": 544, "0x2": 759, "0x3": 435, "0x4": 729, "0x5": 340, "0x6": 415, "0x7": 503}, "snapshots": null, "memory": null, "statevector": null, "unitary": null}}, {"shots": 4096, "success": true, "status": null, "seed": null, "meas_level": 2, "meas_return": null, "header": {"qubit_labels": [["q", 0], ["q", 1], ["q", 2], ["q", 3], ["q", 4]], "n_qubits": 5, "qreg_sizes": [["q", 5]], "clbit_labels": [["c", 0], ["c", 1], ["c", 2]], "memory_slots": 3, "creg_sizes": [["c", 3]], "name": "circuit-659431", "global_phase": 0.0, "metadata": {}}, "data": {"counts": {"0x0": 1823, "0x1": 417, "0x2": 532, "0x3": 534, "0x4": 297, "0x5": 222, "0x6": 106, "0x7": 165}, "snapshots": null, "memory": null, "statevector": null, "unitary": null}}, {"shots": 4096, "success": true, "status": null, "seed": null, "meas_level": 2, "meas_return": null, "header": {"qubit_labels": [["q", 0], ["q", 1], ["q", 2], ["q", 3], ["q", 4]], "n_qubits": 5, "qreg_sizes": [["q", 5]], "clbit_labels": [["c", 0], ["c", 1], ["c", 2]], "memory_slots": 3, "creg_sizes": [["c", 3]], "name": "circuit-661039", "global_phase": 0.0, "metadata": {}}, "data": {"counts": {"0x0": 381, "0x1": 728, "0x2": 736, "0x3": 408, "0x4": 535, "0x5": 336, "0x6": 416, "0x7": 556}, "snapshots": null, "memory": null, "statevector": null, "unitary": null}}, {"shots": 4096, "success": true, "status": null, "seed": null, "meas_level": 2, "meas_return": null, "header": {"qubit_labels": [["q", 0], ["q", 1], ["q", 2], ["q", 3], ["q", 4]], "n_qubits": 5, "qreg_sizes": [["q", 5]], "clbit_labels": [["c", 0], ["c", 1], ["c", 2]], "memory_slots": 3, "creg_sizes": [["c", 3]], "name": "circuit-661040", "global_phase": 0.0, "metadata": {}}, "data": {"counts": {"0x0": 1965, "0x1": 438, "0x2": 505, "0x3": 134, "0x4": 527, "0x5": 307, "0x6": 127, "0x7": 93}, "snapshots": null, "memory": null, "statevector": null, "unitary": null}}, {"shots": 4096, "success": true, "status": null, "seed": null, "meas_level": 2, "meas_return": null, "header": {"qubit_labels": [["q", 0], ["q", 1], ["q", 2], ["q", 3], ["q", 4]], "n_qubits": 5, "qreg_sizes": [["q", 5]], "clbit_labels": [["c", 0], ["c", 1], ["c", 2]], "memory_slots": 3, "creg_sizes": [["c", 3]], "name": "circuit-662831", "global_phase": 0.0, "metadata": {}}, "data": {"counts": {"0x0": 569, "0x1": 752, "0x2": 453, "0x3": 521, "0x4": 487, "0x5": 551, "0x6": 296, "0x7": 467}, "snapshots": null, "memory": null, "statevector": null, "unitary": null}}, {"shots": 4096, "success": true, "status": null, "seed": null, "meas_level": 2, "meas_return": null, "header": {"qubit_labels": [["q", 0], ["q", 1], ["q", 2], ["q", 3], ["q", 4]], "n_qubits": 5, "qreg_sizes": [["q", 5]], "clbit_labels": [["c", 0], ["c", 1], ["c", 2]], "memory_slots": 3, "creg_sizes": [["c", 3]], "name": "circuit-662832", "global_phase": 0.0, "metadata": {}}, "data": {"counts": {"0x0": 1742, "0x1": 417, "0x2": 605, "0x3": 154, "0x4": 544, "0x5": 338, "0x6": 208, "0x7": 88}, "snapshots": null, "memory": null, "statevector": null, "unitary": null}}, {"shots": 4096, "success": true, "status": null, "seed": null, "meas_level": 2, "meas_return": null, "header": {"qubit_labels": [["q", 0], ["q", 1], ["q", 2], ["q", 3], ["q", 4]], "n_qubits": 5, "qreg_sizes": [["q", 5]], "clbit_labels": [["c", 0], ["c", 1], ["c", 2]], "memory_slots": 3, "creg_sizes": [["c", 3]], "name": "circuit-664725", "global_phase": 0.0, "metadata": {}}, "data": {"counts": {"0x0": 563, "0x1": 379, "0x2": 561, "0x3": 532, "0x4": 611, "0x5": 452, "0x6": 500, "0x7": 498}, "snapshots": null, "memory": null, "statevector": null, "unitary": null}}, {"shots": 4096, "success": true, "status": null, "seed": null, "meas_level": 2, "meas_return": null, "header": {"qubit_labels": [["q", 0], ["q", 1], ["q", 2], ["q", 3], ["q", 4]], "n_qubits": 5, "qreg_sizes": [["q", 5]], "clbit_labels": [["c", 0], ["c", 1], ["c", 2]], "memory_slots": 3, "creg_sizes": [["c", 3]], "name": "circuit-664726", "global_phase": 0.0, "metadata": {}}, "data": {"counts": {"0x0": 1318, "0x1": 606, "0x2": 478, "0x3": 170, "0x4": 705, "0x5": 444, "0x6": 217, "0x7": 158}, "snapshots": null, "memory": null, "statevector": null, "unitary": null}}, {"shots": 4096, "success": true, "status": null, "seed": null, "meas_level": 2, "meas_return": null, "header": {"qubit_labels": [["q", 0], ["q", 1], ["q", 2], ["q", 3], ["q", 4]], "n_qubits": 5, "qreg_sizes": [["q", 5]], "clbit_labels": [["c", 0], ["c", 1], ["c", 2]], "memory_slots": 3, "creg_sizes": [["c", 3]], "name": "circuit-666763", "global_phase": 0.0, "metadata": {}}, "data": {"counts": {"0x0": 500, "0x1": 523, "0x2": 364, "0x3": 571, "0x4": 404, "0x5": 528, "0x6": 712, "0x7": 494}, "snapshots": null, "memory": null, "statevector": null, "unitary": null}}, {"shots": 4096, "success": true, "status": null, "seed": null, "meas_level": 2, "meas_return": null, "header": {"qubit_labels": [["q", 0], ["q", 1], ["q", 2], ["q", 3], ["q", 4]], "n_qubits": 5, "qreg_sizes": [["q", 5]], "clbit_labels": [["c", 0], ["c", 1], ["c", 2]], "memory_slots": 3, "creg_sizes": [["c", 3]], "name": "circuit-666764", "global_phase": 0.0, "metadata": {}}, "data": {"counts": {"0x0": 1385, "0x1": 560, "0x2": 649, "0x3": 489, "0x4": 291, "0x5": 341, "0x6": 156, "0x7": 225}, "snapshots": null, "memory": null, "statevector": null, "unitary": null}}, {"shots": 4096, "success": true, "status": null, "seed": null, "meas_level": 2, "meas_return": null, "header": {"qubit_labels": [["q", 0], ["q", 1], ["q", 2], ["q", 3], ["q", 4]], "n_qubits": 5, "qreg_sizes": [["q", 5]], "clbit_labels": [["c", 0], ["c", 1], ["c", 2]], "memory_slots": 3, "creg_sizes": [["c", 3]], "name": "circuit-668936", "global_phase": 0.0, "metadata": {}}, "data": {"counts": {"0x0": 658, "0x1": 457, "0x2": 471, "0x3": 659, "0x4": 461, "0x5": 435, "0x6": 451, "0x7": 504}, "snapshots": null, "memory": null, "statevector": null, "unitary": null}}, {"shots": 4096, "success": true, "status": null, "seed": null, "meas_level": 2, "meas_return": null, "header": {"qubit_labels": [["q", 0], ["q", 1], ["q", 2], ["q", 3], ["q", 4]], "n_qubits": 5, "qreg_sizes": [["q", 5]], "clbit_labels": [["c", 0], ["c", 1], ["c", 2]], "memory_slots": 3, "creg_sizes": [["c", 3]], "name": "circuit-668937", "global_phase": 0.0, "metadata": {}}, "data": {"counts": {"0x0": 737, "0x1": 1008, "0x2": 582, "0x3": 528, "0x4": 354, "0x5": 411, "0x6": 176, "0x7": 300}, "snapshots": null, "memory": null, "statevector": null, "unitary": null}}, {"shots": 4096, "success": true, "status": null, "seed": null, "meas_level": 2, "meas_return": null, "header": {"qubit_labels": [["q", 0], ["q", 1], ["q", 2], ["q", 3], ["q", 4]], "n_qubits": 5, "qreg_sizes": [["q", 5]], "clbit_labels": [["c", 0], ["c", 1], ["c", 2]], "memory_slots": 3, "creg_sizes": [["c", 3]], "name": "circuit-671297", "global_phase": 0.0, "metadata": {}}, "data": {"counts": {"0x0": 497, "0x1": 543, "0x2": 447, "0x3": 586, "0x4": 477, "0x5": 595, "0x6": 441, "0x7": 510}, "snapshots": null, "memory": null, "statevector": null, "unitary": null}}, {"shots": 4096, "success": true, "status": null, "seed": null, "meas_level": 2, "meas_return": null, "header": {"qubit_labels": [["q", 0], ["q", 1], ["q", 2], ["q", 3], ["q", 4]], "n_qubits": 5, "qreg_sizes": [["q", 5]], "clbit_labels": [["c", 0], ["c", 1], ["c", 2]], "memory_slots": 3, "creg_sizes": [["c", 3]], "name": "circuit-671298", "global_phase": 0.0, "metadata": {}}, "data": {"counts": {"0x0": 751, "0x1": 922, "0x2": 503, "0x3": 774, "0x4": 292, "0x5": 339, "0x6": 207, "0x7": 308}, "snapshots": null, "memory": null, "statevector": null, "unitary": null}}, {"shots": 4096, "success": true, "status": null, "seed": null, "meas_level": 2, "meas_return": null, "header": {"qubit_labels": [["q", 0], ["q", 1], ["q", 2], ["q", 3], ["q", 4]], "n_qubits": 5, "qreg_sizes": [["q", 5]], "clbit_labels": [["c", 0], ["c", 1], ["c", 2]], "memory_slots": 3, "creg_sizes": [["c", 3]], "name": "circuit-673799", "global_phase": 0.0, "metadata": {}}, "data": {"counts": {"0x0": 514, "0x1": 425, "0x2": 420, "0x3": 586, "0x4": 422, "0x5": 528, "0x6": 728, "0x7": 473}, "snapshots": null, "memory": null, "statevector": null, "unitary": null}}, {"shots": 4096, "success": true, "status": null, "seed": null, "meas_level": 2, "meas_return": null, "header": {"qubit_labels": [["q", 0], ["q", 1], ["q", 2], ["q", 3], ["q", 4]], "n_qubits": 5, "qreg_sizes": [["q", 5]], "clbit_labels": [["c", 0], ["c", 1], ["c", 2]], "memory_slots": 3, "creg_sizes": [["c", 3]], "name": "circuit-673800", "global_phase": 0.0, "metadata": {}}, "data": {"counts": {"0x0": 1162, "0x1": 704, "0x2": 703, "0x3": 467, "0x4": 306, "0x5": 320, "0x6": 215, "0x7": 219}, "snapshots": null, "memory": null, "statevector": null, "unitary": null}}, {"shots": 4096, "success": true, "status": null, "seed": null, "meas_level": 2, "meas_return": null, "header": {"qubit_labels": [["q", 0], ["q", 1], ["q", 2], ["q", 3], ["q", 4]], "n_qubits": 5, "qreg_sizes": [["q", 5]], "clbit_labels": [["c", 0], ["c", 1], ["c", 2]], "memory_slots": 3, "creg_sizes": [["c", 3]], "name": "circuit-676376", "global_phase": 0.0, "metadata": {}}, "data": {"counts": {"0x0": 556, "0x1": 638, "0x2": 461, "0x3": 571, "0x4": 349, "0x5": 548, "0x6": 457, "0x7": 516}, "snapshots": null, "memory": null, "statevector": null, "unitary": null}}, {"shots": 4096, "success": true, "status": null, "seed": null, "meas_level": 2, "meas_return": null, "header": {"qubit_labels": [["q", 0], ["q", 1], ["q", 2], ["q", 3], ["q", 4]], "n_qubits": 5, "qreg_sizes": [["q", 5]], "clbit_labels": [["c", 0], ["c", 1], ["c", 2]], "memory_slots": 3, "creg_sizes": [["c", 3]], "name": "circuit-676377", "global_phase": 0.0, "metadata": {}}, "data": {"counts": {"0x0": 1348, "0x1": 604, "0x2": 596, "0x3": 412, "0x4": 351, "0x5": 355, "0x6": 188, "0x7": 242}, "snapshots": null, "memory": null, "statevector": null, "unitary": null}}, {"shots": 4096, "success": true, "status": null, "seed": null, "meas_level": 2, "meas_return": null, "header": {"qubit_labels": [["q", 0], ["q", 1], ["q", 2], ["q", 3], ["q", 4]], "n_qubits": 5, "qreg_sizes": [["q", 5]], "clbit_labels": [["c", 0], ["c", 1], ["c", 2]], "memory_slots": 3, "creg_sizes": [["c", 3]], "name": "circuit-679067", "global_phase": 0.0, "metadata": {}}, "data": {"counts": {"0x0": 423, "0x1": 663, "0x2": 469, "0x3": 506, "0x4": 386, "0x5": 608, "0x6": 411, "0x7": 630}, "snapshots": null, "memory": null, "statevector": null, "unitary": null}}, {"shots": 4096, "success": true, "status": null, "seed": null, "meas_level": 2, "meas_return": null, "header": {"qubit_labels": [["q", 0], ["q", 1], ["q", 2], ["q", 3], ["q", 4]], "n_qubits": 5, "qreg_sizes": [["q", 5]], "clbit_labels": [["c", 0], ["c", 1], ["c", 2]], "memory_slots": 3, "creg_sizes": [["c", 3]], "name": "circuit-679068", "global_phase": 0.0, "metadata": {}}, "data": {"counts": {"0x0": 967, "0x1": 640, "0x2": 767, "0x3": 604, "0x4": 294, "0x5": 334, "0x6": 196, "0x7": 294}, "snapshots": null, "memory": null, "statevector": null, "unitary": null}}, {"shots": 4096, "success": true, "status": null, "seed": null, "meas_level": 2, "meas_return": null, "header": {"qubit_labels": [["q", 0], ["q", 1], ["q", 2], ["q", 3], ["q", 4]], "n_qubits": 5, "qreg_sizes": [["q", 5]], "clbit_labels": [["c", 0], ["c", 1], ["c", 2]], "memory_slots": 3, "creg_sizes": [["c", 3]], "name": "circuit-681973", "global_phase": 0.0, "metadata": {}}, "data": {"counts": {"0x0": 490, "0x1": 427, "0x2": 451, "0x3": 538, "0x4": 458, "0x5": 555, "0x6": 691, "0x7": 486}, "snapshots": null, "memory": null, "statevector": null, "unitary": null}}, {"shots": 4096, "success": true, "status": null, "seed": null, "meas_level": 2, "meas_return": null, "header": {"qubit_labels": [["q", 0], ["q", 1], ["q", 2], ["q", 3], ["q", 4]], "n_qubits": 5, "qreg_sizes": [["q", 5]], "clbit_labels": [["c", 0], ["c", 1], ["c", 2]], "memory_slots": 3, "creg_sizes": [["c", 3]], "name": "circuit-681974", "global_phase": 0.0, "metadata": {}}, "data": {"counts": {"0x0": 694, "0x1": 923, "0x2": 641, "0x3": 450, "0x4": 326, "0x5": 503, "0x6": 274, "0x7": 285}, "snapshots": null, "memory": null, "statevector": null, "unitary": null}}, {"shots": 4096, "success": true, "status": null, "seed": null, "meas_level": 2, "meas_return": null, "header": {"qubit_labels": [["q", 0], ["q", 1], ["q", 2], ["q", 3], ["q", 4]], "n_qubits": 5, "qreg_sizes": [["q", 5]], "clbit_labels": [["c", 0], ["c", 1], ["c", 2]], "memory_slots": 3, "creg_sizes": [["c", 3]], "name": "circuit-685068", "global_phase": 0.0, "metadata": {}}, "data": {"counts": {"0x0": 1098, "0x1": 195, "0x2": 179, "0x3": 665, "0x4": 196, "0x5": 973, "0x6": 633, "0x7": 157}, "snapshots": null, "memory": null, "statevector": null, "unitary": null}}, {"shots": 4096, "success": true, "status": null, "seed": null, "meas_level": 2, "meas_return": null, "header": {"qubit_labels": [["q", 0], ["q", 1], ["q", 2], ["q", 3], ["q", 4]], "n_qubits": 5, "qreg_sizes": [["q", 5]], "clbit_labels": [["c", 0], ["c", 1], ["c", 2]], "memory_slots": 3, "creg_sizes": [["c", 3]], "name": "circuit-685069", "global_phase": 0.0, "metadata": {}}, "data": {"counts": {"0x0": 2972, "0x1": 323, "0x2": 374, "0x3": 54, "0x4": 209, "0x5": 115, "0x6": 23, "0x7": 26}, "snapshots": null, "memory": null, "statevector": null, "unitary": null}}, {"shots": 4096, "success": true, "status": null, "seed": null, "meas_level": 2, "meas_return": null, "header": {"qubit_labels": [["q", 0], ["q", 1], ["q", 2], ["q", 3], ["q", 4]], "n_qubits": 5, "qreg_sizes": [["q", 5]], "clbit_labels": [["c", 0], ["c", 1], ["c", 2]], "memory_slots": 3, "creg_sizes": [["c", 3]], "name": "circuit-685422", "global_phase": 0.0, "metadata": {}}, "data": {"counts": {"0x0": 894, "0x1": 267, "0x2": 361, "0x3": 467, "0x4": 266, "0x5": 1020, "0x6": 611, "0x7": 210}, "snapshots": null, "memory": null, "statevector": null, "unitary": null}}, {"shots": 4096, "success": true, "status": null, "seed": null, "meas_level": 2, "meas_return": null, "header": {"qubit_labels": [["q", 0], ["q", 1], ["q", 2], ["q", 3], ["q", 4]], "n_qubits": 5, "qreg_sizes": [["q", 5]], "clbit_labels": [["c", 0], ["c", 1], ["c", 2]], "memory_slots": 3, "creg_sizes": [["c", 3]], "name": "circuit-685423", "global_phase": 0.0, "metadata": {}}, "data": {"counts": {"0x0": 3198, "0x1": 227, "0x2": 301, "0x3": 63, "0x4": 201, "0x5": 71, "0x6": 24, "0x7": 11}, "snapshots": null, "memory": null, "statevector": null, "unitary": null}}, {"shots": 4096, "success": true, "status": null, "seed": null, "meas_level": 2, "meas_return": null, "header": {"qubit_labels": [["q", 0], ["q", 1], ["q", 2], ["q", 3], ["q", 4]], "n_qubits": 5, "qreg_sizes": [["q", 5]], "clbit_labels": [["c", 0], ["c", 1], ["c", 2]], "memory_slots": 3, "creg_sizes": [["c", 3]], "name": "circuit-685923", "global_phase": 0.0, "metadata": {}}, "data": {"counts": {"0x0": 809, "0x1": 477, "0x2": 409, "0x3": 653, "0x4": 281, "0x5": 605, "0x6": 564, "0x7": 298}, "snapshots": null, "memory": null, "statevector": null, "unitary": null}}, {"shots": 4096, "success": true, "status": null, "seed": null, "meas_level": 2, "meas_return": null, "header": {"qubit_labels": [["q", 0], ["q", 1], ["q", 2], ["q", 3], ["q", 4]], "n_qubits": 5, "qreg_sizes": [["q", 5]], "clbit_labels": [["c", 0], ["c", 1], ["c", 2]], "memory_slots": 3, "creg_sizes": [["c", 3]], "name": "circuit-685924", "global_phase": 0.0, "metadata": {}}, "data": {"counts": {"0x0": 2850, "0x1": 297, "0x2": 454, "0x3": 110, "0x4": 202, "0x5": 79, "0x6": 54, "0x7": 50}, "snapshots": null, "memory": null, "statevector": null, "unitary": null}}, {"shots": 4096, "success": true, "status": null, "seed": null, "meas_level": 2, "meas_return": null, "header": {"qubit_labels": [["q", 0], ["q", 1], ["q", 2], ["q", 3], ["q", 4]], "n_qubits": 5, "qreg_sizes": [["q", 5]], "clbit_labels": [["c", 0], ["c", 1], ["c", 2]], "memory_slots": 3, "creg_sizes": [["c", 3]], "name": "circuit-686545", "global_phase": 0.0, "metadata": {}}, "data": {"counts": {"0x0": 434, "0x1": 308, "0x2": 402, "0x3": 577, "0x4": 454, "0x5": 730, "0x6": 593, "0x7": 598}, "snapshots": null, "memory": null, "statevector": null, "unitary": null}}, {"shots": 4096, "success": true, "status": null, "seed": null, "meas_level": 2, "meas_return": null, "header": {"qubit_labels": [["q", 0], ["q", 1], ["q", 2], ["q", 3], ["q", 4]], "n_qubits": 5, "qreg_sizes": [["q", 5]], "clbit_labels": [["c", 0], ["c", 1], ["c", 2]], "memory_slots": 3, "creg_sizes": [["c", 3]], "name": "circuit-686546", "global_phase": 0.0, "metadata": {}}, "data": {"counts": {"0x0": 1814, "0x1": 1015, "0x2": 395, "0x3": 227, "0x4": 301, "0x5": 222, "0x6": 74, "0x7": 48}, "snapshots": null, "memory": null, "statevector": null, "unitary": null}}, {"shots": 4096, "success": true, "status": null, "seed": null, "meas_level": 2, "meas_return": null, "header": {"qubit_labels": [["q", 0], ["q", 1], ["q", 2], ["q", 3], ["q", 4]], "n_qubits": 5, "qreg_sizes": [["q", 5]], "clbit_labels": [["c", 0], ["c", 1], ["c", 2]], "memory_slots": 3, "creg_sizes": [["c", 3]], "name": "circuit-687307", "global_phase": 0.0, "metadata": {}}, "data": {"counts": {"0x0": 344, "0x1": 692, "0x2": 590, "0x3": 454, "0x4": 725, "0x5": 284, "0x6": 398, "0x7": 609}, "snapshots": null, "memory": null, "statevector": null, "unitary": null}}, {"shots": 4096, "success": true, "status": null, "seed": null, "meas_level": 2, "meas_return": null, "header": {"qubit_labels": [["q", 0], ["q", 1], ["q", 2], ["q", 3], ["q", 4]], "n_qubits": 5, "qreg_sizes": [["q", 5]], "clbit_labels": [["c", 0], ["c", 1], ["c", 2]], "memory_slots": 3, "creg_sizes": [["c", 3]], "name": "circuit-687308", "global_phase": 0.0, "metadata": {}}, "data": {"counts": {"0x0": 2567, "0x1": 339, "0x2": 543, "0x3": 110, "0x4": 257, "0x5": 143, "0x6": 69, "0x7": 68}, "snapshots": null, "memory": null, "statevector": null, "unitary": null}}, {"shots": 4096, "success": true, "status": null, "seed": null, "meas_level": 2, "meas_return": null, "header": {"qubit_labels": [["q", 0], ["q", 1], ["q", 2], ["q", 3], ["q", 4]], "n_qubits": 5, "qreg_sizes": [["q", 5]], "clbit_labels": [["c", 0], ["c", 1], ["c", 2]], "memory_slots": 3, "creg_sizes": [["c", 3]], "name": "circuit-688183", "global_phase": 0.0, "metadata": {}}, "data": {"counts": {"0x0": 408, "0x1": 1128, "0x2": 405, "0x3": 362, "0x4": 496, "0x5": 499, "0x6": 273, "0x7": 525}, "snapshots": null, "memory": null, "statevector": null, "unitary": null}}, {"shots": 4096, "success": true, "status": null, "seed": null, "meas_level": 2, "meas_return": null, "header": {"qubit_labels": [["q", 0], ["q", 1], ["q", 2], ["q", 3], ["q", 4]], "n_qubits": 5, "qreg_sizes": [["q", 5]], "clbit_labels": [["c", 0], ["c", 1], ["c", 2]], "memory_slots": 3, "creg_sizes": [["c", 3]], "name": "circuit-688184", "global_phase": 0.0, "metadata": {}}, "data": {"counts": {"0x0": 2232, "0x1": 490, "0x2": 677, "0x3": 157, "0x4": 222, "0x5": 160, "0x6": 89, "0x7": 69}, "snapshots": null, "memory": null, "statevector": null, "unitary": null}}, {"shots": 4096, "success": true, "status": null, "seed": null, "meas_level": 2, "meas_return": null, "header": {"qubit_labels": [["q", 0], ["q", 1], ["q", 2], ["q", 3], ["q", 4]], "n_qubits": 5, "qreg_sizes": [["q", 5]], "clbit_labels": [["c", 0], ["c", 1], ["c", 2]], "memory_slots": 3, "creg_sizes": [["c", 3]], "name": "circuit-689228", "global_phase": 0.0, "metadata": {}}, "data": {"counts": {"0x0": 342, "0x1": 550, "0x2": 666, "0x3": 372, "0x4": 865, "0x5": 299, "0x6": 342, "0x7": 660}, "snapshots": null, "memory": null, "statevector": null, "unitary": null}}, {"shots": 4096, "success": true, "status": null, "seed": null, "meas_level": 2, "meas_return": null, "header": {"qubit_labels": [["q", 0], ["q", 1], ["q", 2], ["q", 3], ["q", 4]], "n_qubits": 5, "qreg_sizes": [["q", 5]], "clbit_labels": [["c", 0], ["c", 1], ["c", 2]], "memory_slots": 3, "creg_sizes": [["c", 3]], "name": "circuit-689229", "global_phase": 0.0, "metadata": {}}, "data": {"counts": {"0x0": 2003, "0x1": 474, "0x2": 602, "0x3": 369, "0x4": 240, "0x5": 229, "0x6": 66, "0x7": 113}, "snapshots": null, "memory": null, "statevector": null, "unitary": null}}, {"shots": 4096, "success": true, "status": null, "seed": null, "meas_level": 2, "meas_return": null, "header": {"qubit_labels": [["q", 0], ["q", 1], ["q", 2], ["q", 3], ["q", 4]], "n_qubits": 5, "qreg_sizes": [["q", 5]], "clbit_labels": [["c", 0], ["c", 1], ["c", 2]], "memory_slots": 3, "creg_sizes": [["c", 3]], "name": "circuit-690419", "global_phase": 0.0, "metadata": {}}, "data": {"counts": {"0x0": 367, "0x1": 739, "0x2": 755, "0x3": 434, "0x4": 439, "0x5": 353, "0x6": 276, "0x7": 733}, "snapshots": null, "memory": null, "statevector": null, "unitary": null}}, {"shots": 4096, "success": true, "status": null, "seed": null, "meas_level": 2, "meas_return": null, "header": {"qubit_labels": [["q", 0], ["q", 1], ["q", 2], ["q", 3], ["q", 4]], "n_qubits": 5, "qreg_sizes": [["q", 5]], "clbit_labels": [["c", 0], ["c", 1], ["c", 2]], "memory_slots": 3, "creg_sizes": [["c", 3]], "name": "circuit-690420", "global_phase": 0.0, "metadata": {}}, "data": {"counts": {"0x0": 1988, "0x1": 528, "0x2": 492, "0x3": 282, "0x4": 335, "0x5": 234, "0x6": 95, "0x7": 142}, "snapshots": null, "memory": null, "statevector": null, "unitary": null}}, {"shots": 4096, "success": true, "status": null, "seed": null, "meas_level": 2, "meas_return": null, "header": {"qubit_labels": [["q", 0], ["q", 1], ["q", 2], ["q", 3], ["q", 4]], "n_qubits": 5, "qreg_sizes": [["q", 5]], "clbit_labels": [["c", 0], ["c", 1], ["c", 2]], "memory_slots": 3, "creg_sizes": [["c", 3]], "name": "circuit-691774", "global_phase": 0.0, "metadata": {}}, "data": {"counts": {"0x0": 329, "0x1": 683, "0x2": 701, "0x3": 358, "0x4": 720, "0x5": 342, "0x6": 382, "0x7": 581}, "snapshots": null, "memory": null, "statevector": null, "unitary": null}}, {"shots": 4096, "success": true, "status": null, "seed": null, "meas_level": 2, "meas_return": null, "header": {"qubit_labels": [["q", 0], ["q", 1], ["q", 2], ["q", 3], ["q", 4]], "n_qubits": 5, "qreg_sizes": [["q", 5]], "clbit_labels": [["c", 0], ["c", 1], ["c", 2]], "memory_slots": 3, "creg_sizes": [["c", 3]], "name": "circuit-691775", "global_phase": 0.0, "metadata": {}}, "data": {"counts": {"0x0": 1878, "0x1": 456, "0x2": 626, "0x3": 316, "0x4": 241, "0x5": 289, "0x6": 129, "0x7": 161}, "snapshots": null, "memory": null, "statevector": null, "unitary": null}}, {"shots": 4096, "success": true, "status": null, "seed": null, "meas_level": 2, "meas_return": null, "header": {"qubit_labels": [["q", 0], ["q", 1], ["q", 2], ["q", 3], ["q", 4]], "n_qubits": 5, "qreg_sizes": [["q", 5]], "clbit_labels": [["c", 0], ["c", 1], ["c", 2]], "memory_slots": 3, "creg_sizes": [["c", 3]], "name": "circuit-693274", "global_phase": 0.0, "metadata": {}}, "data": {"counts": {"0x0": 571, "0x1": 390, "0x2": 662, "0x3": 507, "0x4": 494, "0x5": 396, "0x6": 356, "0x7": 720}, "snapshots": null, "memory": null, "statevector": null, "unitary": null}}, {"shots": 4096, "success": true, "status": null, "seed": null, "meas_level": 2, "meas_return": null, "header": {"qubit_labels": [["q", 0], ["q", 1], ["q", 2], ["q", 3], ["q", 4]], "n_qubits": 5, "qreg_sizes": [["q", 5]], "clbit_labels": [["c", 0], ["c", 1], ["c", 2]], "memory_slots": 3, "creg_sizes": [["c", 3]], "name": "circuit-693275", "global_phase": 0.0, "metadata": {}}, "data": {"counts": {"0x0": 1637, "0x1": 797, "0x2": 560, "0x3": 288, "0x4": 251, "0x5": 297, "0x6": 112, "0x7": 154}, "snapshots": null, "memory": null, "statevector": null, "unitary": null}}], "error": null}