{"backend_name": "ibmq_manila", "backend_version": "1.0.35", "qobj_id": "d9796458-106d-458d-8b97-007a0ed6031f", "job_id": "62ebd24a3773485093ab65c8", "date": "2022-08-04T15:19:47Z", "success": true, "status": "Successful completion", "execution_id": "8d6486f4-1408-11ed-9fb7-bc97e15b08d0", "time_taken": 127.89440441131592, "header": {"backend_name": "ibmq_manila", "backend_version": "1.0.35"}, "results": [{"shots": 4096, "success": true, "status": null, "seed": null, "meas_level": 2, "meas_return": null, "header": {"qubit_labels": [["q", 0], ["q", 1], ["q", 2], ["q", 3], ["q", 4]], "n_qubits": 5, "qreg_sizes": [["q", 5]], "clbit_labels": [["c", 0], ["c", 1], ["c", 2]], "memory_slots": 3, "creg_sizes": [["c", 3]], "name": "circuit-2964844", "global_phase": 3.9269908169872423, "metadata": {}}, "data": {"counts": {"0x0": 914, "0x1": 232, "0x2": 194, "0x3": 655, "0x4": 223, "0x5": 957, "0x6": 767, "0x7": 154}, "snapshots": null, "memory": null, "statevector": null, "unitary": null}}, {"shots": 4096, "success": true, "status": null, "seed": null, "meas_level": 2, "meas_return": null, "header": {"qubit_labels": [["q", 0], ["q", 1], ["q", 2], ["q", 3], ["q", 4]], "n_qubits": 5, "qreg_sizes": [["q", 5]], "clbit_labels": [["c", 0], ["c", 1], ["c", 2]], "memory_slots": 3, "creg_sizes": [["c", 3]], "name": "circuit-2964845", "global_phase": 1.5707963267948974, "metadata": {}}, "data": {"counts": {"0x0": 3716, "0x1": 73, "0x2": 148, "0x3": 1, "0x4": 70, "0x5": 73, "0x6": 5, "0x7": 10}, "snapshots": null, "memory": null, "statevector": null, "unitary": null}}, {"shots": 4096, "success": true, "status": null, "seed": null, "meas_level": 2, "meas_return": null, "header": {"qubit_labels": [["q", 0], ["q", 1], ["q", 2], ["q", 3], ["q", 4]], "n_qubits": 5, "qreg_sizes": [["q", 5]], "clbit_labels": [["c", 0], ["c", 1], ["c", 2]], "memory_slots": 3, "creg_sizes": [["c", 3]], "name": "circuit-2965172", "global_phase": 5.497787143782137, "metadata": {}}, "data": {"counts": {"0x0": 826, "0x1": 465, "0x2": 293, "0x3": 425, "0x4": 543, "0x5": 781, "0x6": 462, "0x7": 301}, "snapshots": null, "memory": null, "statevector": null, "unitary": null}}, {"shots": 4096, "success": true, "status": null, "seed": null, "meas_level": 2, "meas_return": null, "header": {"qubit_labels": [["q", 0], ["q", 1], ["q", 2], ["q", 3], ["q", 4]], "n_qubits": 5, "qreg_sizes": [["q", 5]], "clbit_labels": [["c", 0], ["c", 1], ["c", 2]], "memory_slots": 3, "creg_sizes": [["c", 3]], "name": "circuit-2965173", "global_phase": 1.5707963267949019, "metadata": {}}, "data": {"counts": {"0x0": 3391, "0x1": 150, "0x2": 261, "0x3": 16, "0x4": 236, "0x5": 21, "0x6": 20, "0x7": 1}, "snapshots": null, "memory": null, "statevector": null, "unitary": null}}, {"shots": 4096, "success": true, "status": null, "seed": null, "meas_level": 2, "meas_return": null, "header": {"qubit_labels": [["q", 0], ["q", 1], ["q", 2], ["q", 3], ["q", 4]], "n_qubits": 5, "qreg_sizes": [["q", 5]], "clbit_labels": [["c", 0], ["c", 1], ["c", 2]], "memory_slots": 3, "creg_sizes": [["c", 3]], "name": "circuit-2965654", "global_phase": 2.356194490192352, "metadata": {}}, "data": {"counts": {"0x0": 809, "0x1": 675, "0x2": 383, "0x3": 405, "0x4": 673, "0x5": 432, "0x6": 276, "0x7": 443}, "snapshots": null, "memory": null, "statevector": null, "unitary": null}}, {"shots": 4096, "success": true, "status": null, "seed": null, "meas_level": 2, "meas_return": null, "header": {"qubit_labels": [["q", 0], ["q", 1], ["q", 2], ["q", 3], ["q", 4]], "n_qubits": 5, "qreg_sizes": [["q", 5]], "clbit_labels": [["c", 0], ["c", 1], ["c", 2]], "memory_slots": 3, "creg_sizes": [["c", 3]], "name": "circuit-2965655", "global_phase": 1.5707963267949072, "metadata": {}}, "data": {"counts": {"0x0": 3176, "0x1": 187, "0x2": 458, "0x3": 17, "0x4": 176, "0x5": 51, "0x6": 21, "0x7": 10}, "snapshots": null, "memory": null, "statevector": null, "unitary": null}}, {"shots": 4096, "success": true, "status": null, "seed": null, "meas_level": 2, "meas_return": null, "header": {"qubit_labels": [["q", 0], ["q", 1], ["q", 2], ["q", 3], ["q", 4]], "n_qubits": 5, "qreg_sizes": [["q", 5]], "clbit_labels": [["c", 0], ["c", 1], ["c", 2]], "memory_slots": 3, "creg_sizes": [["c", 3]], "name": "circuit-2966290", "global_phase": 2.356194490192352, "metadata": {}}, "data": {"counts": {"0x0": 397, "0x1": 650, "0x2": 391, "0x3": 204, "0x4": 1148, "0x5": 435, "0x6": 263, "0x7": 608}, "snapshots": null, "memory": null, "statevector": null, "unitary": null}}, {"shots": 4096, "success": true, "status": null, "seed": null, "meas_level": 2, "meas_return": null, "header": {"qubit_labels": [["q", 0], ["q", 1], ["q", 2], ["q", 3], ["q", 4]], "n_qubits": 5, "qreg_sizes": [["q", 5]], "clbit_labels": [["c", 0], ["c", 1], ["c", 2]], "memory_slots": 3, "creg_sizes": [["c", 3]], "name": "circuit-2966291", "global_phase": 9.769962616701378e-15, "metadata": {}}, "data": {"counts": {"0x0": 2714, "0x1": 125, "0x2": 542, "0x3": 40, "0x4": 460, "0x5": 100, "0x6": 90, "0x7": 25}, "snapshots": null, "memory": null, "statevector": null, "unitary": null}}, {"shots": 4096, "success": true, "status": null, "seed": null, "meas_level": 2, "meas_return": null, "header": {"qubit_labels": [["q", 0], ["q", 1], ["q", 2], ["q", 3], ["q", 4]], "n_qubits": 5, "qreg_sizes": [["q", 5]], "clbit_labels": [["c", 0], ["c", 1], ["c", 2]], "memory_slots": 3, "creg_sizes": [["c", 3]], "name": "circuit-2967054", "global_phase": 2.3561944901923555, "metadata": {}}, "data": {"counts": {"0x0": 399, "0x1": 742, "0x2": 526, "0x3": 283, "0x4": 1006, "0x5": 381, "0x6": 263, "0x7": 496}, "snapshots": null, "memory": null, "statevector": null, "unitary": null}}, {"shots": 4096, "success": true, "status": null, "seed": null, "meas_level": 2, "meas_return": null, "header": {"qubit_labels": [["q", 0], ["q", 1], ["q", 2], ["q", 3], ["q", 4]], "n_qubits": 5, "qreg_sizes": [["q", 5]], "clbit_labels": [["c", 0], ["c", 1], ["c", 2]], "memory_slots": 3, "creg_sizes": [["c", 3]], "name": "circuit-2967055", "global_phase": 4.712388980384705, "metadata": {}}, "data": {"counts": {"0x0": 2294, "0x1": 179, "0x2": 673, "0x3": 48, "0x4": 626, "0x5": 82, "0x6": 169, "0x7": 25}, "snapshots": null, "memory": null, "statevector": null, "unitary": null}}, {"shots": 4096, "success": true, "status": null, "seed": null, "meas_level": 2, "meas_return": null, "header": {"qubit_labels": [["q", 0], ["q", 1], ["q", 2], ["q", 3], ["q", 4]], "n_qubits": 5, "qreg_sizes": [["q", 5]], "clbit_labels": [["c", 0], ["c", 1], ["c", 2]], "memory_slots": 3, "creg_sizes": [["c", 3]], "name": "circuit-2967978", "global_phase": 2.356194490192352, "metadata": {}}, "data": {"counts": {"0x0": 361, "0x1": 1035, "0x2": 561, "0x3": 333, "0x4": 814, "0x5": 290, "0x6": 360, "0x7": 342}, "snapshots": null, "memory": null, "statevector": null, "unitary": null}}, {"shots": 4096, "success": true, "status": null, "seed": null, "meas_level": 2, "meas_return": null, "header": {"qubit_labels": [["q", 0], ["q", 1], ["q", 2], ["q", 3], ["q", 4]], "n_qubits": 5, "qreg_sizes": [["q", 5]], "clbit_labels": [["c", 0], ["c", 1], ["c", 2]], "memory_slots": 3, "creg_sizes": [["c", 3]], "name": "circuit-2967979", "global_phase": 4.712388980384704, "metadata": {}}, "data": {"counts": {"0x0": 2255, "0x1": 230, "0x2": 982, "0x3": 73, "0x4": 265, "0x5": 120, "0x6": 118, "0x7": 53}, "snapshots": null, "memory": null, "statevector": null, "unitary": null}}, {"shots": 4096, "success": true, "status": null, "seed": null, "meas_level": 2, "meas_return": null, "header": {"qubit_labels": [["q", 0], ["q", 1], ["q", 2], ["q", 3], ["q", 4]], "n_qubits": 5, "qreg_sizes": [["q", 5]], "clbit_labels": [["c", 0], ["c", 1], ["c", 2]], "memory_slots": 3, "creg_sizes": [["c", 3]], "name": "circuit-2969026", "global_phase": 2.3561944901923457, "metadata": {}}, "data": {"counts": {"0x0": 388, "0x1": 715, "0x2": 415, "0x3": 490, "0x4": 804, "0x5": 341, "0x6": 545, "0x7": 398}, "snapshots": null, "memory": null, "statevector": null, "unitary": null}}, {"shots": 4096, "success": true, "status": null, "seed": null, "meas_level": 2, "meas_return": null, "header": {"qubit_labels": [["q", 0], ["q", 1], ["q", 2], ["q", 3], ["q", 4]], "n_qubits": 5, "qreg_sizes": [["q", 5]], "clbit_labels": [["c", 0], ["c", 1], ["c", 2]], "memory_slots": 3, "creg_sizes": [["c", 3]], "name": "circuit-2969027", "global_phase": 1.5707963267949152, "metadata": {}}, "data": {"counts": {"0x0": 2224, "0x1": 274, "0x2": 970, "0x3": 114, "0x4": 254, "0x5": 96, "0x6": 137, "0x7": 27}, "snapshots": null, "memory": null, "statevector": null, "unitary": null}}, {"shots": 4096, "success": true, "status": null, "seed": null, "meas_level": 2, "meas_return": null, "header": {"qubit_labels": [["q", 0], ["q", 1], ["q", 2], ["q", 3], ["q", 4]], "n_qubits": 5, "qreg_sizes": [["q", 5]], "clbit_labels": [["c", 0], ["c", 1], ["c", 2]], "memory_slots": 3, "creg_sizes": [["c", 3]], "name": "circuit-2970230", "global_phase": 2.3561944901923493, "metadata": {}}, "data": {"counts": {"0x0": 453, "0x1": 550, "0x2": 428, "0x3": 598, "0x4": 734, "0x5": 354, "0x6": 634, "0x7": 345}, "snapshots": null, "memory": null, "statevector": null, "unitary": null}}, {"shots": 4096, "success": true, "status": null, "seed": null, "meas_level": 2, "meas_return": null, "header": {"qubit_labels": [["q", 0], ["q", 1], ["q", 2], ["q", 3], ["q", 4]], "n_qubits": 5, "qreg_sizes": [["q", 5]], "clbit_labels": [["c", 0], ["c", 1], ["c", 2]], "memory_slots": 3, "creg_sizes": [["c", 3]], "name": "circuit-2970231", "global_phase": 4.712388980384711, "metadata": {}}, "data": {"counts": {"0x0": 2061, "0x1": 233, "0x2": 1139, "0x3": 114, "0x4": 230, "0x5": 132, "0x6": 131, "0x7": 56}, "snapshots": null, "memory": null, "statevector": null, "unitary": null}}, {"shots": 4096, "success": true, "status": null, "seed": null, "meas_level": 2, "meas_return": null, "header": {"qubit_labels": [["q", 0], ["q", 1], ["q", 2], ["q", 3], ["q", 4]], "n_qubits": 5, "qreg_sizes": [["q", 5]], "clbit_labels": [["c", 0], ["c", 1], ["c", 2]], "memory_slots": 3, "creg_sizes": [["c", 3]], "name": "circuit-2971573", "global_phase": 0.7853981633974598, "metadata": {}}, "data": {"counts": {"0x0": 548, "0x1": 539, "0x2": 434, "0x3": 785, "0x4": 523, "0x5": 338, "0x6": 552, "0x7": 377}, "snapshots": null, "memory": null, "statevector": null, "unitary": null}}, {"shots": 4096, "success": true, "status": null, "seed": null, "meas_level": 2, "meas_return": null, "header": {"qubit_labels": [["q", 0], ["q", 1], ["q", 2], ["q", 3], ["q", 4]], "n_qubits": 5, "qreg_sizes": [["q", 5]], "clbit_labels": [["c", 0], ["c", 1], ["c", 2]], "memory_slots": 3, "creg_sizes": [["c", 3]], "name": "circuit-2971574", "global_phase": 3.1415926535898113, "metadata": {}}, "data": {"counts": {"0x0": 1632, "0x1": 260, "0x2": 1252, "0x3": 148, "0x4": 339, "0x5": 113, "0x6": 271, "0x7": 81}, "snapshots": null, "memory": null, "statevector": null, "unitary": null}}, {"shots": 4096, "success": true, "status": null, "seed": null, "meas_level": 2, "meas_return": null, "header": {"qubit_labels": [["q", 0], ["q", 1], ["q", 2], ["q", 3], ["q", 4]], "n_qubits": 5, "qreg_sizes": [["q", 5]], "clbit_labels": [["c", 0], ["c", 1], ["c", 2]], "memory_slots": 3, "creg_sizes": [["c", 3]], "name": "circuit-2973097", "global_phase": 0.7853981633974634, "metadata": {}}, "data": {"counts": {"0x0": 528, "0x1": 380, "0x2": 415, "0x3": 532, "0x4": 360, "0x5": 623, "0x6": 896, "0x7": 362}, "snapshots": null, "memory": null, "statevector": null, "unitary": null}}, {"shots": 4096, "success": true, "status": null, "seed": null, "meas_level": 2, "meas_return": null, "header": {"qubit_labels": [["q", 0], ["q", 1], ["q", 2], ["q", 3], ["q", 4]], "n_qubits": 5, "qreg_sizes": [["q", 5]], "clbit_labels": [["c", 0], ["c", 1], ["c", 2]], "memory_slots": 3, "creg_sizes": [["c", 3]], "name": "circuit-2973098", "global_phase": 1.5707963267949214, "metadata": {}}, "data": {"counts": {"0x0": 1587, "0x1": 239, "0x2": 1221, "0x3": 137, "0x4": 402, "0x5": 118, "0x6": 300, "0x7": 92}, "snapshots": null, "memory": null, "statevector": null, "unitary": null}}, {"shots": 4096, "success": true, "status": null, "seed": null, "meas_level": 2, "meas_return": null, "header": {"qubit_labels": [["q", 0], ["q", 1], ["q", 2], ["q", 3], ["q", 4]], "n_qubits": 5, "qreg_sizes": [["q", 5]], "clbit_labels": [["c", 0], ["c", 1], ["c", 2]], "memory_slots": 3, "creg_sizes": [["c", 3]], "name": "circuit-2974720", "global_phase": 3.9269908169872583, "metadata": {}}, "data": {"counts": {"0x0": 431, "0x1": 453, "0x2": 465, "0x3": 623, "0x4": 370, "0x5": 765, "0x6": 629, "0x7": 360}, "snapshots": null, "memory": null, "statevector": null, "unitary": null}}, {"shots": 4096, "success": true, "status": null, "seed": null, "meas_level": 2, "meas_return": null, "header": {"qubit_labels": [["q", 0], ["q", 1], ["q", 2], ["q", 3], ["q", 4]], "n_qubits": 5, "qreg_sizes": [["q", 5]], "clbit_labels": [["c", 0], ["c", 1], ["c", 2]], "memory_slots": 3, "creg_sizes": [["c", 3]], "name": "circuit-2974721", "global_phase": 1.5707963267949188, "metadata": {}}, "data": {"counts": {"0x0": 1280, "0x1": 224, "0x2": 1253, "0x3": 204, "0x4": 464, "0x5": 149, "0x6": 411, "0x7": 111}, "snapshots": null, "memory": null, "statevector": null, "unitary": null}}, {"shots": 4096, "success": true, "status": null, "seed": null, "meas_level": 2, "meas_return": null, "header": {"qubit_labels": [["q", 0], ["q", 1], ["q", 2], ["q", 3], ["q", 4]], "n_qubits": 5, "qreg_sizes": [["q", 5]], "clbit_labels": [["c", 0], ["c", 1], ["c", 2]], "memory_slots": 3, "creg_sizes": [["c", 3]], "name": "circuit-2976478", "global_phase": 2.3561944901923484, "metadata": {}}, "data": {"counts": {"0x0": 465, "0x1": 370, "0x2": 558, "0x3": 460, "0x4": 563, "0x5": 535, "0x6": 710, "0x7": 435}, "snapshots": null, "memory": null, "statevector": null, "unitary": null}}, {"shots": 4096, "success": true, "status": null, "seed": null, "meas_level": 2, "meas_return": null, "header": {"qubit_labels": [["q", 0], ["q", 1], ["q", 2], ["q", 3], ["q", 4]], "n_qubits": 5, "qreg_sizes": [["q", 5]], "clbit_labels": [["c", 0], ["c", 1], ["c", 2]], "memory_slots": 3, "creg_sizes": [["c", 3]], "name": "circuit-2976479", "global_phase": 1.5707963267949232, "metadata": {}}, "data": {"counts": {"0x0": 1279, "0x1": 268, "0x2": 1277, "0x3": 230, "0x4": 433, "0x5": 89, "0x6": 416, "0x7": 104}, "snapshots": null, "memory": null, "statevector": null, "unitary": null}}, {"shots": 4096, "success": true, "status": null, "seed": null, "meas_level": 2, "meas_return": null, "header": {"qubit_labels": [["q", 0], ["q", 1], ["q", 2], ["q", 3], ["q", 4]], "n_qubits": 5, "qreg_sizes": [["q", 5]], "clbit_labels": [["c", 0], ["c", 1], ["c", 2]], "memory_slots": 3, "creg_sizes": [["c", 3]], "name": "circuit-2978400", "global_phase": 0.7853981633974687, "metadata": {}}, "data": {"counts": {"0x0": 595, "0x1": 402, "0x2": 385, "0x3": 568, "0x4": 725, "0x5": 341, "0x6": 435, "0x7": 645}, "snapshots": null, "memory": null, "statevector": null, "unitary": null}}, {"shots": 4096, "success": true, "status": null, "seed": null, "meas_level": 2, "meas_return": null, "header": {"qubit_labels": [["q", 0], ["q", 1], ["q", 2], ["q", 3], ["q", 4]], "n_qubits": 5, "qreg_sizes": [["q", 5]], "clbit_labels": [["c", 0], ["c", 1], ["c", 2]], "memory_slots": 3, "creg_sizes": [["c", 3]], "name": "circuit-2978401", "global_phase": 3.1415926535898286, "metadata": {}}, "data": {"counts": {"0x0": 1361, "0x1": 245, "0x2": 1283, "0x3": 229, "0x4": 351, "0x5": 162, "0x6": 347, "0x7": 118}, "snapshots": null, "memory": null, "statevector": null, "unitary": null}}, {"shots": 4096, "success": true, "status": null, "seed": null, "meas_level": 2, "meas_return": null, "header": {"qubit_labels": [["q", 0], ["q", 1], ["q", 2], ["q", 3], ["q", 4]], "n_qubits": 5, "qreg_sizes": [["q", 5]], "clbit_labels": [["c", 0], ["c", 1], ["c", 2]], "memory_slots": 3, "creg_sizes": [["c", 3]], "name": "circuit-2980412", "global_phase": 5.497787143782152, "metadata": {}}, "data": {"counts": {"0x0": 526, "0x1": 648, "0x2": 671, "0x3": 407, "0x4": 466, "0x5": 434, "0x6": 537, "0x7": 407}, "snapshots": null, "memory": null, "statevector": null, "unitary": null}}, {"shots": 4096, "success": true, "status": null, "seed": null, "meas_level": 2, "meas_return": null, "header": {"qubit_labels": [["q", 0], ["q", 1], ["q", 2], ["q", 3], ["q", 4]], "n_qubits": 5, "qreg_sizes": [["q", 5]], "clbit_labels": [["c", 0], ["c", 1], ["c", 2]], "memory_slots": 3, "creg_sizes": [["c", 3]], "name": "circuit-2980413", "global_phase": 3.375077994860476e-14, "metadata": {}}, "data": {"counts": {"0x0": 1305, "0x1": 306, "0x2": 1243, "0x3": 223, "0x4": 390, "0x5": 148, "0x6": 347, "0x7": 134}, "snapshots": null, "memory": null, "statevector": null, "unitary": null}}, {"shots": 4096, "success": true, "status": null, "seed": null, "meas_level": 2, "meas_return": null, "header": {"qubit_labels": [["q", 0], ["q", 1], ["q", 2], ["q", 3], ["q", 4]], "n_qubits": 5, "qreg_sizes": [["q", 5]], "clbit_labels": [["c", 0], ["c", 1], ["c", 2]], "memory_slots": 3, "creg_sizes": [["c", 3]], "name": "circuit-2982629", "global_phase": 5.497787143782152, "metadata": {}}, "data": {"counts": {"0x0": 534, "0x1": 455, "0x2": 472, "0x3": 427, "0x4": 716, "0x5": 425, "0x6": 545, "0x7": 522}, "snapshots": null, "memory": null, "statevector": null, "unitary": null}}, {"shots": 4096, "success": true, "status": null, "seed": null, "meas_level": 2, "meas_return": null, "header": {"qubit_labels": [["q", 0], ["q", 1], ["q", 2], ["q", 3], ["q", 4]], "n_qubits": 5, "qreg_sizes": [["q", 5]], "clbit_labels": [["c", 0], ["c", 1], ["c", 2]], "memory_slots": 3, "creg_sizes": [["c", 3]], "name": "circuit-2982630", "global_phase": 1.5707963267949374, "metadata": {}}, "data": {"counts": {"0x0": 1213, "0x1": 306, "0x2": 1062, "0x3": 248, "0x4": 532, "0x5": 155, "0x6": 443, "0x7": 137}, "snapshots": null, "memory": null, "statevector": null, "unitary": null}}, {"shots": 4096, "success": true, "status": null, "seed": null, "meas_level": 2, "meas_return": null, "header": {"qubit_labels": [["q", 0], ["q", 1], ["q", 2], ["q", 3], ["q", 4]], "n_qubits": 5, "qreg_sizes": [["q", 5]], "clbit_labels": [["c", 0], ["c", 1], ["c", 2]], "memory_slots": 3, "creg_sizes": [["c", 3]], "name": "circuit-2984930", "global_phase": 5.497787143782166, "metadata": {}}, "data": {"counts": {"0x0": 483, "0x1": 438, "0x2": 410, "0x3": 386, "0x4": 906, "0x5": 443, "0x6": 448, "0x7": 582}, "snapshots": null, "memory": null, "statevector": null, "unitary": null}}, {"shots": 4096, "success": true, "status": null, "seed": null, "meas_level": 2, "meas_return": null, "header": {"qubit_labels": [["q", 0], ["q", 1], ["q", 2], ["q", 3], ["q", 4]], "n_qubits": 5, "qreg_sizes": [["q", 5]], "clbit_labels": [["c", 0], ["c", 1], ["c", 2]], "memory_slots": 3, "creg_sizes": [["c", 3]], "name": "circuit-2984931", "global_phase": 4.712388980384731, "metadata": {}}, "data": {"counts": {"0x0": 1329, "0x1": 329, "0x2": 1102, "0x3": 283, "0x4": 291, "0x5": 292, "0x6": 253, "0x7": 217}, "snapshots": null, "memory": null, "statevector": null, "unitary": null}}, {"shots": 4096, "success": true, "status": null, "seed": null, "meas_level": 2, "meas_return": null, "header": {"qubit_labels": [["q", 0], ["q", 1], ["q", 2], ["q", 3], ["q", 4]], "n_qubits": 5, "qreg_sizes": [["q", 5]], "clbit_labels": [["c", 0], ["c", 1], ["c", 2]], "memory_slots": 3, "creg_sizes": [["c", 3]], "name": "circuit-2987467", "global_phase": 2.356194490192358, "metadata": {}}, "data": {"counts": {"0x0": 530, "0x1": 525, "0x2": 519, "0x3": 416, "0x4": 720, "0x5": 429, "0x6": 432, "0x7": 525}, "snapshots": null, "memory": null, "statevector": null, "unitary": null}}, {"shots": 4096, "success": true, "status": null, "seed": null, "meas_level": 2, "meas_return": null, "header": {"qubit_labels": [["q", 0], ["q", 1], ["q", 2], ["q", 3], ["q", 4]], "n_qubits": 5, "qreg_sizes": [["q", 5]], "clbit_labels": [["c", 0], ["c", 1], ["c", 2]], "memory_slots": 3, "creg_sizes": [["c", 3]], "name": "circuit-2987468", "global_phase": 4.263256414560601e-14, "metadata": {}}, "data": {"counts": {"0x0": 1270, "0x1": 358, "0x2": 1023, "0x3": 271, "0x4": 505, "0x5": 176, "0x6": 350, "0x7": 143}, "snapshots": null, "memory": null, "statevector": null, "unitary": null}}, {"shots": 4096, "success": true, "status": null, "seed": null, "meas_level": 2, "meas_return": null, "header": {"qubit_labels": [["q", 0], ["q", 1], ["q", 2], ["q", 3], ["q", 4]], "n_qubits": 5, "qreg_sizes": [["q", 5]], "clbit_labels": [["c", 0], ["c", 1], ["c", 2]], "memory_slots": 3, "creg_sizes": [["c", 3]], "name": "circuit-2990098", "global_phase": 5.497787143782158, "metadata": {}}, "data": {"counts": {"0x0": 639, "0x1": 598, "0x2": 549, "0x3": 461, "0x4": 539, "0x5": 479, "0x6": 421, "0x7": 410}, "snapshots": null, "memory": null, "statevector": null, "unitary": null}}, {"shots": 4096, "success": true, "status": null, "seed": null, "meas_level": 2, "meas_return": null, "header": {"qubit_labels": [["q", 0], ["q", 1], ["q", 2], ["q", 3], ["q", 4]], "n_qubits": 5, "qreg_sizes": [["q", 5]], "clbit_labels": [["c", 0], ["c", 1], ["c", 2]], "memory_slots": 3, "creg_sizes": [["c", 3]], "name": "circuit-2990099", "global_phase": 4.263256414560601e-14, "metadata": {}}, "data": {"counts": {"0x0": 1294, "0x1": 394, "0x2": 978, "0x3": 292, "0x4": 438, "0x5": 216, "0x6": 337, "0x7": 147}, "snapshots": null, "memory": null, "statevector": null, "unitary": null}}, {"shots": 4096, "success": true, "status": null, "seed": null, "meas_level": 2, "meas_return": null, "header": {"qubit_labels": [["q", 0], ["q", 1], ["q", 2], ["q", 3], ["q", 4]], "n_qubits": 5, "qreg_sizes": [["q", 5]], "clbit_labels": [["c", 0], ["c", 1], ["c", 2]], "memory_slots": 3, "creg_sizes": [["c", 3]], "name": "circuit-2992864", "global_phase": 3.926990816987253, "metadata": {}}, "data": {"counts": {"0x0": 586, "0x1": 567, "0x2": 448, "0x3": 418, "0x4": 626, "0x5": 472, "0x6": 528, "0x7": 451}, "snapshots": null, "memory": null, "statevector": null, "unitary": null}}, {"shots": 4096, "success": true, "status": null, "seed": null, "meas_level": 2, "meas_return": null, "header": {"qubit_labels": [["q", 0], ["q", 1], ["q", 2], ["q", 3], ["q", 4]], "n_qubits": 5, "qreg_sizes": [["q", 5]], "clbit_labels": [["c", 0], ["c", 1], ["c", 2]], "memory_slots": 3, "creg_sizes": [["c", 3]], "name": "circuit-2992865", "global_phase": 1.5707963267949534, "metadata": {}}, "data": {"counts": {"0x0": 1439, "0x1": 431, "0x2": 974, "0x3": 294, "0x4": 386, "0x5": 172, "0x6": 267, "0x7": 133}, "snapshots": null, "memory": null, "statevector": null, "unitary": null}}, {"shots": 4096, "success": true, "status": null, "seed": null, "meas_level": 2, "meas_return": null, "header": {"qubit_labels": [["q", 0], ["q", 1], ["q", 2], ["q", 3], ["q", 4]], "n_qubits": 5, "qreg_sizes": [["q", 5]], "clbit_labels": [["c", 0], ["c", 1], ["c", 2]], "memory_slots": 3, "creg_sizes": [["c", 3]], "name": "circuit-2995787", "global_phase": 0.7853981633974705, "metadata": {}}, "data": {"counts": {"0x0": 605, "0x1": 516, "0x2": 530, "0x3": 441, "0x4": 467, "0x5": 595, "0x6": 524, "0x7": 418}, "snapshots": null, "memory": null, "statevector": null, "unitary": null}}, {"shots": 4096, "success": true, "status": null, "seed": null, "meas_level": 2, "meas_return": null, "header": {"qubit_labels": [["q", 0], ["q", 1], ["q", 2], ["q", 3], ["q", 4]], "n_qubits": 5, "qreg_sizes": [["q", 5]], "clbit_labels": [["c", 0], ["c", 1], ["c", 2]], "memory_slots": 3, "creg_sizes": [["c", 3]], "name": "circuit-2995788", "global_phase": 5.417888360170764e-14, "metadata": {}}, "data": {"counts": {"0x0": 1496, "0x1": 383, "0x2": 1009, "0x3": 257, "0x4": 370, "0x5": 198, "0x6": 238, "0x7": 145}, "snapshots": null, "memory": null, "statevector": null, "unitary": null}}, {"shots": 4096, "success": true, "status": null, "seed": null, "meas_level": 2, "meas_return": null, "header": {"qubit_labels": [["q", 0], ["q", 1], ["q", 2], ["q", 3], ["q", 4]], "n_qubits": 5, "qreg_sizes": [["q", 5]], "clbit_labels": [["c", 0], ["c", 1], ["c", 2]], "memory_slots": 3, "creg_sizes": [["c", 3]], "name": "circuit-2998754", "global_phase": 5.497787143782138, "metadata": {}}, "data": {"counts": {"0x0": 945, "0x1": 246, "0x2": 236, "0x3": 579, "0x4": 254, "0x5": 951, "0x6": 757, "0x7": 128}, "snapshots": null, "memory": null, "statevector": null, "unitary": null}}, {"shots": 4096, "success": true, "status": null, "seed": null, "meas_level": 2, "meas_return": null, "header": {"qubit_labels": [["q", 0], ["q", 1], ["q", 2], ["q", 3], ["q", 4]], "n_qubits": 5, "qreg_sizes": [["q", 5]], "clbit_labels": [["c", 0], ["c", 1], ["c", 2]], "memory_slots": 3, "creg_sizes": [["c", 3]], "name": "circuit-2998755", "global_phase": 1.5707963267948983, "metadata": {}}, "data": {"counts": {"0x0": 3731, "0x1": 78, "0x2": 120, "0x3": 6, "0x4": 72, "0x5": 83, "0x6": 1, "0x7": 5}, "snapshots": null, "memory": null, "statevector": null, "unitary": null}}, {"shots": 4096, "success": true, "status": null, "seed": null, "meas_level": 2, "meas_return": null, "header": {"qubit_labels": [["q", 0], ["q", 1], ["q", 2], ["q", 3], ["q", 4]], "n_qubits": 5, "qreg_sizes": [["q", 5]], "clbit_labels": [["c", 0], ["c", 1], ["c", 2]], "memory_slots": 3, "creg_sizes": [["c", 3]], "name": "circuit-2999079", "global_phase": 2.356194490192345, "metadata": {}}, "data": {"counts": {"0x0": 1294, "0x1": 344, "0x2": 256, "0x3": 660, "0x4": 455, "0x5": 503, "0x6": 309, "0x7": 275}, "snapshots": null, "memory": null, "statevector": null, "unitary": null}}, {"shots": 4096, "success": true, "status": null, "seed": null, "meas_level": 2, "meas_return": null, "header": {"qubit_labels": [["q", 0], ["q", 1], ["q", 2], ["q", 3], ["q", 4]], "n_qubits": 5, "qreg_sizes": [["q", 5]], "clbit_labels": [["c", 0], ["c", 1], ["c", 2]], "memory_slots": 3, "creg_sizes": [["c", 3]], "name": "circuit-2999080", "global_phase": 3.1415926535897967, "metadata": {}}, "data": {"counts": {"0x0": 3447, "0x1": 201, "0x2": 222, "0x3": 20, "0x4": 158, "0x5": 39, "0x6": 7, "0x7": 2}, "snapshots": null, "memory": null, "statevector": null, "unitary": null}}, {"shots": 4096, "success": true, "status": null, "seed": null, "meas_level": 2, "meas_return": null, "header": {"qubit_labels": [["q", 0], ["q", 1], ["q", 2], ["q", 3], ["q", 4]], "n_qubits": 5, "qreg_sizes": [["q", 5]], "clbit_labels": [["c", 0], ["c", 1], ["c", 2]], "memory_slots": 3, "creg_sizes": [["c", 3]], "name": "circuit-2999594", "global_phase": 5.497787143782145, "metadata": {}}, "data": {"counts": {"0x0": 630, "0x1": 598, "0x2": 385, "0x3": 330, "0x4": 808, "0x5": 613, "0x6": 295, "0x7": 437}, "snapshots": null, "memory": null, "statevector": null, "unitary": null}}, {"shots": 4096, "success": true, "status": null, "seed": null, "meas_level": 2, "meas_return": null, "header": {"qubit_labels": [["q", 0], ["q", 1], ["q", 2], ["q", 3], ["q", 4]], "n_qubits": 5, "qreg_sizes": [["q", 5]], "clbit_labels": [["c", 0], ["c", 1], ["c", 2]], "memory_slots": 3, "creg_sizes": [["c", 3]], "name": "circuit-2999595", "global_phase": 1.5707963267949046, "metadata": {}}, "data": {"counts": {"0x0": 3133, "0x1": 168, "0x2": 433, "0x3": 42, "0x4": 213, "0x5": 65, "0x6": 31, "0x7": 11}, "snapshots": null, "memory": null, "statevector": null, "unitary": null}}, {"shots": 4096, "success": true, "status": null, "seed": null, "meas_level": 2, "meas_return": null, "header": {"qubit_labels": [["q", 0], ["q", 1], ["q", 2], ["q", 3], ["q", 4]], "n_qubits": 5, "qreg_sizes": [["q", 5]], "clbit_labels": [["c", 0], ["c", 1], ["c", 2]], "memory_slots": 3, "creg_sizes": [["c", 3]], "name": "circuit-3000205", "global_phase": 5.497787143782141, "metadata": {}}, "data": {"counts": {"0x0": 526, "0x1": 795, "0x2": 513, "0x3": 195, "0x4": 840, "0x5": 526, "0x6": 274, "0x7": 427}, "snapshots": null, "memory": null, "statevector": null, "unitary": null}}, {"shots": 4096, "success": true, "status": null, "seed": null, "meas_level": 2, "meas_return": null, "header": {"qubit_labels": [["q", 0], ["q", 1], ["q", 2], ["q", 3], ["q", 4]], "n_qubits": 5, "qreg_sizes": [["q", 5]], "clbit_labels": [["c", 0], ["c", 1], ["c", 2]], "memory_slots": 3, "creg_sizes": [["c", 3]], "name": "circuit-3000206", "global_phase": 4.712388980384697, "metadata": {}}, "data": {"counts": {"0x0": 2853, "0x1": 195, "0x2": 611, "0x3": 23, "0x4": 288, "0x5": 51, "0x6": 64, "0x7": 11}, "snapshots": null, "memory": null, "statevector": null, "unitary": null}}, {"shots": 4096, "success": true, "status": null, "seed": null, "meas_level": 2, "meas_return": null, "header": {"qubit_labels": [["q", 0], ["q", 1], ["q", 2], ["q", 3], ["q", 4]], "n_qubits": 5, "qreg_sizes": [["q", 5]], "clbit_labels": [["c", 0], ["c", 1], ["c", 2]], "memory_slots": 3, "creg_sizes": [["c", 3]], "name": "circuit-3000981", "global_phase": 5.497787143782142, "metadata": {}}, "data": {"counts": {"0x0": 444, "0x1": 854, "0x2": 459, "0x3": 253, "0x4": 901, "0x5": 488, "0x6": 304, "0x7": 393}, "snapshots": null, "memory": null, "statevector": null, "unitary": null}}, {"shots": 4096, "success": true, "status": null, "seed": null, "meas_level": 2, "meas_return": null, "header": {"qubit_labels": [["q", 0], ["q", 1], ["q", 2], ["q", 3], ["q", 4]], "n_qubits": 5, "qreg_sizes": [["q", 5]], "clbit_labels": [["c", 0], ["c", 1], ["c", 2]], "memory_slots": 3, "creg_sizes": [["c", 3]], "name": "circuit-3000982", "global_phase": 1.570796326794909, "metadata": {}}, "data": {"counts": {"0x0": 2440, "0x1": 182, "0x2": 714, "0x3": 57, "0x4": 420, "0x5": 133, "0x6": 117, "0x7": 33}, "snapshots": null, "memory": null, "statevector": null, "unitary": null}}, {"shots": 4096, "success": true, "status": null, "seed": null, "meas_level": 2, "meas_return": null, "header": {"qubit_labels": [["q", 0], ["q", 1], ["q", 2], ["q", 3], ["q", 4]], "n_qubits": 5, "qreg_sizes": [["q", 5]], "clbit_labels": [["c", 0], ["c", 1], ["c", 2]], "memory_slots": 3, "creg_sizes": [["c", 3]], "name": "circuit-3001935", "global_phase": 5.497787143782146, "metadata": {}}, "data": {"counts": {"0x0": 335, "0x1": 905, "0x2": 490, "0x3": 409, "0x4": 889, "0x5": 277, "0x6": 421, "0x7": 370}, "snapshots": null, "memory": null, "statevector": null, "unitary": null}}, {"shots": 4096, "success": true, "status": null, "seed": null, "meas_level": 2, "meas_return": null, "header": {"qubit_labels": [["q", 0], ["q", 1], ["q", 2], ["q", 3], ["q", 4]], "n_qubits": 5, "qreg_sizes": [["q", 5]], "clbit_labels": [["c", 0], ["c", 1], ["c", 2]], "memory_slots": 3, "creg_sizes": [["c", 3]], "name": "circuit-3001936", "global_phase": 4.712388980384703, "metadata": {}}, "data": {"counts": {"0x0": 2224, "0x1": 323, "0x2": 911, "0x3": 98, "0x4": 263, "0x5": 146, "0x6": 93, "0x7": 38}, "snapshots": null, "memory": null, "statevector": null, "unitary": null}}, {"shots": 4096, "success": true, "status": null, "seed": null, "meas_level": 2, "meas_return": null, "header": {"qubit_labels": [["q", 0], ["q", 1], ["q", 2], ["q", 3], ["q", 4]], "n_qubits": 5, "qreg_sizes": [["q", 5]], "clbit_labels": [["c", 0], ["c", 1], ["c", 2]], "memory_slots": 3, "creg_sizes": [["c", 3]], "name": "circuit-3003028", "global_phase": 3.926990816987253, "metadata": {}}, "data": {"counts": {"0x0": 368, "0x1": 694, "0x2": 504, "0x3": 410, "0x4": 920, "0x5": 294, "0x6": 443, "0x7": 463}, "snapshots": null, "memory": null, "statevector": null, "unitary": null}}, {"shots": 4096, "success": true, "status": null, "seed": null, "meas_level": 2, "meas_return": null, "header": {"qubit_labels": [["q", 0], ["q", 1], ["q", 2], ["q", 3], ["q", 4]], "n_qubits": 5, "qreg_sizes": [["q", 5]], "clbit_labels": [["c", 0], ["c", 1], ["c", 2]], "memory_slots": 3, "creg_sizes": [["c", 3]], "name": "circuit-3003029", "global_phase": 4.712388980384707, "metadata": {}}, "data": {"counts": {"0x0": 2099, "0x1": 189, "0x2": 858, "0x3": 79, "0x4": 499, "0x5": 129, "0x6": 176, "0x7": 67}, "snapshots": null, "memory": null, "statevector": null, "unitary": null}}, {"shots": 4096, "success": true, "status": null, "seed": null, "meas_level": 2, "meas_return": null, "header": {"qubit_labels": [["q", 0], ["q", 1], ["q", 2], ["q", 3], ["q", 4]], "n_qubits": 5, "qreg_sizes": [["q", 5]], "clbit_labels": [["c", 0], ["c", 1], ["c", 2]], "memory_slots": 3, "creg_sizes": [["c", 3]], "name": "circuit-3004230", "global_phase": 2.3561944901923564, "metadata": {}}, "data": {"counts": {"0x0": 442, "0x1": 651, "0x2": 479, "0x3": 551, "0x4": 397, "0x5": 642, "0x6": 660, "0x7": 274}, "snapshots": null, "memory": null, "statevector": null, "unitary": null}}, {"shots": 4096, "success": true, "status": null, "seed": null, "meas_level": 2, "meas_return": null, "header": {"qubit_labels": [["q", 0], ["q", 1], ["q", 2], ["q", 3], ["q", 4]], "n_qubits": 5, "qreg_sizes": [["q", 5]], "clbit_labels": [["c", 0], ["c", 1], ["c", 2]], "memory_slots": 3, "creg_sizes": [["c", 3]], "name": "circuit-3004231", "global_phase": 2.5757174171303632e-14, "metadata": {}}, "data": {"counts": {"0x0": 2119, "0x1": 250, "0x2": 1184, "0x3": 126, "0x4": 198, "0x5": 65, "0x6": 113, "0x7": 41}, "snapshots": null, "memory": null, "statevector": null, "unitary": null}}, {"shots": 4096, "success": true, "status": null, "seed": null, "meas_level": 2, "meas_return": null, "header": {"qubit_labels": [["q", 0], ["q", 1], ["q", 2], ["q", 3], ["q", 4]], "n_qubits": 5, "qreg_sizes": [["q", 5]], "clbit_labels": [["c", 0], ["c", 1], ["c", 2]], "memory_slots": 3, "creg_sizes": [["c", 3]], "name": "circuit-3005591", "global_phase": 5.497787143782137, "metadata": {}}, "data": {"counts": {"0x0": 446, "0x1": 291, "0x2": 371, "0x3": 677, "0x4": 626, "0x5": 570, "0x6": 685, "0x7": 430}, "snapshots": null, "memory": null, "statevector": null, "unitary": null}}, {"shots": 4096, "success": true, "status": null, "seed": null, "meas_level": 2, "meas_return": null, "header": {"qubit_labels": [["q", 0], ["q", 1], ["q", 2], ["q", 3], ["q", 4]], "n_qubits": 5, "qreg_sizes": [["q", 5]], "clbit_labels": [["c", 0], ["c", 1], ["c", 2]], "memory_slots": 3, "creg_sizes": [["c", 3]], "name": "circuit-3005592", "global_phase": 2.6645352591003757e-14, "metadata": {}}, "data": {"counts": {"0x0": 1882, "0x1": 291, "0x2": 1189, "0x3": 134, "0x4": 221, "0x5": 151, "0x6": 147, "0x7": 81}, "snapshots": null, "memory": null, "statevector": null, "unitary": null}}, {"shots": 4096, "success": true, "status": null, "seed": null, "meas_level": 2, "meas_return": null, "header": {"qubit_labels": [["q", 0], ["q", 1], ["q", 2], ["q", 3], ["q", 4]], "n_qubits": 5, "qreg_sizes": [["q", 5]], "clbit_labels": [["c", 0], ["c", 1], ["c", 2]], "memory_slots": 3, "creg_sizes": [["c", 3]], "name": "circuit-3007055", "global_phase": 5.497787143782151, "metadata": {}}, "data": {"counts": {"0x0": 608, "0x1": 479, "0x2": 436, "0x3": 703, "0x4": 387, "0x5": 476, "0x6": 678, "0x7": 329}, "snapshots": null, "memory": null, "statevector": null, "unitary": null}}, {"shots": 4096, "success": true, "status": null, "seed": null, "meas_level": 2, "meas_return": null, "header": {"qubit_labels": [["q", 0], ["q", 1], ["q", 2], ["q", 3], ["q", 4]], "n_qubits": 5, "qreg_sizes": [["q", 5]], "clbit_labels": [["c", 0], ["c", 1], ["c", 2]], "memory_slots": 3, "creg_sizes": [["c", 3]], "name": "circuit-3007056", "global_phase": 1.5707963267949214, "metadata": {}}, "data": {"counts": {"0x0": 1597, "0x1": 245, "0x2": 1194, "0x3": 182, "0x4": 390, "0x5": 116, "0x6": 277, "0x7": 95}, "snapshots": null, "memory": null, "statevector": null, "unitary": null}}, {"shots": 4096, "success": true, "status": null, "seed": null, "meas_level": 2, "meas_return": null, "header": {"qubit_labels": [["q", 0], ["q", 1], ["q", 2], ["q", 3], ["q", 4]], "n_qubits": 5, "qreg_sizes": [["q", 5]], "clbit_labels": [["c", 0], ["c", 1], ["c", 2]], "memory_slots": 3, "creg_sizes": [["c", 3]], "name": "circuit-3008648", "global_phase": 3.9269908169872503, "metadata": {}}, "data": {"counts": {"0x0": 605, "0x1": 329, "0x2": 363, "0x3": 749, "0x4": 436, "0x5": 535, "0x6": 585, "0x7": 494}, "snapshots": null, "memory": null, "statevector": null, "unitary": null}}, {"shots": 4096, "success": true, "status": null, "seed": null, "meas_level": 2, "meas_return": null, "header": {"qubit_labels": [["q", 0], ["q", 1], ["q", 2], ["q", 3], ["q", 4]], "n_qubits": 5, "qreg_sizes": [["q", 5]], "clbit_labels": [["c", 0], ["c", 1], ["c", 2]], "memory_slots": 3, "creg_sizes": [["c", 3]], "name": "circuit-3008649", "global_phase": 4.712388980384718, "metadata": {}}, "data": {"counts": {"0x0": 1635, "0x1": 256, "0x2": 1403, "0x3": 200, "0x4": 225, "0x5": 112, "0x6": 184, "0x7": 81}, "snapshots": null, "memory": null, "statevector": null, "unitary": null}}, {"shots": 4096, "success": true, "status": null, "seed": null, "meas_level": 2, "meas_return": null, "header": {"qubit_labels": [["q", 0], ["q", 1], ["q", 2], ["q", 3], ["q", 4]], "n_qubits": 5, "qreg_sizes": [["q", 5]], "clbit_labels": [["c", 0], ["c", 1], ["c", 2]], "memory_slots": 3, "creg_sizes": [["c", 3]], "name": "circuit-3010434", "global_phase": 2.35619449019236, "metadata": {}}, "data": {"counts": {"0x0": 516, "0x1": 388, "0x2": 456, "0x3": 539, "0x4": 401, "0x5": 609, "0x6": 600, "0x7": 587}, "snapshots": null, "memory": null, "statevector": null, "unitary": null}}, {"shots": 4096, "success": true, "status": null, "seed": null, "meas_level": 2, "meas_return": null, "header": {"qubit_labels": [["q", 0], ["q", 1], ["q", 2], ["q", 3], ["q", 4]], "n_qubits": 5, "qreg_sizes": [["q", 5]], "clbit_labels": [["c", 0], ["c", 1], ["c", 2]], "memory_slots": 3, "creg_sizes": [["c", 3]], "name": "circuit-3010435", "global_phase": 3.197442310920451e-14, "metadata": {}}, "data": {"counts": {"0x0": 1377, "0x1": 254, "0x2": 1285, "0x3": 221, "0x4": 346, "0x5": 158, "0x6": 305, "0x7": 150}, "snapshots": null, "memory": null, "statevector": null, "unitary": null}}, {"shots": 4096, "success": true, "status": null, "seed": null, "meas_level": 2, "meas_return": null, "header": {"qubit_labels": [["q", 0], ["q", 1], ["q", 2], ["q", 3], ["q", 4]], "n_qubits": 5, "qreg_sizes": [["q", 5]], "clbit_labels": [["c", 0], ["c", 1], ["c", 2]], "memory_slots": 3, "creg_sizes": [["c", 3]], "name": "circuit-3012374", "global_phase": 0.7853981633974616, "metadata": {}}, "data": {"counts": {"0x0": 720, "0x1": 463, "0x2": 458, "0x3": 589, "0x4": 568, "0x5": 358, "0x6": 372, "0x7": 568}, "snapshots": null, "memory": null, "statevector": null, "unitary": null}}, {"shots": 4096, "success": true, "status": null, "seed": null, "meas_level": 2, "meas_return": null, "header": {"qubit_labels": [["q", 0], ["q", 1], ["q", 2], ["q", 3], ["q", 4]], "n_qubits": 5, "qreg_sizes": [["q", 5]], "clbit_labels": [["c", 0], ["c", 1], ["c", 2]], "memory_slots": 3, "creg_sizes": [["c", 3]], "name": "circuit-3012375", "global_phase": 4.712388980384724, "metadata": {}}, "data": {"counts": {"0x0": 1091, "0x1": 257, "0x2": 981, "0x3": 183, "0x4": 661, "0x5": 181, "0x6": 583, "0x7": 159}, "snapshots": null, "memory": null, "statevector": null, "unitary": null}}, {"shots": 4096, "success": true, "status": null, "seed": null, "meas_level": 2, "meas_return": null, "header": {"qubit_labels": [["q", 0], ["q", 1], ["q", 2], ["q", 3], ["q", 4]], "n_qubits": 5, "qreg_sizes": [["q", 5]], "clbit_labels": [["c", 0], ["c", 1], ["c", 2]], "memory_slots": 3, "creg_sizes": [["c", 3]], "name": "circuit-3014458", "global_phase": 0.7853981633974687, "metadata": {}}, "data": {"counts": {"0x0": 503, "0x1": 522, "0x2": 628, "0x3": 400, "0x4": 647, "0x5": 449, "0x6": 440, "0x7": 507}, "snapshots": null, "memory": null, "statevector": null, "unitary": null}}, {"shots": 4096, "success": true, "status": null, "seed": null, "meas_level": 2, "meas_return": null, "header": {"qubit_labels": [["q", 0], ["q", 1], ["q", 2], ["q", 3], ["q", 4]], "n_qubits": 5, "qreg_sizes": [["q", 5]], "clbit_labels": [["c", 0], ["c", 1], ["c", 2]], "memory_slots": 3, "creg_sizes": [["c", 3]], "name": "circuit-3014459", "global_phase": 4.712388980384727, "metadata": {}}, "data": {"counts": {"0x0": 1112, "0x1": 248, "0x2": 1096, "0x3": 260, "0x4": 510, "0x5": 199, "0x6": 469, "0x7": 202}, "snapshots": null, "memory": null, "statevector": null, "unitary": null}}, {"shots": 4096, "success": true, "status": null, "seed": null, "meas_level": 2, "meas_return": null, "header": {"qubit_labels": [["q", 0], ["q", 1], ["q", 2], ["q", 3], ["q", 4]], "n_qubits": 5, "qreg_sizes": [["q", 5]], "clbit_labels": [["c", 0], ["c", 1], ["c", 2]], "memory_slots": 3, "creg_sizes": [["c", 3]], "name": "circuit-3016659", "global_phase": 3.9269908169872583, "metadata": {}}, "data": {"counts": {"0x0": 455, "0x1": 601, "0x2": 447, "0x3": 423, "0x4": 739, "0x5": 395, "0x6": 419, "0x7": 617}, "snapshots": null, "memory": null, "statevector": null, "unitary": null}}, {"shots": 4096, "success": true, "status": null, "seed": null, "meas_level": 2, "meas_return": null, "header": {"qubit_labels": [["q", 0], ["q", 1], ["q", 2], ["q", 3], ["q", 4]], "n_qubits": 5, "qreg_sizes": [["q", 5]], "clbit_labels": [["c", 0], ["c", 1], ["c", 2]], "memory_slots": 3, "creg_sizes": [["c", 3]], "name": "circuit-3016660", "global_phase": 3.141592653589827, "metadata": {}}, "data": {"counts": {"0x0": 1299, "0x1": 292, "0x2": 1213, "0x3": 276, "0x4": 332, "0x5": 171, "0x6": 374, "0x7": 139}, "snapshots": null, "memory": null, "statevector": null, "unitary": null}}, {"shots": 4096, "success": true, "status": null, "seed": null, "meas_level": 2, "meas_return": null, "header": {"qubit_labels": [["q", 0], ["q", 1], ["q", 2], ["q", 3], ["q", 4]], "n_qubits": 5, "qreg_sizes": [["q", 5]], "clbit_labels": [["c", 0], ["c", 1], ["c", 2]], "memory_slots": 3, "creg_sizes": [["c", 3]], "name": "circuit-3019014", "global_phase": 5.4977871437821655, "metadata": {}}, "data": {"counts": {"0x0": 569, "0x1": 494, "0x2": 416, "0x3": 456, "0x4": 745, "0x5": 407, "0x6": 443, "0x7": 566}, "snapshots": null, "memory": null, "statevector": null, "unitary": null}}, {"shots": 4096, "success": true, "status": null, "seed": null, "meas_level": 2, "meas_return": null, "header": {"qubit_labels": [["q", 0], ["q", 1], ["q", 2], ["q", 3], ["q", 4]], "n_qubits": 5, "qreg_sizes": [["q", 5]], "clbit_labels": [["c", 0], ["c", 1], ["c", 2]], "memory_slots": 3, "creg_sizes": [["c", 3]], "name": "circuit-3019015", "global_phase": 3.141592653589834, "metadata": {}}, "data": {"counts": {"0x0": 1315, "0x1": 242, "0x2": 1183, "0x3": 223, "0x4": 431, "0x5": 154, "0x6": 399, "0x7": 149}, "snapshots": null, "memory": null, "statevector": null, "unitary": null}}, {"shots": 4096, "success": true, "status": null, "seed": null, "meas_level": 2, "meas_return": null, "header": {"qubit_labels": [["q", 0], ["q", 1], ["q", 2], ["q", 3], ["q", 4]], "n_qubits": 5, "qreg_sizes": [["q", 5]], "clbit_labels": [["c", 0], ["c", 1], ["c", 2]], "memory_slots": 3, "creg_sizes": [["c", 3]], "name": "circuit-3021475", "global_phase": 2.356194490192353, "metadata": {}}, "data": {"counts": {"0x0": 478, "0x1": 561, "0x2": 445, "0x3": 395, "0x4": 854, "0x5": 456, "0x6": 375, "0x7": 532}, "snapshots": null, "memory": null, "statevector": null, "unitary": null}}, {"shots": 4096, "success": true, "status": null, "seed": null, "meas_level": 2, "meas_return": null, "header": {"qubit_labels": [["q", 0], ["q", 1], ["q", 2], ["q", 3], ["q", 4]], "n_qubits": 5, "qreg_sizes": [["q", 5]], "clbit_labels": [["c", 0], ["c", 1], ["c", 2]], "memory_slots": 3, "creg_sizes": [["c", 3]], "name": "circuit-3021476", "global_phase": 4.7123889803847305, "metadata": {}}, "data": {"counts": {"0x0": 1086, "0x1": 219, "0x2": 823, "0x3": 223, "0x4": 734, "0x5": 231, "0x6": 613, "0x7": 167}, "snapshots": null, "memory": null, "statevector": null, "unitary": null}}, {"shots": 4096, "success": true, "status": null, "seed": null, "meas_level": 2, "meas_return": null, "header": {"qubit_labels": [["q", 0], ["q", 1], ["q", 2], ["q", 3], ["q", 4]], "n_qubits": 5, "qreg_sizes": [["q", 5]], "clbit_labels": [["c", 0], ["c", 1], ["c", 2]], "memory_slots": 3, "creg_sizes": [["c", 3]], "name": "circuit-3024114", "global_phase": 0.7853981633974723, "metadata": {}}, "data": {"counts": {"0x0": 664, "0x1": 549, "0x2": 476, "0x3": 434, "0x4": 565, "0x5": 548, "0x6": 448, "0x7": 412}, "snapshots": null, "memory": null, "statevector": null, "unitary": null}}, {"shots": 4096, "success": true, "status": null, "seed": null, "meas_level": 2, "meas_return": null, "header": {"qubit_labels": [["q", 0], ["q", 1], ["q", 2], ["q", 3], ["q", 4]], "n_qubits": 5, "qreg_sizes": [["q", 5]], "clbit_labels": [["c", 0], ["c", 1], ["c", 2]], "memory_slots": 3, "creg_sizes": [["c", 3]], "name": "circuit-3024115", "global_phase": 1.5707963267949498, "metadata": {}}, "data": {"counts": {"0x0": 1396, "0x1": 388, "0x2": 997, "0x3": 279, "0x4": 335, "0x5": 274, "0x6": 225, "0x7": 202}, "snapshots": null, "memory": null, "statevector": null, "unitary": null}}, {"shots": 4096, "success": true, "status": null, "seed": null, "meas_level": 2, "meas_return": null, "header": {"qubit_labels": [["q", 0], ["q", 1], ["q", 2], ["q", 3], ["q", 4]], "n_qubits": 5, "qreg_sizes": [["q", 5]], "clbit_labels": [["c", 0], ["c", 1], ["c", 2]], "memory_slots": 3, "creg_sizes": [["c", 3]], "name": "circuit-3026873", "global_phase": 3.926990816987269, "metadata": {}}, "data": {"counts": {"0x0": 549, "0x1": 440, "0x2": 450, "0x3": 458, "0x4": 607, "0x5": 650, "0x6": 497, "0x7": 445}, "snapshots": null, "memory": null, "statevector": null, "unitary": null}}, {"shots": 4096, "success": true, "status": null, "seed": null, "meas_level": 2, "meas_return": null, "header": {"qubit_labels": [["q", 0], ["q", 1], ["q", 2], ["q", 3], ["q", 4]], "n_qubits": 5, "qreg_sizes": [["q", 5]], "clbit_labels": [["c", 0], ["c", 1], ["c", 2]], "memory_slots": 3, "creg_sizes": [["c", 3]], "name": "circuit-3026874", "global_phase": 3.141592653589842, "metadata": {}}, "data": {"counts": {"0x0": 1494, "0x1": 367, "0x2": 1035, "0x3": 278, "0x4": 353, "0x5": 160, "0x6": 287, "0x7": 122}, "snapshots": null, "memory": null, "statevector": null, "unitary": null}}, {"shots": 4096, "success": true, "status": null, "seed": null, "meas_level": 2, "meas_return": null, "header": {"qubit_labels": [["q", 0], ["q", 1], ["q", 2], ["q", 3], ["q", 4]], "n_qubits": 5, "qreg_sizes": [["q", 5]], "clbit_labels": [["c", 0], ["c", 1], ["c", 2]], "memory_slots": 3, "creg_sizes": [["c", 3]], "name": "circuit-3029738", "global_phase": 0.785398163397458, "metadata": {}}, "data": {"counts": {"0x0": 597, "0x1": 528, "0x2": 475, "0x3": 456, "0x4": 498, "0x5": 668, "0x6": 469, "0x7": 405}, "snapshots": null, "memory": null, "statevector": null, "unitary": null}}, {"shots": 4096, "success": true, "status": null, "seed": null, "meas_level": 2, "meas_return": null, "header": {"qubit_labels": [["q", 0], ["q", 1], ["q", 2], ["q", 3], ["q", 4]], "n_qubits": 5, "qreg_sizes": [["q", 5]], "clbit_labels": [["c", 0], ["c", 1], ["c", 2]], "memory_slots": 3, "creg_sizes": [["c", 3]], "name": "circuit-3029739", "global_phase": 3.1415926535898393, "metadata": {}}, "data": {"counts": {"0x0": 1002, "0x1": 323, "0x2": 594, "0x3": 200, "0x4": 887, "0x5": 300, "0x6": 572, "0x7": 218}, "snapshots": null, "memory": null, "statevector": null, "unitary": null}}, {"shots": 4096, "success": true, "status": null, "seed": null, "meas_level": 2, "meas_return": null, "header": {"qubit_labels": [["q", 0], ["q", 1], ["q", 2], ["q", 3], ["q", 4]], "n_qubits": 5, "qreg_sizes": [["q", 5]], "clbit_labels": [["c", 0], ["c", 1], ["c", 2]], "memory_slots": 3, "creg_sizes": [["c", 3]], "name": "circuit-3032821", "global_phase": 0.7853981633974509, "metadata": {}}, "data": {"counts": {"0x0": 1095, "0x1": 271, "0x2": 203, "0x3": 841, "0x4": 200, "0x5": 745, "0x6": 619, "0x7": 122}, "snapshots": null, "memory": null, "statevector": null, "unitary": null}}, {"shots": 4096, "success": true, "status": null, "seed": null, "meas_level": 2, "meas_return": null, "header": {"qubit_labels": [["q", 0], ["q", 1], ["q", 2], ["q", 3], ["q", 4]], "n_qubits": 5, "qreg_sizes": [["q", 5]], "clbit_labels": [["c", 0], ["c", 1], ["c", 2]], "memory_slots": 3, "creg_sizes": [["c", 3]], "name": "circuit-3032822", "global_phase": 2.6645352591003757e-15, "metadata": {}}, "data": {"counts": {"0x0": 3705, "0x1": 68, "0x2": 136, "0x3": 7, "0x4": 94, "0x5": 79, "0x6": 6, "0x7": 1}, "snapshots": null, "memory": null, "statevector": null, "unitary": null}}, {"shots": 4096, "success": true, "status": null, "seed": null, "meas_level": 2, "meas_return": null, "header": {"qubit_labels": [["q", 0], ["q", 1], ["q", 2], ["q", 3], ["q", 4]], "n_qubits": 5, "qreg_sizes": [["q", 5]], "clbit_labels": [["c", 0], ["c", 1], ["c", 2]], "memory_slots": 3, "creg_sizes": [["c", 3]], "name": "circuit-3033172", "global_phase": 0.7853981633974509, "metadata": {}}, "data": {"counts": {"0x0": 1250, "0x1": 403, "0x2": 314, "0x3": 635, "0x4": 393, "0x5": 515, "0x6": 334, "0x7": 252}, "snapshots": null, "memory": null, "statevector": null, "unitary": null}}, {"shots": 4096, "success": true, "status": null, "seed": null, "meas_level": 2, "meas_return": null, "header": {"qubit_labels": [["q", 0], ["q", 1], ["q", 2], ["q", 3], ["q", 4]], "n_qubits": 5, "qreg_sizes": [["q", 5]], "clbit_labels": [["c", 0], ["c", 1], ["c", 2]], "memory_slots": 3, "creg_sizes": [["c", 3]], "name": "circuit-3033173", "global_phase": 1.5707963267949, "metadata": {}}, "data": {"counts": {"0x0": 3522, "0x1": 131, "0x2": 244, "0x3": 18, "0x4": 149, "0x5": 15, "0x6": 16, "0x7": 1}, "snapshots": null, "memory": null, "statevector": null, "unitary": null}}, {"shots": 4096, "success": true, "status": null, "seed": null, "meas_level": 2, "meas_return": null, "header": {"qubit_labels": [["q", 0], ["q", 1], ["q", 2], ["q", 3], ["q", 4]], "n_qubits": 5, "qreg_sizes": [["q", 5]], "clbit_labels": [["c", 0], ["c", 1], ["c", 2]], "memory_slots": 3, "creg_sizes": [["c", 3]], "name": "circuit-3033688", "global_phase": 3.926990816987244, "metadata": {}}, "data": {"counts": {"0x0": 877, "0x1": 553, "0x2": 409, "0x3": 409, "0x4": 733, "0x5": 447, "0x6": 238, "0x7": 430}, "snapshots": null, "memory": null, "statevector": null, "unitary": null}}, {"shots": 4096, "success": true, "status": null, "seed": null, "meas_level": 2, "meas_return": null, "header": {"qubit_labels": [["q", 0], ["q", 1], ["q", 2], ["q", 3], ["q", 4]], "n_qubits": 5, "qreg_sizes": [["q", 5]], "clbit_labels": [["c", 0], ["c", 1], ["c", 2]], "memory_slots": 3, "creg_sizes": [["c", 3]], "name": "circuit-3033689", "global_phase": 3.141592653589801, "metadata": {}}, "data": {"counts": {"0x0": 3065, "0x1": 150, "0x2": 437, "0x3": 25, "0x4": 308, "0x5": 48, "0x6": 53, "0x7": 10}, "snapshots": null, "memory": null, "statevector": null, "unitary": null}}, {"shots": 4096, "success": true, "status": null, "seed": null, "meas_level": 2, "meas_return": null, "header": {"qubit_labels": [["q", 0], ["q", 1], ["q", 2], ["q", 3], ["q", 4]], "n_qubits": 5, "qreg_sizes": [["q", 5]], "clbit_labels": [["c", 0], ["c", 1], ["c", 2]], "memory_slots": 3, "creg_sizes": [["c", 3]], "name": "circuit-3034309", "global_phase": 2.356194490192344, "metadata": {}}, "data": {"counts": {"0x0": 588, "0x1": 618, "0x2": 342, "0x3": 268, "0x4": 1207, "0x5": 295, "0x6": 201, "0x7": 577}, "snapshots": null, "memory": null, "statevector": null, "unitary": null}}, {"shots": 4096, "success": true, "status": null, "seed": null, "meas_level": 2, "meas_return": null, "header": {"qubit_labels": [["q", 0], ["q", 1], ["q", 2], ["q", 3], ["q", 4]], "n_qubits": 5, "qreg_sizes": [["q", 5]], "clbit_labels": [["c", 0], ["c", 1], ["c", 2]], "memory_slots": 3, "creg_sizes": [["c", 3]], "name": "circuit-3034310", "global_phase": 3.141592653589801, "metadata": {}}, "data": {"counts": {"0x0": 2650, "0x1": 197, "0x2": 427, "0x3": 22, "0x4": 584, "0x5": 108, "0x6": 94, "0x7": 14}, "snapshots": null, "memory": null, "statevector": null, "unitary": null}}, {"shots": 4096, "success": true, "status": null, "seed": null, "meas_level": 2, "meas_return": null, "header": {"qubit_labels": [["q", 0], ["q", 1], ["q", 2], ["q", 3], ["q", 4]], "n_qubits": 5, "qreg_sizes": [["q", 5]], "clbit_labels": [["c", 0], ["c", 1], ["c", 2]], "memory_slots": 3, "creg_sizes": [["c", 3]], "name": "circuit-3035074", "global_phase": 5.497787143782137, "metadata": {}}, "data": {"counts": {"0x0": 467, "0x1": 728, "0x2": 497, "0x3": 285, "0x4": 1099, "0x5": 273, "0x6": 225, "0x7": 522}, "snapshots": null, "memory": null, "statevector": null, "unitary": null}}, {"shots": 4096, "success": true, "status": null, "seed": null, "meas_level": 2, "meas_return": null, "header": {"qubit_labels": [["q", 0], ["q", 1], ["q", 2], ["q", 3], ["q", 4]], "n_qubits": 5, "qreg_sizes": [["q", 5]], "clbit_labels": [["c", 0], ["c", 1], ["c", 2]], "memory_slots": 3, "creg_sizes": [["c", 3]], "name": "circuit-3035075", "global_phase": 1.5987211554602254e-14, "metadata": {}}, "data": {"counts": {"0x0": 2703, "0x1": 190, "0x2": 770, "0x3": 74, "0x4": 203, "0x5": 67, "0x6": 59, "0x7": 30}, "snapshots": null, "memory": null, "statevector": null, "unitary": null}}, {"shots": 4096, "success": true, "status": null, "seed": null, "meas_level": 2, "meas_return": null, "header": {"qubit_labels": [["q", 0], ["q", 1], ["q", 2], ["q", 3], ["q", 4]], "n_qubits": 5, "qreg_sizes": [["q", 5]], "clbit_labels": [["c", 0], ["c", 1], ["c", 2]], "memory_slots": 3, "creg_sizes": [["c", 3]], "name": "circuit-3036016", "global_phase": 2.3561944901923466, "metadata": {}}, "data": {"counts": {"0x0": 399, "0x1": 850, "0x2": 521, "0x3": 318, "0x4": 945, "0x5": 278, "0x6": 365, "0x7": 420}, "snapshots": null, "memory": null, "statevector": null, "unitary": null}}, {"shots": 4096, "success": true, "status": null, "seed": null, "meas_level": 2, "meas_return": null, "header": {"qubit_labels": [["q", 0], ["q", 1], ["q", 2], ["q", 3], ["q", 4]], "n_qubits": 5, "qreg_sizes": [["q", 5]], "clbit_labels": [["c", 0], ["c", 1], ["c", 2]], "memory_slots": 3, "creg_sizes": [["c", 3]], "name": "circuit-3036017", "global_phase": 1.5707963267949134, "metadata": {}}, "data": {"counts": {"0x0": 2223, "0x1": 185, "0x2": 902, "0x3": 89, "0x4": 391, "0x5": 99, "0x6": 155, "0x7": 52}, "snapshots": null, "memory": null, "statevector": null, "unitary": null}}, {"shots": 4096, "success": true, "status": null, "seed": null, "meas_level": 2, "meas_return": null, "header": {"qubit_labels": [["q", 0], ["q", 1], ["q", 2], ["q", 3], ["q", 4]], "n_qubits": 5, "qreg_sizes": [["q", 5]], "clbit_labels": [["c", 0], ["c", 1], ["c", 2]], "memory_slots": 3, "creg_sizes": [["c", 3]], "name": "circuit-3037106", "global_phase": 5.497787143782144, "metadata": {}}, "data": {"counts": {"0x0": 412, "0x1": 619, "0x2": 377, "0x3": 539, "0x4": 929, "0x5": 266, "0x6": 472, "0x7": 482}, "snapshots": null, "memory": null, "statevector": null, "unitary": null}}, {"shots": 4096, "success": true, "status": null, "seed": null, "meas_level": 2, "meas_return": null, "header": {"qubit_labels": [["q", 0], ["q", 1], ["q", 2], ["q", 3], ["q", 4]], "n_qubits": 5, "qreg_sizes": [["q", 5]], "clbit_labels": [["c", 0], ["c", 1], ["c", 2]], "memory_slots": 3, "creg_sizes": [["c", 3]], "name": "circuit-3037107", "global_phase": 1.5707963267949192, "metadata": {}}, "data": {"counts": {"0x0": 1665, "0x1": 159, "0x2": 870, "0x3": 102, "0x4": 694, "0x5": 158, "0x6": 375, "0x7": 73}, "snapshots": null, "memory": null, "statevector": null, "unitary": null}}, {"shots": 4096, "success": true, "status": null, "seed": null, "meas_level": 2, "meas_return": null, "header": {"qubit_labels": [["q", 0], ["q", 1], ["q", 2], ["q", 3], ["q", 4]], "n_qubits": 5, "qreg_sizes": [["q", 5]], "clbit_labels": [["c", 0], ["c", 1], ["c", 2]], "memory_slots": 3, "creg_sizes": [["c", 3]], "name": "circuit-3038330", "global_phase": 5.497787143782146, "metadata": {}}, "data": {"counts": {"0x0": 460, "0x1": 617, "0x2": 476, "0x3": 620, "0x4": 515, "0x5": 425, "0x6": 616, "0x7": 367}, "snapshots": null, "memory": null, "statevector": null, "unitary": null}}, {"shots": 4096, "success": true, "status": null, "seed": null, "meas_level": 2, "meas_return": null, "header": {"qubit_labels": [["q", 0], ["q", 1], ["q", 2], ["q", 3], ["q", 4]], "n_qubits": 5, "qreg_sizes": [["q", 5]], "clbit_labels": [["c", 0], ["c", 1], ["c", 2]], "memory_slots": 3, "creg_sizes": [["c", 3]], "name": "circuit-3038331", "global_phase": 3.141592653589815, "metadata": {}}, "data": {"counts": {"0x0": 1818, "0x1": 344, "0x2": 1263, "0x3": 228, "0x4": 178, "0x5": 63, "0x6": 149, "0x7": 53}, "snapshots": null, "memory": null, "statevector": null, "unitary": null}}, {"shots": 4096, "success": true, "status": null, "seed": null, "meas_level": 2, "meas_return": null, "header": {"qubit_labels": [["q", 0], ["q", 1], ["q", 2], ["q", 3], ["q", 4]], "n_qubits": 5, "qreg_sizes": [["q", 5]], "clbit_labels": [["c", 0], ["c", 1], ["c", 2]], "memory_slots": 3, "creg_sizes": [["c", 3]], "name": "circuit-3039706", "global_phase": 0.7853981633974634, "metadata": {}}, "data": {"counts": {"0x0": 599, "0x1": 291, "0x2": 279, "0x3": 705, "0x4": 744, "0x5": 490, "0x6": 622, "0x7": 366}, "snapshots": null, "memory": null, "statevector": null, "unitary": null}}, {"shots": 4096, "success": true, "status": null, "seed": null, "meas_level": 2, "meas_return": null, "header": {"qubit_labels": [["q", 0], ["q", 1], ["q", 2], ["q", 3], ["q", 4]], "n_qubits": 5, "qreg_sizes": [["q", 5]], "clbit_labels": [["c", 0], ["c", 1], ["c", 2]], "memory_slots": 3, "creg_sizes": [["c", 3]], "name": "circuit-3039707", "global_phase": 3.1415926535898206, "metadata": {}}, "data": {"counts": {"0x0": 1714, "0x1": 314, "0x2": 1322, "0x3": 164, "0x4": 228, "0x5": 113, "0x6": 149, "0x7": 92}, "snapshots": null, "memory": null, "statevector": null, "unitary": null}}, {"shots": 4096, "success": true, "status": null, "seed": null, "meas_level": 2, "meas_return": null, "header": {"qubit_labels": [["q", 0], ["q", 1], ["q", 2], ["q", 3], ["q", 4]], "n_qubits": 5, "qreg_sizes": [["q", 5]], "clbit_labels": [["c", 0], ["c", 1], ["c", 2]], "memory_slots": 3, "creg_sizes": [["c", 3]], "name": "circuit-3041183", "global_phase": 0.7853981633974492, "metadata": {}}, "data": {"counts": {"0x0": 888, "0x1": 387, "0x2": 455, "0x3": 744, "0x4": 359, "0x5": 357, "0x6": 551, "0x7": 355}, "snapshots": null, "memory": null, "statevector": null, "unitary": null}}, {"shots": 4096, "success": true, "status": null, "seed": null, "meas_level": 2, "meas_return": null, "header": {"qubit_labels": [["q", 0], ["q", 1], ["q", 2], ["q", 3], ["q", 4]], "n_qubits": 5, "qreg_sizes": [["q", 5]], "clbit_labels": [["c", 0], ["c", 1], ["c", 2]], "memory_slots": 3, "creg_sizes": [["c", 3]], "name": "circuit-3041184", "global_phase": 4.712388980384717, "metadata": {}}, "data": {"counts": {"0x0": 1659, "0x1": 328, "0x2": 1382, "0x3": 190, "0x4": 204, "0x5": 74, "0x6": 186, "0x7": 73}, "snapshots": null, "memory": null, "statevector": null, "unitary": null}}], "error": null}