{"backend_name": "ibmq_quito", "backend_version": "1.1.33", "qobj_id": "ff2d8f2a-243d-4de9-853e-af475ccd9385", "job_id": "62e1836b5593a833741929a1", "date": "2022-07-27T18:37:34Z", "success": true, "status": "Successful completion", "execution_id": "d9149adc-0dda-11ed-986f-b02628f7f59e", "time_taken": 136.46148872375488, "header": {"backend_name": "ibmq_quito", "backend_version": "1.1.33"}, "results": [{"shots": 4096, "success": true, "status": null, "seed": null, "meas_level": 2, "meas_return": null, "header": {"qubit_labels": [["q", 0], ["q", 1], ["q", 2], ["q", 3], ["q", 4]], "n_qubits": 5, "qreg_sizes": [["q", 5]], "clbit_labels": [["c", 0], ["c", 1], ["c", 2]], "memory_slots": 3, "creg_sizes": [["c", 3]], "name": "circuit-864773", "global_phase": 0.0, "metadata": {}}, "data": {"counts": {"0x0": 354, "0x1": 665, "0x2": 530, "0x3": 358, "0x4": 662, "0x5": 388, "0x6": 386, "0x7": 753}, "snapshots": null, "memory": null, "statevector": null, "unitary": null}}, {"shots": 4096, "success": true, "status": null, "seed": null, "meas_level": 2, "meas_return": null, "header": {"qubit_labels": [["q", 0], ["q", 1], ["q", 2], ["q", 3], ["q", 4]], "n_qubits": 5, "qreg_sizes": [["q", 5]], "clbit_labels": [["c", 0], ["c", 1], ["c", 2]], "memory_slots": 3, "creg_sizes": [["c", 3]], "name": "circuit-864774", "global_phase": 0.0, "metadata": {}}, "data": {"counts": {"0x0": 2334, "0x1": 358, "0x2": 473, "0x3": 86, "0x4": 503, "0x5": 193, "0x6": 114, "0x7": 35}, "snapshots": null, "memory": null, "statevector": null, "unitary": null}}, {"shots": 4096, "success": true, "status": null, "seed": null, "meas_level": 2, "meas_return": null, "header": {"qubit_labels": [["q", 0], ["q", 1], ["q", 2], ["q", 3], ["q", 4]], "n_qubits": 5, "qreg_sizes": [["q", 5]], "clbit_labels": [["c", 0], ["c", 1], ["c", 2]], "memory_slots": 3, "creg_sizes": [["c", 3]], "name": "circuit-866502", "global_phase": 0.0, "metadata": {}}, "data": {"counts": {"0x0": 488, "0x1": 697, "0x2": 698, "0x3": 384, "0x4": 530, "0x5": 379, "0x6": 474, "0x7": 446}, "snapshots": null, "memory": null, "statevector": null, "unitary": null}}, {"shots": 4096, "success": true, "status": null, "seed": null, "meas_level": 2, "meas_return": null, "header": {"qubit_labels": [["q", 0], ["q", 1], ["q", 2], ["q", 3], ["q", 4]], "n_qubits": 5, "qreg_sizes": [["q", 5]], "clbit_labels": [["c", 0], ["c", 1], ["c", 2]], "memory_slots": 3, "creg_sizes": [["c", 3]], "name": "circuit-866503", "global_phase": 0.0, "metadata": {}}, "data": {"counts": {"0x0": 2334, "0x1": 421, "0x2": 406, "0x3": 80, "0x4": 524, "0x5": 174, "0x6": 113, "0x7": 44}, "snapshots": null, "memory": null, "statevector": null, "unitary": null}}, {"shots": 4096, "success": true, "status": null, "seed": null, "meas_level": 2, "meas_return": null, "header": {"qubit_labels": [["q", 0], ["q", 1], ["q", 2], ["q", 3], ["q", 4]], "n_qubits": 5, "qreg_sizes": [["q", 5]], "clbit_labels": [["c", 0], ["c", 1], ["c", 2]], "memory_slots": 3, "creg_sizes": [["c", 3]], "name": "circuit-868469", "global_phase": 0.0, "metadata": {}}, "data": {"counts": {"0x0": 490, "0x1": 463, "0x2": 463, "0x3": 435, "0x4": 414, "0x5": 673, "0x6": 769, "0x7": 389}, "snapshots": null, "memory": null, "statevector": null, "unitary": null}}, {"shots": 4096, "success": true, "status": null, "seed": null, "meas_level": 2, "meas_return": null, "header": {"qubit_labels": [["q", 0], ["q", 1], ["q", 2], ["q", 3], ["q", 4]], "n_qubits": 5, "qreg_sizes": [["q", 5]], "clbit_labels": [["c", 0], ["c", 1], ["c", 2]], "memory_slots": 3, "creg_sizes": [["c", 3]], "name": "circuit-868470", "global_phase": 0.0, "metadata": {}}, "data": {"counts": {"0x0": 2017, "0x1": 521, "0x2": 441, "0x3": 111, "0x4": 571, "0x5": 277, "0x6": 101, "0x7": 57}, "snapshots": null, "memory": null, "statevector": null, "unitary": null}}, {"shots": 4096, "success": true, "status": null, "seed": null, "meas_level": 2, "meas_return": null, "header": {"qubit_labels": [["q", 0], ["q", 1], ["q", 2], ["q", 3], ["q", 4]], "n_qubits": 5, "qreg_sizes": [["q", 5]], "clbit_labels": [["c", 0], ["c", 1], ["c", 2]], "memory_slots": 3, "creg_sizes": [["c", 3]], "name": "circuit-870548", "global_phase": 0.0, "metadata": {}}, "data": {"counts": {"0x0": 576, "0x1": 394, "0x2": 399, "0x3": 705, "0x4": 412, "0x5": 547, "0x6": 529, "0x7": 534}, "snapshots": null, "memory": null, "statevector": null, "unitary": null}}, {"shots": 4096, "success": true, "status": null, "seed": null, "meas_level": 2, "meas_return": null, "header": {"qubit_labels": [["q", 0], ["q", 1], ["q", 2], ["q", 3], ["q", 4]], "n_qubits": 5, "qreg_sizes": [["q", 5]], "clbit_labels": [["c", 0], ["c", 1], ["c", 2]], "memory_slots": 3, "creg_sizes": [["c", 3]], "name": "circuit-870549", "global_phase": 0.0, "metadata": {}}, "data": {"counts": {"0x0": 1888, "0x1": 650, "0x2": 469, "0x3": 104, "0x4": 545, "0x5": 248, "0x6": 134, "0x7": 58}, "snapshots": null, "memory": null, "statevector": null, "unitary": null}}, {"shots": 4096, "success": true, "status": null, "seed": null, "meas_level": 2, "meas_return": null, "header": {"qubit_labels": [["q", 0], ["q", 1], ["q", 2], ["q", 3], ["q", 4]], "n_qubits": 5, "qreg_sizes": [["q", 5]], "clbit_labels": [["c", 0], ["c", 1], ["c", 2]], "memory_slots": 3, "creg_sizes": [["c", 3]], "name": "circuit-872712", "global_phase": 0.0, "metadata": {}}, "data": {"counts": {"0x0": 694, "0x1": 382, "0x2": 442, "0x3": 599, "0x4": 393, "0x5": 573, "0x6": 641, "0x7": 372}, "snapshots": null, "memory": null, "statevector": null, "unitary": null}}, {"shots": 4096, "success": true, "status": null, "seed": null, "meas_level": 2, "meas_return": null, "header": {"qubit_labels": [["q", 0], ["q", 1], ["q", 2], ["q", 3], ["q", 4]], "n_qubits": 5, "qreg_sizes": [["q", 5]], "clbit_labels": [["c", 0], ["c", 1], ["c", 2]], "memory_slots": 3, "creg_sizes": [["c", 3]], "name": "circuit-872713", "global_phase": 0.0, "metadata": {}}, "data": {"counts": {"0x0": 2044, "0x1": 386, "0x2": 555, "0x3": 116, "0x4": 533, "0x5": 267, "0x6": 138, "0x7": 57}, "snapshots": null, "memory": null, "statevector": null, "unitary": null}}, {"shots": 4096, "success": true, "status": null, "seed": null, "meas_level": 2, "meas_return": null, "header": {"qubit_labels": [["q", 0], ["q", 1], ["q", 2], ["q", 3], ["q", 4]], "n_qubits": 5, "qreg_sizes": [["q", 5]], "clbit_labels": [["c", 0], ["c", 1], ["c", 2]], "memory_slots": 3, "creg_sizes": [["c", 3]], "name": "circuit-875053", "global_phase": 0.0, "metadata": {}}, "data": {"counts": {"0x0": 655, "0x1": 372, "0x2": 367, "0x3": 708, "0x4": 517, "0x5": 525, "0x6": 596, "0x7": 356}, "snapshots": null, "memory": null, "statevector": null, "unitary": null}}, {"shots": 4096, "success": true, "status": null, "seed": null, "meas_level": 2, "meas_return": null, "header": {"qubit_labels": [["q", 0], ["q", 1], ["q", 2], ["q", 3], ["q", 4]], "n_qubits": 5, "qreg_sizes": [["q", 5]], "clbit_labels": [["c", 0], ["c", 1], ["c", 2]], "memory_slots": 3, "creg_sizes": [["c", 3]], "name": "circuit-875054", "global_phase": 0.0, "metadata": {}}, "data": {"counts": {"0x0": 1975, "0x1": 365, "0x2": 485, "0x3": 113, "0x4": 649, "0x5": 273, "0x6": 170, "0x7": 66}, "snapshots": null, "memory": null, "statevector": null, "unitary": null}}, {"shots": 4096, "success": true, "status": null, "seed": null, "meas_level": 2, "meas_return": null, "header": {"qubit_labels": [["q", 0], ["q", 1], ["q", 2], ["q", 3], ["q", 4]], "n_qubits": 5, "qreg_sizes": [["q", 5]], "clbit_labels": [["c", 0], ["c", 1], ["c", 2]], "memory_slots": 3, "creg_sizes": [["c", 3]], "name": "circuit-877509", "global_phase": 0.0, "metadata": {}}, "data": {"counts": {"0x0": 697, "0x1": 395, "0x2": 382, "0x3": 815, "0x4": 394, "0x5": 445, "0x6": 634, "0x7": 334}, "snapshots": null, "memory": null, "statevector": null, "unitary": null}}, {"shots": 4096, "success": true, "status": null, "seed": null, "meas_level": 2, "meas_return": null, "header": {"qubit_labels": [["q", 0], ["q", 1], ["q", 2], ["q", 3], ["q", 4]], "n_qubits": 5, "qreg_sizes": [["q", 5]], "clbit_labels": [["c", 0], ["c", 1], ["c", 2]], "memory_slots": 3, "creg_sizes": [["c", 3]], "name": "circuit-877510", "global_phase": 0.0, "metadata": {}}, "data": {"counts": {"0x0": 1910, "0x1": 402, "0x2": 511, "0x3": 123, "0x4": 675, "0x5": 226, "0x6": 183, "0x7": 66}, "snapshots": null, "memory": null, "statevector": null, "unitary": null}}, {"shots": 4096, "success": true, "status": null, "seed": null, "meas_level": 2, "meas_return": null, "header": {"qubit_labels": [["q", 0], ["q", 1], ["q", 2], ["q", 3], ["q", 4]], "n_qubits": 5, "qreg_sizes": [["q", 5]], "clbit_labels": [["c", 0], ["c", 1], ["c", 2]], "memory_slots": 3, "creg_sizes": [["c", 3]], "name": "circuit-880151", "global_phase": 0.0, "metadata": {}}, "data": {"counts": {"0x0": 552, "0x1": 380, "0x2": 414, "0x3": 649, "0x4": 426, "0x5": 712, "0x6": 599, "0x7": 364}, "snapshots": null, "memory": null, "statevector": null, "unitary": null}}, {"shots": 4096, "success": true, "status": null, "seed": null, "meas_level": 2, "meas_return": null, "header": {"qubit_labels": [["q", 0], ["q", 1], ["q", 2], ["q", 3], ["q", 4]], "n_qubits": 5, "qreg_sizes": [["q", 5]], "clbit_labels": [["c", 0], ["c", 1], ["c", 2]], "memory_slots": 3, "creg_sizes": [["c", 3]], "name": "circuit-880152", "global_phase": 0.0, "metadata": {}}, "data": {"counts": {"0x0": 1799, "0x1": 431, "0x2": 491, "0x3": 115, "0x4": 616, "0x5": 362, "0x6": 174, "0x7": 108}, "snapshots": null, "memory": null, "statevector": null, "unitary": null}}, {"shots": 4096, "success": true, "status": null, "seed": null, "meas_level": 2, "meas_return": null, "header": {"qubit_labels": [["q", 0], ["q", 1], ["q", 2], ["q", 3], ["q", 4]], "n_qubits": 5, "qreg_sizes": [["q", 5]], "clbit_labels": [["c", 0], ["c", 1], ["c", 2]], "memory_slots": 3, "creg_sizes": [["c", 3]], "name": "circuit-882925", "global_phase": 0.0, "metadata": {}}, "data": {"counts": {"0x0": 535, "0x1": 424, "0x2": 428, "0x3": 532, "0x4": 494, "0x5": 676, "0x6": 640, "0x7": 367}, "snapshots": null, "memory": null, "statevector": null, "unitary": null}}, {"shots": 4096, "success": true, "status": null, "seed": null, "meas_level": 2, "meas_return": null, "header": {"qubit_labels": [["q", 0], ["q", 1], ["q", 2], ["q", 3], ["q", 4]], "n_qubits": 5, "qreg_sizes": [["q", 5]], "clbit_labels": [["c", 0], ["c", 1], ["c", 2]], "memory_slots": 3, "creg_sizes": [["c", 3]], "name": "circuit-882926", "global_phase": 0.0, "metadata": {}}, "data": {"counts": {"0x0": 1779, "0x1": 468, "0x2": 551, "0x3": 148, "0x4": 579, "0x5": 295, "0x6": 171, "0x7": 105}, "snapshots": null, "memory": null, "statevector": null, "unitary": null}}, {"shots": 4096, "success": true, "status": null, "seed": null, "meas_level": 2, "meas_return": null, "header": {"qubit_labels": [["q", 0], ["q", 1], ["q", 2], ["q", 3], ["q", 4]], "n_qubits": 5, "qreg_sizes": [["q", 5]], "clbit_labels": [["c", 0], ["c", 1], ["c", 2]], "memory_slots": 3, "creg_sizes": [["c", 3]], "name": "circuit-885826", "global_phase": 0.0, "metadata": {}}, "data": {"counts": {"0x0": 493, "0x1": 486, "0x2": 444, "0x3": 506, "0x4": 535, "0x5": 690, "0x6": 443, "0x7": 499}, "snapshots": null, "memory": null, "statevector": null, "unitary": null}}, {"shots": 4096, "success": true, "status": null, "seed": null, "meas_level": 2, "meas_return": null, "header": {"qubit_labels": [["q", 0], ["q", 1], ["q", 2], ["q", 3], ["q", 4]], "n_qubits": 5, "qreg_sizes": [["q", 5]], "clbit_labels": [["c", 0], ["c", 1], ["c", 2]], "memory_slots": 3, "creg_sizes": [["c", 3]], "name": "circuit-885827", "global_phase": 0.0, "metadata": {}}, "data": {"counts": {"0x0": 1593, "0x1": 491, "0x2": 541, "0x3": 159, "0x4": 682, "0x5": 326, "0x6": 198, "0x7": 106}, "snapshots": null, "memory": null, "statevector": null, "unitary": null}}, {"shots": 4096, "success": true, "status": null, "seed": null, "meas_level": 2, "meas_return": null, "header": {"qubit_labels": [["q", 0], ["q", 1], ["q", 2], ["q", 3], ["q", 4]], "n_qubits": 5, "qreg_sizes": [["q", 5]], "clbit_labels": [["c", 0], ["c", 1], ["c", 2]], "memory_slots": 3, "creg_sizes": [["c", 3]], "name": "circuit-888889", "global_phase": 0.0, "metadata": {}}, "data": {"counts": {"0x0": 979, "0x1": 179, "0x2": 201, "0x3": 824, "0x4": 198, "0x5": 819, "0x6": 780, "0x7": 116}, "snapshots": null, "memory": null, "statevector": null, "unitary": null}}, {"shots": 4096, "success": true, "status": null, "seed": null, "meas_level": 2, "meas_return": null, "header": {"qubit_labels": [["q", 0], ["q", 1], ["q", 2], ["q", 3], ["q", 4]], "n_qubits": 5, "qreg_sizes": [["q", 5]], "clbit_labels": [["c", 0], ["c", 1], ["c", 2]], "memory_slots": 3, "creg_sizes": [["c", 3]], "name": "circuit-888890", "global_phase": 0.0, "metadata": {}}, "data": {"counts": {"0x0": 3638, "0x1": 104, "0x2": 95, "0x3": 5, "0x4": 229, "0x5": 22, "0x6": 2, "0x7": 1}, "snapshots": null, "memory": null, "statevector": null, "unitary": null}}, {"shots": 4096, "success": true, "status": null, "seed": null, "meas_level": 2, "meas_return": null, "header": {"qubit_labels": [["q", 0], ["q", 1], ["q", 2], ["q", 3], ["q", 4]], "n_qubits": 5, "qreg_sizes": [["q", 5]], "clbit_labels": [["c", 0], ["c", 1], ["c", 2]], "memory_slots": 3, "creg_sizes": [["c", 3]], "name": "circuit-889243", "global_phase": 0.0, "metadata": {}}, "data": {"counts": {"0x0": 756, "0x1": 276, "0x2": 268, "0x3": 641, "0x4": 285, "0x5": 900, "0x6": 765, "0x7": 205}, "snapshots": null, "memory": null, "statevector": null, "unitary": null}}, {"shots": 4096, "success": true, "status": null, "seed": null, "meas_level": 2, "meas_return": null, "header": {"qubit_labels": [["q", 0], ["q", 1], ["q", 2], ["q", 3], ["q", 4]], "n_qubits": 5, "qreg_sizes": [["q", 5]], "clbit_labels": [["c", 0], ["c", 1], ["c", 2]], "memory_slots": 3, "creg_sizes": [["c", 3]], "name": "circuit-889244", "global_phase": 0.0, "metadata": {}}, "data": {"counts": {"0x0": 3491, "0x1": 121, "0x2": 158, "0x3": 8, "0x4": 216, "0x5": 90, "0x6": 6, "0x7": 6}, "snapshots": null, "memory": null, "statevector": null, "unitary": null}}, {"shots": 4096, "success": true, "status": null, "seed": null, "meas_level": 2, "meas_return": null, "header": {"qubit_labels": [["q", 0], ["q", 1], ["q", 2], ["q", 3], ["q", 4]], "n_qubits": 5, "qreg_sizes": [["q", 5]], "clbit_labels": [["c", 0], ["c", 1], ["c", 2]], "memory_slots": 3, "creg_sizes": [["c", 3]], "name": "circuit-889730", "global_phase": 0.0, "metadata": {}}, "data": {"counts": {"0x0": 767, "0x1": 437, "0x2": 404, "0x3": 539, "0x4": 296, "0x5": 722, "0x6": 670, "0x7": 261}, "snapshots": null, "memory": null, "statevector": null, "unitary": null}}, {"shots": 4096, "success": true, "status": null, "seed": null, "meas_level": 2, "meas_return": null, "header": {"qubit_labels": [["q", 0], ["q", 1], ["q", 2], ["q", 3], ["q", 4]], "n_qubits": 5, "qreg_sizes": [["q", 5]], "clbit_labels": [["c", 0], ["c", 1], ["c", 2]], "memory_slots": 3, "creg_sizes": [["c", 3]], "name": "circuit-889731", "global_phase": 0.0, "metadata": {}}, "data": {"counts": {"0x0": 3276, "0x1": 175, "0x2": 201, "0x3": 10, "0x4": 246, "0x5": 164, "0x6": 12, "0x7": 12}, "snapshots": null, "memory": null, "statevector": null, "unitary": null}}, {"shots": 4096, "success": true, "status": null, "seed": null, "meas_level": 2, "meas_return": null, "header": {"qubit_labels": [["q", 0], ["q", 1], ["q", 2], ["q", 3], ["q", 4]], "n_qubits": 5, "qreg_sizes": [["q", 5]], "clbit_labels": [["c", 0], ["c", 1], ["c", 2]], "memory_slots": 3, "creg_sizes": [["c", 3]], "name": "circuit-890370", "global_phase": 0.0, "metadata": {}}, "data": {"counts": {"0x0": 641, "0x1": 471, "0x2": 477, "0x3": 510, "0x4": 424, "0x5": 606, "0x6": 631, "0x7": 336}, "snapshots": null, "memory": null, "statevector": null, "unitary": null}}, {"shots": 4096, "success": true, "status": null, "seed": null, "meas_level": 2, "meas_return": null, "header": {"qubit_labels": [["q", 0], ["q", 1], ["q", 2], ["q", 3], ["q", 4]], "n_qubits": 5, "qreg_sizes": [["q", 5]], "clbit_labels": [["c", 0], ["c", 1], ["c", 2]], "memory_slots": 3, "creg_sizes": [["c", 3]], "name": "circuit-890371", "global_phase": 0.0, "metadata": {}}, "data": {"counts": {"0x0": 3212, "0x1": 176, "0x2": 219, "0x3": 24, "0x4": 309, "0x5": 115, "0x6": 25, "0x7": 16}, "snapshots": null, "memory": null, "statevector": null, "unitary": null}}, {"shots": 4096, "success": true, "status": null, "seed": null, "meas_level": 2, "meas_return": null, "header": {"qubit_labels": [["q", 0], ["q", 1], ["q", 2], ["q", 3], ["q", 4]], "n_qubits": 5, "qreg_sizes": [["q", 5]], "clbit_labels": [["c", 0], ["c", 1], ["c", 2]], "memory_slots": 3, "creg_sizes": [["c", 3]], "name": "circuit-891131", "global_phase": 0.0, "metadata": {}}, "data": {"counts": {"0x0": 578, "0x1": 568, "0x2": 641, "0x3": 471, "0x4": 511, "0x5": 459, "0x6": 473, "0x7": 395}, "snapshots": null, "memory": null, "statevector": null, "unitary": null}}, {"shots": 4096, "success": true, "status": null, "seed": null, "meas_level": 2, "meas_return": null, "header": {"qubit_labels": [["q", 0], ["q", 1], ["q", 2], ["q", 3], ["q", 4]], "n_qubits": 5, "qreg_sizes": [["q", 5]], "clbit_labels": [["c", 0], ["c", 1], ["c", 2]], "memory_slots": 3, "creg_sizes": [["c", 3]], "name": "circuit-891132", "global_phase": 0.0, "metadata": {}}, "data": {"counts": {"0x0": 3015, "0x1": 272, "0x2": 244, "0x3": 12, "0x4": 339, "0x5": 163, "0x6": 30, "0x7": 21}, "snapshots": null, "memory": null, "statevector": null, "unitary": null}}, {"shots": 4096, "success": true, "status": null, "seed": null, "meas_level": 2, "meas_return": null, "header": {"qubit_labels": [["q", 0], ["q", 1], ["q", 2], ["q", 3], ["q", 4]], "n_qubits": 5, "qreg_sizes": [["q", 5]], "clbit_labels": [["c", 0], ["c", 1], ["c", 2]], "memory_slots": 3, "creg_sizes": [["c", 3]], "name": "circuit-892024", "global_phase": 0.0, "metadata": {}}, "data": {"counts": {"0x0": 424, "0x1": 648, "0x2": 876, "0x3": 351, "0x4": 571, "0x5": 422, "0x6": 340, "0x7": 464}, "snapshots": null, "memory": null, "statevector": null, "unitary": null}}, {"shots": 4096, "success": true, "status": null, "seed": null, "meas_level": 2, "meas_return": null, "header": {"qubit_labels": [["q", 0], ["q", 1], ["q", 2], ["q", 3], ["q", 4]], "n_qubits": 5, "qreg_sizes": [["q", 5]], "clbit_labels": [["c", 0], ["c", 1], ["c", 2]], "memory_slots": 3, "creg_sizes": [["c", 3]], "name": "circuit-892025", "global_phase": 0.0, "metadata": {}}, "data": {"counts": {"0x0": 2950, "0x1": 276, "0x2": 288, "0x3": 29, "0x4": 370, "0x5": 121, "0x6": 54, "0x7": 8}, "snapshots": null, "memory": null, "statevector": null, "unitary": null}}, {"shots": 4096, "success": true, "status": null, "seed": null, "meas_level": 2, "meas_return": null, "header": {"qubit_labels": [["q", 0], ["q", 1], ["q", 2], ["q", 3], ["q", 4]], "n_qubits": 5, "qreg_sizes": [["q", 5]], "clbit_labels": [["c", 0], ["c", 1], ["c", 2]], "memory_slots": 3, "creg_sizes": [["c", 3]], "name": "circuit-893072", "global_phase": 0.0, "metadata": {}}, "data": {"counts": {"0x0": 268, "0x1": 774, "0x2": 739, "0x3": 291, "0x4": 638, "0x5": 294, "0x6": 356, "0x7": 736}, "snapshots": null, "memory": null, "statevector": null, "unitary": null}}, {"shots": 4096, "success": true, "status": null, "seed": null, "meas_level": 2, "meas_return": null, "header": {"qubit_labels": [["q", 0], ["q", 1], ["q", 2], ["q", 3], ["q", 4]], "n_qubits": 5, "qreg_sizes": [["q", 5]], "clbit_labels": [["c", 0], ["c", 1], ["c", 2]], "memory_slots": 3, "creg_sizes": [["c", 3]], "name": "circuit-893073", "global_phase": 0.0, "metadata": {}}, "data": {"counts": {"0x0": 2769, "0x1": 285, "0x2": 339, "0x3": 32, "0x4": 410, "0x5": 166, "0x6": 60, "0x7": 35}, "snapshots": null, "memory": null, "statevector": null, "unitary": null}}, {"shots": 4096, "success": true, "status": null, "seed": null, "meas_level": 2, "meas_return": null, "header": {"qubit_labels": [["q", 0], ["q", 1], ["q", 2], ["q", 3], ["q", 4]], "n_qubits": 5, "qreg_sizes": [["q", 5]], "clbit_labels": [["c", 0], ["c", 1], ["c", 2]], "memory_slots": 3, "creg_sizes": [["c", 3]], "name": "circuit-894271", "global_phase": 0.0, "metadata": {}}, "data": {"counts": {"0x0": 361, "0x1": 839, "0x2": 792, "0x3": 278, "0x4": 702, "0x5": 232, "0x6": 336, "0x7": 556}, "snapshots": null, "memory": null, "statevector": null, "unitary": null}}, {"shots": 4096, "success": true, "status": null, "seed": null, "meas_level": 2, "meas_return": null, "header": {"qubit_labels": [["q", 0], ["q", 1], ["q", 2], ["q", 3], ["q", 4]], "n_qubits": 5, "qreg_sizes": [["q", 5]], "clbit_labels": [["c", 0], ["c", 1], ["c", 2]], "memory_slots": 3, "creg_sizes": [["c", 3]], "name": "circuit-894272", "global_phase": 0.0, "metadata": {}}, "data": {"counts": {"0x0": 2793, "0x1": 291, "0x2": 344, "0x3": 39, "0x4": 381, "0x5": 182, "0x6": 42, "0x7": 24}, "snapshots": null, "memory": null, "statevector": null, "unitary": null}}, {"shots": 4096, "success": true, "status": null, "seed": null, "meas_level": 2, "meas_return": null, "header": {"qubit_labels": [["q", 0], ["q", 1], ["q", 2], ["q", 3], ["q", 4]], "n_qubits": 5, "qreg_sizes": [["q", 5]], "clbit_labels": [["c", 0], ["c", 1], ["c", 2]], "memory_slots": 3, "creg_sizes": [["c", 3]], "name": "circuit-895651", "global_phase": 0.0, "metadata": {}}, "data": {"counts": {"0x0": 319, "0x1": 739, "0x2": 654, "0x3": 308, "0x4": 660, "0x5": 296, "0x6": 319, "0x7": 801}, "snapshots": null, "memory": null, "statevector": null, "unitary": null}}, {"shots": 4096, "success": true, "status": null, "seed": null, "meas_level": 2, "meas_return": null, "header": {"qubit_labels": [["q", 0], ["q", 1], ["q", 2], ["q", 3], ["q", 4]], "n_qubits": 5, "qreg_sizes": [["q", 5]], "clbit_labels": [["c", 0], ["c", 1], ["c", 2]], "memory_slots": 3, "creg_sizes": [["c", 3]], "name": "circuit-895652", "global_phase": 0.0, "metadata": {}}, "data": {"counts": {"0x0": 2662, "0x1": 331, "0x2": 385, "0x3": 47, "0x4": 456, "0x5": 136, "0x6": 59, "0x7": 20}, "snapshots": null, "memory": null, "statevector": null, "unitary": null}}, {"shots": 4096, "success": true, "status": null, "seed": null, "meas_level": 2, "meas_return": null, "header": {"qubit_labels": [["q", 0], ["q", 1], ["q", 2], ["q", 3], ["q", 4]], "n_qubits": 5, "qreg_sizes": [["q", 5]], "clbit_labels": [["c", 0], ["c", 1], ["c", 2]], "memory_slots": 3, "creg_sizes": [["c", 3]], "name": "circuit-897122", "global_phase": 0.0, "metadata": {}}, "data": {"counts": {"0x0": 372, "0x1": 648, "0x2": 895, "0x3": 306, "0x4": 579, "0x5": 371, "0x6": 419, "0x7": 506}, "snapshots": null, "memory": null, "statevector": null, "unitary": null}}, {"shots": 4096, "success": true, "status": null, "seed": null, "meas_level": 2, "meas_return": null, "header": {"qubit_labels": [["q", 0], ["q", 1], ["q", 2], ["q", 3], ["q", 4]], "n_qubits": 5, "qreg_sizes": [["q", 5]], "clbit_labels": [["c", 0], ["c", 1], ["c", 2]], "memory_slots": 3, "creg_sizes": [["c", 3]], "name": "circuit-897123", "global_phase": 0.0, "metadata": {}}, "data": {"counts": {"0x0": 2478, "0x1": 342, "0x2": 387, "0x3": 60, "0x4": 568, "0x5": 140, "0x6": 88, "0x7": 33}, "snapshots": null, "memory": null, "statevector": null, "unitary": null}}, {"shots": 4096, "success": true, "status": null, "seed": null, "meas_level": 2, "meas_return": null, "header": {"qubit_labels": [["q", 0], ["q", 1], ["q", 2], ["q", 3], ["q", 4]], "n_qubits": 5, "qreg_sizes": [["q", 5]], "clbit_labels": [["c", 0], ["c", 1], ["c", 2]], "memory_slots": 3, "creg_sizes": [["c", 3]], "name": "circuit-898775", "global_phase": 0.0, "metadata": {}}, "data": {"counts": {"0x0": 472, "0x1": 533, "0x2": 506, "0x3": 327, "0x4": 827, "0x5": 314, "0x6": 334, "0x7": 783}, "snapshots": null, "memory": null, "statevector": null, "unitary": null}}, {"shots": 4096, "success": true, "status": null, "seed": null, "meas_level": 2, "meas_return": null, "header": {"qubit_labels": [["q", 0], ["q", 1], ["q", 2], ["q", 3], ["q", 4]], "n_qubits": 5, "qreg_sizes": [["q", 5]], "clbit_labels": [["c", 0], ["c", 1], ["c", 2]], "memory_slots": 3, "creg_sizes": [["c", 3]], "name": "circuit-898776", "global_phase": 0.0, "metadata": {}}, "data": {"counts": {"0x0": 2366, "0x1": 442, "0x2": 399, "0x3": 75, "0x4": 482, "0x5": 226, "0x6": 72, "0x7": 34}, "snapshots": null, "memory": null, "statevector": null, "unitary": null}}, {"shots": 4096, "success": true, "status": null, "seed": null, "meas_level": 2, "meas_return": null, "header": {"qubit_labels": [["q", 0], ["q", 1], ["q", 2], ["q", 3], ["q", 4]], "n_qubits": 5, "qreg_sizes": [["q", 5]], "clbit_labels": [["c", 0], ["c", 1], ["c", 2]], "memory_slots": 3, "creg_sizes": [["c", 3]], "name": "circuit-900533", "global_phase": 0.0, "metadata": {}}, "data": {"counts": {"0x0": 427, "0x1": 759, "0x2": 624, "0x3": 471, "0x4": 573, "0x5": 416, "0x6": 398, "0x7": 428}, "snapshots": null, "memory": null, "statevector": null, "unitary": null}}, {"shots": 4096, "success": true, "status": null, "seed": null, "meas_level": 2, "meas_return": null, "header": {"qubit_labels": [["q", 0], ["q", 1], ["q", 2], ["q", 3], ["q", 4]], "n_qubits": 5, "qreg_sizes": [["q", 5]], "clbit_labels": [["c", 0], ["c", 1], ["c", 2]], "memory_slots": 3, "creg_sizes": [["c", 3]], "name": "circuit-900534", "global_phase": 0.0, "metadata": {}}, "data": {"counts": {"0x0": 2321, "0x1": 358, "0x2": 539, "0x3": 74, "0x4": 467, "0x5": 186, "0x6": 116, "0x7": 35}, "snapshots": null, "memory": null, "statevector": null, "unitary": null}}, {"shots": 4096, "success": true, "status": null, "seed": null, "meas_level": 2, "meas_return": null, "header": {"qubit_labels": [["q", 0], ["q", 1], ["q", 2], ["q", 3], ["q", 4]], "n_qubits": 5, "qreg_sizes": [["q", 5]], "clbit_labels": [["c", 0], ["c", 1], ["c", 2]], "memory_slots": 3, "creg_sizes": [["c", 3]], "name": "circuit-902381", "global_phase": 0.0, "metadata": {}}, "data": {"counts": {"0x0": 446, "0x1": 511, "0x2": 486, "0x3": 502, "0x4": 605, "0x5": 536, "0x6": 503, "0x7": 507}, "snapshots": null, "memory": null, "statevector": null, "unitary": null}}, {"shots": 4096, "success": true, "status": null, "seed": null, "meas_level": 2, "meas_return": null, "header": {"qubit_labels": [["q", 0], ["q", 1], ["q", 2], ["q", 3], ["q", 4]], "n_qubits": 5, "qreg_sizes": [["q", 5]], "clbit_labels": [["c", 0], ["c", 1], ["c", 2]], "memory_slots": 3, "creg_sizes": [["c", 3]], "name": "circuit-902382", "global_phase": 0.0, "metadata": {}}, "data": {"counts": {"0x0": 2166, "0x1": 485, "0x2": 412, "0x3": 108, "0x4": 473, "0x5": 282, "0x6": 105, "0x7": 65}, "snapshots": null, "memory": null, "statevector": null, "unitary": null}}, {"shots": 4096, "success": true, "status": null, "seed": null, "meas_level": 2, "meas_return": null, "header": {"qubit_labels": [["q", 0], ["q", 1], ["q", 2], ["q", 3], ["q", 4]], "n_qubits": 5, "qreg_sizes": [["q", 5]], "clbit_labels": [["c", 0], ["c", 1], ["c", 2]], "memory_slots": 3, "creg_sizes": [["c", 3]], "name": "circuit-904405", "global_phase": 0.0, "metadata": {}}, "data": {"counts": {"0x0": 595, "0x1": 596, "0x2": 487, "0x3": 595, "0x4": 511, "0x5": 452, "0x6": 467, "0x7": 393}, "snapshots": null, "memory": null, "statevector": null, "unitary": null}}, {"shots": 4096, "success": true, "status": null, "seed": null, "meas_level": 2, "meas_return": null, "header": {"qubit_labels": [["q", 0], ["q", 1], ["q", 2], ["q", 3], ["q", 4]], "n_qubits": 5, "qreg_sizes": [["q", 5]], "clbit_labels": [["c", 0], ["c", 1], ["c", 2]], "memory_slots": 3, "creg_sizes": [["c", 3]], "name": "circuit-904406", "global_phase": 0.0, "metadata": {}}, "data": {"counts": {"0x0": 2103, "0x1": 402, "0x2": 483, "0x3": 103, "0x4": 551, "0x5": 238, "0x6": 147, "0x7": 69}, "snapshots": null, "memory": null, "statevector": null, "unitary": null}}, {"shots": 4096, "success": true, "status": null, "seed": null, "meas_level": 2, "meas_return": null, "header": {"qubit_labels": [["q", 0], ["q", 1], ["q", 2], ["q", 3], ["q", 4]], "n_qubits": 5, "qreg_sizes": [["q", 5]], "clbit_labels": [["c", 0], ["c", 1], ["c", 2]], "memory_slots": 3, "creg_sizes": [["c", 3]], "name": "circuit-906588", "global_phase": 0.0, "metadata": {}}, "data": {"counts": {"0x0": 710, "0x1": 377, "0x2": 354, "0x3": 658, "0x4": 463, "0x5": 585, "0x6": 532, "0x7": 417}, "snapshots": null, "memory": null, "statevector": null, "unitary": null}}, {"shots": 4096, "success": true, "status": null, "seed": null, "meas_level": 2, "meas_return": null, "header": {"qubit_labels": [["q", 0], ["q", 1], ["q", 2], ["q", 3], ["q", 4]], "n_qubits": 5, "qreg_sizes": [["q", 5]], "clbit_labels": [["c", 0], ["c", 1], ["c", 2]], "memory_slots": 3, "creg_sizes": [["c", 3]], "name": "circuit-906589", "global_phase": 0.0, "metadata": {}}, "data": {"counts": {"0x0": 2085, "0x1": 416, "0x2": 462, "0x3": 126, "0x4": 571, "0x5": 243, "0x6": 140, "0x7": 53}, "snapshots": null, "memory": null, "statevector": null, "unitary": null}}, {"shots": 4096, "success": true, "status": null, "seed": null, "meas_level": 2, "meas_return": null, "header": {"qubit_labels": [["q", 0], ["q", 1], ["q", 2], ["q", 3], ["q", 4]], "n_qubits": 5, "qreg_sizes": [["q", 5]], "clbit_labels": [["c", 0], ["c", 1], ["c", 2]], "memory_slots": 3, "creg_sizes": [["c", 3]], "name": "circuit-908942", "global_phase": 0.0, "metadata": {}}, "data": {"counts": {"0x0": 651, "0x1": 360, "0x2": 405, "0x3": 725, "0x4": 517, "0x5": 443, "0x6": 658, "0x7": 337}, "snapshots": null, "memory": null, "statevector": null, "unitary": null}}, {"shots": 4096, "success": true, "status": null, "seed": null, "meas_level": 2, "meas_return": null, "header": {"qubit_labels": [["q", 0], ["q", 1], ["q", 2], ["q", 3], ["q", 4]], "n_qubits": 5, "qreg_sizes": [["q", 5]], "clbit_labels": [["c", 0], ["c", 1], ["c", 2]], "memory_slots": 3, "creg_sizes": [["c", 3]], "name": "circuit-908943", "global_phase": 0.0, "metadata": {}}, "data": {"counts": {"0x0": 1717, "0x1": 684, "0x2": 441, "0x3": 155, "0x4": 615, "0x5": 262, "0x6": 148, "0x7": 74}, "snapshots": null, "memory": null, "statevector": null, "unitary": null}}, {"shots": 4096, "success": true, "status": null, "seed": null, "meas_level": 2, "meas_return": null, "header": {"qubit_labels": [["q", 0], ["q", 1], ["q", 2], ["q", 3], ["q", 4]], "n_qubits": 5, "qreg_sizes": [["q", 5]], "clbit_labels": [["c", 0], ["c", 1], ["c", 2]], "memory_slots": 3, "creg_sizes": [["c", 3]], "name": "circuit-911360", "global_phase": 0.0, "metadata": {}}, "data": {"counts": {"0x0": 763, "0x1": 429, "0x2": 380, "0x3": 589, "0x4": 400, "0x5": 585, "0x6": 593, "0x7": 357}, "snapshots": null, "memory": null, "statevector": null, "unitary": null}}, {"shots": 4096, "success": true, "status": null, "seed": null, "meas_level": 2, "meas_return": null, "header": {"qubit_labels": [["q", 0], ["q", 1], ["q", 2], ["q", 3], ["q", 4]], "n_qubits": 5, "qreg_sizes": [["q", 5]], "clbit_labels": [["c", 0], ["c", 1], ["c", 2]], "memory_slots": 3, "creg_sizes": [["c", 3]], "name": "circuit-911361", "global_phase": 0.0, "metadata": {}}, "data": {"counts": {"0x0": 1787, "0x1": 434, "0x2": 571, "0x3": 113, "0x4": 608, "0x5": 340, "0x6": 163, "0x7": 80}, "snapshots": null, "memory": null, "statevector": null, "unitary": null}}, {"shots": 4096, "success": true, "status": null, "seed": null, "meas_level": 2, "meas_return": null, "header": {"qubit_labels": [["q", 0], ["q", 1], ["q", 2], ["q", 3], ["q", 4]], "n_qubits": 5, "qreg_sizes": [["q", 5]], "clbit_labels": [["c", 0], ["c", 1], ["c", 2]], "memory_slots": 3, "creg_sizes": [["c", 3]], "name": "circuit-913967", "global_phase": 0.0, "metadata": {}}, "data": {"counts": {"0x0": 560, "0x1": 396, "0x2": 414, "0x3": 583, "0x4": 449, "0x5": 623, "0x6": 737, "0x7": 334}, "snapshots": null, "memory": null, "statevector": null, "unitary": null}}, {"shots": 4096, "success": true, "status": null, "seed": null, "meas_level": 2, "meas_return": null, "header": {"qubit_labels": [["q", 0], ["q", 1], ["q", 2], ["q", 3], ["q", 4]], "n_qubits": 5, "qreg_sizes": [["q", 5]], "clbit_labels": [["c", 0], ["c", 1], ["c", 2]], "memory_slots": 3, "creg_sizes": [["c", 3]], "name": "circuit-913968", "global_phase": 0.0, "metadata": {}}, "data": {"counts": {"0x0": 1815, "0x1": 528, "0x2": 506, "0x3": 126, "0x4": 613, "0x5": 267, "0x6": 181, "0x7": 60}, "snapshots": null, "memory": null, "statevector": null, "unitary": null}}, {"shots": 4096, "success": true, "status": null, "seed": null, "meas_level": 2, "meas_return": null, "header": {"qubit_labels": [["q", 0], ["q", 1], ["q", 2], ["q", 3], ["q", 4]], "n_qubits": 5, "qreg_sizes": [["q", 5]], "clbit_labels": [["c", 0], ["c", 1], ["c", 2]], "memory_slots": 3, "creg_sizes": [["c", 3]], "name": "circuit-916718", "global_phase": 0.0, "metadata": {}}, "data": {"counts": {"0x0": 513, "0x1": 417, "0x2": 433, "0x3": 513, "0x4": 565, "0x5": 566, "0x6": 648, "0x7": 441}, "snapshots": null, "memory": null, "statevector": null, "unitary": null}}, {"shots": 4096, "success": true, "status": null, "seed": null, "meas_level": 2, "meas_return": null, "header": {"qubit_labels": [["q", 0], ["q", 1], ["q", 2], ["q", 3], ["q", 4]], "n_qubits": 5, "qreg_sizes": [["q", 5]], "clbit_labels": [["c", 0], ["c", 1], ["c", 2]], "memory_slots": 3, "creg_sizes": [["c", 3]], "name": "circuit-916719", "global_phase": 0.0, "metadata": {}}, "data": {"counts": {"0x0": 1870, "0x1": 429, "0x2": 510, "0x3": 124, "0x4": 628, "0x5": 279, "0x6": 162, "0x7": 94}, "snapshots": null, "memory": null, "statevector": null, "unitary": null}}, {"shots": 4096, "success": true, "status": null, "seed": null, "meas_level": 2, "meas_return": null, "header": {"qubit_labels": [["q", 0], ["q", 1], ["q", 2], ["q", 3], ["q", 4]], "n_qubits": 5, "qreg_sizes": [["q", 5]], "clbit_labels": [["c", 0], ["c", 1], ["c", 2]], "memory_slots": 3, "creg_sizes": [["c", 3]], "name": "circuit-919586", "global_phase": 0.0, "metadata": {}}, "data": {"counts": {"0x0": 635, "0x1": 424, "0x2": 475, "0x3": 596, "0x4": 477, "0x5": 474, "0x6": 644, "0x7": 371}, "snapshots": null, "memory": null, "statevector": null, "unitary": null}}, {"shots": 4096, "success": true, "status": null, "seed": null, "meas_level": 2, "meas_return": null, "header": {"qubit_labels": [["q", 0], ["q", 1], ["q", 2], ["q", 3], ["q", 4]], "n_qubits": 5, "qreg_sizes": [["q", 5]], "clbit_labels": [["c", 0], ["c", 1], ["c", 2]], "memory_slots": 3, "creg_sizes": [["c", 3]], "name": "circuit-919587", "global_phase": 0.0, "metadata": {}}, "data": {"counts": {"0x0": 1755, "0x1": 516, "0x2": 502, "0x3": 139, "0x4": 598, "0x5": 329, "0x6": 180, "0x7": 77}, "snapshots": null, "memory": null, "statevector": null, "unitary": null}}, {"shots": 4096, "success": true, "status": null, "seed": null, "meas_level": 2, "meas_return": null, "header": {"qubit_labels": [["q", 0], ["q", 1], ["q", 2], ["q", 3], ["q", 4]], "n_qubits": 5, "qreg_sizes": [["q", 5]], "clbit_labels": [["c", 0], ["c", 1], ["c", 2]], "memory_slots": 3, "creg_sizes": [["c", 3]], "name": "circuit-922569", "global_phase": 0.0, "metadata": {}}, "data": {"counts": {"0x0": 688, "0x1": 212, "0x2": 202, "0x3": 728, "0x4": 242, "0x5": 945, "0x6": 942, "0x7": 137}, "snapshots": null, "memory": null, "statevector": null, "unitary": null}}, {"shots": 4096, "success": true, "status": null, "seed": null, "meas_level": 2, "meas_return": null, "header": {"qubit_labels": [["q", 0], ["q", 1], ["q", 2], ["q", 3], ["q", 4]], "n_qubits": 5, "qreg_sizes": [["q", 5]], "clbit_labels": [["c", 0], ["c", 1], ["c", 2]], "memory_slots": 3, "creg_sizes": [["c", 3]], "name": "circuit-922570", "global_phase": 0.0, "metadata": {}}, "data": {"counts": {"0x0": 3630, "0x1": 95, "0x2": 106, "0x3": 2, "0x4": 228, "0x5": 26, "0x6": 7, "0x7": 2}, "snapshots": null, "memory": null, "statevector": null, "unitary": null}}, {"shots": 4096, "success": true, "status": null, "seed": null, "meas_level": 2, "meas_return": null, "header": {"qubit_labels": [["q", 0], ["q", 1], ["q", 2], ["q", 3], ["q", 4]], "n_qubits": 5, "qreg_sizes": [["q", 5]], "clbit_labels": [["c", 0], ["c", 1], ["c", 2]], "memory_slots": 3, "creg_sizes": [["c", 3]], "name": "circuit-922914", "global_phase": 0.0, "metadata": {}}, "data": {"counts": {"0x0": 696, "0x1": 283, "0x2": 303, "0x3": 578, "0x4": 278, "0x5": 926, "0x6": 869, "0x7": 163}, "snapshots": null, "memory": null, "statevector": null, "unitary": null}}, {"shots": 4096, "success": true, "status": null, "seed": null, "meas_level": 2, "meas_return": null, "header": {"qubit_labels": [["q", 0], ["q", 1], ["q", 2], ["q", 3], ["q", 4]], "n_qubits": 5, "qreg_sizes": [["q", 5]], "clbit_labels": [["c", 0], ["c", 1], ["c", 2]], "memory_slots": 3, "creg_sizes": [["c", 3]], "name": "circuit-922915", "global_phase": 0.0, "metadata": {}}, "data": {"counts": {"0x0": 3483, "0x1": 118, "0x2": 172, "0x3": 7, "0x4": 214, "0x5": 91, "0x6": 7, "0x7": 4}, "snapshots": null, "memory": null, "statevector": null, "unitary": null}}, {"shots": 4096, "success": true, "status": null, "seed": null, "meas_level": 2, "meas_return": null, "header": {"qubit_labels": [["q", 0], ["q", 1], ["q", 2], ["q", 3], ["q", 4]], "n_qubits": 5, "qreg_sizes": [["q", 5]], "clbit_labels": [["c", 0], ["c", 1], ["c", 2]], "memory_slots": 3, "creg_sizes": [["c", 3]], "name": "circuit-923419", "global_phase": 0.0, "metadata": {}}, "data": {"counts": {"0x0": 579, "0x1": 376, "0x2": 412, "0x3": 559, "0x4": 372, "0x5": 688, "0x6": 783, "0x7": 327}, "snapshots": null, "memory": null, "statevector": null, "unitary": null}}, {"shots": 4096, "success": true, "status": null, "seed": null, "meas_level": 2, "meas_return": null, "header": {"qubit_labels": [["q", 0], ["q", 1], ["q", 2], ["q", 3], ["q", 4]], "n_qubits": 5, "qreg_sizes": [["q", 5]], "clbit_labels": [["c", 0], ["c", 1], ["c", 2]], "memory_slots": 3, "creg_sizes": [["c", 3]], "name": "circuit-923420", "global_phase": 0.0, "metadata": {}}, "data": {"counts": {"0x0": 3316, "0x1": 177, "0x2": 189, "0x3": 15, "0x4": 304, "0x5": 67, "0x6": 19, "0x7": 9}, "snapshots": null, "memory": null, "statevector": null, "unitary": null}}, {"shots": 4096, "success": true, "status": null, "seed": null, "meas_level": 2, "meas_return": null, "header": {"qubit_labels": [["q", 0], ["q", 1], ["q", 2], ["q", 3], ["q", 4]], "n_qubits": 5, "qreg_sizes": [["q", 5]], "clbit_labels": [["c", 0], ["c", 1], ["c", 2]], "memory_slots": 3, "creg_sizes": [["c", 3]], "name": "circuit-924064", "global_phase": 0.0, "metadata": {}}, "data": {"counts": {"0x0": 691, "0x1": 395, "0x2": 412, "0x3": 543, "0x4": 399, "0x5": 584, "0x6": 679, "0x7": 393}, "snapshots": null, "memory": null, "statevector": null, "unitary": null}}, {"shots": 4096, "success": true, "status": null, "seed": null, "meas_level": 2, "meas_return": null, "header": {"qubit_labels": [["q", 0], ["q", 1], ["q", 2], ["q", 3], ["q", 4]], "n_qubits": 5, "qreg_sizes": [["q", 5]], "clbit_labels": [["c", 0], ["c", 1], ["c", 2]], "memory_slots": 3, "creg_sizes": [["c", 3]], "name": "circuit-924065", "global_phase": 0.0, "metadata": {}}, "data": {"counts": {"0x0": 3216, "0x1": 219, "0x2": 218, "0x3": 23, "0x4": 324, "0x5": 65, "0x6": 28, "0x7": 3}, "snapshots": null, "memory": null, "statevector": null, "unitary": null}}, {"shots": 4096, "success": true, "status": null, "seed": null, "meas_level": 2, "meas_return": null, "header": {"qubit_labels": [["q", 0], ["q", 1], ["q", 2], ["q", 3], ["q", 4]], "n_qubits": 5, "qreg_sizes": [["q", 5]], "clbit_labels": [["c", 0], ["c", 1], ["c", 2]], "memory_slots": 3, "creg_sizes": [["c", 3]], "name": "circuit-924823", "global_phase": 0.0, "metadata": {}}, "data": {"counts": {"0x0": 533, "0x1": 547, "0x2": 650, "0x3": 376, "0x4": 556, "0x5": 410, "0x6": 525, "0x7": 499}, "snapshots": null, "memory": null, "statevector": null, "unitary": null}}, {"shots": 4096, "success": true, "status": null, "seed": null, "meas_level": 2, "meas_return": null, "header": {"qubit_labels": [["q", 0], ["q", 1], ["q", 2], ["q", 3], ["q", 4]], "n_qubits": 5, "qreg_sizes": [["q", 5]], "clbit_labels": [["c", 0], ["c", 1], ["c", 2]], "memory_slots": 3, "creg_sizes": [["c", 3]], "name": "circuit-924824", "global_phase": 0.0, "metadata": {}}, "data": {"counts": {"0x0": 2990, "0x1": 221, "0x2": 275, "0x3": 34, "0x4": 416, "0x5": 115, "0x6": 34, "0x7": 11}, "snapshots": null, "memory": null, "statevector": null, "unitary": null}}, {"shots": 4096, "success": true, "status": null, "seed": null, "meas_level": 2, "meas_return": null, "header": {"qubit_labels": [["q", 0], ["q", 1], ["q", 2], ["q", 3], ["q", 4]], "n_qubits": 5, "qreg_sizes": [["q", 5]], "clbit_labels": [["c", 0], ["c", 1], ["c", 2]], "memory_slots": 3, "creg_sizes": [["c", 3]], "name": "circuit-925717", "global_phase": 0.0, "metadata": {}}, "data": {"counts": {"0x0": 421, "0x1": 702, "0x2": 686, "0x3": 385, "0x4": 630, "0x5": 357, "0x6": 308, "0x7": 607}, "snapshots": null, "memory": null, "statevector": null, "unitary": null}}, {"shots": 4096, "success": true, "status": null, "seed": null, "meas_level": 2, "meas_return": null, "header": {"qubit_labels": [["q", 0], ["q", 1], ["q", 2], ["q", 3], ["q", 4]], "n_qubits": 5, "qreg_sizes": [["q", 5]], "clbit_labels": [["c", 0], ["c", 1], ["c", 2]], "memory_slots": 3, "creg_sizes": [["c", 3]], "name": "circuit-925718", "global_phase": 0.0, "metadata": {}}, "data": {"counts": {"0x0": 2875, "0x1": 268, "0x2": 311, "0x3": 28, "0x4": 465, "0x5": 85, "0x6": 47, "0x7": 17}, "snapshots": null, "memory": null, "statevector": null, "unitary": null}}, {"shots": 4096, "success": true, "status": null, "seed": null, "meas_level": 2, "meas_return": null, "header": {"qubit_labels": [["q", 0], ["q", 1], ["q", 2], ["q", 3], ["q", 4]], "n_qubits": 5, "qreg_sizes": [["q", 5]], "clbit_labels": [["c", 0], ["c", 1], ["c", 2]], "memory_slots": 3, "creg_sizes": [["c", 3]], "name": "circuit-926788", "global_phase": 0.0, "metadata": {}}, "data": {"counts": {"0x0": 352, "0x1": 782, "0x2": 687, "0x3": 379, "0x4": 706, "0x5": 274, "0x6": 305, "0x7": 611}, "snapshots": null, "memory": null, "statevector": null, "unitary": null}}, {"shots": 4096, "success": true, "status": null, "seed": null, "meas_level": 2, "meas_return": null, "header": {"qubit_labels": [["q", 0], ["q", 1], ["q", 2], ["q", 3], ["q", 4]], "n_qubits": 5, "qreg_sizes": [["q", 5]], "clbit_labels": [["c", 0], ["c", 1], ["c", 2]], "memory_slots": 3, "creg_sizes": [["c", 3]], "name": "circuit-926789", "global_phase": 0.0, "metadata": {}}, "data": {"counts": {"0x0": 2748, "0x1": 301, "0x2": 317, "0x3": 32, "0x4": 452, "0x5": 161, "0x6": 51, "0x7": 34}, "snapshots": null, "memory": null, "statevector": null, "unitary": null}}, {"shots": 4096, "success": true, "status": null, "seed": null, "meas_level": 2, "meas_return": null, "header": {"qubit_labels": [["q", 0], ["q", 1], ["q", 2], ["q", 3], ["q", 4]], "n_qubits": 5, "qreg_sizes": [["q", 5]], "clbit_labels": [["c", 0], ["c", 1], ["c", 2]], "memory_slots": 3, "creg_sizes": [["c", 3]], "name": "circuit-927984", "global_phase": 0.0, "metadata": {}}, "data": {"counts": {"0x0": 352, "0x1": 772, "0x2": 538, "0x3": 327, "0x4": 815, "0x5": 336, "0x6": 326, "0x7": 630}, "snapshots": null, "memory": null, "statevector": null, "unitary": null}}, {"shots": 4096, "success": true, "status": null, "seed": null, "meas_level": 2, "meas_return": null, "header": {"qubit_labels": [["q", 0], ["q", 1], ["q", 2], ["q", 3], ["q", 4]], "n_qubits": 5, "qreg_sizes": [["q", 5]], "clbit_labels": [["c", 0], ["c", 1], ["c", 2]], "memory_slots": 3, "creg_sizes": [["c", 3]], "name": "circuit-927985", "global_phase": 0.0, "metadata": {}}, "data": {"counts": {"0x0": 2633, "0x1": 296, "0x2": 433, "0x3": 38, "0x4": 380, "0x5": 214, "0x6": 62, "0x7": 40}, "snapshots": null, "memory": null, "statevector": null, "unitary": null}}, {"shots": 4096, "success": true, "status": null, "seed": null, "meas_level": 2, "meas_return": null, "header": {"qubit_labels": [["q", 0], ["q", 1], ["q", 2], ["q", 3], ["q", 4]], "n_qubits": 5, "qreg_sizes": [["q", 5]], "clbit_labels": [["c", 0], ["c", 1], ["c", 2]], "memory_slots": 3, "creg_sizes": [["c", 3]], "name": "circuit-929324", "global_phase": 0.0, "metadata": {}}, "data": {"counts": {"0x0": 355, "0x1": 853, "0x2": 795, "0x3": 327, "0x4": 692, "0x5": 271, "0x6": 301, "0x7": 502}, "snapshots": null, "memory": null, "statevector": null, "unitary": null}}, {"shots": 4096, "success": true, "status": null, "seed": null, "meas_level": 2, "meas_return": null, "header": {"qubit_labels": [["q", 0], ["q", 1], ["q", 2], ["q", 3], ["q", 4]], "n_qubits": 5, "qreg_sizes": [["q", 5]], "clbit_labels": [["c", 0], ["c", 1], ["c", 2]], "memory_slots": 3, "creg_sizes": [["c", 3]], "name": "circuit-929325", "global_phase": 0.0, "metadata": {}}, "data": {"counts": {"0x0": 2517, "0x1": 379, "0x2": 382, "0x3": 57, "0x4": 493, "0x5": 168, "0x6": 80, "0x7": 20}, "snapshots": null, "memory": null, "statevector": null, "unitary": null}}, {"shots": 4096, "success": true, "status": null, "seed": null, "meas_level": 2, "meas_return": null, "header": {"qubit_labels": [["q", 0], ["q", 1], ["q", 2], ["q", 3], ["q", 4]], "n_qubits": 5, "qreg_sizes": [["q", 5]], "clbit_labels": [["c", 0], ["c", 1], ["c", 2]], "memory_slots": 3, "creg_sizes": [["c", 3]], "name": "circuit-930844", "global_phase": 0.0, "metadata": {}}, "data": {"counts": {"0x0": 399, "0x1": 754, "0x2": 804, "0x3": 313, "0x4": 646, "0x5": 312, "0x6": 308, "0x7": 560}, "snapshots": null, "memory": null, "statevector": null, "unitary": null}}, {"shots": 4096, "success": true, "status": null, "seed": null, "meas_level": 2, "meas_return": null, "header": {"qubit_labels": [["q", 0], ["q", 1], ["q", 2], ["q", 3], ["q", 4]], "n_qubits": 5, "qreg_sizes": [["q", 5]], "clbit_labels": [["c", 0], ["c", 1], ["c", 2]], "memory_slots": 3, "creg_sizes": [["c", 3]], "name": "circuit-930845", "global_phase": 0.0, "metadata": {}}, "data": {"counts": {"0x0": 2494, "0x1": 290, "0x2": 386, "0x3": 58, "0x4": 561, "0x5": 157, "0x6": 121, "0x7": 29}, "snapshots": null, "memory": null, "statevector": null, "unitary": null}}, {"shots": 4096, "success": true, "status": null, "seed": null, "meas_level": 2, "meas_return": null, "header": {"qubit_labels": [["q", 0], ["q", 1], ["q", 2], ["q", 3], ["q", 4]], "n_qubits": 5, "qreg_sizes": [["q", 5]], "clbit_labels": [["c", 0], ["c", 1], ["c", 2]], "memory_slots": 3, "creg_sizes": [["c", 3]], "name": "circuit-932442", "global_phase": 0.0, "metadata": {}}, "data": {"counts": {"0x0": 422, "0x1": 567, "0x2": 609, "0x3": 361, "0x4": 595, "0x5": 415, "0x6": 440, "0x7": 687}, "snapshots": null, "memory": null, "statevector": null, "unitary": null}}, {"shots": 4096, "success": true, "status": null, "seed": null, "meas_level": 2, "meas_return": null, "header": {"qubit_labels": [["q", 0], ["q", 1], ["q", 2], ["q", 3], ["q", 4]], "n_qubits": 5, "qreg_sizes": [["q", 5]], "clbit_labels": [["c", 0], ["c", 1], ["c", 2]], "memory_slots": 3, "creg_sizes": [["c", 3]], "name": "circuit-932443", "global_phase": 0.0, "metadata": {}}, "data": {"counts": {"0x0": 2380, "0x1": 335, "0x2": 389, "0x3": 70, "0x4": 467, "0x5": 289, "0x6": 98, "0x7": 68}, "snapshots": null, "memory": null, "statevector": null, "unitary": null}}, {"shots": 4096, "success": true, "status": null, "seed": null, "meas_level": 2, "meas_return": null, "header": {"qubit_labels": [["q", 0], ["q", 1], ["q", 2], ["q", 3], ["q", 4]], "n_qubits": 5, "qreg_sizes": [["q", 5]], "clbit_labels": [["c", 0], ["c", 1], ["c", 2]], "memory_slots": 3, "creg_sizes": [["c", 3]], "name": "circuit-934186", "global_phase": 0.0, "metadata": {}}, "data": {"counts": {"0x0": 448, "0x1": 720, "0x2": 665, "0x3": 397, "0x4": 580, "0x5": 403, "0x6": 441, "0x7": 442}, "snapshots": null, "memory": null, "statevector": null, "unitary": null}}, {"shots": 4096, "success": true, "status": null, "seed": null, "meas_level": 2, "meas_return": null, "header": {"qubit_labels": [["q", 0], ["q", 1], ["q", 2], ["q", 3], ["q", 4]], "n_qubits": 5, "qreg_sizes": [["q", 5]], "clbit_labels": [["c", 0], ["c", 1], ["c", 2]], "memory_slots": 3, "creg_sizes": [["c", 3]], "name": "circuit-934187", "global_phase": 0.0, "metadata": {}}, "data": {"counts": {"0x0": 2453, "0x1": 361, "0x2": 363, "0x3": 94, "0x4": 454, "0x5": 237, "0x6": 88, "0x7": 46}, "snapshots": null, "memory": null, "statevector": null, "unitary": null}}, {"shots": 4096, "success": true, "status": null, "seed": null, "meas_level": 2, "meas_return": null, "header": {"qubit_labels": [["q", 0], ["q", 1], ["q", 2], ["q", 3], ["q", 4]], "n_qubits": 5, "qreg_sizes": [["q", 5]], "clbit_labels": [["c", 0], ["c", 1], ["c", 2]], "memory_slots": 3, "creg_sizes": [["c", 3]], "name": "circuit-936068", "global_phase": 0.0, "metadata": {}}, "data": {"counts": {"0x0": 614, "0x1": 471, "0x2": 427, "0x3": 584, "0x4": 417, "0x5": 567, "0x6": 558, "0x7": 458}, "snapshots": null, "memory": null, "statevector": null, "unitary": null}}, {"shots": 4096, "success": true, "status": null, "seed": null, "meas_level": 2, "meas_return": null, "header": {"qubit_labels": [["q", 0], ["q", 1], ["q", 2], ["q", 3], ["q", 4]], "n_qubits": 5, "qreg_sizes": [["q", 5]], "clbit_labels": [["c", 0], ["c", 1], ["c", 2]], "memory_slots": 3, "creg_sizes": [["c", 3]], "name": "circuit-936069", "global_phase": 0.0, "metadata": {}}, "data": {"counts": {"0x0": 2038, "0x1": 501, "0x2": 434, "0x3": 102, "0x4": 609, "0x5": 221, "0x6": 142, "0x7": 49}, "snapshots": null, "memory": null, "statevector": null, "unitary": null}}, {"shots": 4096, "success": true, "status": null, "seed": null, "meas_level": 2, "meas_return": null, "header": {"qubit_labels": [["q", 0], ["q", 1], ["q", 2], ["q", 3], ["q", 4]], "n_qubits": 5, "qreg_sizes": [["q", 5]], "clbit_labels": [["c", 0], ["c", 1], ["c", 2]], "memory_slots": 3, "creg_sizes": [["c", 3]], "name": "circuit-938100", "global_phase": 0.0, "metadata": {}}, "data": {"counts": {"0x0": 723, "0x1": 495, "0x2": 563, "0x3": 586, "0x4": 477, "0x5": 360, "0x6": 524, "0x7": 368}, "snapshots": null, "memory": null, "statevector": null, "unitary": null}}, {"shots": 4096, "success": true, "status": null, "seed": null, "meas_level": 2, "meas_return": null, "header": {"qubit_labels": [["q", 0], ["q", 1], ["q", 2], ["q", 3], ["q", 4]], "n_qubits": 5, "qreg_sizes": [["q", 5]], "clbit_labels": [["c", 0], ["c", 1], ["c", 2]], "memory_slots": 3, "creg_sizes": [["c", 3]], "name": "circuit-938101", "global_phase": 0.0, "metadata": {}}, "data": {"counts": {"0x0": 2195, "0x1": 410, "0x2": 460, "0x3": 106, "0x4": 504, "0x5": 224, "0x6": 141, "0x7": 56}, "snapshots": null, "memory": null, "statevector": null, "unitary": null}}, {"shots": 4096, "success": true, "status": null, "seed": null, "meas_level": 2, "meas_return": null, "header": {"qubit_labels": [["q", 0], ["q", 1], ["q", 2], ["q", 3], ["q", 4]], "n_qubits": 5, "qreg_sizes": [["q", 5]], "clbit_labels": [["c", 0], ["c", 1], ["c", 2]], "memory_slots": 3, "creg_sizes": [["c", 3]], "name": "circuit-940275", "global_phase": 0.0, "metadata": {}}, "data": {"counts": {"0x0": 654, "0x1": 488, "0x2": 405, "0x3": 569, "0x4": 414, "0x5": 540, "0x6": 621, "0x7": 405}, "snapshots": null, "memory": null, "statevector": null, "unitary": null}}, {"shots": 4096, "success": true, "status": null, "seed": null, "meas_level": 2, "meas_return": null, "header": {"qubit_labels": [["q", 0], ["q", 1], ["q", 2], ["q", 3], ["q", 4]], "n_qubits": 5, "qreg_sizes": [["q", 5]], "clbit_labels": [["c", 0], ["c", 1], ["c", 2]], "memory_slots": 3, "creg_sizes": [["c", 3]], "name": "circuit-940276", "global_phase": 0.0, "metadata": {}}, "data": {"counts": {"0x0": 2143, "0x1": 477, "0x2": 483, "0x3": 87, "0x4": 474, "0x5": 251, "0x6": 124, "0x7": 57}, "snapshots": null, "memory": null, "statevector": null, "unitary": null}}, {"shots": 4096, "success": true, "status": null, "seed": null, "meas_level": 2, "meas_return": null, "header": {"qubit_labels": [["q", 0], ["q", 1], ["q", 2], ["q", 3], ["q", 4]], "n_qubits": 5, "qreg_sizes": [["q", 5]], "clbit_labels": [["c", 0], ["c", 1], ["c", 2]], "memory_slots": 3, "creg_sizes": [["c", 3]], "name": "circuit-942606", "global_phase": 0.0, "metadata": {}}, "data": {"counts": {"0x0": 631, "0x1": 380, "0x2": 351, "0x3": 699, "0x4": 449, "0x5": 562, "0x6": 704, "0x7": 320}, "snapshots": null, "memory": null, "statevector": null, "unitary": null}}, {"shots": 4096, "success": true, "status": null, "seed": null, "meas_level": 2, "meas_return": null, "header": {"qubit_labels": [["q", 0], ["q", 1], ["q", 2], ["q", 3], ["q", 4]], "n_qubits": 5, "qreg_sizes": [["q", 5]], "clbit_labels": [["c", 0], ["c", 1], ["c", 2]], "memory_slots": 3, "creg_sizes": [["c", 3]], "name": "circuit-942607", "global_phase": 0.0, "metadata": {}}, "data": {"counts": {"0x0": 1869, "0x1": 378, "0x2": 560, "0x3": 91, "0x4": 573, "0x5": 363, "0x6": 155, "0x7": 107}, "snapshots": null, "memory": null, "statevector": null, "unitary": null}}, {"shots": 4096, "success": true, "status": null, "seed": null, "meas_level": 2, "meas_return": null, "header": {"qubit_labels": [["q", 0], ["q", 1], ["q", 2], ["q", 3], ["q", 4]], "n_qubits": 5, "qreg_sizes": [["q", 5]], "clbit_labels": [["c", 0], ["c", 1], ["c", 2]], "memory_slots": 3, "creg_sizes": [["c", 3]], "name": "circuit-945068", "global_phase": 0.0, "metadata": {}}, "data": {"counts": {"0x0": 614, "0x1": 394, "0x2": 494, "0x3": 675, "0x4": 389, "0x5": 541, "0x6": 574, "0x7": 415}, "snapshots": null, "memory": null, "statevector": null, "unitary": null}}, {"shots": 4096, "success": true, "status": null, "seed": null, "meas_level": 2, "meas_return": null, "header": {"qubit_labels": [["q", 0], ["q", 1], ["q", 2], ["q", 3], ["q", 4]], "n_qubits": 5, "qreg_sizes": [["q", 5]], "clbit_labels": [["c", 0], ["c", 1], ["c", 2]], "memory_slots": 3, "creg_sizes": [["c", 3]], "name": "circuit-945069", "global_phase": 0.0, "metadata": {}}, "data": {"counts": {"0x0": 1971, "0x1": 460, "0x2": 482, "0x3": 119, "0x4": 538, "0x5": 292, "0x6": 151, "0x7": 83}, "snapshots": null, "memory": null, "statevector": null, "unitary": null}}, {"shots": 4096, "success": true, "status": null, "seed": null, "meas_level": 2, "meas_return": null, "header": {"qubit_labels": [["q", 0], ["q", 1], ["q", 2], ["q", 3], ["q", 4]], "n_qubits": 5, "qreg_sizes": [["q", 5]], "clbit_labels": [["c", 0], ["c", 1], ["c", 2]], "memory_slots": 3, "creg_sizes": [["c", 3]], "name": "circuit-947657", "global_phase": 0.0, "metadata": {}}, "data": {"counts": {"0x0": 612, "0x1": 442, "0x2": 399, "0x3": 640, "0x4": 425, "0x5": 615, "0x6": 636, "0x7": 327}, "snapshots": null, "memory": null, "statevector": null, "unitary": null}}, {"shots": 4096, "success": true, "status": null, "seed": null, "meas_level": 2, "meas_return": null, "header": {"qubit_labels": [["q", 0], ["q", 1], ["q", 2], ["q", 3], ["q", 4]], "n_qubits": 5, "qreg_sizes": [["q", 5]], "clbit_labels": [["c", 0], ["c", 1], ["c", 2]], "memory_slots": 3, "creg_sizes": [["c", 3]], "name": "circuit-947658", "global_phase": 0.0, "metadata": {}}, "data": {"counts": {"0x0": 1706, "0x1": 456, "0x2": 465, "0x3": 165, "0x4": 671, "0x5": 333, "0x6": 184, "0x7": 116}, "snapshots": null, "memory": null, "statevector": null, "unitary": null}}, {"shots": 4096, "success": true, "status": null, "seed": null, "meas_level": 2, "meas_return": null, "header": {"qubit_labels": [["q", 0], ["q", 1], ["q", 2], ["q", 3], ["q", 4]], "n_qubits": 5, "qreg_sizes": [["q", 5]], "clbit_labels": [["c", 0], ["c", 1], ["c", 2]], "memory_slots": 3, "creg_sizes": [["c", 3]], "name": "circuit-950403", "global_phase": 0.0, "metadata": {}}, "data": {"counts": {"0x0": 672, "0x1": 414, "0x2": 376, "0x3": 832, "0x4": 400, "0x5": 510, "0x6": 518, "0x7": 374}, "snapshots": null, "memory": null, "statevector": null, "unitary": null}}, {"shots": 4096, "success": true, "status": null, "seed": null, "meas_level": 2, "meas_return": null, "header": {"qubit_labels": [["q", 0], ["q", 1], ["q", 2], ["q", 3], ["q", 4]], "n_qubits": 5, "qreg_sizes": [["q", 5]], "clbit_labels": [["c", 0], ["c", 1], ["c", 2]], "memory_slots": 3, "creg_sizes": [["c", 3]], "name": "circuit-950404", "global_phase": 0.0, "metadata": {}}, "data": {"counts": {"0x0": 1819, "0x1": 458, "0x2": 573, "0x3": 127, "0x4": 586, "0x5": 296, "0x6": 158, "0x7": 79}, "snapshots": null, "memory": null, "statevector": null, "unitary": null}}, {"shots": 4096, "success": true, "status": null, "seed": null, "meas_level": 2, "meas_return": null, "header": {"qubit_labels": [["q", 0], ["q", 1], ["q", 2], ["q", 3], ["q", 4]], "n_qubits": 5, "qreg_sizes": [["q", 5]], "clbit_labels": [["c", 0], ["c", 1], ["c", 2]], "memory_slots": 3, "creg_sizes": [["c", 3]], "name": "circuit-953367", "global_phase": 0.0, "metadata": {}}, "data": {"counts": {"0x0": 595, "0x1": 434, "0x2": 400, "0x3": 555, "0x4": 460, "0x5": 550, "0x6": 643, "0x7": 459}, "snapshots": null, "memory": null, "statevector": null, "unitary": null}}, {"shots": 4096, "success": true, "status": null, "seed": null, "meas_level": 2, "meas_return": null, "header": {"qubit_labels": [["q", 0], ["q", 1], ["q", 2], ["q", 3], ["q", 4]], "n_qubits": 5, "qreg_sizes": [["q", 5]], "clbit_labels": [["c", 0], ["c", 1], ["c", 2]], "memory_slots": 3, "creg_sizes": [["c", 3]], "name": "circuit-953368", "global_phase": 0.0, "metadata": {}}, "data": {"counts": {"0x0": 1581, "0x1": 544, "0x2": 427, "0x3": 138, "0x4": 709, "0x5": 335, "0x6": 238, "0x7": 124}, "snapshots": null, "memory": null, "statevector": null, "unitary": null}}], "error": null}