{"backend_name": "ibmq_quito", "backend_version": "1.1.33", "qobj_id": "f3ed4d8b-8987-462f-9f17-bd3ad1cf01f9", "job_id": "62e1865e5923b6b6f55f4283", "date": "2022-07-27T18:54:08Z", "success": true, "status": "Successful completion", "execution_id": "2ce595a6-0ddd-11ed-986f-b02628f7f59e", "time_taken": 137.3791344165802, "header": {"backend_name": "ibmq_quito", "backend_version": "1.1.33"}, "results": [{"shots": 4096, "success": true, "status": null, "seed": null, "meas_level": 2, "meas_return": null, "header": {"qubit_labels": [["q", 0], ["q", 1], ["q", 2], ["q", 3], ["q", 4]], "n_qubits": 5, "qreg_sizes": [["q", 5]], "clbit_labels": [["c", 0], ["c", 1], ["c", 2]], "memory_slots": 3, "creg_sizes": [["c", 3]], "name": "circuit-864773", "global_phase": 0.0, "metadata": {}}, "data": {"counts": {"0x0": 358, "0x1": 767, "0x2": 505, "0x3": 372, "0x4": 607, "0x5": 426, "0x6": 342, "0x7": 719}, "snapshots": null, "memory": null, "statevector": null, "unitary": null}}, {"shots": 4096, "success": true, "status": null, "seed": null, "meas_level": 2, "meas_return": null, "header": {"qubit_labels": [["q", 0], ["q", 1], ["q", 2], ["q", 3], ["q", 4]], "n_qubits": 5, "qreg_sizes": [["q", 5]], "clbit_labels": [["c", 0], ["c", 1], ["c", 2]], "memory_slots": 3, "creg_sizes": [["c", 3]], "name": "circuit-864774", "global_phase": 0.0, "metadata": {}}, "data": {"counts": {"0x0": 2614, "0x1": 343, "0x2": 468, "0x3": 81, "0x4": 346, "0x5": 142, "0x6": 76, "0x7": 26}, "snapshots": null, "memory": null, "statevector": null, "unitary": null}}, {"shots": 4096, "success": true, "status": null, "seed": null, "meas_level": 2, "meas_return": null, "header": {"qubit_labels": [["q", 0], ["q", 1], ["q", 2], ["q", 3], ["q", 4]], "n_qubits": 5, "qreg_sizes": [["q", 5]], "clbit_labels": [["c", 0], ["c", 1], ["c", 2]], "memory_slots": 3, "creg_sizes": [["c", 3]], "name": "circuit-866502", "global_phase": 0.0, "metadata": {}}, "data": {"counts": {"0x0": 510, "0x1": 621, "0x2": 757, "0x3": 395, "0x4": 545, "0x5": 420, "0x6": 411, "0x7": 437}, "snapshots": null, "memory": null, "statevector": null, "unitary": null}}, {"shots": 4096, "success": true, "status": null, "seed": null, "meas_level": 2, "meas_return": null, "header": {"qubit_labels": [["q", 0], ["q", 1], ["q", 2], ["q", 3], ["q", 4]], "n_qubits": 5, "qreg_sizes": [["q", 5]], "clbit_labels": [["c", 0], ["c", 1], ["c", 2]], "memory_slots": 3, "creg_sizes": [["c", 3]], "name": "circuit-866503", "global_phase": 0.0, "metadata": {}}, "data": {"counts": {"0x0": 2393, "0x1": 430, "0x2": 389, "0x3": 61, "0x4": 508, "0x5": 213, "0x6": 59, "0x7": 43}, "snapshots": null, "memory": null, "statevector": null, "unitary": null}}, {"shots": 4096, "success": true, "status": null, "seed": null, "meas_level": 2, "meas_return": null, "header": {"qubit_labels": [["q", 0], ["q", 1], ["q", 2], ["q", 3], ["q", 4]], "n_qubits": 5, "qreg_sizes": [["q", 5]], "clbit_labels": [["c", 0], ["c", 1], ["c", 2]], "memory_slots": 3, "creg_sizes": [["c", 3]], "name": "circuit-868469", "global_phase": 0.0, "metadata": {}}, "data": {"counts": {"0x0": 469, "0x1": 479, "0x2": 380, "0x3": 484, "0x4": 555, "0x5": 625, "0x6": 715, "0x7": 389}, "snapshots": null, "memory": null, "statevector": null, "unitary": null}}, {"shots": 4096, "success": true, "status": null, "seed": null, "meas_level": 2, "meas_return": null, "header": {"qubit_labels": [["q", 0], ["q", 1], ["q", 2], ["q", 3], ["q", 4]], "n_qubits": 5, "qreg_sizes": [["q", 5]], "clbit_labels": [["c", 0], ["c", 1], ["c", 2]], "memory_slots": 3, "creg_sizes": [["c", 3]], "name": "circuit-868470", "global_phase": 0.0, "metadata": {}}, "data": {"counts": {"0x0": 2348, "0x1": 491, "0x2": 461, "0x3": 75, "0x4": 343, "0x5": 260, "0x6": 67, "0x7": 51}, "snapshots": null, "memory": null, "statevector": null, "unitary": null}}, {"shots": 4096, "success": true, "status": null, "seed": null, "meas_level": 2, "meas_return": null, "header": {"qubit_labels": [["q", 0], ["q", 1], ["q", 2], ["q", 3], ["q", 4]], "n_qubits": 5, "qreg_sizes": [["q", 5]], "clbit_labels": [["c", 0], ["c", 1], ["c", 2]], "memory_slots": 3, "creg_sizes": [["c", 3]], "name": "circuit-870548", "global_phase": 0.0, "metadata": {}}, "data": {"counts": {"0x0": 608, "0x1": 402, "0x2": 434, "0x3": 725, "0x4": 447, "0x5": 530, "0x6": 486, "0x7": 464}, "snapshots": null, "memory": null, "statevector": null, "unitary": null}}, {"shots": 4096, "success": true, "status": null, "seed": null, "meas_level": 2, "meas_return": null, "header": {"qubit_labels": [["q", 0], ["q", 1], ["q", 2], ["q", 3], ["q", 4]], "n_qubits": 5, "qreg_sizes": [["q", 5]], "clbit_labels": [["c", 0], ["c", 1], ["c", 2]], "memory_slots": 3, "creg_sizes": [["c", 3]], "name": "circuit-870549", "global_phase": 0.0, "metadata": {}}, "data": {"counts": {"0x0": 2295, "0x1": 546, "0x2": 458, "0x3": 116, "0x4": 351, "0x5": 209, "0x6": 72, "0x7": 49}, "snapshots": null, "memory": null, "statevector": null, "unitary": null}}, {"shots": 4096, "success": true, "status": null, "seed": null, "meas_level": 2, "meas_return": null, "header": {"qubit_labels": [["q", 0], ["q", 1], ["q", 2], ["q", 3], ["q", 4]], "n_qubits": 5, "qreg_sizes": [["q", 5]], "clbit_labels": [["c", 0], ["c", 1], ["c", 2]], "memory_slots": 3, "creg_sizes": [["c", 3]], "name": "circuit-872712", "global_phase": 0.0, "metadata": {}}, "data": {"counts": {"0x0": 769, "0x1": 420, "0x2": 454, "0x3": 627, "0x4": 389, "0x5": 579, "0x6": 568, "0x7": 290}, "snapshots": null, "memory": null, "statevector": null, "unitary": null}}, {"shots": 4096, "success": true, "status": null, "seed": null, "meas_level": 2, "meas_return": null, "header": {"qubit_labels": [["q", 0], ["q", 1], ["q", 2], ["q", 3], ["q", 4]], "n_qubits": 5, "qreg_sizes": [["q", 5]], "clbit_labels": [["c", 0], ["c", 1], ["c", 2]], "memory_slots": 3, "creg_sizes": [["c", 3]], "name": "circuit-872713", "global_phase": 0.0, "metadata": {}}, "data": {"counts": {"0x0": 2276, "0x1": 435, "0x2": 553, "0x3": 98, "0x4": 345, "0x5": 241, "0x6": 86, "0x7": 62}, "snapshots": null, "memory": null, "statevector": null, "unitary": null}}, {"shots": 4096, "success": true, "status": null, "seed": null, "meas_level": 2, "meas_return": null, "header": {"qubit_labels": [["q", 0], ["q", 1], ["q", 2], ["q", 3], ["q", 4]], "n_qubits": 5, "qreg_sizes": [["q", 5]], "clbit_labels": [["c", 0], ["c", 1], ["c", 2]], "memory_slots": 3, "creg_sizes": [["c", 3]], "name": "circuit-875053", "global_phase": 0.0, "metadata": {}}, "data": {"counts": {"0x0": 706, "0x1": 437, "0x2": 338, "0x3": 634, "0x4": 465, "0x5": 591, "0x6": 579, "0x7": 346}, "snapshots": null, "memory": null, "statevector": null, "unitary": null}}, {"shots": 4096, "success": true, "status": null, "seed": null, "meas_level": 2, "meas_return": null, "header": {"qubit_labels": [["q", 0], ["q", 1], ["q", 2], ["q", 3], ["q", 4]], "n_qubits": 5, "qreg_sizes": [["q", 5]], "clbit_labels": [["c", 0], ["c", 1], ["c", 2]], "memory_slots": 3, "creg_sizes": [["c", 3]], "name": "circuit-875054", "global_phase": 0.0, "metadata": {}}, "data": {"counts": {"0x0": 2228, "0x1": 426, "0x2": 467, "0x3": 107, "0x4": 478, "0x5": 218, "0x6": 114, "0x7": 58}, "snapshots": null, "memory": null, "statevector": null, "unitary": null}}, {"shots": 4096, "success": true, "status": null, "seed": null, "meas_level": 2, "meas_return": null, "header": {"qubit_labels": [["q", 0], ["q", 1], ["q", 2], ["q", 3], ["q", 4]], "n_qubits": 5, "qreg_sizes": [["q", 5]], "clbit_labels": [["c", 0], ["c", 1], ["c", 2]], "memory_slots": 3, "creg_sizes": [["c", 3]], "name": "circuit-877509", "global_phase": 0.0, "metadata": {}}, "data": {"counts": {"0x0": 667, "0x1": 418, "0x2": 383, "0x3": 695, "0x4": 422, "0x5": 493, "0x6": 673, "0x7": 345}, "snapshots": null, "memory": null, "statevector": null, "unitary": null}}, {"shots": 4096, "success": true, "status": null, "seed": null, "meas_level": 2, "meas_return": null, "header": {"qubit_labels": [["q", 0], ["q", 1], ["q", 2], ["q", 3], ["q", 4]], "n_qubits": 5, "qreg_sizes": [["q", 5]], "clbit_labels": [["c", 0], ["c", 1], ["c", 2]], "memory_slots": 3, "creg_sizes": [["c", 3]], "name": "circuit-877510", "global_phase": 0.0, "metadata": {}}, "data": {"counts": {"0x0": 2119, "0x1": 376, "0x2": 495, "0x3": 95, "0x4": 557, "0x5": 247, "0x6": 152, "0x7": 55}, "snapshots": null, "memory": null, "statevector": null, "unitary": null}}, {"shots": 4096, "success": true, "status": null, "seed": null, "meas_level": 2, "meas_return": null, "header": {"qubit_labels": [["q", 0], ["q", 1], ["q", 2], ["q", 3], ["q", 4]], "n_qubits": 5, "qreg_sizes": [["q", 5]], "clbit_labels": [["c", 0], ["c", 1], ["c", 2]], "memory_slots": 3, "creg_sizes": [["c", 3]], "name": "circuit-880151", "global_phase": 0.0, "metadata": {}}, "data": {"counts": {"0x0": 738, "0x1": 416, "0x2": 416, "0x3": 612, "0x4": 423, "0x5": 501, "0x6": 640, "0x7": 350}, "snapshots": null, "memory": null, "statevector": null, "unitary": null}}, {"shots": 4096, "success": true, "status": null, "seed": null, "meas_level": 2, "meas_return": null, "header": {"qubit_labels": [["q", 0], ["q", 1], ["q", 2], ["q", 3], ["q", 4]], "n_qubits": 5, "qreg_sizes": [["q", 5]], "clbit_labels": [["c", 0], ["c", 1], ["c", 2]], "memory_slots": 3, "creg_sizes": [["c", 3]], "name": "circuit-880152", "global_phase": 0.0, "metadata": {}}, "data": {"counts": {"0x0": 1961, "0x1": 582, "0x2": 529, "0x3": 128, "0x4": 390, "0x5": 331, "0x6": 95, "0x7": 80}, "snapshots": null, "memory": null, "statevector": null, "unitary": null}}, {"shots": 4096, "success": true, "status": null, "seed": null, "meas_level": 2, "meas_return": null, "header": {"qubit_labels": [["q", 0], ["q", 1], ["q", 2], ["q", 3], ["q", 4]], "n_qubits": 5, "qreg_sizes": [["q", 5]], "clbit_labels": [["c", 0], ["c", 1], ["c", 2]], "memory_slots": 3, "creg_sizes": [["c", 3]], "name": "circuit-882925", "global_phase": 0.0, "metadata": {}}, "data": {"counts": {"0x0": 631, "0x1": 442, "0x2": 435, "0x3": 520, "0x4": 506, "0x5": 650, "0x6": 589, "0x7": 323}, "snapshots": null, "memory": null, "statevector": null, "unitary": null}}, {"shots": 4096, "success": true, "status": null, "seed": null, "meas_level": 2, "meas_return": null, "header": {"qubit_labels": [["q", 0], ["q", 1], ["q", 2], ["q", 3], ["q", 4]], "n_qubits": 5, "qreg_sizes": [["q", 5]], "clbit_labels": [["c", 0], ["c", 1], ["c", 2]], "memory_slots": 3, "creg_sizes": [["c", 3]], "name": "circuit-882926", "global_phase": 0.0, "metadata": {}}, "data": {"counts": {"0x0": 2034, "0x1": 512, "0x2": 525, "0x3": 149, "0x4": 405, "0x5": 273, "0x6": 116, "0x7": 82}, "snapshots": null, "memory": null, "statevector": null, "unitary": null}}, {"shots": 4096, "success": true, "status": null, "seed": null, "meas_level": 2, "meas_return": null, "header": {"qubit_labels": [["q", 0], ["q", 1], ["q", 2], ["q", 3], ["q", 4]], "n_qubits": 5, "qreg_sizes": [["q", 5]], "clbit_labels": [["c", 0], ["c", 1], ["c", 2]], "memory_slots": 3, "creg_sizes": [["c", 3]], "name": "circuit-885826", "global_phase": 0.0, "metadata": {}}, "data": {"counts": {"0x0": 533, "0x1": 483, "0x2": 393, "0x3": 431, "0x4": 600, "0x5": 642, "0x6": 530, "0x7": 484}, "snapshots": null, "memory": null, "statevector": null, "unitary": null}}, {"shots": 4096, "success": true, "status": null, "seed": null, "meas_level": 2, "meas_return": null, "header": {"qubit_labels": [["q", 0], ["q", 1], ["q", 2], ["q", 3], ["q", 4]], "n_qubits": 5, "qreg_sizes": [["q", 5]], "clbit_labels": [["c", 0], ["c", 1], ["c", 2]], "memory_slots": 3, "creg_sizes": [["c", 3]], "name": "circuit-885827", "global_phase": 0.0, "metadata": {}}, "data": {"counts": {"0x0": 1963, "0x1": 514, "0x2": 484, "0x3": 132, "0x4": 461, "0x5": 294, "0x6": 137, "0x7": 111}, "snapshots": null, "memory": null, "statevector": null, "unitary": null}}, {"shots": 4096, "success": true, "status": null, "seed": null, "meas_level": 2, "meas_return": null, "header": {"qubit_labels": [["q", 0], ["q", 1], ["q", 2], ["q", 3], ["q", 4]], "n_qubits": 5, "qreg_sizes": [["q", 5]], "clbit_labels": [["c", 0], ["c", 1], ["c", 2]], "memory_slots": 3, "creg_sizes": [["c", 3]], "name": "circuit-888889", "global_phase": 0.0, "metadata": {}}, "data": {"counts": {"0x0": 1066, "0x1": 255, "0x2": 159, "0x3": 831, "0x4": 243, "0x5": 762, "0x6": 680, "0x7": 100}, "snapshots": null, "memory": null, "statevector": null, "unitary": null}}, {"shots": 4096, "success": true, "status": null, "seed": null, "meas_level": 2, "meas_return": null, "header": {"qubit_labels": [["q", 0], ["q", 1], ["q", 2], ["q", 3], ["q", 4]], "n_qubits": 5, "qreg_sizes": [["q", 5]], "clbit_labels": [["c", 0], ["c", 1], ["c", 2]], "memory_slots": 3, "creg_sizes": [["c", 3]], "name": "circuit-888890", "global_phase": 0.0, "metadata": {}}, "data": {"counts": {"0x0": 3656, "0x1": 105, "0x2": 90, "0x3": 1, "0x4": 214, "0x5": 23, "0x6": 6, "0x7": 1}, "snapshots": null, "memory": null, "statevector": null, "unitary": null}}, {"shots": 4096, "success": true, "status": null, "seed": null, "meas_level": 2, "meas_return": null, "header": {"qubit_labels": [["q", 0], ["q", 1], ["q", 2], ["q", 3], ["q", 4]], "n_qubits": 5, "qreg_sizes": [["q", 5]], "clbit_labels": [["c", 0], ["c", 1], ["c", 2]], "memory_slots": 3, "creg_sizes": [["c", 3]], "name": "circuit-889243", "global_phase": 0.0, "metadata": {}}, "data": {"counts": {"0x0": 814, "0x1": 343, "0x2": 250, "0x3": 641, "0x4": 313, "0x5": 790, "0x6": 713, "0x7": 232}, "snapshots": null, "memory": null, "statevector": null, "unitary": null}}, {"shots": 4096, "success": true, "status": null, "seed": null, "meas_level": 2, "meas_return": null, "header": {"qubit_labels": [["q", 0], ["q", 1], ["q", 2], ["q", 3], ["q", 4]], "n_qubits": 5, "qreg_sizes": [["q", 5]], "clbit_labels": [["c", 0], ["c", 1], ["c", 2]], "memory_slots": 3, "creg_sizes": [["c", 3]], "name": "circuit-889244", "global_phase": 0.0, "metadata": {}}, "data": {"counts": {"0x0": 3482, "0x1": 165, "0x2": 119, "0x3": 9, "0x4": 202, "0x5": 101, "0x6": 5, "0x7": 13}, "snapshots": null, "memory": null, "statevector": null, "unitary": null}}, {"shots": 4096, "success": true, "status": null, "seed": null, "meas_level": 2, "meas_return": null, "header": {"qubit_labels": [["q", 0], ["q", 1], ["q", 2], ["q", 3], ["q", 4]], "n_qubits": 5, "qreg_sizes": [["q", 5]], "clbit_labels": [["c", 0], ["c", 1], ["c", 2]], "memory_slots": 3, "creg_sizes": [["c", 3]], "name": "circuit-889730", "global_phase": 0.0, "metadata": {}}, "data": {"counts": {"0x0": 803, "0x1": 421, "0x2": 365, "0x3": 508, "0x4": 366, "0x5": 758, "0x6": 603, "0x7": 272}, "snapshots": null, "memory": null, "statevector": null, "unitary": null}}, {"shots": 4096, "success": true, "status": null, "seed": null, "meas_level": 2, "meas_return": null, "header": {"qubit_labels": [["q", 0], ["q", 1], ["q", 2], ["q", 3], ["q", 4]], "n_qubits": 5, "qreg_sizes": [["q", 5]], "clbit_labels": [["c", 0], ["c", 1], ["c", 2]], "memory_slots": 3, "creg_sizes": [["c", 3]], "name": "circuit-889731", "global_phase": 0.0, "metadata": {}}, "data": {"counts": {"0x0": 3308, "0x1": 150, "0x2": 198, "0x3": 10, "0x4": 217, "0x5": 197, "0x6": 9, "0x7": 7}, "snapshots": null, "memory": null, "statevector": null, "unitary": null}}, {"shots": 4096, "success": true, "status": null, "seed": null, "meas_level": 2, "meas_return": null, "header": {"qubit_labels": [["q", 0], ["q", 1], ["q", 2], ["q", 3], ["q", 4]], "n_qubits": 5, "qreg_sizes": [["q", 5]], "clbit_labels": [["c", 0], ["c", 1], ["c", 2]], "memory_slots": 3, "creg_sizes": [["c", 3]], "name": "circuit-890370", "global_phase": 0.0, "metadata": {}}, "data": {"counts": {"0x0": 757, "0x1": 432, "0x2": 497, "0x3": 528, "0x4": 458, "0x5": 646, "0x6": 490, "0x7": 288}, "snapshots": null, "memory": null, "statevector": null, "unitary": null}}, {"shots": 4096, "success": true, "status": null, "seed": null, "meas_level": 2, "meas_return": null, "header": {"qubit_labels": [["q", 0], ["q", 1], ["q", 2], ["q", 3], ["q", 4]], "n_qubits": 5, "qreg_sizes": [["q", 5]], "clbit_labels": [["c", 0], ["c", 1], ["c", 2]], "memory_slots": 3, "creg_sizes": [["c", 3]], "name": "circuit-890371", "global_phase": 0.0, "metadata": {}}, "data": {"counts": {"0x0": 3245, "0x1": 182, "0x2": 224, "0x3": 26, "0x4": 315, "0x5": 73, "0x6": 23, "0x7": 8}, "snapshots": null, "memory": null, "statevector": null, "unitary": null}}, {"shots": 4096, "success": true, "status": null, "seed": null, "meas_level": 2, "meas_return": null, "header": {"qubit_labels": [["q", 0], ["q", 1], ["q", 2], ["q", 3], ["q", 4]], "n_qubits": 5, "qreg_sizes": [["q", 5]], "clbit_labels": [["c", 0], ["c", 1], ["c", 2]], "memory_slots": 3, "creg_sizes": [["c", 3]], "name": "circuit-891131", "global_phase": 0.0, "metadata": {}}, "data": {"counts": {"0x0": 626, "0x1": 550, "0x2": 622, "0x3": 452, "0x4": 605, "0x5": 463, "0x6": 388, "0x7": 390}, "snapshots": null, "memory": null, "statevector": null, "unitary": null}}, {"shots": 4096, "success": true, "status": null, "seed": null, "meas_level": 2, "meas_return": null, "header": {"qubit_labels": [["q", 0], ["q", 1], ["q", 2], ["q", 3], ["q", 4]], "n_qubits": 5, "qreg_sizes": [["q", 5]], "clbit_labels": [["c", 0], ["c", 1], ["c", 2]], "memory_slots": 3, "creg_sizes": [["c", 3]], "name": "circuit-891132", "global_phase": 0.0, "metadata": {}}, "data": {"counts": {"0x0": 3160, "0x1": 289, "0x2": 209, "0x3": 25, "0x4": 235, "0x5": 150, "0x6": 13, "0x7": 15}, "snapshots": null, "memory": null, "statevector": null, "unitary": null}}, {"shots": 4096, "success": true, "status": null, "seed": null, "meas_level": 2, "meas_return": null, "header": {"qubit_labels": [["q", 0], ["q", 1], ["q", 2], ["q", 3], ["q", 4]], "n_qubits": 5, "qreg_sizes": [["q", 5]], "clbit_labels": [["c", 0], ["c", 1], ["c", 2]], "memory_slots": 3, "creg_sizes": [["c", 3]], "name": "circuit-892024", "global_phase": 0.0, "metadata": {}}, "data": {"counts": {"0x0": 460, "0x1": 676, "0x2": 743, "0x3": 336, "0x4": 690, "0x5": 433, "0x6": 316, "0x7": 442}, "snapshots": null, "memory": null, "statevector": null, "unitary": null}}, {"shots": 4096, "success": true, "status": null, "seed": null, "meas_level": 2, "meas_return": null, "header": {"qubit_labels": [["q", 0], ["q", 1], ["q", 2], ["q", 3], ["q", 4]], "n_qubits": 5, "qreg_sizes": [["q", 5]], "clbit_labels": [["c", 0], ["c", 1], ["c", 2]], "memory_slots": 3, "creg_sizes": [["c", 3]], "name": "circuit-892025", "global_phase": 0.0, "metadata": {}}, "data": {"counts": {"0x0": 3079, "0x1": 287, "0x2": 304, "0x3": 26, "0x4": 285, "0x5": 87, "0x6": 20, "0x7": 8}, "snapshots": null, "memory": null, "statevector": null, "unitary": null}}, {"shots": 4096, "success": true, "status": null, "seed": null, "meas_level": 2, "meas_return": null, "header": {"qubit_labels": [["q", 0], ["q", 1], ["q", 2], ["q", 3], ["q", 4]], "n_qubits": 5, "qreg_sizes": [["q", 5]], "clbit_labels": [["c", 0], ["c", 1], ["c", 2]], "memory_slots": 3, "creg_sizes": [["c", 3]], "name": "circuit-893072", "global_phase": 0.0, "metadata": {}}, "data": {"counts": {"0x0": 379, "0x1": 804, "0x2": 725, "0x3": 314, "0x4": 688, "0x5": 301, "0x6": 293, "0x7": 592}, "snapshots": null, "memory": null, "statevector": null, "unitary": null}}, {"shots": 4096, "success": true, "status": null, "seed": null, "meas_level": 2, "meas_return": null, "header": {"qubit_labels": [["q", 0], ["q", 1], ["q", 2], ["q", 3], ["q", 4]], "n_qubits": 5, "qreg_sizes": [["q", 5]], "clbit_labels": [["c", 0], ["c", 1], ["c", 2]], "memory_slots": 3, "creg_sizes": [["c", 3]], "name": "circuit-893073", "global_phase": 0.0, "metadata": {}}, "data": {"counts": {"0x0": 2981, "0x1": 269, "0x2": 280, "0x3": 37, "0x4": 345, "0x5": 141, "0x6": 24, "0x7": 19}, "snapshots": null, "memory": null, "statevector": null, "unitary": null}}, {"shots": 4096, "success": true, "status": null, "seed": null, "meas_level": 2, "meas_return": null, "header": {"qubit_labels": [["q", 0], ["q", 1], ["q", 2], ["q", 3], ["q", 4]], "n_qubits": 5, "qreg_sizes": [["q", 5]], "clbit_labels": [["c", 0], ["c", 1], ["c", 2]], "memory_slots": 3, "creg_sizes": [["c", 3]], "name": "circuit-894271", "global_phase": 0.0, "metadata": {}}, "data": {"counts": {"0x0": 438, "0x1": 721, "0x2": 751, "0x3": 294, "0x4": 719, "0x5": 277, "0x6": 299, "0x7": 597}, "snapshots": null, "memory": null, "statevector": null, "unitary": null}}, {"shots": 4096, "success": true, "status": null, "seed": null, "meas_level": 2, "meas_return": null, "header": {"qubit_labels": [["q", 0], ["q", 1], ["q", 2], ["q", 3], ["q", 4]], "n_qubits": 5, "qreg_sizes": [["q", 5]], "clbit_labels": [["c", 0], ["c", 1], ["c", 2]], "memory_slots": 3, "creg_sizes": [["c", 3]], "name": "circuit-894272", "global_phase": 0.0, "metadata": {}}, "data": {"counts": {"0x0": 2921, "0x1": 257, "0x2": 364, "0x3": 42, "0x4": 293, "0x5": 175, "0x6": 26, "0x7": 18}, "snapshots": null, "memory": null, "statevector": null, "unitary": null}}, {"shots": 4096, "success": true, "status": null, "seed": null, "meas_level": 2, "meas_return": null, "header": {"qubit_labels": [["q", 0], ["q", 1], ["q", 2], ["q", 3], ["q", 4]], "n_qubits": 5, "qreg_sizes": [["q", 5]], "clbit_labels": [["c", 0], ["c", 1], ["c", 2]], "memory_slots": 3, "creg_sizes": [["c", 3]], "name": "circuit-895651", "global_phase": 0.0, "metadata": {}}, "data": {"counts": {"0x0": 395, "0x1": 749, "0x2": 602, "0x3": 250, "0x4": 709, "0x5": 328, "0x6": 312, "0x7": 751}, "snapshots": null, "memory": null, "statevector": null, "unitary": null}}, {"shots": 4096, "success": true, "status": null, "seed": null, "meas_level": 2, "meas_return": null, "header": {"qubit_labels": [["q", 0], ["q", 1], ["q", 2], ["q", 3], ["q", 4]], "n_qubits": 5, "qreg_sizes": [["q", 5]], "clbit_labels": [["c", 0], ["c", 1], ["c", 2]], "memory_slots": 3, "creg_sizes": [["c", 3]], "name": "circuit-895652", "global_phase": 0.0, "metadata": {}}, "data": {"counts": {"0x0": 2736, "0x1": 381, "0x2": 367, "0x3": 47, "0x4": 337, "0x5": 153, "0x6": 42, "0x7": 33}, "snapshots": null, "memory": null, "statevector": null, "unitary": null}}, {"shots": 4096, "success": true, "status": null, "seed": null, "meas_level": 2, "meas_return": null, "header": {"qubit_labels": [["q", 0], ["q", 1], ["q", 2], ["q", 3], ["q", 4]], "n_qubits": 5, "qreg_sizes": [["q", 5]], "clbit_labels": [["c", 0], ["c", 1], ["c", 2]], "memory_slots": 3, "creg_sizes": [["c", 3]], "name": "circuit-897122", "global_phase": 0.0, "metadata": {}}, "data": {"counts": {"0x0": 401, "0x1": 753, "0x2": 799, "0x3": 286, "0x4": 590, "0x5": 332, "0x6": 417, "0x7": 518}, "snapshots": null, "memory": null, "statevector": null, "unitary": null}}, {"shots": 4096, "success": true, "status": null, "seed": null, "meas_level": 2, "meas_return": null, "header": {"qubit_labels": [["q", 0], ["q", 1], ["q", 2], ["q", 3], ["q", 4]], "n_qubits": 5, "qreg_sizes": [["q", 5]], "clbit_labels": [["c", 0], ["c", 1], ["c", 2]], "memory_slots": 3, "creg_sizes": [["c", 3]], "name": "circuit-897123", "global_phase": 0.0, "metadata": {}}, "data": {"counts": {"0x0": 2647, "0x1": 371, "0x2": 387, "0x3": 43, "0x4": 388, "0x5": 174, "0x6": 57, "0x7": 29}, "snapshots": null, "memory": null, "statevector": null, "unitary": null}}, {"shots": 4096, "success": true, "status": null, "seed": null, "meas_level": 2, "meas_return": null, "header": {"qubit_labels": [["q", 0], ["q", 1], ["q", 2], ["q", 3], ["q", 4]], "n_qubits": 5, "qreg_sizes": [["q", 5]], "clbit_labels": [["c", 0], ["c", 1], ["c", 2]], "memory_slots": 3, "creg_sizes": [["c", 3]], "name": "circuit-898775", "global_phase": 0.0, "metadata": {}}, "data": {"counts": {"0x0": 419, "0x1": 626, "0x2": 665, "0x3": 303, "0x4": 768, "0x5": 332, "0x6": 310, "0x7": 673}, "snapshots": null, "memory": null, "statevector": null, "unitary": null}}, {"shots": 4096, "success": true, "status": null, "seed": null, "meas_level": 2, "meas_return": null, "header": {"qubit_labels": [["q", 0], ["q", 1], ["q", 2], ["q", 3], ["q", 4]], "n_qubits": 5, "qreg_sizes": [["q", 5]], "clbit_labels": [["c", 0], ["c", 1], ["c", 2]], "memory_slots": 3, "creg_sizes": [["c", 3]], "name": "circuit-898776", "global_phase": 0.0, "metadata": {}}, "data": {"counts": {"0x0": 2624, "0x1": 407, "0x2": 431, "0x3": 57, "0x4": 323, "0x5": 181, "0x6": 46, "0x7": 27}, "snapshots": null, "memory": null, "statevector": null, "unitary": null}}, {"shots": 4096, "success": true, "status": null, "seed": null, "meas_level": 2, "meas_return": null, "header": {"qubit_labels": [["q", 0], ["q", 1], ["q", 2], ["q", 3], ["q", 4]], "n_qubits": 5, "qreg_sizes": [["q", 5]], "clbit_labels": [["c", 0], ["c", 1], ["c", 2]], "memory_slots": 3, "creg_sizes": [["c", 3]], "name": "circuit-900533", "global_phase": 0.0, "metadata": {}}, "data": {"counts": {"0x0": 461, "0x1": 689, "0x2": 535, "0x3": 411, "0x4": 572, "0x5": 529, "0x6": 356, "0x7": 543}, "snapshots": null, "memory": null, "statevector": null, "unitary": null}}, {"shots": 4096, "success": true, "status": null, "seed": null, "meas_level": 2, "meas_return": null, "header": {"qubit_labels": [["q", 0], ["q", 1], ["q", 2], ["q", 3], ["q", 4]], "n_qubits": 5, "qreg_sizes": [["q", 5]], "clbit_labels": [["c", 0], ["c", 1], ["c", 2]], "memory_slots": 3, "creg_sizes": [["c", 3]], "name": "circuit-900534", "global_phase": 0.0, "metadata": {}}, "data": {"counts": {"0x0": 2448, "0x1": 411, "0x2": 450, "0x3": 78, "0x4": 384, "0x5": 202, "0x6": 79, "0x7": 44}, "snapshots": null, "memory": null, "statevector": null, "unitary": null}}, {"shots": 4096, "success": true, "status": null, "seed": null, "meas_level": 2, "meas_return": null, "header": {"qubit_labels": [["q", 0], ["q", 1], ["q", 2], ["q", 3], ["q", 4]], "n_qubits": 5, "qreg_sizes": [["q", 5]], "clbit_labels": [["c", 0], ["c", 1], ["c", 2]], "memory_slots": 3, "creg_sizes": [["c", 3]], "name": "circuit-902381", "global_phase": 0.0, "metadata": {}}, "data": {"counts": {"0x0": 492, "0x1": 542, "0x2": 422, "0x3": 563, "0x4": 643, "0x5": 520, "0x6": 489, "0x7": 425}, "snapshots": null, "memory": null, "statevector": null, "unitary": null}}, {"shots": 4096, "success": true, "status": null, "seed": null, "meas_level": 2, "meas_return": null, "header": {"qubit_labels": [["q", 0], ["q", 1], ["q", 2], ["q", 3], ["q", 4]], "n_qubits": 5, "qreg_sizes": [["q", 5]], "clbit_labels": [["c", 0], ["c", 1], ["c", 2]], "memory_slots": 3, "creg_sizes": [["c", 3]], "name": "circuit-902382", "global_phase": 0.0, "metadata": {}}, "data": {"counts": {"0x0": 2169, "0x1": 468, "0x2": 480, "0x3": 87, "0x4": 487, "0x5": 275, "0x6": 77, "0x7": 53}, "snapshots": null, "memory": null, "statevector": null, "unitary": null}}, {"shots": 4096, "success": true, "status": null, "seed": null, "meas_level": 2, "meas_return": null, "header": {"qubit_labels": [["q", 0], ["q", 1], ["q", 2], ["q", 3], ["q", 4]], "n_qubits": 5, "qreg_sizes": [["q", 5]], "clbit_labels": [["c", 0], ["c", 1], ["c", 2]], "memory_slots": 3, "creg_sizes": [["c", 3]], "name": "circuit-904405", "global_phase": 0.0, "metadata": {}}, "data": {"counts": {"0x0": 619, "0x1": 586, "0x2": 513, "0x3": 485, "0x4": 502, "0x5": 538, "0x6": 454, "0x7": 399}, "snapshots": null, "memory": null, "statevector": null, "unitary": null}}, {"shots": 4096, "success": true, "status": null, "seed": null, "meas_level": 2, "meas_return": null, "header": {"qubit_labels": [["q", 0], ["q", 1], ["q", 2], ["q", 3], ["q", 4]], "n_qubits": 5, "qreg_sizes": [["q", 5]], "clbit_labels": [["c", 0], ["c", 1], ["c", 2]], "memory_slots": 3, "creg_sizes": [["c", 3]], "name": "circuit-904406", "global_phase": 0.0, "metadata": {}}, "data": {"counts": {"0x0": 2197, "0x1": 528, "0x2": 505, "0x3": 102, "0x4": 391, "0x5": 215, "0x6": 96, "0x7": 62}, "snapshots": null, "memory": null, "statevector": null, "unitary": null}}, {"shots": 4096, "success": true, "status": null, "seed": null, "meas_level": 2, "meas_return": null, "header": {"qubit_labels": [["q", 0], ["q", 1], ["q", 2], ["q", 3], ["q", 4]], "n_qubits": 5, "qreg_sizes": [["q", 5]], "clbit_labels": [["c", 0], ["c", 1], ["c", 2]], "memory_slots": 3, "creg_sizes": [["c", 3]], "name": "circuit-906588", "global_phase": 0.0, "metadata": {}}, "data": {"counts": {"0x0": 732, "0x1": 405, "0x2": 368, "0x3": 551, "0x4": 429, "0x5": 654, "0x6": 544, "0x7": 413}, "snapshots": null, "memory": null, "statevector": null, "unitary": null}}, {"shots": 4096, "success": true, "status": null, "seed": null, "meas_level": 2, "meas_return": null, "header": {"qubit_labels": [["q", 0], ["q", 1], ["q", 2], ["q", 3], ["q", 4]], "n_qubits": 5, "qreg_sizes": [["q", 5]], "clbit_labels": [["c", 0], ["c", 1], ["c", 2]], "memory_slots": 3, "creg_sizes": [["c", 3]], "name": "circuit-906589", "global_phase": 0.0, "metadata": {}}, "data": {"counts": {"0x0": 2330, "0x1": 415, "0x2": 473, "0x3": 125, "0x4": 368, "0x5": 256, "0x6": 74, "0x7": 55}, "snapshots": null, "memory": null, "statevector": null, "unitary": null}}, {"shots": 4096, "success": true, "status": null, "seed": null, "meas_level": 2, "meas_return": null, "header": {"qubit_labels": [["q", 0], ["q", 1], ["q", 2], ["q", 3], ["q", 4]], "n_qubits": 5, "qreg_sizes": [["q", 5]], "clbit_labels": [["c", 0], ["c", 1], ["c", 2]], "memory_slots": 3, "creg_sizes": [["c", 3]], "name": "circuit-908942", "global_phase": 0.0, "metadata": {}}, "data": {"counts": {"0x0": 592, "0x1": 385, "0x2": 386, "0x3": 686, "0x4": 458, "0x5": 545, "0x6": 693, "0x7": 351}, "snapshots": null, "memory": null, "statevector": null, "unitary": null}}, {"shots": 4096, "success": true, "status": null, "seed": null, "meas_level": 2, "meas_return": null, "header": {"qubit_labels": [["q", 0], ["q", 1], ["q", 2], ["q", 3], ["q", 4]], "n_qubits": 5, "qreg_sizes": [["q", 5]], "clbit_labels": [["c", 0], ["c", 1], ["c", 2]], "memory_slots": 3, "creg_sizes": [["c", 3]], "name": "circuit-908943", "global_phase": 0.0, "metadata": {}}, "data": {"counts": {"0x0": 2096, "0x1": 566, "0x2": 446, "0x3": 130, "0x4": 420, "0x5": 256, "0x6": 94, "0x7": 88}, "snapshots": null, "memory": null, "statevector": null, "unitary": null}}, {"shots": 4096, "success": true, "status": null, "seed": null, "meas_level": 2, "meas_return": null, "header": {"qubit_labels": [["q", 0], ["q", 1], ["q", 2], ["q", 3], ["q", 4]], "n_qubits": 5, "qreg_sizes": [["q", 5]], "clbit_labels": [["c", 0], ["c", 1], ["c", 2]], "memory_slots": 3, "creg_sizes": [["c", 3]], "name": "circuit-911360", "global_phase": 0.0, "metadata": {}}, "data": {"counts": {"0x0": 734, "0x1": 429, "0x2": 374, "0x3": 556, "0x4": 467, "0x5": 594, "0x6": 601, "0x7": 341}, "snapshots": null, "memory": null, "statevector": null, "unitary": null}}, {"shots": 4096, "success": true, "status": null, "seed": null, "meas_level": 2, "meas_return": null, "header": {"qubit_labels": [["q", 0], ["q", 1], ["q", 2], ["q", 3], ["q", 4]], "n_qubits": 5, "qreg_sizes": [["q", 5]], "clbit_labels": [["c", 0], ["c", 1], ["c", 2]], "memory_slots": 3, "creg_sizes": [["c", 3]], "name": "circuit-911361", "global_phase": 0.0, "metadata": {}}, "data": {"counts": {"0x0": 2027, "0x1": 382, "0x2": 645, "0x3": 120, "0x4": 413, "0x5": 298, "0x6": 130, "0x7": 81}, "snapshots": null, "memory": null, "statevector": null, "unitary": null}}, {"shots": 4096, "success": true, "status": null, "seed": null, "meas_level": 2, "meas_return": null, "header": {"qubit_labels": [["q", 0], ["q", 1], ["q", 2], ["q", 3], ["q", 4]], "n_qubits": 5, "qreg_sizes": [["q", 5]], "clbit_labels": [["c", 0], ["c", 1], ["c", 2]], "memory_slots": 3, "creg_sizes": [["c", 3]], "name": "circuit-913967", "global_phase": 0.0, "metadata": {}}, "data": {"counts": {"0x0": 561, "0x1": 417, "0x2": 384, "0x3": 534, "0x4": 495, "0x5": 638, "0x6": 699, "0x7": 368}, "snapshots": null, "memory": null, "statevector": null, "unitary": null}}, {"shots": 4096, "success": true, "status": null, "seed": null, "meas_level": 2, "meas_return": null, "header": {"qubit_labels": [["q", 0], ["q", 1], ["q", 2], ["q", 3], ["q", 4]], "n_qubits": 5, "qreg_sizes": [["q", 5]], "clbit_labels": [["c", 0], ["c", 1], ["c", 2]], "memory_slots": 3, "creg_sizes": [["c", 3]], "name": "circuit-913968", "global_phase": 0.0, "metadata": {}}, "data": {"counts": {"0x0": 2061, "0x1": 537, "0x2": 486, "0x3": 137, "0x4": 454, "0x5": 225, "0x6": 128, "0x7": 68}, "snapshots": null, "memory": null, "statevector": null, "unitary": null}}, {"shots": 4096, "success": true, "status": null, "seed": null, "meas_level": 2, "meas_return": null, "header": {"qubit_labels": [["q", 0], ["q", 1], ["q", 2], ["q", 3], ["q", 4]], "n_qubits": 5, "qreg_sizes": [["q", 5]], "clbit_labels": [["c", 0], ["c", 1], ["c", 2]], "memory_slots": 3, "creg_sizes": [["c", 3]], "name": "circuit-916718", "global_phase": 0.0, "metadata": {}}, "data": {"counts": {"0x0": 495, "0x1": 441, "0x2": 382, "0x3": 556, "0x4": 505, "0x5": 663, "0x6": 647, "0x7": 407}, "snapshots": null, "memory": null, "statevector": null, "unitary": null}}, {"shots": 4096, "success": true, "status": null, "seed": null, "meas_level": 2, "meas_return": null, "header": {"qubit_labels": [["q", 0], ["q", 1], ["q", 2], ["q", 3], ["q", 4]], "n_qubits": 5, "qreg_sizes": [["q", 5]], "clbit_labels": [["c", 0], ["c", 1], ["c", 2]], "memory_slots": 3, "creg_sizes": [["c", 3]], "name": "circuit-916719", "global_phase": 0.0, "metadata": {}}, "data": {"counts": {"0x0": 1988, "0x1": 558, "0x2": 499, "0x3": 124, "0x4": 432, "0x5": 311, "0x6": 123, "0x7": 61}, "snapshots": null, "memory": null, "statevector": null, "unitary": null}}, {"shots": 4096, "success": true, "status": null, "seed": null, "meas_level": 2, "meas_return": null, "header": {"qubit_labels": [["q", 0], ["q", 1], ["q", 2], ["q", 3], ["q", 4]], "n_qubits": 5, "qreg_sizes": [["q", 5]], "clbit_labels": [["c", 0], ["c", 1], ["c", 2]], "memory_slots": 3, "creg_sizes": [["c", 3]], "name": "circuit-919586", "global_phase": 0.0, "metadata": {}}, "data": {"counts": {"0x0": 680, "0x1": 455, "0x2": 403, "0x3": 541, "0x4": 477, "0x5": 525, "0x6": 633, "0x7": 382}, "snapshots": null, "memory": null, "statevector": null, "unitary": null}}, {"shots": 4096, "success": true, "status": null, "seed": null, "meas_level": 2, "meas_return": null, "header": {"qubit_labels": [["q", 0], ["q", 1], ["q", 2], ["q", 3], ["q", 4]], "n_qubits": 5, "qreg_sizes": [["q", 5]], "clbit_labels": [["c", 0], ["c", 1], ["c", 2]], "memory_slots": 3, "creg_sizes": [["c", 3]], "name": "circuit-919587", "global_phase": 0.0, "metadata": {}}, "data": {"counts": {"0x0": 1996, "0x1": 580, "0x2": 521, "0x3": 124, "0x4": 435, "0x5": 265, "0x6": 94, "0x7": 81}, "snapshots": null, "memory": null, "statevector": null, "unitary": null}}, {"shots": 4096, "success": true, "status": null, "seed": null, "meas_level": 2, "meas_return": null, "header": {"qubit_labels": [["q", 0], ["q", 1], ["q", 2], ["q", 3], ["q", 4]], "n_qubits": 5, "qreg_sizes": [["q", 5]], "clbit_labels": [["c", 0], ["c", 1], ["c", 2]], "memory_slots": 3, "creg_sizes": [["c", 3]], "name": "circuit-922569", "global_phase": 0.0, "metadata": {}}, "data": {"counts": {"0x0": 803, "0x1": 245, "0x2": 203, "0x3": 667, "0x4": 281, "0x5": 899, "0x6": 861, "0x7": 137}, "snapshots": null, "memory": null, "statevector": null, "unitary": null}}, {"shots": 4096, "success": true, "status": null, "seed": null, "meas_level": 2, "meas_return": null, "header": {"qubit_labels": [["q", 0], ["q", 1], ["q", 2], ["q", 3], ["q", 4]], "n_qubits": 5, "qreg_sizes": [["q", 5]], "clbit_labels": [["c", 0], ["c", 1], ["c", 2]], "memory_slots": 3, "creg_sizes": [["c", 3]], "name": "circuit-922570", "global_phase": 0.0, "metadata": {}}, "data": {"counts": {"0x0": 3621, "0x1": 128, "0x2": 92, "0x3": 3, "0x4": 224, "0x5": 28}, "snapshots": null, "memory": null, "statevector": null, "unitary": null}}, {"shots": 4096, "success": true, "status": null, "seed": null, "meas_level": 2, "meas_return": null, "header": {"qubit_labels": [["q", 0], ["q", 1], ["q", 2], ["q", 3], ["q", 4]], "n_qubits": 5, "qreg_sizes": [["q", 5]], "clbit_labels": [["c", 0], ["c", 1], ["c", 2]], "memory_slots": 3, "creg_sizes": [["c", 3]], "name": "circuit-922914", "global_phase": 0.0, "metadata": {}}, "data": {"counts": {"0x0": 742, "0x1": 297, "0x2": 247, "0x3": 543, "0x4": 308, "0x5": 962, "0x6": 844, "0x7": 153}, "snapshots": null, "memory": null, "statevector": null, "unitary": null}}, {"shots": 4096, "success": true, "status": null, "seed": null, "meas_level": 2, "meas_return": null, "header": {"qubit_labels": [["q", 0], ["q", 1], ["q", 2], ["q", 3], ["q", 4]], "n_qubits": 5, "qreg_sizes": [["q", 5]], "clbit_labels": [["c", 0], ["c", 1], ["c", 2]], "memory_slots": 3, "creg_sizes": [["c", 3]], "name": "circuit-922915", "global_phase": 0.0, "metadata": {}}, "data": {"counts": {"0x0": 3495, "0x1": 135, "0x2": 165, "0x3": 5, "0x4": 200, "0x5": 80, "0x6": 9, "0x7": 7}, "snapshots": null, "memory": null, "statevector": null, "unitary": null}}, {"shots": 4096, "success": true, "status": null, "seed": null, "meas_level": 2, "meas_return": null, "header": {"qubit_labels": [["q", 0], ["q", 1], ["q", 2], ["q", 3], ["q", 4]], "n_qubits": 5, "qreg_sizes": [["q", 5]], "clbit_labels": [["c", 0], ["c", 1], ["c", 2]], "memory_slots": 3, "creg_sizes": [["c", 3]], "name": "circuit-923419", "global_phase": 0.0, "metadata": {}}, "data": {"counts": {"0x0": 634, "0x1": 367, "0x2": 350, "0x3": 593, "0x4": 422, "0x5": 674, "0x6": 729, "0x7": 327}, "snapshots": null, "memory": null, "statevector": null, "unitary": null}}, {"shots": 4096, "success": true, "status": null, "seed": null, "meas_level": 2, "meas_return": null, "header": {"qubit_labels": [["q", 0], ["q", 1], ["q", 2], ["q", 3], ["q", 4]], "n_qubits": 5, "qreg_sizes": [["q", 5]], "clbit_labels": [["c", 0], ["c", 1], ["c", 2]], "memory_slots": 3, "creg_sizes": [["c", 3]], "name": "circuit-923420", "global_phase": 0.0, "metadata": {}}, "data": {"counts": {"0x0": 3440, "0x1": 165, "0x2": 157, "0x3": 17, "0x4": 221, "0x5": 77, "0x6": 16, "0x7": 3}, "snapshots": null, "memory": null, "statevector": null, "unitary": null}}, {"shots": 4096, "success": true, "status": null, "seed": null, "meas_level": 2, "meas_return": null, "header": {"qubit_labels": [["q", 0], ["q", 1], ["q", 2], ["q", 3], ["q", 4]], "n_qubits": 5, "qreg_sizes": [["q", 5]], "clbit_labels": [["c", 0], ["c", 1], ["c", 2]], "memory_slots": 3, "creg_sizes": [["c", 3]], "name": "circuit-924064", "global_phase": 0.0, "metadata": {}}, "data": {"counts": {"0x0": 613, "0x1": 463, "0x2": 390, "0x3": 554, "0x4": 430, "0x5": 597, "0x6": 664, "0x7": 385}, "snapshots": null, "memory": null, "statevector": null, "unitary": null}}, {"shots": 4096, "success": true, "status": null, "seed": null, "meas_level": 2, "meas_return": null, "header": {"qubit_labels": [["q", 0], ["q", 1], ["q", 2], ["q", 3], ["q", 4]], "n_qubits": 5, "qreg_sizes": [["q", 5]], "clbit_labels": [["c", 0], ["c", 1], ["c", 2]], "memory_slots": 3, "creg_sizes": [["c", 3]], "name": "circuit-924065", "global_phase": 0.0, "metadata": {}}, "data": {"counts": {"0x0": 3291, "0x1": 189, "0x2": 199, "0x3": 16, "0x4": 286, "0x5": 91, "0x6": 19, "0x7": 5}, "snapshots": null, "memory": null, "statevector": null, "unitary": null}}, {"shots": 4096, "success": true, "status": null, "seed": null, "meas_level": 2, "meas_return": null, "header": {"qubit_labels": [["q", 0], ["q", 1], ["q", 2], ["q", 3], ["q", 4]], "n_qubits": 5, "qreg_sizes": [["q", 5]], "clbit_labels": [["c", 0], ["c", 1], ["c", 2]], "memory_slots": 3, "creg_sizes": [["c", 3]], "name": "circuit-924823", "global_phase": 0.0, "metadata": {}}, "data": {"counts": {"0x0": 635, "0x1": 536, "0x2": 574, "0x3": 385, "0x4": 558, "0x5": 464, "0x6": 494, "0x7": 450}, "snapshots": null, "memory": null, "statevector": null, "unitary": null}}, {"shots": 4096, "success": true, "status": null, "seed": null, "meas_level": 2, "meas_return": null, "header": {"qubit_labels": [["q", 0], ["q", 1], ["q", 2], ["q", 3], ["q", 4]], "n_qubits": 5, "qreg_sizes": [["q", 5]], "clbit_labels": [["c", 0], ["c", 1], ["c", 2]], "memory_slots": 3, "creg_sizes": [["c", 3]], "name": "circuit-924824", "global_phase": 0.0, "metadata": {}}, "data": {"counts": {"0x0": 3125, "0x1": 191, "0x2": 257, "0x3": 20, "0x4": 361, "0x5": 100, "0x6": 31, "0x7": 11}, "snapshots": null, "memory": null, "statevector": null, "unitary": null}}, {"shots": 4096, "success": true, "status": null, "seed": null, "meas_level": 2, "meas_return": null, "header": {"qubit_labels": [["q", 0], ["q", 1], ["q", 2], ["q", 3], ["q", 4]], "n_qubits": 5, "qreg_sizes": [["q", 5]], "clbit_labels": [["c", 0], ["c", 1], ["c", 2]], "memory_slots": 3, "creg_sizes": [["c", 3]], "name": "circuit-925717", "global_phase": 0.0, "metadata": {}}, "data": {"counts": {"0x0": 451, "0x1": 721, "0x2": 625, "0x3": 331, "0x4": 693, "0x5": 447, "0x6": 322, "0x7": 506}, "snapshots": null, "memory": null, "statevector": null, "unitary": null}}, {"shots": 4096, "success": true, "status": null, "seed": null, "meas_level": 2, "meas_return": null, "header": {"qubit_labels": [["q", 0], ["q", 1], ["q", 2], ["q", 3], ["q", 4]], "n_qubits": 5, "qreg_sizes": [["q", 5]], "clbit_labels": [["c", 0], ["c", 1], ["c", 2]], "memory_slots": 3, "creg_sizes": [["c", 3]], "name": "circuit-925718", "global_phase": 0.0, "metadata": {}}, "data": {"counts": {"0x0": 3046, "0x1": 279, "0x2": 279, "0x3": 33, "0x4": 324, "0x5": 82, "0x6": 35, "0x7": 18}, "snapshots": null, "memory": null, "statevector": null, "unitary": null}}, {"shots": 4096, "success": true, "status": null, "seed": null, "meas_level": 2, "meas_return": null, "header": {"qubit_labels": [["q", 0], ["q", 1], ["q", 2], ["q", 3], ["q", 4]], "n_qubits": 5, "qreg_sizes": [["q", 5]], "clbit_labels": [["c", 0], ["c", 1], ["c", 2]], "memory_slots": 3, "creg_sizes": [["c", 3]], "name": "circuit-926788", "global_phase": 0.0, "metadata": {}}, "data": {"counts": {"0x0": 415, "0x1": 742, "0x2": 691, "0x3": 357, "0x4": 665, "0x5": 315, "0x6": 281, "0x7": 630}, "snapshots": null, "memory": null, "statevector": null, "unitary": null}}, {"shots": 4096, "success": true, "status": null, "seed": null, "meas_level": 2, "meas_return": null, "header": {"qubit_labels": [["q", 0], ["q", 1], ["q", 2], ["q", 3], ["q", 4]], "n_qubits": 5, "qreg_sizes": [["q", 5]], "clbit_labels": [["c", 0], ["c", 1], ["c", 2]], "memory_slots": 3, "creg_sizes": [["c", 3]], "name": "circuit-926789", "global_phase": 0.0, "metadata": {}}, "data": {"counts": {"0x0": 2972, "0x1": 310, "0x2": 284, "0x3": 29, "0x4": 292, "0x5": 165, "0x6": 26, "0x7": 18}, "snapshots": null, "memory": null, "statevector": null, "unitary": null}}, {"shots": 4096, "success": true, "status": null, "seed": null, "meas_level": 2, "meas_return": null, "header": {"qubit_labels": [["q", 0], ["q", 1], ["q", 2], ["q", 3], ["q", 4]], "n_qubits": 5, "qreg_sizes": [["q", 5]], "clbit_labels": [["c", 0], ["c", 1], ["c", 2]], "memory_slots": 3, "creg_sizes": [["c", 3]], "name": "circuit-927984", "global_phase": 0.0, "metadata": {}}, "data": {"counts": {"0x0": 425, "0x1": 811, "0x2": 669, "0x3": 268, "0x4": 731, "0x5": 297, "0x6": 300, "0x7": 595}, "snapshots": null, "memory": null, "statevector": null, "unitary": null}}, {"shots": 4096, "success": true, "status": null, "seed": null, "meas_level": 2, "meas_return": null, "header": {"qubit_labels": [["q", 0], ["q", 1], ["q", 2], ["q", 3], ["q", 4]], "n_qubits": 5, "qreg_sizes": [["q", 5]], "clbit_labels": [["c", 0], ["c", 1], ["c", 2]], "memory_slots": 3, "creg_sizes": [["c", 3]], "name": "circuit-927985", "global_phase": 0.0, "metadata": {}}, "data": {"counts": {"0x0": 2784, "0x1": 318, "0x2": 381, "0x3": 36, "0x4": 313, "0x5": 204, "0x6": 37, "0x7": 23}, "snapshots": null, "memory": null, "statevector": null, "unitary": null}}, {"shots": 4096, "success": true, "status": null, "seed": null, "meas_level": 2, "meas_return": null, "header": {"qubit_labels": [["q", 0], ["q", 1], ["q", 2], ["q", 3], ["q", 4]], "n_qubits": 5, "qreg_sizes": [["q", 5]], "clbit_labels": [["c", 0], ["c", 1], ["c", 2]], "memory_slots": 3, "creg_sizes": [["c", 3]], "name": "circuit-929324", "global_phase": 0.0, "metadata": {}}, "data": {"counts": {"0x0": 424, "0x1": 737, "0x2": 794, "0x3": 255, "0x4": 779, "0x5": 307, "0x6": 292, "0x7": 508}, "snapshots": null, "memory": null, "statevector": null, "unitary": null}}, {"shots": 4096, "success": true, "status": null, "seed": null, "meas_level": 2, "meas_return": null, "header": {"qubit_labels": [["q", 0], ["q", 1], ["q", 2], ["q", 3], ["q", 4]], "n_qubits": 5, "qreg_sizes": [["q", 5]], "clbit_labels": [["c", 0], ["c", 1], ["c", 2]], "memory_slots": 3, "creg_sizes": [["c", 3]], "name": "circuit-929325", "global_phase": 0.0, "metadata": {}}, "data": {"counts": {"0x0": 2742, "0x1": 315, "0x2": 404, "0x3": 55, "0x4": 320, "0x5": 177, "0x6": 50, "0x7": 33}, "snapshots": null, "memory": null, "statevector": null, "unitary": null}}, {"shots": 4096, "success": true, "status": null, "seed": null, "meas_level": 2, "meas_return": null, "header": {"qubit_labels": [["q", 0], ["q", 1], ["q", 2], ["q", 3], ["q", 4]], "n_qubits": 5, "qreg_sizes": [["q", 5]], "clbit_labels": [["c", 0], ["c", 1], ["c", 2]], "memory_slots": 3, "creg_sizes": [["c", 3]], "name": "circuit-930844", "global_phase": 0.0, "metadata": {}}, "data": {"counts": {"0x0": 371, "0x1": 702, "0x2": 802, "0x3": 305, "0x4": 669, "0x5": 364, "0x6": 323, "0x7": 560}, "snapshots": null, "memory": null, "statevector": null, "unitary": null}}, {"shots": 4096, "success": true, "status": null, "seed": null, "meas_level": 2, "meas_return": null, "header": {"qubit_labels": [["q", 0], ["q", 1], ["q", 2], ["q", 3], ["q", 4]], "n_qubits": 5, "qreg_sizes": [["q", 5]], "clbit_labels": [["c", 0], ["c", 1], ["c", 2]], "memory_slots": 3, "creg_sizes": [["c", 3]], "name": "circuit-930845", "global_phase": 0.0, "metadata": {}}, "data": {"counts": {"0x0": 2745, "0x1": 274, "0x2": 407, "0x3": 45, "0x4": 368, "0x5": 156, "0x6": 73, "0x7": 28}, "snapshots": null, "memory": null, "statevector": null, "unitary": null}}, {"shots": 4096, "success": true, "status": null, "seed": null, "meas_level": 2, "meas_return": null, "header": {"qubit_labels": [["q", 0], ["q", 1], ["q", 2], ["q", 3], ["q", 4]], "n_qubits": 5, "qreg_sizes": [["q", 5]], "clbit_labels": [["c", 0], ["c", 1], ["c", 2]], "memory_slots": 3, "creg_sizes": [["c", 3]], "name": "circuit-932442", "global_phase": 0.0, "metadata": {}}, "data": {"counts": {"0x0": 409, "0x1": 606, "0x2": 541, "0x3": 401, "0x4": 796, "0x5": 434, "0x6": 310, "0x7": 599}, "snapshots": null, "memory": null, "statevector": null, "unitary": null}}, {"shots": 4096, "success": true, "status": null, "seed": null, "meas_level": 2, "meas_return": null, "header": {"qubit_labels": [["q", 0], ["q", 1], ["q", 2], ["q", 3], ["q", 4]], "n_qubits": 5, "qreg_sizes": [["q", 5]], "clbit_labels": [["c", 0], ["c", 1], ["c", 2]], "memory_slots": 3, "creg_sizes": [["c", 3]], "name": "circuit-932443", "global_phase": 0.0, "metadata": {}}, "data": {"counts": {"0x0": 2610, "0x1": 340, "0x2": 410, "0x3": 63, "0x4": 338, "0x5": 238, "0x6": 55, "0x7": 42}, "snapshots": null, "memory": null, "statevector": null, "unitary": null}}, {"shots": 4096, "success": true, "status": null, "seed": null, "meas_level": 2, "meas_return": null, "header": {"qubit_labels": [["q", 0], ["q", 1], ["q", 2], ["q", 3], ["q", 4]], "n_qubits": 5, "qreg_sizes": [["q", 5]], "clbit_labels": [["c", 0], ["c", 1], ["c", 2]], "memory_slots": 3, "creg_sizes": [["c", 3]], "name": "circuit-934186", "global_phase": 0.0, "metadata": {}}, "data": {"counts": {"0x0": 476, "0x1": 674, "0x2": 652, "0x3": 394, "0x4": 625, "0x5": 379, "0x6": 416, "0x7": 480}, "snapshots": null, "memory": null, "statevector": null, "unitary": null}}, {"shots": 4096, "success": true, "status": null, "seed": null, "meas_level": 2, "meas_return": null, "header": {"qubit_labels": [["q", 0], ["q", 1], ["q", 2], ["q", 3], ["q", 4]], "n_qubits": 5, "qreg_sizes": [["q", 5]], "clbit_labels": [["c", 0], ["c", 1], ["c", 2]], "memory_slots": 3, "creg_sizes": [["c", 3]], "name": "circuit-934187", "global_phase": 0.0, "metadata": {}}, "data": {"counts": {"0x0": 2473, "0x1": 472, "0x2": 396, "0x3": 87, "0x4": 325, "0x5": 229, "0x6": 69, "0x7": 45}, "snapshots": null, "memory": null, "statevector": null, "unitary": null}}, {"shots": 4096, "success": true, "status": null, "seed": null, "meas_level": 2, "meas_return": null, "header": {"qubit_labels": [["q", 0], ["q", 1], ["q", 2], ["q", 3], ["q", 4]], "n_qubits": 5, "qreg_sizes": [["q", 5]], "clbit_labels": [["c", 0], ["c", 1], ["c", 2]], "memory_slots": 3, "creg_sizes": [["c", 3]], "name": "circuit-936068", "global_phase": 0.0, "metadata": {}}, "data": {"counts": {"0x0": 570, "0x1": 462, "0x2": 485, "0x3": 489, "0x4": 430, "0x5": 703, "0x6": 526, "0x7": 431}, "snapshots": null, "memory": null, "statevector": null, "unitary": null}}, {"shots": 4096, "success": true, "status": null, "seed": null, "meas_level": 2, "meas_return": null, "header": {"qubit_labels": [["q", 0], ["q", 1], ["q", 2], ["q", 3], ["q", 4]], "n_qubits": 5, "qreg_sizes": [["q", 5]], "clbit_labels": [["c", 0], ["c", 1], ["c", 2]], "memory_slots": 3, "creg_sizes": [["c", 3]], "name": "circuit-936069", "global_phase": 0.0, "metadata": {}}, "data": {"counts": {"0x0": 2430, "0x1": 395, "0x2": 457, "0x3": 97, "0x4": 408, "0x5": 184, "0x6": 74, "0x7": 51}, "snapshots": null, "memory": null, "statevector": null, "unitary": null}}, {"shots": 4096, "success": true, "status": null, "seed": null, "meas_level": 2, "meas_return": null, "header": {"qubit_labels": [["q", 0], ["q", 1], ["q", 2], ["q", 3], ["q", 4]], "n_qubits": 5, "qreg_sizes": [["q", 5]], "clbit_labels": [["c", 0], ["c", 1], ["c", 2]], "memory_slots": 3, "creg_sizes": [["c", 3]], "name": "circuit-938100", "global_phase": 0.0, "metadata": {}}, "data": {"counts": {"0x0": 637, "0x1": 440, "0x2": 501, "0x3": 539, "0x4": 533, "0x5": 504, "0x6": 511, "0x7": 431}, "snapshots": null, "memory": null, "statevector": null, "unitary": null}}, {"shots": 4096, "success": true, "status": null, "seed": null, "meas_level": 2, "meas_return": null, "header": {"qubit_labels": [["q", 0], ["q", 1], ["q", 2], ["q", 3], ["q", 4]], "n_qubits": 5, "qreg_sizes": [["q", 5]], "clbit_labels": [["c", 0], ["c", 1], ["c", 2]], "memory_slots": 3, "creg_sizes": [["c", 3]], "name": "circuit-938101", "global_phase": 0.0, "metadata": {}}, "data": {"counts": {"0x0": 2361, "0x1": 469, "0x2": 496, "0x3": 107, "0x4": 355, "0x5": 206, "0x6": 56, "0x7": 46}, "snapshots": null, "memory": null, "statevector": null, "unitary": null}}, {"shots": 4096, "success": true, "status": null, "seed": null, "meas_level": 2, "meas_return": null, "header": {"qubit_labels": [["q", 0], ["q", 1], ["q", 2], ["q", 3], ["q", 4]], "n_qubits": 5, "qreg_sizes": [["q", 5]], "clbit_labels": [["c", 0], ["c", 1], ["c", 2]], "memory_slots": 3, "creg_sizes": [["c", 3]], "name": "circuit-940275", "global_phase": 0.0, "metadata": {}}, "data": {"counts": {"0x0": 717, "0x1": 521, "0x2": 451, "0x3": 538, "0x4": 439, "0x5": 469, "0x6": 610, "0x7": 351}, "snapshots": null, "memory": null, "statevector": null, "unitary": null}}, {"shots": 4096, "success": true, "status": null, "seed": null, "meas_level": 2, "meas_return": null, "header": {"qubit_labels": [["q", 0], ["q", 1], ["q", 2], ["q", 3], ["q", 4]], "n_qubits": 5, "qreg_sizes": [["q", 5]], "clbit_labels": [["c", 0], ["c", 1], ["c", 2]], "memory_slots": 3, "creg_sizes": [["c", 3]], "name": "circuit-940276", "global_phase": 0.0, "metadata": {}}, "data": {"counts": {"0x0": 2228, "0x1": 494, "0x2": 519, "0x3": 99, "0x4": 374, "0x5": 258, "0x6": 77, "0x7": 47}, "snapshots": null, "memory": null, "statevector": null, "unitary": null}}, {"shots": 4096, "success": true, "status": null, "seed": null, "meas_level": 2, "meas_return": null, "header": {"qubit_labels": [["q", 0], ["q", 1], ["q", 2], ["q", 3], ["q", 4]], "n_qubits": 5, "qreg_sizes": [["q", 5]], "clbit_labels": [["c", 0], ["c", 1], ["c", 2]], "memory_slots": 3, "creg_sizes": [["c", 3]], "name": "circuit-942606", "global_phase": 0.0, "metadata": {}}, "data": {"counts": {"0x0": 592, "0x1": 420, "0x2": 325, "0x3": 660, "0x4": 475, "0x5": 563, "0x6": 683, "0x7": 378}, "snapshots": null, "memory": null, "statevector": null, "unitary": null}}, {"shots": 4096, "success": true, "status": null, "seed": null, "meas_level": 2, "meas_return": null, "header": {"qubit_labels": [["q", 0], ["q", 1], ["q", 2], ["q", 3], ["q", 4]], "n_qubits": 5, "qreg_sizes": [["q", 5]], "clbit_labels": [["c", 0], ["c", 1], ["c", 2]], "memory_slots": 3, "creg_sizes": [["c", 3]], "name": "circuit-942607", "global_phase": 0.0, "metadata": {}}, "data": {"counts": {"0x0": 2213, "0x1": 446, "0x2": 488, "0x3": 94, "0x4": 417, "0x5": 286, "0x6": 87, "0x7": 65}, "snapshots": null, "memory": null, "statevector": null, "unitary": null}}, {"shots": 4096, "success": true, "status": null, "seed": null, "meas_level": 2, "meas_return": null, "header": {"qubit_labels": [["q", 0], ["q", 1], ["q", 2], ["q", 3], ["q", 4]], "n_qubits": 5, "qreg_sizes": [["q", 5]], "clbit_labels": [["c", 0], ["c", 1], ["c", 2]], "memory_slots": 3, "creg_sizes": [["c", 3]], "name": "circuit-945068", "global_phase": 0.0, "metadata": {}}, "data": {"counts": {"0x0": 658, "0x1": 453, "0x2": 368, "0x3": 757, "0x4": 421, "0x5": 548, "0x6": 525, "0x7": 366}, "snapshots": null, "memory": null, "statevector": null, "unitary": null}}, {"shots": 4096, "success": true, "status": null, "seed": null, "meas_level": 2, "meas_return": null, "header": {"qubit_labels": [["q", 0], ["q", 1], ["q", 2], ["q", 3], ["q", 4]], "n_qubits": 5, "qreg_sizes": [["q", 5]], "clbit_labels": [["c", 0], ["c", 1], ["c", 2]], "memory_slots": 3, "creg_sizes": [["c", 3]], "name": "circuit-945069", "global_phase": 0.0, "metadata": {}}, "data": {"counts": {"0x0": 2025, "0x1": 548, "0x2": 517, "0x3": 137, "0x4": 433, "0x5": 253, "0x6": 121, "0x7": 62}, "snapshots": null, "memory": null, "statevector": null, "unitary": null}}, {"shots": 4096, "success": true, "status": null, "seed": null, "meas_level": 2, "meas_return": null, "header": {"qubit_labels": [["q", 0], ["q", 1], ["q", 2], ["q", 3], ["q", 4]], "n_qubits": 5, "qreg_sizes": [["q", 5]], "clbit_labels": [["c", 0], ["c", 1], ["c", 2]], "memory_slots": 3, "creg_sizes": [["c", 3]], "name": "circuit-947657", "global_phase": 0.0, "metadata": {}}, "data": {"counts": {"0x0": 601, "0x1": 443, "0x2": 390, "0x3": 620, "0x4": 472, "0x5": 701, "0x6": 559, "0x7": 310}, "snapshots": null, "memory": null, "statevector": null, "unitary": null}}, {"shots": 4096, "success": true, "status": null, "seed": null, "meas_level": 2, "meas_return": null, "header": {"qubit_labels": [["q", 0], ["q", 1], ["q", 2], ["q", 3], ["q", 4]], "n_qubits": 5, "qreg_sizes": [["q", 5]], "clbit_labels": [["c", 0], ["c", 1], ["c", 2]], "memory_slots": 3, "creg_sizes": [["c", 3]], "name": "circuit-947658", "global_phase": 0.0, "metadata": {}}, "data": {"counts": {"0x0": 2065, "0x1": 463, "0x2": 479, "0x3": 149, "0x4": 422, "0x5": 333, "0x6": 114, "0x7": 71}, "snapshots": null, "memory": null, "statevector": null, "unitary": null}}, {"shots": 4096, "success": true, "status": null, "seed": null, "meas_level": 2, "meas_return": null, "header": {"qubit_labels": [["q", 0], ["q", 1], ["q", 2], ["q", 3], ["q", 4]], "n_qubits": 5, "qreg_sizes": [["q", 5]], "clbit_labels": [["c", 0], ["c", 1], ["c", 2]], "memory_slots": 3, "creg_sizes": [["c", 3]], "name": "circuit-950403", "global_phase": 0.0, "metadata": {}}, "data": {"counts": {"0x0": 742, "0x1": 423, "0x2": 434, "0x3": 703, "0x4": 424, "0x5": 482, "0x6": 537, "0x7": 351}, "snapshots": null, "memory": null, "statevector": null, "unitary": null}}, {"shots": 4096, "success": true, "status": null, "seed": null, "meas_level": 2, "meas_return": null, "header": {"qubit_labels": [["q", 0], ["q", 1], ["q", 2], ["q", 3], ["q", 4]], "n_qubits": 5, "qreg_sizes": [["q", 5]], "clbit_labels": [["c", 0], ["c", 1], ["c", 2]], "memory_slots": 3, "creg_sizes": [["c", 3]], "name": "circuit-950404", "global_phase": 0.0, "metadata": {}}, "data": {"counts": {"0x0": 2115, "0x1": 476, "0x2": 551, "0x3": 129, "0x4": 366, "0x5": 255, "0x6": 127, "0x7": 77}, "snapshots": null, "memory": null, "statevector": null, "unitary": null}}, {"shots": 4096, "success": true, "status": null, "seed": null, "meas_level": 2, "meas_return": null, "header": {"qubit_labels": [["q", 0], ["q", 1], ["q", 2], ["q", 3], ["q", 4]], "n_qubits": 5, "qreg_sizes": [["q", 5]], "clbit_labels": [["c", 0], ["c", 1], ["c", 2]], "memory_slots": 3, "creg_sizes": [["c", 3]], "name": "circuit-953367", "global_phase": 0.0, "metadata": {}}, "data": {"counts": {"0x0": 592, "0x1": 448, "0x2": 446, "0x3": 477, "0x4": 537, "0x5": 510, "0x6": 685, "0x7": 401}, "snapshots": null, "memory": null, "statevector": null, "unitary": null}}, {"shots": 4096, "success": true, "status": null, "seed": null, "meas_level": 2, "meas_return": null, "header": {"qubit_labels": [["q", 0], ["q", 1], ["q", 2], ["q", 3], ["q", 4]], "n_qubits": 5, "qreg_sizes": [["q", 5]], "clbit_labels": [["c", 0], ["c", 1], ["c", 2]], "memory_slots": 3, "creg_sizes": [["c", 3]], "name": "circuit-953368", "global_phase": 0.0, "metadata": {}}, "data": {"counts": {"0x0": 1847, "0x1": 481, "0x2": 491, "0x3": 125, "0x4": 566, "0x5": 354, "0x6": 157, "0x7": 75}, "snapshots": null, "memory": null, "statevector": null, "unitary": null}}], "error": null}