{"backend_name": "ibmq_quito", "backend_version": "1.1.33", "qobj_id": "f19ff5dd-fd25-41a6-961f-0cc1544f85fd", "job_id": "62e165ee5593a81c8e1928da", "date": "2022-07-27T16:30:14Z", "success": true, "status": "Successful completion", "execution_id": "1026342a-0dc9-11ed-986f-b02628f7f59e", "time_taken": 141.04957604408264, "header": {"backend_name": "ibmq_quito", "backend_version": "1.1.33"}, "results": [{"shots": 4096, "success": true, "status": null, "seed": null, "meas_level": 2, "meas_return": null, "header": {"qubit_labels": [["q", 0], ["q", 1], ["q", 2], ["q", 3], ["q", 4]], "n_qubits": 5, "qreg_sizes": [["q", 5]], "clbit_labels": [["c", 0], ["c", 1], ["c", 2]], "memory_slots": 3, "creg_sizes": [["c", 3]], "name": "circuit-694933", "global_phase": 0.0, "metadata": {}}, "data": {"counts": {"0x0": 643, "0x1": 503, "0x2": 371, "0x3": 467, "0x4": 643, "0x5": 336, "0x6": 507, "0x7": 626}, "snapshots": null, "memory": null, "statevector": null, "unitary": null}}, {"shots": 4096, "success": true, "status": null, "seed": null, "meas_level": 2, "meas_return": null, "header": {"qubit_labels": [["q", 0], ["q", 1], ["q", 2], ["q", 3], ["q", 4]], "n_qubits": 5, "qreg_sizes": [["q", 5]], "clbit_labels": [["c", 0], ["c", 1], ["c", 2]], "memory_slots": 3, "creg_sizes": [["c", 3]], "name": "circuit-694934", "global_phase": 0.0, "metadata": {}}, "data": {"counts": {"0x0": 1853, "0x1": 447, "0x2": 473, "0x3": 95, "0x4": 663, "0x5": 343, "0x6": 139, "0x7": 83}, "snapshots": null, "memory": null, "statevector": null, "unitary": null}}, {"shots": 4096, "success": true, "status": null, "seed": null, "meas_level": 2, "meas_return": null, "header": {"qubit_labels": [["q", 0], ["q", 1], ["q", 2], ["q", 3], ["q", 4]], "n_qubits": 5, "qreg_sizes": [["q", 5]], "clbit_labels": [["c", 0], ["c", 1], ["c", 2]], "memory_slots": 3, "creg_sizes": [["c", 3]], "name": "circuit-696671", "global_phase": 0.0, "metadata": {}}, "data": {"counts": {"0x0": 543, "0x1": 390, "0x2": 530, "0x3": 571, "0x4": 391, "0x5": 626, "0x6": 479, "0x7": 566}, "snapshots": null, "memory": null, "statevector": null, "unitary": null}}, {"shots": 4096, "success": true, "status": null, "seed": null, "meas_level": 2, "meas_return": null, "header": {"qubit_labels": [["q", 0], ["q", 1], ["q", 2], ["q", 3], ["q", 4]], "n_qubits": 5, "qreg_sizes": [["q", 5]], "clbit_labels": [["c", 0], ["c", 1], ["c", 2]], "memory_slots": 3, "creg_sizes": [["c", 3]], "name": "circuit-696672", "global_phase": 0.0, "metadata": {}}, "data": {"counts": {"0x0": 1914, "0x1": 437, "0x2": 416, "0x3": 112, "0x4": 616, "0x5": 338, "0x6": 170, "0x7": 93}, "snapshots": null, "memory": null, "statevector": null, "unitary": null}}, {"shots": 4096, "success": true, "status": null, "seed": null, "meas_level": 2, "meas_return": null, "header": {"qubit_labels": [["q", 0], ["q", 1], ["q", 2], ["q", 3], ["q", 4]], "n_qubits": 5, "qreg_sizes": [["q", 5]], "clbit_labels": [["c", 0], ["c", 1], ["c", 2]], "memory_slots": 3, "creg_sizes": [["c", 3]], "name": "circuit-698554", "global_phase": 0.0, "metadata": {}}, "data": {"counts": {"0x0": 584, "0x1": 463, "0x2": 448, "0x3": 698, "0x4": 363, "0x5": 571, "0x6": 477, "0x7": 492}, "snapshots": null, "memory": null, "statevector": null, "unitary": null}}, {"shots": 4096, "success": true, "status": null, "seed": null, "meas_level": 2, "meas_return": null, "header": {"qubit_labels": [["q", 0], ["q", 1], ["q", 2], ["q", 3], ["q", 4]], "n_qubits": 5, "qreg_sizes": [["q", 5]], "clbit_labels": [["c", 0], ["c", 1], ["c", 2]], "memory_slots": 3, "creg_sizes": [["c", 3]], "name": "circuit-698555", "global_phase": 0.0, "metadata": {}}, "data": {"counts": {"0x0": 1679, "0x1": 487, "0x2": 520, "0x3": 320, "0x4": 451, "0x5": 318, "0x6": 163, "0x7": 158}, "snapshots": null, "memory": null, "statevector": null, "unitary": null}}, {"shots": 4096, "success": true, "status": null, "seed": null, "meas_level": 2, "meas_return": null, "header": {"qubit_labels": [["q", 0], ["q", 1], ["q", 2], ["q", 3], ["q", 4]], "n_qubits": 5, "qreg_sizes": [["q", 5]], "clbit_labels": [["c", 0], ["c", 1], ["c", 2]], "memory_slots": 3, "creg_sizes": [["c", 3]], "name": "circuit-700581", "global_phase": 0.0, "metadata": {}}, "data": {"counts": {"0x0": 563, "0x1": 455, "0x2": 533, "0x3": 744, "0x4": 384, "0x5": 478, "0x6": 518, "0x7": 421}, "snapshots": null, "memory": null, "statevector": null, "unitary": null}}, {"shots": 4096, "success": true, "status": null, "seed": null, "meas_level": 2, "meas_return": null, "header": {"qubit_labels": [["q", 0], ["q", 1], ["q", 2], ["q", 3], ["q", 4]], "n_qubits": 5, "qreg_sizes": [["q", 5]], "clbit_labels": [["c", 0], ["c", 1], ["c", 2]], "memory_slots": 3, "creg_sizes": [["c", 3]], "name": "circuit-700582", "global_phase": 0.0, "metadata": {}}, "data": {"counts": {"0x0": 1192, "0x1": 993, "0x2": 459, "0x3": 381, "0x4": 348, "0x5": 421, "0x6": 149, "0x7": 153}, "snapshots": null, "memory": null, "statevector": null, "unitary": null}}, {"shots": 4096, "success": true, "status": null, "seed": null, "meas_level": 2, "meas_return": null, "header": {"qubit_labels": [["q", 0], ["q", 1], ["q", 2], ["q", 3], ["q", 4]], "n_qubits": 5, "qreg_sizes": [["q", 5]], "clbit_labels": [["c", 0], ["c", 1], ["c", 2]], "memory_slots": 3, "creg_sizes": [["c", 3]], "name": "circuit-702792", "global_phase": 0.0, "metadata": {}}, "data": {"counts": {"0x0": 434, "0x1": 494, "0x2": 585, "0x3": 605, "0x4": 403, "0x5": 638, "0x6": 505, "0x7": 432}, "snapshots": null, "memory": null, "statevector": null, "unitary": null}}, {"shots": 4096, "success": true, "status": null, "seed": null, "meas_level": 2, "meas_return": null, "header": {"qubit_labels": [["q", 0], ["q", 1], ["q", 2], ["q", 3], ["q", 4]], "n_qubits": 5, "qreg_sizes": [["q", 5]], "clbit_labels": [["c", 0], ["c", 1], ["c", 2]], "memory_slots": 3, "creg_sizes": [["c", 3]], "name": "circuit-702793", "global_phase": 0.0, "metadata": {}}, "data": {"counts": {"0x0": 1590, "0x1": 480, "0x2": 609, "0x3": 275, "0x4": 485, "0x5": 299, "0x6": 201, "0x7": 157}, "snapshots": null, "memory": null, "statevector": null, "unitary": null}}, {"shots": 4096, "success": true, "status": null, "seed": null, "meas_level": 2, "meas_return": null, "header": {"qubit_labels": [["q", 0], ["q", 1], ["q", 2], ["q", 3], ["q", 4]], "n_qubits": 5, "qreg_sizes": [["q", 5]], "clbit_labels": [["c", 0], ["c", 1], ["c", 2]], "memory_slots": 3, "creg_sizes": [["c", 3]], "name": "circuit-705168", "global_phase": 0.0, "metadata": {}}, "data": {"counts": {"0x0": 672, "0x1": 441, "0x2": 452, "0x3": 608, "0x4": 366, "0x5": 598, "0x6": 541, "0x7": 418}, "snapshots": null, "memory": null, "statevector": null, "unitary": null}}, {"shots": 4096, "success": true, "status": null, "seed": null, "meas_level": 2, "meas_return": null, "header": {"qubit_labels": [["q", 0], ["q", 1], ["q", 2], ["q", 3], ["q", 4]], "n_qubits": 5, "qreg_sizes": [["q", 5]], "clbit_labels": [["c", 0], ["c", 1], ["c", 2]], "memory_slots": 3, "creg_sizes": [["c", 3]], "name": "circuit-705169", "global_phase": 0.0, "metadata": {}}, "data": {"counts": {"0x0": 1178, "0x1": 663, "0x2": 740, "0x3": 279, "0x4": 397, "0x5": 383, "0x6": 238, "0x7": 218}, "snapshots": null, "memory": null, "statevector": null, "unitary": null}}, {"shots": 4096, "success": true, "status": null, "seed": null, "meas_level": 2, "meas_return": null, "header": {"qubit_labels": [["q", 0], ["q", 1], ["q", 2], ["q", 3], ["q", 4]], "n_qubits": 5, "qreg_sizes": [["q", 5]], "clbit_labels": [["c", 0], ["c", 1], ["c", 2]], "memory_slots": 3, "creg_sizes": [["c", 3]], "name": "circuit-707654", "global_phase": 0.0, "metadata": {}}, "data": {"counts": {"0x0": 471, "0x1": 453, "0x2": 509, "0x3": 626, "0x4": 385, "0x5": 503, "0x6": 699, "0x7": 450}, "snapshots": null, "memory": null, "statevector": null, "unitary": null}}, {"shots": 4096, "success": true, "status": null, "seed": null, "meas_level": 2, "meas_return": null, "header": {"qubit_labels": [["q", 0], ["q", 1], ["q", 2], ["q", 3], ["q", 4]], "n_qubits": 5, "qreg_sizes": [["q", 5]], "clbit_labels": [["c", 0], ["c", 1], ["c", 2]], "memory_slots": 3, "creg_sizes": [["c", 3]], "name": "circuit-707655", "global_phase": 0.0, "metadata": {}}, "data": {"counts": {"0x0": 1560, "0x1": 479, "0x2": 532, "0x3": 171, "0x4": 655, "0x5": 365, "0x6": 196, "0x7": 138}, "snapshots": null, "memory": null, "statevector": null, "unitary": null}}, {"shots": 4096, "success": true, "status": null, "seed": null, "meas_level": 2, "meas_return": null, "header": {"qubit_labels": [["q", 0], ["q", 1], ["q", 2], ["q", 3], ["q", 4]], "n_qubits": 5, "qreg_sizes": [["q", 5]], "clbit_labels": [["c", 0], ["c", 1], ["c", 2]], "memory_slots": 3, "creg_sizes": [["c", 3]], "name": "circuit-710250", "global_phase": 0.0, "metadata": {}}, "data": {"counts": {"0x0": 421, "0x1": 484, "0x2": 511, "0x3": 673, "0x4": 445, "0x5": 588, "0x6": 503, "0x7": 471}, "snapshots": null, "memory": null, "statevector": null, "unitary": null}}, {"shots": 4096, "success": true, "status": null, "seed": null, "meas_level": 2, "meas_return": null, "header": {"qubit_labels": [["q", 0], ["q", 1], ["q", 2], ["q", 3], ["q", 4]], "n_qubits": 5, "qreg_sizes": [["q", 5]], "clbit_labels": [["c", 0], ["c", 1], ["c", 2]], "memory_slots": 3, "creg_sizes": [["c", 3]], "name": "circuit-710251", "global_phase": 0.0, "metadata": {}}, "data": {"counts": {"0x0": 1184, "0x1": 749, "0x2": 622, "0x3": 342, "0x4": 414, "0x5": 374, "0x6": 206, "0x7": 205}, "snapshots": null, "memory": null, "statevector": null, "unitary": null}}, {"shots": 4096, "success": true, "status": null, "seed": null, "meas_level": 2, "meas_return": null, "header": {"qubit_labels": [["q", 0], ["q", 1], ["q", 2], ["q", 3], ["q", 4]], "n_qubits": 5, "qreg_sizes": [["q", 5]], "clbit_labels": [["c", 0], ["c", 1], ["c", 2]], "memory_slots": 3, "creg_sizes": [["c", 3]], "name": "circuit-713003", "global_phase": 0.0, "metadata": {}}, "data": {"counts": {"0x0": 496, "0x1": 569, "0x2": 529, "0x3": 608, "0x4": 492, "0x5": 471, "0x6": 522, "0x7": 409}, "snapshots": null, "memory": null, "statevector": null, "unitary": null}}, {"shots": 4096, "success": true, "status": null, "seed": null, "meas_level": 2, "meas_return": null, "header": {"qubit_labels": [["q", 0], ["q", 1], ["q", 2], ["q", 3], ["q", 4]], "n_qubits": 5, "qreg_sizes": [["q", 5]], "clbit_labels": [["c", 0], ["c", 1], ["c", 2]], "memory_slots": 3, "creg_sizes": [["c", 3]], "name": "circuit-713004", "global_phase": 0.0, "metadata": {}}, "data": {"counts": {"0x0": 1065, "0x1": 695, "0x2": 657, "0x3": 314, "0x4": 485, "0x5": 411, "0x6": 258, "0x7": 211}, "snapshots": null, "memory": null, "statevector": null, "unitary": null}}, {"shots": 4096, "success": true, "status": null, "seed": null, "meas_level": 2, "meas_return": null, "header": {"qubit_labels": [["q", 0], ["q", 1], ["q", 2], ["q", 3], ["q", 4]], "n_qubits": 5, "qreg_sizes": [["q", 5]], "clbit_labels": [["c", 0], ["c", 1], ["c", 2]], "memory_slots": 3, "creg_sizes": [["c", 3]], "name": "circuit-715980", "global_phase": 0.0, "metadata": {}}, "data": {"counts": {"0x0": 471, "0x1": 456, "0x2": 493, "0x3": 582, "0x4": 471, "0x5": 473, "0x6": 614, "0x7": 536}, "snapshots": null, "memory": null, "statevector": null, "unitary": null}}, {"shots": 4096, "success": true, "status": null, "seed": null, "meas_level": 2, "meas_return": null, "header": {"qubit_labels": [["q", 0], ["q", 1], ["q", 2], ["q", 3], ["q", 4]], "n_qubits": 5, "qreg_sizes": [["q", 5]], "clbit_labels": [["c", 0], ["c", 1], ["c", 2]], "memory_slots": 3, "creg_sizes": [["c", 3]], "name": "circuit-715981", "global_phase": 0.0, "metadata": {}}, "data": {"counts": {"0x0": 1437, "0x1": 535, "0x2": 448, "0x3": 194, "0x4": 684, "0x5": 440, "0x6": 203, "0x7": 155}, "snapshots": null, "memory": null, "statevector": null, "unitary": null}}, {"shots": 4096, "success": true, "status": null, "seed": null, "meas_level": 2, "meas_return": null, "header": {"qubit_labels": [["q", 0], ["q", 1], ["q", 2], ["q", 3], ["q", 4]], "n_qubits": 5, "qreg_sizes": [["q", 5]], "clbit_labels": [["c", 0], ["c", 1], ["c", 2]], "memory_slots": 3, "creg_sizes": [["c", 3]], "name": "circuit-719013", "global_phase": 0.0, "metadata": {}}, "data": {"counts": {"0x0": 915, "0x1": 264, "0x2": 247, "0x3": 821, "0x4": 236, "0x5": 788, "0x6": 604, "0x7": 221}, "snapshots": null, "memory": null, "statevector": null, "unitary": null}}, {"shots": 4096, "success": true, "status": null, "seed": null, "meas_level": 2, "meas_return": null, "header": {"qubit_labels": [["q", 0], ["q", 1], ["q", 2], ["q", 3], ["q", 4]], "n_qubits": 5, "qreg_sizes": [["q", 5]], "clbit_labels": [["c", 0], ["c", 1], ["c", 2]], "memory_slots": 3, "creg_sizes": [["c", 3]], "name": "circuit-719014", "global_phase": 0.0, "metadata": {}}, "data": {"counts": {"0x0": 3004, "0x1": 251, "0x2": 341, "0x3": 51, "0x4": 318, "0x5": 88, "0x6": 37, "0x7": 6}, "snapshots": null, "memory": null, "statevector": null, "unitary": null}}, {"shots": 4096, "success": true, "status": null, "seed": null, "meas_level": 2, "meas_return": null, "header": {"qubit_labels": [["q", 0], ["q", 1], ["q", 2], ["q", 3], ["q", 4]], "n_qubits": 5, "qreg_sizes": [["q", 5]], "clbit_labels": [["c", 0], ["c", 1], ["c", 2]], "memory_slots": 3, "creg_sizes": [["c", 3]], "name": "circuit-719363", "global_phase": 0.0, "metadata": {}}, "data": {"counts": {"0x0": 609, "0x1": 294, "0x2": 517, "0x3": 732, "0x4": 236, "0x5": 560, "0x6": 879, "0x7": 269}, "snapshots": null, "memory": null, "statevector": null, "unitary": null}}, {"shots": 4096, "success": true, "status": null, "seed": null, "meas_level": 2, "meas_return": null, "header": {"qubit_labels": [["q", 0], ["q", 1], ["q", 2], ["q", 3], ["q", 4]], "n_qubits": 5, "qreg_sizes": [["q", 5]], "clbit_labels": [["c", 0], ["c", 1], ["c", 2]], "memory_slots": 3, "creg_sizes": [["c", 3]], "name": "circuit-719364", "global_phase": 0.0, "metadata": {}}, "data": {"counts": {"0x0": 3083, "0x1": 209, "0x2": 292, "0x3": 30, "0x4": 354, "0x5": 68, "0x6": 46, "0x7": 14}, "snapshots": null, "memory": null, "statevector": null, "unitary": null}}, {"shots": 4096, "success": true, "status": null, "seed": null, "meas_level": 2, "meas_return": null, "header": {"qubit_labels": [["q", 0], ["q", 1], ["q", 2], ["q", 3], ["q", 4]], "n_qubits": 5, "qreg_sizes": [["q", 5]], "clbit_labels": [["c", 0], ["c", 1], ["c", 2]], "memory_slots": 3, "creg_sizes": [["c", 3]], "name": "circuit-719857", "global_phase": 0.0, "metadata": {}}, "data": {"counts": {"0x0": 548, "0x1": 359, "0x2": 411, "0x3": 556, "0x4": 380, "0x5": 779, "0x6": 765, "0x7": 298}, "snapshots": null, "memory": null, "statevector": null, "unitary": null}}, {"shots": 4096, "success": true, "status": null, "seed": null, "meas_level": 2, "meas_return": null, "header": {"qubit_labels": [["q", 0], ["q", 1], ["q", 2], ["q", 3], ["q", 4]], "n_qubits": 5, "qreg_sizes": [["q", 5]], "clbit_labels": [["c", 0], ["c", 1], ["c", 2]], "memory_slots": 3, "creg_sizes": [["c", 3]], "name": "circuit-719858", "global_phase": 0.0, "metadata": {}}, "data": {"counts": {"0x0": 2884, "0x1": 274, "0x2": 328, "0x3": 35, "0x4": 380, "0x5": 146, "0x6": 35, "0x7": 14}, "snapshots": null, "memory": null, "statevector": null, "unitary": null}}, {"shots": 4096, "success": true, "status": null, "seed": null, "meas_level": 2, "meas_return": null, "header": {"qubit_labels": [["q", 0], ["q", 1], ["q", 2], ["q", 3], ["q", 4]], "n_qubits": 5, "qreg_sizes": [["q", 5]], "clbit_labels": [["c", 0], ["c", 1], ["c", 2]], "memory_slots": 3, "creg_sizes": [["c", 3]], "name": "circuit-720484", "global_phase": 0.0, "metadata": {}}, "data": {"counts": {"0x0": 660, "0x1": 327, "0x2": 734, "0x3": 523, "0x4": 428, "0x5": 385, "0x6": 743, "0x7": 296}, "snapshots": null, "memory": null, "statevector": null, "unitary": null}}, {"shots": 4096, "success": true, "status": null, "seed": null, "meas_level": 2, "meas_return": null, "header": {"qubit_labels": [["q", 0], ["q", 1], ["q", 2], ["q", 3], ["q", 4]], "n_qubits": 5, "qreg_sizes": [["q", 5]], "clbit_labels": [["c", 0], ["c", 1], ["c", 2]], "memory_slots": 3, "creg_sizes": [["c", 3]], "name": "circuit-720485", "global_phase": 0.0, "metadata": {}}, "data": {"counts": {"0x0": 2650, "0x1": 308, "0x2": 384, "0x3": 49, "0x4": 390, "0x5": 209, "0x6": 73, "0x7": 33}, "snapshots": null, "memory": null, "statevector": null, "unitary": null}}, {"shots": 4096, "success": true, "status": null, "seed": null, "meas_level": 2, "meas_return": null, "header": {"qubit_labels": [["q", 0], ["q", 1], ["q", 2], ["q", 3], ["q", 4]], "n_qubits": 5, "qreg_sizes": [["q", 5]], "clbit_labels": [["c", 0], ["c", 1], ["c", 2]], "memory_slots": 3, "creg_sizes": [["c", 3]], "name": "circuit-721263", "global_phase": 0.0, "metadata": {}}, "data": {"counts": {"0x0": 452, "0x1": 646, "0x2": 514, "0x3": 521, "0x4": 549, "0x5": 364, "0x6": 579, "0x7": 471}, "snapshots": null, "memory": null, "statevector": null, "unitary": null}}, {"shots": 4096, "success": true, "status": null, "seed": null, "meas_level": 2, "meas_return": null, "header": {"qubit_labels": [["q", 0], ["q", 1], ["q", 2], ["q", 3], ["q", 4]], "n_qubits": 5, "qreg_sizes": [["q", 5]], "clbit_labels": [["c", 0], ["c", 1], ["c", 2]], "memory_slots": 3, "creg_sizes": [["c", 3]], "name": "circuit-721264", "global_phase": 0.0, "metadata": {}}, "data": {"counts": {"0x0": 2621, "0x1": 502, "0x2": 333, "0x3": 93, "0x4": 309, "0x5": 152, "0x6": 50, "0x7": 36}, "snapshots": null, "memory": null, "statevector": null, "unitary": null}}, {"shots": 4096, "success": true, "status": null, "seed": null, "meas_level": 2, "meas_return": null, "header": {"qubit_labels": [["q", 0], ["q", 1], ["q", 2], ["q", 3], ["q", 4]], "n_qubits": 5, "qreg_sizes": [["q", 5]], "clbit_labels": [["c", 0], ["c", 1], ["c", 2]], "memory_slots": 3, "creg_sizes": [["c", 3]], "name": "circuit-722176", "global_phase": 0.0, "metadata": {}}, "data": {"counts": {"0x0": 334, "0x1": 418, "0x2": 658, "0x3": 481, "0x4": 785, "0x5": 293, "0x6": 444, "0x7": 683}, "snapshots": null, "memory": null, "statevector": null, "unitary": null}}, {"shots": 4096, "success": true, "status": null, "seed": null, "meas_level": 2, "meas_return": null, "header": {"qubit_labels": [["q", 0], ["q", 1], ["q", 2], ["q", 3], ["q", 4]], "n_qubits": 5, "qreg_sizes": [["q", 5]], "clbit_labels": [["c", 0], ["c", 1], ["c", 2]], "memory_slots": 3, "creg_sizes": [["c", 3]], "name": "circuit-722177", "global_phase": 0.0, "metadata": {}}, "data": {"counts": {"0x0": 2615, "0x1": 326, "0x2": 504, "0x3": 88, "0x4": 345, "0x5": 121, "0x6": 55, "0x7": 42}, "snapshots": null, "memory": null, "statevector": null, "unitary": null}}, {"shots": 4096, "success": true, "status": null, "seed": null, "meas_level": 2, "meas_return": null, "header": {"qubit_labels": [["q", 0], ["q", 1], ["q", 2], ["q", 3], ["q", 4]], "n_qubits": 5, "qreg_sizes": [["q", 5]], "clbit_labels": [["c", 0], ["c", 1], ["c", 2]], "memory_slots": 3, "creg_sizes": [["c", 3]], "name": "circuit-723232", "global_phase": 0.0, "metadata": {}}, "data": {"counts": {"0x0": 304, "0x1": 496, "0x2": 526, "0x3": 606, "0x4": 472, "0x5": 287, "0x6": 480, "0x7": 925}, "snapshots": null, "memory": null, "statevector": null, "unitary": null}}, {"shots": 4096, "success": true, "status": null, "seed": null, "meas_level": 2, "meas_return": null, "header": {"qubit_labels": [["q", 0], ["q", 1], ["q", 2], ["q", 3], ["q", 4]], "n_qubits": 5, "qreg_sizes": [["q", 5]], "clbit_labels": [["c", 0], ["c", 1], ["c", 2]], "memory_slots": 3, "creg_sizes": [["c", 3]], "name": "circuit-723233", "global_phase": 0.0, "metadata": {}}, "data": {"counts": {"0x0": 2403, "0x1": 389, "0x2": 507, "0x3": 100, "0x4": 364, "0x5": 184, "0x6": 88, "0x7": 61}, "snapshots": null, "memory": null, "statevector": null, "unitary": null}}, {"shots": 4096, "success": true, "status": null, "seed": null, "meas_level": 2, "meas_return": null, "header": {"qubit_labels": [["q", 0], ["q", 1], ["q", 2], ["q", 3], ["q", 4]], "n_qubits": 5, "qreg_sizes": [["q", 5]], "clbit_labels": [["c", 0], ["c", 1], ["c", 2]], "memory_slots": 3, "creg_sizes": [["c", 3]], "name": "circuit-724449", "global_phase": 0.0, "metadata": {}}, "data": {"counts": {"0x0": 411, "0x1": 705, "0x2": 545, "0x3": 356, "0x4": 550, "0x5": 364, "0x6": 334, "0x7": 831}, "snapshots": null, "memory": null, "statevector": null, "unitary": null}}, {"shots": 4096, "success": true, "status": null, "seed": null, "meas_level": 2, "meas_return": null, "header": {"qubit_labels": [["q", 0], ["q", 1], ["q", 2], ["q", 3], ["q", 4]], "n_qubits": 5, "qreg_sizes": [["q", 5]], "clbit_labels": [["c", 0], ["c", 1], ["c", 2]], "memory_slots": 3, "creg_sizes": [["c", 3]], "name": "circuit-724450", "global_phase": 0.0, "metadata": {}}, "data": {"counts": {"0x0": 2125, "0x1": 385, "0x2": 420, "0x3": 100, "0x4": 667, "0x5": 207, "0x6": 145, "0x7": 47}, "snapshots": null, "memory": null, "statevector": null, "unitary": null}}, {"shots": 4096, "success": true, "status": null, "seed": null, "meas_level": 2, "meas_return": null, "header": {"qubit_labels": [["q", 0], ["q", 1], ["q", 2], ["q", 3], ["q", 4]], "n_qubits": 5, "qreg_sizes": [["q", 5]], "clbit_labels": [["c", 0], ["c", 1], ["c", 2]], "memory_slots": 3, "creg_sizes": [["c", 3]], "name": "circuit-725762", "global_phase": 0.0, "metadata": {}}, "data": {"counts": {"0x0": 332, "0x1": 922, "0x2": 577, "0x3": 490, "0x4": 498, "0x5": 370, "0x6": 320, "0x7": 587}, "snapshots": null, "memory": null, "statevector": null, "unitary": null}}, {"shots": 4096, "success": true, "status": null, "seed": null, "meas_level": 2, "meas_return": null, "header": {"qubit_labels": [["q", 0], ["q", 1], ["q", 2], ["q", 3], ["q", 4]], "n_qubits": 5, "qreg_sizes": [["q", 5]], "clbit_labels": [["c", 0], ["c", 1], ["c", 2]], "memory_slots": 3, "creg_sizes": [["c", 3]], "name": "circuit-725763", "global_phase": 0.0, "metadata": {}}, "data": {"counts": {"0x0": 2050, "0x1": 516, "0x2": 526, "0x3": 199, "0x4": 399, "0x5": 194, "0x6": 104, "0x7": 108}, "snapshots": null, "memory": null, "statevector": null, "unitary": null}}, {"shots": 4096, "success": true, "status": null, "seed": null, "meas_level": 2, "meas_return": null, "header": {"qubit_labels": [["q", 0], ["q", 1], ["q", 2], ["q", 3], ["q", 4]], "n_qubits": 5, "qreg_sizes": [["q", 5]], "clbit_labels": [["c", 0], ["c", 1], ["c", 2]], "memory_slots": 3, "creg_sizes": [["c", 3]], "name": "circuit-727196", "global_phase": 0.0, "metadata": {}}, "data": {"counts": {"0x0": 470, "0x1": 592, "0x2": 677, "0x3": 466, "0x4": 617, "0x5": 412, "0x6": 387, "0x7": 475}, "snapshots": null, "memory": null, "statevector": null, "unitary": null}}, {"shots": 4096, "success": true, "status": null, "seed": null, "meas_level": 2, "meas_return": null, "header": {"qubit_labels": [["q", 0], ["q", 1], ["q", 2], ["q", 3], ["q", 4]], "n_qubits": 5, "qreg_sizes": [["q", 5]], "clbit_labels": [["c", 0], ["c", 1], ["c", 2]], "memory_slots": 3, "creg_sizes": [["c", 3]], "name": "circuit-727197", "global_phase": 0.0, "metadata": {}}, "data": {"counts": {"0x0": 2032, "0x1": 480, "0x2": 474, "0x3": 188, "0x4": 455, "0x5": 238, "0x6": 132, "0x7": 97}, "snapshots": null, "memory": null, "statevector": null, "unitary": null}}, {"shots": 4096, "success": true, "status": null, "seed": null, "meas_level": 2, "meas_return": null, "header": {"qubit_labels": [["q", 0], ["q", 1], ["q", 2], ["q", 3], ["q", 4]], "n_qubits": 5, "qreg_sizes": [["q", 5]], "clbit_labels": [["c", 0], ["c", 1], ["c", 2]], "memory_slots": 3, "creg_sizes": [["c", 3]], "name": "circuit-728838", "global_phase": 0.0, "metadata": {}}, "data": {"counts": {"0x0": 507, "0x1": 385, "0x2": 583, "0x3": 576, "0x4": 442, "0x5": 558, "0x6": 419, "0x7": 626}, "snapshots": null, "memory": null, "statevector": null, "unitary": null}}, {"shots": 4096, "success": true, "status": null, "seed": null, "meas_level": 2, "meas_return": null, "header": {"qubit_labels": [["q", 0], ["q", 1], ["q", 2], ["q", 3], ["q", 4]], "n_qubits": 5, "qreg_sizes": [["q", 5]], "clbit_labels": [["c", 0], ["c", 1], ["c", 2]], "memory_slots": 3, "creg_sizes": [["c", 3]], "name": "circuit-728839", "global_phase": 0.0, "metadata": {}}, "data": {"counts": {"0x0": 1709, "0x1": 545, "0x2": 435, "0x3": 190, "0x4": 582, "0x5": 337, "0x6": 192, "0x7": 106}, "snapshots": null, "memory": null, "statevector": null, "unitary": null}}, {"shots": 4096, "success": true, "status": null, "seed": null, "meas_level": 2, "meas_return": null, "header": {"qubit_labels": [["q", 0], ["q", 1], ["q", 2], ["q", 3], ["q", 4]], "n_qubits": 5, "qreg_sizes": [["q", 5]], "clbit_labels": [["c", 0], ["c", 1], ["c", 2]], "memory_slots": 3, "creg_sizes": [["c", 3]], "name": "circuit-730570", "global_phase": 0.0, "metadata": {}}, "data": {"counts": {"0x0": 500, "0x1": 441, "0x2": 483, "0x3": 474, "0x4": 519, "0x5": 445, "0x6": 606, "0x7": 628}, "snapshots": null, "memory": null, "statevector": null, "unitary": null}}, {"shots": 4096, "success": true, "status": null, "seed": null, "meas_level": 2, "meas_return": null, "header": {"qubit_labels": [["q", 0], ["q", 1], ["q", 2], ["q", 3], ["q", 4]], "n_qubits": 5, "qreg_sizes": [["q", 5]], "clbit_labels": [["c", 0], ["c", 1], ["c", 2]], "memory_slots": 3, "creg_sizes": [["c", 3]], "name": "circuit-730571", "global_phase": 0.0, "metadata": {}}, "data": {"counts": {"0x0": 1981, "0x1": 465, "0x2": 510, "0x3": 159, "0x4": 450, "0x5": 266, "0x6": 140, "0x7": 125}, "snapshots": null, "memory": null, "statevector": null, "unitary": null}}, {"shots": 4096, "success": true, "status": null, "seed": null, "meas_level": 2, "meas_return": null, "header": {"qubit_labels": [["q", 0], ["q", 1], ["q", 2], ["q", 3], ["q", 4]], "n_qubits": 5, "qreg_sizes": [["q", 5]], "clbit_labels": [["c", 0], ["c", 1], ["c", 2]], "memory_slots": 3, "creg_sizes": [["c", 3]], "name": "circuit-732422", "global_phase": 0.0, "metadata": {}}, "data": {"counts": {"0x0": 707, "0x1": 378, "0x2": 412, "0x3": 561, "0x4": 583, "0x5": 455, "0x6": 633, "0x7": 367}, "snapshots": null, "memory": null, "statevector": null, "unitary": null}}, {"shots": 4096, "success": true, "status": null, "seed": null, "meas_level": 2, "meas_return": null, "header": {"qubit_labels": [["q", 0], ["q", 1], ["q", 2], ["q", 3], ["q", 4]], "n_qubits": 5, "qreg_sizes": [["q", 5]], "clbit_labels": [["c", 0], ["c", 1], ["c", 2]], "memory_slots": 3, "creg_sizes": [["c", 3]], "name": "circuit-732423", "global_phase": 0.0, "metadata": {}}, "data": {"counts": {"0x0": 1693, "0x1": 578, "0x2": 414, "0x3": 140, "0x4": 651, "0x5": 353, "0x6": 181, "0x7": 86}, "snapshots": null, "memory": null, "statevector": null, "unitary": null}}, {"shots": 4096, "success": true, "status": null, "seed": null, "meas_level": 2, "meas_return": null, "header": {"qubit_labels": [["q", 0], ["q", 1], ["q", 2], ["q", 3], ["q", 4]], "n_qubits": 5, "qreg_sizes": [["q", 5]], "clbit_labels": [["c", 0], ["c", 1], ["c", 2]], "memory_slots": 3, "creg_sizes": [["c", 3]], "name": "circuit-734468", "global_phase": 0.0, "metadata": {}}, "data": {"counts": {"0x0": 522, "0x1": 364, "0x2": 388, "0x3": 650, "0x4": 504, "0x5": 565, "0x6": 655, "0x7": 448}, "snapshots": null, "memory": null, "statevector": null, "unitary": null}}, {"shots": 4096, "success": true, "status": null, "seed": null, "meas_level": 2, "meas_return": null, "header": {"qubit_labels": [["q", 0], ["q", 1], ["q", 2], ["q", 3], ["q", 4]], "n_qubits": 5, "qreg_sizes": [["q", 5]], "clbit_labels": [["c", 0], ["c", 1], ["c", 2]], "memory_slots": 3, "creg_sizes": [["c", 3]], "name": "circuit-734469", "global_phase": 0.0, "metadata": {}}, "data": {"counts": {"0x0": 1286, "0x1": 569, "0x2": 722, "0x3": 280, "0x4": 443, "0x5": 348, "0x6": 288, "0x7": 160}, "snapshots": null, "memory": null, "statevector": null, "unitary": null}}, {"shots": 4096, "success": true, "status": null, "seed": null, "meas_level": 2, "meas_return": null, "header": {"qubit_labels": [["q", 0], ["q", 1], ["q", 2], ["q", 3], ["q", 4]], "n_qubits": 5, "qreg_sizes": [["q", 5]], "clbit_labels": [["c", 0], ["c", 1], ["c", 2]], "memory_slots": 3, "creg_sizes": [["c", 3]], "name": "circuit-736680", "global_phase": 0.0, "metadata": {}}, "data": {"counts": {"0x0": 518, "0x1": 444, "0x2": 471, "0x3": 922, "0x4": 375, "0x5": 347, "0x6": 583, "0x7": 436}, "snapshots": null, "memory": null, "statevector": null, "unitary": null}}, {"shots": 4096, "success": true, "status": null, "seed": null, "meas_level": 2, "meas_return": null, "header": {"qubit_labels": [["q", 0], ["q", 1], ["q", 2], ["q", 3], ["q", 4]], "n_qubits": 5, "qreg_sizes": [["q", 5]], "clbit_labels": [["c", 0], ["c", 1], ["c", 2]], "memory_slots": 3, "creg_sizes": [["c", 3]], "name": "circuit-736681", "global_phase": 0.0, "metadata": {}}, "data": {"counts": {"0x0": 1112, "0x1": 876, "0x2": 521, "0x3": 395, "0x4": 455, "0x5": 396, "0x6": 165, "0x7": 176}, "snapshots": null, "memory": null, "statevector": null, "unitary": null}}, {"shots": 4096, "success": true, "status": null, "seed": null, "meas_level": 2, "meas_return": null, "header": {"qubit_labels": [["q", 0], ["q", 1], ["q", 2], ["q", 3], ["q", 4]], "n_qubits": 5, "qreg_sizes": [["q", 5]], "clbit_labels": [["c", 0], ["c", 1], ["c", 2]], "memory_slots": 3, "creg_sizes": [["c", 3]], "name": "circuit-739088", "global_phase": 0.0, "metadata": {}}, "data": {"counts": {"0x0": 574, "0x1": 376, "0x2": 475, "0x3": 624, "0x4": 388, "0x5": 529, "0x6": 669, "0x7": 461}, "snapshots": null, "memory": null, "statevector": null, "unitary": null}}, {"shots": 4096, "success": true, "status": null, "seed": null, "meas_level": 2, "meas_return": null, "header": {"qubit_labels": [["q", 0], ["q", 1], ["q", 2], ["q", 3], ["q", 4]], "n_qubits": 5, "qreg_sizes": [["q", 5]], "clbit_labels": [["c", 0], ["c", 1], ["c", 2]], "memory_slots": 3, "creg_sizes": [["c", 3]], "name": "circuit-739089", "global_phase": 0.0, "metadata": {}}, "data": {"counts": {"0x0": 1304, "0x1": 667, "0x2": 627, "0x3": 292, "0x4": 442, "0x5": 377, "0x6": 208, "0x7": 179}, "snapshots": null, "memory": null, "statevector": null, "unitary": null}}, {"shots": 4096, "success": true, "status": null, "seed": null, "meas_level": 2, "meas_return": null, "header": {"qubit_labels": [["q", 0], ["q", 1], ["q", 2], ["q", 3], ["q", 4]], "n_qubits": 5, "qreg_sizes": [["q", 5]], "clbit_labels": [["c", 0], ["c", 1], ["c", 2]], "memory_slots": 3, "creg_sizes": [["c", 3]], "name": "circuit-741546", "global_phase": 0.0, "metadata": {}}, "data": {"counts": {"0x0": 511, "0x1": 451, "0x2": 457, "0x3": 615, "0x4": 443, "0x5": 559, "0x6": 634, "0x7": 426}, "snapshots": null, "memory": null, "statevector": null, "unitary": null}}, {"shots": 4096, "success": true, "status": null, "seed": null, "meas_level": 2, "meas_return": null, "header": {"qubit_labels": [["q", 0], ["q", 1], ["q", 2], ["q", 3], ["q", 4]], "n_qubits": 5, "qreg_sizes": [["q", 5]], "clbit_labels": [["c", 0], ["c", 1], ["c", 2]], "memory_slots": 3, "creg_sizes": [["c", 3]], "name": "circuit-741547", "global_phase": 0.0, "metadata": {}}, "data": {"counts": {"0x0": 1374, "0x1": 560, "0x2": 584, "0x3": 436, "0x4": 409, "0x5": 306, "0x6": 234, "0x7": 193}, "snapshots": null, "memory": null, "statevector": null, "unitary": null}}, {"shots": 4096, "success": true, "status": null, "seed": null, "meas_level": 2, "meas_return": null, "header": {"qubit_labels": [["q", 0], ["q", 1], ["q", 2], ["q", 3], ["q", 4]], "n_qubits": 5, "qreg_sizes": [["q", 5]], "clbit_labels": [["c", 0], ["c", 1], ["c", 2]], "memory_slots": 3, "creg_sizes": [["c", 3]], "name": "circuit-744181", "global_phase": 0.0, "metadata": {}}, "data": {"counts": {"0x0": 529, "0x1": 476, "0x2": 549, "0x3": 608, "0x4": 440, "0x5": 427, "0x6": 607, "0x7": 460}, "snapshots": null, "memory": null, "statevector": null, "unitary": null}}, {"shots": 4096, "success": true, "status": null, "seed": null, "meas_level": 2, "meas_return": null, "header": {"qubit_labels": [["q", 0], ["q", 1], ["q", 2], ["q", 3], ["q", 4]], "n_qubits": 5, "qreg_sizes": [["q", 5]], "clbit_labels": [["c", 0], ["c", 1], ["c", 2]], "memory_slots": 3, "creg_sizes": [["c", 3]], "name": "circuit-744182", "global_phase": 0.0, "metadata": {}}, "data": {"counts": {"0x0": 1077, "0x1": 709, "0x2": 613, "0x3": 406, "0x4": 432, "0x5": 391, "0x6": 256, "0x7": 212}, "snapshots": null, "memory": null, "statevector": null, "unitary": null}}, {"shots": 4096, "success": true, "status": null, "seed": null, "meas_level": 2, "meas_return": null, "header": {"qubit_labels": [["q", 0], ["q", 1], ["q", 2], ["q", 3], ["q", 4]], "n_qubits": 5, "qreg_sizes": [["q", 5]], "clbit_labels": [["c", 0], ["c", 1], ["c", 2]], "memory_slots": 3, "creg_sizes": [["c", 3]], "name": "circuit-746932", "global_phase": 0.0, "metadata": {}}, "data": {"counts": {"0x0": 424, "0x1": 460, "0x2": 538, "0x3": 635, "0x4": 542, "0x5": 507, "0x6": 539, "0x7": 451}, "snapshots": null, "memory": null, "statevector": null, "unitary": null}}, {"shots": 4096, "success": true, "status": null, "seed": null, "meas_level": 2, "meas_return": null, "header": {"qubit_labels": [["q", 0], ["q", 1], ["q", 2], ["q", 3], ["q", 4]], "n_qubits": 5, "qreg_sizes": [["q", 5]], "clbit_labels": [["c", 0], ["c", 1], ["c", 2]], "memory_slots": 3, "creg_sizes": [["c", 3]], "name": "circuit-746933", "global_phase": 0.0, "metadata": {}}, "data": {"counts": {"0x0": 1479, "0x1": 510, "0x2": 451, "0x3": 173, "0x4": 729, "0x5": 428, "0x6": 189, "0x7": 137}, "snapshots": null, "memory": null, "statevector": null, "unitary": null}}, {"shots": 4096, "success": true, "status": null, "seed": null, "meas_level": 2, "meas_return": null, "header": {"qubit_labels": [["q", 0], ["q", 1], ["q", 2], ["q", 3], ["q", 4]], "n_qubits": 5, "qreg_sizes": [["q", 5]], "clbit_labels": [["c", 0], ["c", 1], ["c", 2]], "memory_slots": 3, "creg_sizes": [["c", 3]], "name": "circuit-749856", "global_phase": 0.0, "metadata": {}}, "data": {"counts": {"0x0": 461, "0x1": 496, "0x2": 513, "0x3": 539, "0x4": 609, "0x5": 415, "0x6": 605, "0x7": 458}, "snapshots": null, "memory": null, "statevector": null, "unitary": null}}, {"shots": 4096, "success": true, "status": null, "seed": null, "meas_level": 2, "meas_return": null, "header": {"qubit_labels": [["q", 0], ["q", 1], ["q", 2], ["q", 3], ["q", 4]], "n_qubits": 5, "qreg_sizes": [["q", 5]], "clbit_labels": [["c", 0], ["c", 1], ["c", 2]], "memory_slots": 3, "creg_sizes": [["c", 3]], "name": "circuit-749857", "global_phase": 0.0, "metadata": {}}, "data": {"counts": {"0x0": 1011, "0x1": 535, "0x2": 718, "0x3": 353, "0x4": 588, "0x5": 336, "0x6": 348, "0x7": 207}, "snapshots": null, "memory": null, "statevector": null, "unitary": null}}, {"shots": 4096, "success": true, "status": null, "seed": null, "meas_level": 2, "meas_return": null, "header": {"qubit_labels": [["q", 0], ["q", 1], ["q", 2], ["q", 3], ["q", 4]], "n_qubits": 5, "qreg_sizes": [["q", 5]], "clbit_labels": [["c", 0], ["c", 1], ["c", 2]], "memory_slots": 3, "creg_sizes": [["c", 3]], "name": "circuit-752874", "global_phase": 0.0, "metadata": {}}, "data": {"counts": {"0x0": 718, "0x1": 287, "0x2": 236, "0x3": 772, "0x4": 213, "0x5": 829, "0x6": 924, "0x7": 117}, "snapshots": null, "memory": null, "statevector": null, "unitary": null}}, {"shots": 4096, "success": true, "status": null, "seed": null, "meas_level": 2, "meas_return": null, "header": {"qubit_labels": [["q", 0], ["q", 1], ["q", 2], ["q", 3], ["q", 4]], "n_qubits": 5, "qreg_sizes": [["q", 5]], "clbit_labels": [["c", 0], ["c", 1], ["c", 2]], "memory_slots": 3, "creg_sizes": [["c", 3]], "name": "circuit-752875", "global_phase": 0.0, "metadata": {}}, "data": {"counts": {"0x0": 3237, "0x1": 160, "0x2": 274, "0x3": 15, "0x4": 330, "0x5": 51, "0x6": 18, "0x7": 11}, "snapshots": null, "memory": null, "statevector": null, "unitary": null}}, {"shots": 4096, "success": true, "status": null, "seed": null, "meas_level": 2, "meas_return": null, "header": {"qubit_labels": [["q", 0], ["q", 1], ["q", 2], ["q", 3], ["q", 4]], "n_qubits": 5, "qreg_sizes": [["q", 5]], "clbit_labels": [["c", 0], ["c", 1], ["c", 2]], "memory_slots": 3, "creg_sizes": [["c", 3]], "name": "circuit-753230", "global_phase": 0.0, "metadata": {}}, "data": {"counts": {"0x0": 972, "0x1": 286, "0x2": 368, "0x3": 675, "0x4": 288, "0x5": 510, "0x6": 716, "0x7": 281}, "snapshots": null, "memory": null, "statevector": null, "unitary": null}}, {"shots": 4096, "success": true, "status": null, "seed": null, "meas_level": 2, "meas_return": null, "header": {"qubit_labels": [["q", 0], ["q", 1], ["q", 2], ["q", 3], ["q", 4]], "n_qubits": 5, "qreg_sizes": [["q", 5]], "clbit_labels": [["c", 0], ["c", 1], ["c", 2]], "memory_slots": 3, "creg_sizes": [["c", 3]], "name": "circuit-753231", "global_phase": 0.0, "metadata": {}}, "data": {"counts": {"0x0": 3038, "0x1": 244, "0x2": 299, "0x3": 33, "0x4": 371, "0x5": 66, "0x6": 33, "0x7": 12}, "snapshots": null, "memory": null, "statevector": null, "unitary": null}}, {"shots": 4096, "success": true, "status": null, "seed": null, "meas_level": 2, "meas_return": null, "header": {"qubit_labels": [["q", 0], ["q", 1], ["q", 2], ["q", 3], ["q", 4]], "n_qubits": 5, "qreg_sizes": [["q", 5]], "clbit_labels": [["c", 0], ["c", 1], ["c", 2]], "memory_slots": 3, "creg_sizes": [["c", 3]], "name": "circuit-753735", "global_phase": 0.0, "metadata": {}}, "data": {"counts": {"0x0": 536, "0x1": 373, "0x2": 502, "0x3": 518, "0x4": 414, "0x5": 735, "0x6": 613, "0x7": 405}, "snapshots": null, "memory": null, "statevector": null, "unitary": null}}, {"shots": 4096, "success": true, "status": null, "seed": null, "meas_level": 2, "meas_return": null, "header": {"qubit_labels": [["q", 0], ["q", 1], ["q", 2], ["q", 3], ["q", 4]], "n_qubits": 5, "qreg_sizes": [["q", 5]], "clbit_labels": [["c", 0], ["c", 1], ["c", 2]], "memory_slots": 3, "creg_sizes": [["c", 3]], "name": "circuit-753736", "global_phase": 0.0, "metadata": {}}, "data": {"counts": {"0x0": 2857, "0x1": 240, "0x2": 417, "0x3": 62, "0x4": 342, "0x5": 92, "0x6": 56, "0x7": 30}, "snapshots": null, "memory": null, "statevector": null, "unitary": null}}, {"shots": 4096, "success": true, "status": null, "seed": null, "meas_level": 2, "meas_return": null, "header": {"qubit_labels": [["q", 0], ["q", 1], ["q", 2], ["q", 3], ["q", 4]], "n_qubits": 5, "qreg_sizes": [["q", 5]], "clbit_labels": [["c", 0], ["c", 1], ["c", 2]], "memory_slots": 3, "creg_sizes": [["c", 3]], "name": "circuit-754387", "global_phase": 0.0, "metadata": {}}, "data": {"counts": {"0x0": 650, "0x1": 423, "0x2": 510, "0x3": 642, "0x4": 501, "0x5": 452, "0x6": 445, "0x7": 473}, "snapshots": null, "memory": null, "statevector": null, "unitary": null}}, {"shots": 4096, "success": true, "status": null, "seed": null, "meas_level": 2, "meas_return": null, "header": {"qubit_labels": [["q", 0], ["q", 1], ["q", 2], ["q", 3], ["q", 4]], "n_qubits": 5, "qreg_sizes": [["q", 5]], "clbit_labels": [["c", 0], ["c", 1], ["c", 2]], "memory_slots": 3, "creg_sizes": [["c", 3]], "name": "circuit-754388", "global_phase": 0.0, "metadata": {}}, "data": {"counts": {"0x0": 2413, "0x1": 399, "0x2": 338, "0x3": 66, "0x4": 525, "0x5": 257, "0x6": 66, "0x7": 32}, "snapshots": null, "memory": null, "statevector": null, "unitary": null}}, {"shots": 4096, "success": true, "status": null, "seed": null, "meas_level": 2, "meas_return": null, "header": {"qubit_labels": [["q", 0], ["q", 1], ["q", 2], ["q", 3], ["q", 4]], "n_qubits": 5, "qreg_sizes": [["q", 5]], "clbit_labels": [["c", 0], ["c", 1], ["c", 2]], "memory_slots": 3, "creg_sizes": [["c", 3]], "name": "circuit-755147", "global_phase": 0.0, "metadata": {}}, "data": {"counts": {"0x0": 578, "0x1": 493, "0x2": 482, "0x3": 523, "0x4": 639, "0x5": 417, "0x6": 487, "0x7": 477}, "snapshots": null, "memory": null, "statevector": null, "unitary": null}}, {"shots": 4096, "success": true, "status": null, "seed": null, "meas_level": 2, "meas_return": null, "header": {"qubit_labels": [["q", 0], ["q", 1], ["q", 2], ["q", 3], ["q", 4]], "n_qubits": 5, "qreg_sizes": [["q", 5]], "clbit_labels": [["c", 0], ["c", 1], ["c", 2]], "memory_slots": 3, "creg_sizes": [["c", 3]], "name": "circuit-755148", "global_phase": 0.0, "metadata": {}}, "data": {"counts": {"0x0": 2529, "0x1": 382, "0x2": 359, "0x3": 49, "0x4": 486, "0x5": 178, "0x6": 90, "0x7": 23}, "snapshots": null, "memory": null, "statevector": null, "unitary": null}}, {"shots": 4096, "success": true, "status": null, "seed": null, "meas_level": 2, "meas_return": null, "header": {"qubit_labels": [["q", 0], ["q", 1], ["q", 2], ["q", 3], ["q", 4]], "n_qubits": 5, "qreg_sizes": [["q", 5]], "clbit_labels": [["c", 0], ["c", 1], ["c", 2]], "memory_slots": 3, "creg_sizes": [["c", 3]], "name": "circuit-756074", "global_phase": 0.0, "metadata": {}}, "data": {"counts": {"0x0": 382, "0x1": 765, "0x2": 505, "0x3": 388, "0x4": 571, "0x5": 329, "0x6": 354, "0x7": 802}, "snapshots": null, "memory": null, "statevector": null, "unitary": null}}, {"shots": 4096, "success": true, "status": null, "seed": null, "meas_level": 2, "meas_return": null, "header": {"qubit_labels": [["q", 0], ["q", 1], ["q", 2], ["q", 3], ["q", 4]], "n_qubits": 5, "qreg_sizes": [["q", 5]], "clbit_labels": [["c", 0], ["c", 1], ["c", 2]], "memory_slots": 3, "creg_sizes": [["c", 3]], "name": "circuit-756075", "global_phase": 0.0, "metadata": {}}, "data": {"counts": {"0x0": 2294, "0x1": 406, "0x2": 413, "0x3": 82, "0x4": 526, "0x5": 218, "0x6": 109, "0x7": 48}, "snapshots": null, "memory": null, "statevector": null, "unitary": null}}, {"shots": 4096, "success": true, "status": null, "seed": null, "meas_level": 2, "meas_return": null, "header": {"qubit_labels": [["q", 0], ["q", 1], ["q", 2], ["q", 3], ["q", 4]], "n_qubits": 5, "qreg_sizes": [["q", 5]], "clbit_labels": [["c", 0], ["c", 1], ["c", 2]], "memory_slots": 3, "creg_sizes": [["c", 3]], "name": "circuit-757157", "global_phase": 0.0, "metadata": {}}, "data": {"counts": {"0x0": 311, "0x1": 508, "0x2": 756, "0x3": 569, "0x4": 384, "0x5": 280, "0x6": 370, "0x7": 918}, "snapshots": null, "memory": null, "statevector": null, "unitary": null}}, {"shots": 4096, "success": true, "status": null, "seed": null, "meas_level": 2, "meas_return": null, "header": {"qubit_labels": [["q", 0], ["q", 1], ["q", 2], ["q", 3], ["q", 4]], "n_qubits": 5, "qreg_sizes": [["q", 5]], "clbit_labels": [["c", 0], ["c", 1], ["c", 2]], "memory_slots": 3, "creg_sizes": [["c", 3]], "name": "circuit-757158", "global_phase": 0.0, "metadata": {}}, "data": {"counts": {"0x0": 2296, "0x1": 432, "0x2": 388, "0x3": 72, "0x4": 517, "0x5": 260, "0x6": 79, "0x7": 52}, "snapshots": null, "memory": null, "statevector": null, "unitary": null}}, {"shots": 4096, "success": true, "status": null, "seed": null, "meas_level": 2, "meas_return": null, "header": {"qubit_labels": [["q", 0], ["q", 1], ["q", 2], ["q", 3], ["q", 4]], "n_qubits": 5, "qreg_sizes": [["q", 5]], "clbit_labels": [["c", 0], ["c", 1], ["c", 2]], "memory_slots": 3, "creg_sizes": [["c", 3]], "name": "circuit-758386", "global_phase": 0.0, "metadata": {}}, "data": {"counts": {"0x0": 376, "0x1": 652, "0x2": 530, "0x3": 366, "0x4": 739, "0x5": 398, "0x6": 424, "0x7": 611}, "snapshots": null, "memory": null, "statevector": null, "unitary": null}}, {"shots": 4096, "success": true, "status": null, "seed": null, "meas_level": 2, "meas_return": null, "header": {"qubit_labels": [["q", 0], ["q", 1], ["q", 2], ["q", 3], ["q", 4]], "n_qubits": 5, "qreg_sizes": [["q", 5]], "clbit_labels": [["c", 0], ["c", 1], ["c", 2]], "memory_slots": 3, "creg_sizes": [["c", 3]], "name": "circuit-758387", "global_phase": 0.0, "metadata": {}}, "data": {"counts": {"0x0": 1925, "0x1": 522, "0x2": 432, "0x3": 105, "0x4": 590, "0x5": 327, "0x6": 122, "0x7": 73}, "snapshots": null, "memory": null, "statevector": null, "unitary": null}}, {"shots": 4096, "success": true, "status": null, "seed": null, "meas_level": 2, "meas_return": null, "header": {"qubit_labels": [["q", 0], ["q", 1], ["q", 2], ["q", 3], ["q", 4]], "n_qubits": 5, "qreg_sizes": [["q", 5]], "clbit_labels": [["c", 0], ["c", 1], ["c", 2]], "memory_slots": 3, "creg_sizes": [["c", 3]], "name": "circuit-759716", "global_phase": 0.0, "metadata": {}}, "data": {"counts": {"0x0": 374, "0x1": 390, "0x2": 632, "0x3": 417, "0x4": 548, "0x5": 335, "0x6": 418, "0x7": 982}, "snapshots": null, "memory": null, "statevector": null, "unitary": null}}, {"shots": 4096, "success": true, "status": null, "seed": null, "meas_level": 2, "meas_return": null, "header": {"qubit_labels": [["q", 0], ["q", 1], ["q", 2], ["q", 3], ["q", 4]], "n_qubits": 5, "qreg_sizes": [["q", 5]], "clbit_labels": [["c", 0], ["c", 1], ["c", 2]], "memory_slots": 3, "creg_sizes": [["c", 3]], "name": "circuit-759717", "global_phase": 0.0, "metadata": {}}, "data": {"counts": {"0x0": 1880, "0x1": 416, "0x2": 595, "0x3": 169, "0x4": 506, "0x5": 252, "0x6": 163, "0x7": 115}, "snapshots": null, "memory": null, "statevector": null, "unitary": null}}, {"shots": 4096, "success": true, "status": null, "seed": null, "meas_level": 2, "meas_return": null, "header": {"qubit_labels": [["q", 0], ["q", 1], ["q", 2], ["q", 3], ["q", 4]], "n_qubits": 5, "qreg_sizes": [["q", 5]], "clbit_labels": [["c", 0], ["c", 1], ["c", 2]], "memory_slots": 3, "creg_sizes": [["c", 3]], "name": "circuit-761227", "global_phase": 0.0, "metadata": {}}, "data": {"counts": {"0x0": 367, "0x1": 578, "0x2": 767, "0x3": 648, "0x4": 389, "0x5": 428, "0x6": 401, "0x7": 518}, "snapshots": null, "memory": null, "statevector": null, "unitary": null}}, {"shots": 4096, "success": true, "status": null, "seed": null, "meas_level": 2, "meas_return": null, "header": {"qubit_labels": [["q", 0], ["q", 1], ["q", 2], ["q", 3], ["q", 4]], "n_qubits": 5, "qreg_sizes": [["q", 5]], "clbit_labels": [["c", 0], ["c", 1], ["c", 2]], "memory_slots": 3, "creg_sizes": [["c", 3]], "name": "circuit-761228", "global_phase": 0.0, "metadata": {}}, "data": {"counts": {"0x0": 1788, "0x1": 405, "0x2": 760, "0x3": 180, "0x4": 427, "0x5": 236, "0x6": 178, "0x7": 122}, "snapshots": null, "memory": null, "statevector": null, "unitary": null}}, {"shots": 4096, "success": true, "status": null, "seed": null, "meas_level": 2, "meas_return": null, "header": {"qubit_labels": [["q", 0], ["q", 1], ["q", 2], ["q", 3], ["q", 4]], "n_qubits": 5, "qreg_sizes": [["q", 5]], "clbit_labels": [["c", 0], ["c", 1], ["c", 2]], "memory_slots": 3, "creg_sizes": [["c", 3]], "name": "circuit-762849", "global_phase": 0.0, "metadata": {}}, "data": {"counts": {"0x0": 535, "0x1": 492, "0x2": 480, "0x3": 497, "0x4": 451, "0x5": 437, "0x6": 530, "0x7": 674}, "snapshots": null, "memory": null, "statevector": null, "unitary": null}}, {"shots": 4096, "success": true, "status": null, "seed": null, "meas_level": 2, "meas_return": null, "header": {"qubit_labels": [["q", 0], ["q", 1], ["q", 2], ["q", 3], ["q", 4]], "n_qubits": 5, "qreg_sizes": [["q", 5]], "clbit_labels": [["c", 0], ["c", 1], ["c", 2]], "memory_slots": 3, "creg_sizes": [["c", 3]], "name": "circuit-762850", "global_phase": 0.0, "metadata": {}}, "data": {"counts": {"0x0": 1455, "0x1": 678, "0x2": 776, "0x3": 244, "0x4": 379, "0x5": 249, "0x6": 191, "0x7": 124}, "snapshots": null, "memory": null, "statevector": null, "unitary": null}}, {"shots": 4096, "success": true, "status": null, "seed": null, "meas_level": 2, "meas_return": null, "header": {"qubit_labels": [["q", 0], ["q", 1], ["q", 2], ["q", 3], ["q", 4]], "n_qubits": 5, "qreg_sizes": [["q", 5]], "clbit_labels": [["c", 0], ["c", 1], ["c", 2]], "memory_slots": 3, "creg_sizes": [["c", 3]], "name": "circuit-764603", "global_phase": 0.0, "metadata": {}}, "data": {"counts": {"0x0": 515, "0x1": 496, "0x2": 517, "0x3": 462, "0x4": 658, "0x5": 408, "0x6": 469, "0x7": 571}, "snapshots": null, "memory": null, "statevector": null, "unitary": null}}, {"shots": 4096, "success": true, "status": null, "seed": null, "meas_level": 2, "meas_return": null, "header": {"qubit_labels": [["q", 0], ["q", 1], ["q", 2], ["q", 3], ["q", 4]], "n_qubits": 5, "qreg_sizes": [["q", 5]], "clbit_labels": [["c", 0], ["c", 1], ["c", 2]], "memory_slots": 3, "creg_sizes": [["c", 3]], "name": "circuit-764604", "global_phase": 0.0, "metadata": {}}, "data": {"counts": {"0x0": 1898, "0x1": 469, "0x2": 531, "0x3": 204, "0x4": 483, "0x5": 236, "0x6": 164, "0x7": 111}, "snapshots": null, "memory": null, "statevector": null, "unitary": null}}, {"shots": 4096, "success": true, "status": null, "seed": null, "meas_level": 2, "meas_return": null, "header": {"qubit_labels": [["q", 0], ["q", 1], ["q", 2], ["q", 3], ["q", 4]], "n_qubits": 5, "qreg_sizes": [["q", 5]], "clbit_labels": [["c", 0], ["c", 1], ["c", 2]], "memory_slots": 3, "creg_sizes": [["c", 3]], "name": "circuit-766509", "global_phase": 0.0, "metadata": {}}, "data": {"counts": {"0x0": 516, "0x1": 465, "0x2": 423, "0x3": 557, "0x4": 489, "0x5": 524, "0x6": 566, "0x7": 556}, "snapshots": null, "memory": null, "statevector": null, "unitary": null}}, {"shots": 4096, "success": true, "status": null, "seed": null, "meas_level": 2, "meas_return": null, "header": {"qubit_labels": [["q", 0], ["q", 1], ["q", 2], ["q", 3], ["q", 4]], "n_qubits": 5, "qreg_sizes": [["q", 5]], "clbit_labels": [["c", 0], ["c", 1], ["c", 2]], "memory_slots": 3, "creg_sizes": [["c", 3]], "name": "circuit-766510", "global_phase": 0.0, "metadata": {}}, "data": {"counts": {"0x0": 1456, "0x1": 484, "0x2": 726, "0x3": 303, "0x4": 382, "0x5": 380, "0x6": 218, "0x7": 147}, "snapshots": null, "memory": null, "statevector": null, "unitary": null}}, {"shots": 4096, "success": true, "status": null, "seed": null, "meas_level": 2, "meas_return": null, "header": {"qubit_labels": [["q", 0], ["q", 1], ["q", 2], ["q", 3], ["q", 4]], "n_qubits": 5, "qreg_sizes": [["q", 5]], "clbit_labels": [["c", 0], ["c", 1], ["c", 2]], "memory_slots": 3, "creg_sizes": [["c", 3]], "name": "circuit-768546", "global_phase": 0.0, "metadata": {}}, "data": {"counts": {"0x0": 608, "0x1": 431, "0x2": 434, "0x3": 612, "0x4": 363, "0x5": 450, "0x6": 767, "0x7": 431}, "snapshots": null, "memory": null, "statevector": null, "unitary": null}}, {"shots": 4096, "success": true, "status": null, "seed": null, "meas_level": 2, "meas_return": null, "header": {"qubit_labels": [["q", 0], ["q", 1], ["q", 2], ["q", 3], ["q", 4]], "n_qubits": 5, "qreg_sizes": [["q", 5]], "clbit_labels": [["c", 0], ["c", 1], ["c", 2]], "memory_slots": 3, "creg_sizes": [["c", 3]], "name": "circuit-768547", "global_phase": 0.0, "metadata": {}}, "data": {"counts": {"0x0": 1578, "0x1": 579, "0x2": 586, "0x3": 231, "0x4": 447, "0x5": 322, "0x6": 192, "0x7": 161}, "snapshots": null, "memory": null, "statevector": null, "unitary": null}}, {"shots": 4096, "success": true, "status": null, "seed": null, "meas_level": 2, "meas_return": null, "header": {"qubit_labels": [["q", 0], ["q", 1], ["q", 2], ["q", 3], ["q", 4]], "n_qubits": 5, "qreg_sizes": [["q", 5]], "clbit_labels": [["c", 0], ["c", 1], ["c", 2]], "memory_slots": 3, "creg_sizes": [["c", 3]], "name": "circuit-770784", "global_phase": 0.0, "metadata": {}}, "data": {"counts": {"0x0": 474, "0x1": 472, "0x2": 481, "0x3": 854, "0x4": 332, "0x5": 437, "0x6": 596, "0x7": 450}, "snapshots": null, "memory": null, "statevector": null, "unitary": null}}, {"shots": 4096, "success": true, "status": null, "seed": null, "meas_level": 2, "meas_return": null, "header": {"qubit_labels": [["q", 0], ["q", 1], ["q", 2], ["q", 3], ["q", 4]], "n_qubits": 5, "qreg_sizes": [["q", 5]], "clbit_labels": [["c", 0], ["c", 1], ["c", 2]], "memory_slots": 3, "creg_sizes": [["c", 3]], "name": "circuit-770785", "global_phase": 0.0, "metadata": {}}, "data": {"counts": {"0x0": 1511, "0x1": 574, "0x2": 513, "0x3": 387, "0x4": 440, "0x5": 308, "0x6": 183, "0x7": 180}, "snapshots": null, "memory": null, "statevector": null, "unitary": null}}, {"shots": 4096, "success": true, "status": null, "seed": null, "meas_level": 2, "meas_return": null, "header": {"qubit_labels": [["q", 0], ["q", 1], ["q", 2], ["q", 3], ["q", 4]], "n_qubits": 5, "qreg_sizes": [["q", 5]], "clbit_labels": [["c", 0], ["c", 1], ["c", 2]], "memory_slots": 3, "creg_sizes": [["c", 3]], "name": "circuit-773109", "global_phase": 0.0, "metadata": {}}, "data": {"counts": {"0x0": 523, "0x1": 578, "0x2": 480, "0x3": 574, "0x4": 368, "0x5": 513, "0x6": 454, "0x7": 606}, "snapshots": null, "memory": null, "statevector": null, "unitary": null}}, {"shots": 4096, "success": true, "status": null, "seed": null, "meas_level": 2, "meas_return": null, "header": {"qubit_labels": [["q", 0], ["q", 1], ["q", 2], ["q", 3], ["q", 4]], "n_qubits": 5, "qreg_sizes": [["q", 5]], "clbit_labels": [["c", 0], ["c", 1], ["c", 2]], "memory_slots": 3, "creg_sizes": [["c", 3]], "name": "circuit-773110", "global_phase": 0.0, "metadata": {}}, "data": {"counts": {"0x0": 1569, "0x1": 524, "0x2": 388, "0x3": 159, "0x4": 714, "0x5": 426, "0x6": 201, "0x7": 115}, "snapshots": null, "memory": null, "statevector": null, "unitary": null}}, {"shots": 4096, "success": true, "status": null, "seed": null, "meas_level": 2, "meas_return": null, "header": {"qubit_labels": [["q", 0], ["q", 1], ["q", 2], ["q", 3], ["q", 4]], "n_qubits": 5, "qreg_sizes": [["q", 5]], "clbit_labels": [["c", 0], ["c", 1], ["c", 2]], "memory_slots": 3, "creg_sizes": [["c", 3]], "name": "circuit-775608", "global_phase": 0.0, "metadata": {}}, "data": {"counts": {"0x0": 556, "0x1": 438, "0x2": 416, "0x3": 640, "0x4": 452, "0x5": 525, "0x6": 651, "0x7": 418}, "snapshots": null, "memory": null, "statevector": null, "unitary": null}}, {"shots": 4096, "success": true, "status": null, "seed": null, "meas_level": 2, "meas_return": null, "header": {"qubit_labels": [["q", 0], ["q", 1], ["q", 2], ["q", 3], ["q", 4]], "n_qubits": 5, "qreg_sizes": [["q", 5]], "clbit_labels": [["c", 0], ["c", 1], ["c", 2]], "memory_slots": 3, "creg_sizes": [["c", 3]], "name": "circuit-775609", "global_phase": 0.0, "metadata": {}}, "data": {"counts": {"0x0": 1191, "0x1": 652, "0x2": 360, "0x3": 195, "0x4": 726, "0x5": 539, "0x6": 248, "0x7": 185}, "snapshots": null, "memory": null, "statevector": null, "unitary": null}}, {"shots": 4096, "success": true, "status": null, "seed": null, "meas_level": 2, "meas_return": null, "header": {"qubit_labels": [["q", 0], ["q", 1], ["q", 2], ["q", 3], ["q", 4]], "n_qubits": 5, "qreg_sizes": [["q", 5]], "clbit_labels": [["c", 0], ["c", 1], ["c", 2]], "memory_slots": 3, "creg_sizes": [["c", 3]], "name": "circuit-778247", "global_phase": 0.0, "metadata": {}}, "data": {"counts": {"0x0": 488, "0x1": 494, "0x2": 470, "0x3": 608, "0x4": 394, "0x5": 656, "0x6": 534, "0x7": 452}, "snapshots": null, "memory": null, "statevector": null, "unitary": null}}, {"shots": 4096, "success": true, "status": null, "seed": null, "meas_level": 2, "meas_return": null, "header": {"qubit_labels": [["q", 0], ["q", 1], ["q", 2], ["q", 3], ["q", 4]], "n_qubits": 5, "qreg_sizes": [["q", 5]], "clbit_labels": [["c", 0], ["c", 1], ["c", 2]], "memory_slots": 3, "creg_sizes": [["c", 3]], "name": "circuit-778248", "global_phase": 0.0, "metadata": {}}, "data": {"counts": {"0x0": 1154, "0x1": 548, "0x2": 510, "0x3": 256, "0x4": 662, "0x5": 463, "0x6": 309, "0x7": 194}, "snapshots": null, "memory": null, "statevector": null, "unitary": null}}, {"shots": 4096, "success": true, "status": null, "seed": null, "meas_level": 2, "meas_return": null, "header": {"qubit_labels": [["q", 0], ["q", 1], ["q", 2], ["q", 3], ["q", 4]], "n_qubits": 5, "qreg_sizes": [["q", 5]], "clbit_labels": [["c", 0], ["c", 1], ["c", 2]], "memory_slots": 3, "creg_sizes": [["c", 3]], "name": "circuit-781075", "global_phase": 0.0, "metadata": {}}, "data": {"counts": {"0x0": 452, "0x1": 480, "0x2": 541, "0x3": 670, "0x4": 532, "0x5": 481, "0x6": 479, "0x7": 461}, "snapshots": null, "memory": null, "statevector": null, "unitary": null}}, {"shots": 4096, "success": true, "status": null, "seed": null, "meas_level": 2, "meas_return": null, "header": {"qubit_labels": [["q", 0], ["q", 1], ["q", 2], ["q", 3], ["q", 4]], "n_qubits": 5, "qreg_sizes": [["q", 5]], "clbit_labels": [["c", 0], ["c", 1], ["c", 2]], "memory_slots": 3, "creg_sizes": [["c", 3]], "name": "circuit-781076", "global_phase": 0.0, "metadata": {}}, "data": {"counts": {"0x0": 1374, "0x1": 550, "0x2": 482, "0x3": 164, "0x4": 710, "0x5": 431, "0x6": 245, "0x7": 140}, "snapshots": null, "memory": null, "statevector": null, "unitary": null}}, {"shots": 4096, "success": true, "status": null, "seed": null, "meas_level": 2, "meas_return": null, "header": {"qubit_labels": [["q", 0], ["q", 1], ["q", 2], ["q", 3], ["q", 4]], "n_qubits": 5, "qreg_sizes": [["q", 5]], "clbit_labels": [["c", 0], ["c", 1], ["c", 2]], "memory_slots": 3, "creg_sizes": [["c", 3]], "name": "circuit-784021", "global_phase": 0.0, "metadata": {}}, "data": {"counts": {"0x0": 411, "0x1": 564, "0x2": 459, "0x3": 577, "0x4": 478, "0x5": 484, "0x6": 676, "0x7": 447}, "snapshots": null, "memory": null, "statevector": null, "unitary": null}}, {"shots": 4096, "success": true, "status": null, "seed": null, "meas_level": 2, "meas_return": null, "header": {"qubit_labels": [["q", 0], ["q", 1], ["q", 2], ["q", 3], ["q", 4]], "n_qubits": 5, "qreg_sizes": [["q", 5]], "clbit_labels": [["c", 0], ["c", 1], ["c", 2]], "memory_slots": 3, "creg_sizes": [["c", 3]], "name": "circuit-784022", "global_phase": 0.0, "metadata": {}}, "data": {"counts": {"0x0": 1373, "0x1": 563, "0x2": 496, "0x3": 181, "0x4": 641, "0x5": 432, "0x6": 240, "0x7": 170}, "snapshots": null, "memory": null, "statevector": null, "unitary": null}}], "error": null}