{"backend_name": "ibmq_manila", "backend_version": "1.0.35", "qobj_id": "2b0fba5d-054b-46eb-815a-1ec824a92a16", "job_id": "62e84c4d37e42f3f8aaecd4f", "date": "2022-08-01T22:42:44Z", "success": true, "status": "Successful completion", "execution_id": "f12a06f2-11ea-11ed-a53a-bc97e15b08d0", "time_taken": 135.9255449771881, "header": {"backend_name": "ibmq_manila", "backend_version": "1.0.35"}, "results": [{"shots": 4096, "success": true, "status": null, "seed": null, "meas_level": 2, "meas_return": null, "header": {"qubit_labels": [["q", 0], ["q", 1], ["q", 2], ["q", 3], ["q", 4]], "n_qubits": 5, "qreg_sizes": [["q", 5]], "clbit_labels": [["c", 0], ["c", 1], ["c", 2]], "memory_slots": 3, "creg_sizes": [["c", 3]], "name": "circuit-2873209", "global_phase": 0.0, "metadata": {}}, "data": {"counts": {"0x0": 592, "0x1": 461, "0x2": 487, "0x3": 466, "0x4": 588, "0x5": 505, "0x6": 558, "0x7": 439}, "snapshots": null, "memory": null, "statevector": null, "unitary": null}}, {"shots": 4096, "success": true, "status": null, "seed": null, "meas_level": 2, "meas_return": null, "header": {"qubit_labels": [["q", 0], ["q", 1], ["q", 2], ["q", 3], ["q", 4]], "n_qubits": 5, "qreg_sizes": [["q", 5]], "clbit_labels": [["c", 0], ["c", 1], ["c", 2]], "memory_slots": 3, "creg_sizes": [["c", 3]], "name": "circuit-2873210", "global_phase": 0.0, "metadata": {}}, "data": {"counts": {"0x0": 1854, "0x1": 787, "0x2": 305, "0x3": 121, "0x4": 503, "0x5": 379, "0x6": 82, "0x7": 65}, "snapshots": null, "memory": null, "statevector": null, "unitary": null}}, {"shots": 4096, "success": true, "status": null, "seed": null, "meas_level": 2, "meas_return": null, "header": {"qubit_labels": [["q", 0], ["q", 1], ["q", 2], ["q", 3], ["q", 4]], "n_qubits": 5, "qreg_sizes": [["q", 5]], "clbit_labels": [["c", 0], ["c", 1], ["c", 2]], "memory_slots": 3, "creg_sizes": [["c", 3]], "name": "circuit-2874964", "global_phase": 0.0, "metadata": {}}, "data": {"counts": {"0x0": 594, "0x1": 478, "0x2": 433, "0x3": 529, "0x4": 505, "0x5": 503, "0x6": 627, "0x7": 427}, "snapshots": null, "memory": null, "statevector": null, "unitary": null}}, {"shots": 4096, "success": true, "status": null, "seed": null, "meas_level": 2, "meas_return": null, "header": {"qubit_labels": [["q", 0], ["q", 1], ["q", 2], ["q", 3], ["q", 4]], "n_qubits": 5, "qreg_sizes": [["q", 5]], "clbit_labels": [["c", 0], ["c", 1], ["c", 2]], "memory_slots": 3, "creg_sizes": [["c", 3]], "name": "circuit-2874965", "global_phase": 0.0, "metadata": {}}, "data": {"counts": {"0x0": 1829, "0x1": 715, "0x2": 373, "0x3": 158, "0x4": 486, "0x5": 335, "0x6": 113, "0x7": 87}, "snapshots": null, "memory": null, "statevector": null, "unitary": null}}, {"shots": 4096, "success": true, "status": null, "seed": null, "meas_level": 2, "meas_return": null, "header": {"qubit_labels": [["q", 0], ["q", 1], ["q", 2], ["q", 3], ["q", 4]], "n_qubits": 5, "qreg_sizes": [["q", 5]], "clbit_labels": [["c", 0], ["c", 1], ["c", 2]], "memory_slots": 3, "creg_sizes": [["c", 3]], "name": "circuit-2876843", "global_phase": 0.0, "metadata": {}}, "data": {"counts": {"0x0": 664, "0x1": 505, "0x2": 487, "0x3": 530, "0x4": 496, "0x5": 614, "0x6": 470, "0x7": 330}, "snapshots": null, "memory": null, "statevector": null, "unitary": null}}, {"shots": 4096, "success": true, "status": null, "seed": null, "meas_level": 2, "meas_return": null, "header": {"qubit_labels": [["q", 0], ["q", 1], ["q", 2], ["q", 3], ["q", 4]], "n_qubits": 5, "qreg_sizes": [["q", 5]], "clbit_labels": [["c", 0], ["c", 1], ["c", 2]], "memory_slots": 3, "creg_sizes": [["c", 3]], "name": "circuit-2876844", "global_phase": 0.0, "metadata": {}}, "data": {"counts": {"0x0": 1441, "0x1": 641, "0x2": 603, "0x3": 235, "0x4": 500, "0x5": 357, "0x6": 188, "0x7": 131}, "snapshots": null, "memory": null, "statevector": null, "unitary": null}}, {"shots": 4096, "success": true, "status": null, "seed": null, "meas_level": 2, "meas_return": null, "header": {"qubit_labels": [["q", 0], ["q", 1], ["q", 2], ["q", 3], ["q", 4]], "n_qubits": 5, "qreg_sizes": [["q", 5]], "clbit_labels": [["c", 0], ["c", 1], ["c", 2]], "memory_slots": 3, "creg_sizes": [["c", 3]], "name": "circuit-2878856", "global_phase": 0.0, "metadata": {}}, "data": {"counts": {"0x0": 555, "0x1": 448, "0x2": 476, "0x3": 550, "0x4": 555, "0x5": 563, "0x6": 575, "0x7": 374}, "snapshots": null, "memory": null, "statevector": null, "unitary": null}}, {"shots": 4096, "success": true, "status": null, "seed": null, "meas_level": 2, "meas_return": null, "header": {"qubit_labels": [["q", 0], ["q", 1], ["q", 2], ["q", 3], ["q", 4]], "n_qubits": 5, "qreg_sizes": [["q", 5]], "clbit_labels": [["c", 0], ["c", 1], ["c", 2]], "memory_slots": 3, "creg_sizes": [["c", 3]], "name": "circuit-2878857", "global_phase": 0.0, "metadata": {}}, "data": {"counts": {"0x0": 1576, "0x1": 818, "0x2": 360, "0x3": 171, "0x4": 525, "0x5": 407, "0x6": 127, "0x7": 112}, "snapshots": null, "memory": null, "statevector": null, "unitary": null}}, {"shots": 4096, "success": true, "status": null, "seed": null, "meas_level": 2, "meas_return": null, "header": {"qubit_labels": [["q", 0], ["q", 1], ["q", 2], ["q", 3], ["q", 4]], "n_qubits": 5, "qreg_sizes": [["q", 5]], "clbit_labels": [["c", 0], ["c", 1], ["c", 2]], "memory_slots": 3, "creg_sizes": [["c", 3]], "name": "circuit-2881077", "global_phase": 0.0, "metadata": {}}, "data": {"counts": {"0x0": 610, "0x1": 499, "0x2": 511, "0x3": 496, "0x4": 574, "0x5": 555, "0x6": 482, "0x7": 369}, "snapshots": null, "memory": null, "statevector": null, "unitary": null}}, {"shots": 4096, "success": true, "status": null, "seed": null, "meas_level": 2, "meas_return": null, "header": {"qubit_labels": [["q", 0], ["q", 1], ["q", 2], ["q", 3], ["q", 4]], "n_qubits": 5, "qreg_sizes": [["q", 5]], "clbit_labels": [["c", 0], ["c", 1], ["c", 2]], "memory_slots": 3, "creg_sizes": [["c", 3]], "name": "circuit-2881078", "global_phase": 0.0, "metadata": {}}, "data": {"counts": {"0x0": 1569, "0x1": 772, "0x2": 391, "0x3": 177, "0x4": 519, "0x5": 430, "0x6": 140, "0x7": 98}, "snapshots": null, "memory": null, "statevector": null, "unitary": null}}, {"shots": 4096, "success": true, "status": null, "seed": null, "meas_level": 2, "meas_return": null, "header": {"qubit_labels": [["q", 0], ["q", 1], ["q", 2], ["q", 3], ["q", 4]], "n_qubits": 5, "qreg_sizes": [["q", 5]], "clbit_labels": [["c", 0], ["c", 1], ["c", 2]], "memory_slots": 3, "creg_sizes": [["c", 3]], "name": "circuit-2883408", "global_phase": 0.0, "metadata": {}}, "data": {"counts": {"0x0": 604, "0x1": 534, "0x2": 519, "0x3": 512, "0x4": 541, "0x5": 470, "0x6": 483, "0x7": 433}, "snapshots": null, "memory": null, "statevector": null, "unitary": null}}, {"shots": 4096, "success": true, "status": null, "seed": null, "meas_level": 2, "meas_return": null, "header": {"qubit_labels": [["q", 0], ["q", 1], ["q", 2], ["q", 3], ["q", 4]], "n_qubits": 5, "qreg_sizes": [["q", 5]], "clbit_labels": [["c", 0], ["c", 1], ["c", 2]], "memory_slots": 3, "creg_sizes": [["c", 3]], "name": "circuit-2883409", "global_phase": 0.0, "metadata": {}}, "data": {"counts": {"0x0": 1376, "0x1": 824, "0x2": 444, "0x3": 220, "0x4": 530, "0x5": 426, "0x6": 161, "0x7": 115}, "snapshots": null, "memory": null, "statevector": null, "unitary": null}}, {"shots": 4096, "success": true, "status": null, "seed": null, "meas_level": 2, "meas_return": null, "header": {"qubit_labels": [["q", 0], ["q", 1], ["q", 2], ["q", 3], ["q", 4]], "n_qubits": 5, "qreg_sizes": [["q", 5]], "clbit_labels": [["c", 0], ["c", 1], ["c", 2]], "memory_slots": 3, "creg_sizes": [["c", 3]], "name": "circuit-2885930", "global_phase": 0.0, "metadata": {}}, "data": {"counts": {"0x0": 574, "0x1": 444, "0x2": 513, "0x3": 458, "0x4": 563, "0x5": 470, "0x6": 571, "0x7": 503}, "snapshots": null, "memory": null, "statevector": null, "unitary": null}}, {"shots": 4096, "success": true, "status": null, "seed": null, "meas_level": 2, "meas_return": null, "header": {"qubit_labels": [["q", 0], ["q", 1], ["q", 2], ["q", 3], ["q", 4]], "n_qubits": 5, "qreg_sizes": [["q", 5]], "clbit_labels": [["c", 0], ["c", 1], ["c", 2]], "memory_slots": 3, "creg_sizes": [["c", 3]], "name": "circuit-2885931", "global_phase": 0.0, "metadata": {}}, "data": {"counts": {"0x0": 1167, "0x1": 855, "0x2": 482, "0x3": 300, "0x4": 506, "0x5": 393, "0x6": 225, "0x7": 168}, "snapshots": null, "memory": null, "statevector": null, "unitary": null}}, {"shots": 4096, "success": true, "status": null, "seed": null, "meas_level": 2, "meas_return": null, "header": {"qubit_labels": [["q", 0], ["q", 1], ["q", 2], ["q", 3], ["q", 4]], "n_qubits": 5, "qreg_sizes": [["q", 5]], "clbit_labels": [["c", 0], ["c", 1], ["c", 2]], "memory_slots": 3, "creg_sizes": [["c", 3]], "name": "circuit-2888567", "global_phase": 0.0, "metadata": {}}, "data": {"counts": {"0x0": 604, "0x1": 540, "0x2": 516, "0x3": 480, "0x4": 538, "0x5": 483, "0x6": 508, "0x7": 427}, "snapshots": null, "memory": null, "statevector": null, "unitary": null}}, {"shots": 4096, "success": true, "status": null, "seed": null, "meas_level": 2, "meas_return": null, "header": {"qubit_labels": [["q", 0], ["q", 1], ["q", 2], ["q", 3], ["q", 4]], "n_qubits": 5, "qreg_sizes": [["q", 5]], "clbit_labels": [["c", 0], ["c", 1], ["c", 2]], "memory_slots": 3, "creg_sizes": [["c", 3]], "name": "circuit-2888568", "global_phase": 0.0, "metadata": {}}, "data": {"counts": {"0x0": 1355, "0x1": 777, "0x2": 411, "0x3": 250, "0x4": 562, "0x5": 453, "0x6": 155, "0x7": 133}, "snapshots": null, "memory": null, "statevector": null, "unitary": null}}, {"shots": 4096, "success": true, "status": null, "seed": null, "meas_level": 2, "meas_return": null, "header": {"qubit_labels": [["q", 0], ["q", 1], ["q", 2], ["q", 3], ["q", 4]], "n_qubits": 5, "qreg_sizes": [["q", 5]], "clbit_labels": [["c", 0], ["c", 1], ["c", 2]], "memory_slots": 3, "creg_sizes": [["c", 3]], "name": "circuit-2891261", "global_phase": 0.0, "metadata": {}}, "data": {"counts": {"0x0": 596, "0x1": 553, "0x2": 549, "0x3": 488, "0x4": 520, "0x5": 449, "0x6": 485, "0x7": 456}, "snapshots": null, "memory": null, "statevector": null, "unitary": null}}, {"shots": 4096, "success": true, "status": null, "seed": null, "meas_level": 2, "meas_return": null, "header": {"qubit_labels": [["q", 0], ["q", 1], ["q", 2], ["q", 3], ["q", 4]], "n_qubits": 5, "qreg_sizes": [["q", 5]], "clbit_labels": [["c", 0], ["c", 1], ["c", 2]], "memory_slots": 3, "creg_sizes": [["c", 3]], "name": "circuit-2891262", "global_phase": 0.0, "metadata": {}}, "data": {"counts": {"0x0": 1079, "0x1": 814, "0x2": 528, "0x3": 310, "0x4": 539, "0x5": 426, "0x6": 250, "0x7": 150}, "snapshots": null, "memory": null, "statevector": null, "unitary": null}}, {"shots": 4096, "success": true, "status": null, "seed": null, "meas_level": 2, "meas_return": null, "header": {"qubit_labels": [["q", 0], ["q", 1], ["q", 2], ["q", 3], ["q", 4]], "n_qubits": 5, "qreg_sizes": [["q", 5]], "clbit_labels": [["c", 0], ["c", 1], ["c", 2]], "memory_slots": 3, "creg_sizes": [["c", 3]], "name": "circuit-2894149", "global_phase": 0.0, "metadata": {}}, "data": {"counts": {"0x0": 576, "0x1": 529, "0x2": 489, "0x3": 451, "0x4": 606, "0x5": 436, "0x6": 498, "0x7": 511}, "snapshots": null, "memory": null, "statevector": null, "unitary": null}}, {"shots": 4096, "success": true, "status": null, "seed": null, "meas_level": 2, "meas_return": null, "header": {"qubit_labels": [["q", 0], ["q", 1], ["q", 2], ["q", 3], ["q", 4]], "n_qubits": 5, "qreg_sizes": [["q", 5]], "clbit_labels": [["c", 0], ["c", 1], ["c", 2]], "memory_slots": 3, "creg_sizes": [["c", 3]], "name": "circuit-2894150", "global_phase": 0.0, "metadata": {}}, "data": {"counts": {"0x0": 1214, "0x1": 696, "0x2": 539, "0x3": 244, "0x4": 567, "0x5": 443, "0x6": 239, "0x7": 154}, "snapshots": null, "memory": null, "statevector": null, "unitary": null}}, {"shots": 4096, "success": true, "status": null, "seed": null, "meas_level": 2, "meas_return": null, "header": {"qubit_labels": [["q", 0], ["q", 1], ["q", 2], ["q", 3], ["q", 4]], "n_qubits": 5, "qreg_sizes": [["q", 5]], "clbit_labels": [["c", 0], ["c", 1], ["c", 2]], "memory_slots": 3, "creg_sizes": [["c", 3]], "name": "circuit-2897192", "global_phase": 0.0, "metadata": {}}, "data": {"counts": {"0x0": 843, "0x1": 169, "0x2": 273, "0x3": 745, "0x4": 318, "0x5": 673, "0x6": 911, "0x7": 164}, "snapshots": null, "memory": null, "statevector": null, "unitary": null}}, {"shots": 4096, "success": true, "status": null, "seed": null, "meas_level": 2, "meas_return": null, "header": {"qubit_labels": [["q", 0], ["q", 1], ["q", 2], ["q", 3], ["q", 4]], "n_qubits": 5, "qreg_sizes": [["q", 5]], "clbit_labels": [["c", 0], ["c", 1], ["c", 2]], "memory_slots": 3, "creg_sizes": [["c", 3]], "name": "circuit-2897193", "global_phase": 0.0, "metadata": {}}, "data": {"counts": {"0x0": 3550, "0x1": 224, "0x2": 97, "0x3": 4, "0x4": 159, "0x5": 48, "0x6": 10, "0x7": 4}, "snapshots": null, "memory": null, "statevector": null, "unitary": null}}, {"shots": 4096, "success": true, "status": null, "seed": null, "meas_level": 2, "meas_return": null, "header": {"qubit_labels": [["q", 0], ["q", 1], ["q", 2], ["q", 3], ["q", 4]], "n_qubits": 5, "qreg_sizes": [["q", 5]], "clbit_labels": [["c", 0], ["c", 1], ["c", 2]], "memory_slots": 3, "creg_sizes": [["c", 3]], "name": "circuit-2897547", "global_phase": 0.0, "metadata": {}}, "data": {"counts": {"0x0": 949, "0x1": 315, "0x2": 417, "0x3": 496, "0x4": 403, "0x5": 681, "0x6": 590, "0x7": 245}, "snapshots": null, "memory": null, "statevector": null, "unitary": null}}, {"shots": 4096, "success": true, "status": null, "seed": null, "meas_level": 2, "meas_return": null, "header": {"qubit_labels": [["q", 0], ["q", 1], ["q", 2], ["q", 3], ["q", 4]], "n_qubits": 5, "qreg_sizes": [["q", 5]], "clbit_labels": [["c", 0], ["c", 1], ["c", 2]], "memory_slots": 3, "creg_sizes": [["c", 3]], "name": "circuit-2897548", "global_phase": 0.0, "metadata": {}}, "data": {"counts": {"0x0": 3346, "0x1": 298, "0x2": 144, "0x3": 16, "0x4": 187, "0x5": 95, "0x6": 8, "0x7": 2}, "snapshots": null, "memory": null, "statevector": null, "unitary": null}}, {"shots": 4096, "success": true, "status": null, "seed": null, "meas_level": 2, "meas_return": null, "header": {"qubit_labels": [["q", 0], ["q", 1], ["q", 2], ["q", 3], ["q", 4]], "n_qubits": 5, "qreg_sizes": [["q", 5]], "clbit_labels": [["c", 0], ["c", 1], ["c", 2]], "memory_slots": 3, "creg_sizes": [["c", 3]], "name": "circuit-2898041", "global_phase": 0.0, "metadata": {}}, "data": {"counts": {"0x0": 625, "0x1": 447, "0x2": 493, "0x3": 651, "0x4": 440, "0x5": 569, "0x6": 562, "0x7": 309}, "snapshots": null, "memory": null, "statevector": null, "unitary": null}}, {"shots": 4096, "success": true, "status": null, "seed": null, "meas_level": 2, "meas_return": null, "header": {"qubit_labels": [["q", 0], ["q", 1], ["q", 2], ["q", 3], ["q", 4]], "n_qubits": 5, "qreg_sizes": [["q", 5]], "clbit_labels": [["c", 0], ["c", 1], ["c", 2]], "memory_slots": 3, "creg_sizes": [["c", 3]], "name": "circuit-2898042", "global_phase": 0.0, "metadata": {}}, "data": {"counts": {"0x0": 3114, "0x1": 399, "0x2": 187, "0x3": 21, "0x4": 242, "0x5": 107, "0x6": 22, "0x7": 4}, "snapshots": null, "memory": null, "statevector": null, "unitary": null}}, {"shots": 4096, "success": true, "status": null, "seed": null, "meas_level": 2, "meas_return": null, "header": {"qubit_labels": [["q", 0], ["q", 1], ["q", 2], ["q", 3], ["q", 4]], "n_qubits": 5, "qreg_sizes": [["q", 5]], "clbit_labels": [["c", 0], ["c", 1], ["c", 2]], "memory_slots": 3, "creg_sizes": [["c", 3]], "name": "circuit-2898664", "global_phase": 0.0, "metadata": {}}, "data": {"counts": {"0x0": 596, "0x1": 570, "0x2": 577, "0x3": 333, "0x4": 672, "0x5": 464, "0x6": 451, "0x7": 433}, "snapshots": null, "memory": null, "statevector": null, "unitary": null}}, {"shots": 4096, "success": true, "status": null, "seed": null, "meas_level": 2, "meas_return": null, "header": {"qubit_labels": [["q", 0], ["q", 1], ["q", 2], ["q", 3], ["q", 4]], "n_qubits": 5, "qreg_sizes": [["q", 5]], "clbit_labels": [["c", 0], ["c", 1], ["c", 2]], "memory_slots": 3, "creg_sizes": [["c", 3]], "name": "circuit-2898665", "global_phase": 0.0, "metadata": {}}, "data": {"counts": {"0x0": 2871, "0x1": 454, "0x2": 241, "0x3": 42, "0x4": 278, "0x5": 168, "0x6": 31, "0x7": 11}, "snapshots": null, "memory": null, "statevector": null, "unitary": null}}, {"shots": 4096, "success": true, "status": null, "seed": null, "meas_level": 2, "meas_return": null, "header": {"qubit_labels": [["q", 0], ["q", 1], ["q", 2], ["q", 3], ["q", 4]], "n_qubits": 5, "qreg_sizes": [["q", 5]], "clbit_labels": [["c", 0], ["c", 1], ["c", 2]], "memory_slots": 3, "creg_sizes": [["c", 3]], "name": "circuit-2899404", "global_phase": 0.0, "metadata": {}}, "data": {"counts": {"0x0": 525, "0x1": 614, "0x2": 704, "0x3": 324, "0x4": 610, "0x5": 349, "0x6": 375, "0x7": 595}, "snapshots": null, "memory": null, "statevector": null, "unitary": null}}, {"shots": 4096, "success": true, "status": null, "seed": null, "meas_level": 2, "meas_return": null, "header": {"qubit_labels": [["q", 0], ["q", 1], ["q", 2], ["q", 3], ["q", 4]], "n_qubits": 5, "qreg_sizes": [["q", 5]], "clbit_labels": [["c", 0], ["c", 1], ["c", 2]], "memory_slots": 3, "creg_sizes": [["c", 3]], "name": "circuit-2899405", "global_phase": 0.0, "metadata": {}}, "data": {"counts": {"0x0": 2551, "0x1": 663, "0x2": 224, "0x3": 58, "0x4": 307, "0x5": 244, "0x6": 24, "0x7": 25}, "snapshots": null, "memory": null, "statevector": null, "unitary": null}}, {"shots": 4096, "success": true, "status": null, "seed": null, "meas_level": 2, "meas_return": null, "header": {"qubit_labels": [["q", 0], ["q", 1], ["q", 2], ["q", 3], ["q", 4]], "n_qubits": 5, "qreg_sizes": [["q", 5]], "clbit_labels": [["c", 0], ["c", 1], ["c", 2]], "memory_slots": 3, "creg_sizes": [["c", 3]], "name": "circuit-2900313", "global_phase": 0.0, "metadata": {}}, "data": {"counts": {"0x0": 447, "0x1": 610, "0x2": 596, "0x3": 263, "0x4": 801, "0x5": 430, "0x6": 370, "0x7": 579}, "snapshots": null, "memory": null, "statevector": null, "unitary": null}}, {"shots": 4096, "success": true, "status": null, "seed": null, "meas_level": 2, "meas_return": null, "header": {"qubit_labels": [["q", 0], ["q", 1], ["q", 2], ["q", 3], ["q", 4]], "n_qubits": 5, "qreg_sizes": [["q", 5]], "clbit_labels": [["c", 0], ["c", 1], ["c", 2]], "memory_slots": 3, "creg_sizes": [["c", 3]], "name": "circuit-2900314", "global_phase": 0.0, "metadata": {}}, "data": {"counts": {"0x0": 2514, "0x1": 611, "0x2": 266, "0x3": 76, "0x4": 319, "0x5": 247, "0x6": 38, "0x7": 25}, "snapshots": null, "memory": null, "statevector": null, "unitary": null}}, {"shots": 4096, "success": true, "status": null, "seed": null, "meas_level": 2, "meas_return": null, "header": {"qubit_labels": [["q", 0], ["q", 1], ["q", 2], ["q", 3], ["q", 4]], "n_qubits": 5, "qreg_sizes": [["q", 5]], "clbit_labels": [["c", 0], ["c", 1], ["c", 2]], "memory_slots": 3, "creg_sizes": [["c", 3]], "name": "circuit-2901368", "global_phase": 0.0, "metadata": {}}, "data": {"counts": {"0x0": 521, "0x1": 661, "0x2": 612, "0x3": 338, "0x4": 747, "0x5": 327, "0x6": 404, "0x7": 486}, "snapshots": null, "memory": null, "statevector": null, "unitary": null}}, {"shots": 4096, "success": true, "status": null, "seed": null, "meas_level": 2, "meas_return": null, "header": {"qubit_labels": [["q", 0], ["q", 1], ["q", 2], ["q", 3], ["q", 4]], "n_qubits": 5, "qreg_sizes": [["q", 5]], "clbit_labels": [["c", 0], ["c", 1], ["c", 2]], "memory_slots": 3, "creg_sizes": [["c", 3]], "name": "circuit-2901369", "global_phase": 0.0, "metadata": {}}, "data": {"counts": {"0x0": 2368, "0x1": 645, "0x2": 281, "0x3": 83, "0x4": 380, "0x5": 258, "0x6": 46, "0x7": 35}, "snapshots": null, "memory": null, "statevector": null, "unitary": null}}, {"shots": 4096, "success": true, "status": null, "seed": null, "meas_level": 2, "meas_return": null, "header": {"qubit_labels": [["q", 0], ["q", 1], ["q", 2], ["q", 3], ["q", 4]], "n_qubits": 5, "qreg_sizes": [["q", 5]], "clbit_labels": [["c", 0], ["c", 1], ["c", 2]], "memory_slots": 3, "creg_sizes": [["c", 3]], "name": "circuit-2902536", "global_phase": 0.0, "metadata": {}}, "data": {"counts": {"0x0": 499, "0x1": 582, "0x2": 621, "0x3": 342, "0x4": 651, "0x5": 397, "0x6": 433, "0x7": 571}, "snapshots": null, "memory": null, "statevector": null, "unitary": null}}, {"shots": 4096, "success": true, "status": null, "seed": null, "meas_level": 2, "meas_return": null, "header": {"qubit_labels": [["q", 0], ["q", 1], ["q", 2], ["q", 3], ["q", 4]], "n_qubits": 5, "qreg_sizes": [["q", 5]], "clbit_labels": [["c", 0], ["c", 1], ["c", 2]], "memory_slots": 3, "creg_sizes": [["c", 3]], "name": "circuit-2902537", "global_phase": 0.0, "metadata": {}}, "data": {"counts": {"0x0": 2249, "0x1": 647, "0x2": 311, "0x3": 96, "0x4": 387, "0x5": 300, "0x6": 55, "0x7": 51}, "snapshots": null, "memory": null, "statevector": null, "unitary": null}}, {"shots": 4096, "success": true, "status": null, "seed": null, "meas_level": 2, "meas_return": null, "header": {"qubit_labels": [["q", 0], ["q", 1], ["q", 2], ["q", 3], ["q", 4]], "n_qubits": 5, "qreg_sizes": [["q", 5]], "clbit_labels": [["c", 0], ["c", 1], ["c", 2]], "memory_slots": 3, "creg_sizes": [["c", 3]], "name": "circuit-2903865", "global_phase": 0.0, "metadata": {}}, "data": {"counts": {"0x0": 486, "0x1": 507, "0x2": 580, "0x3": 379, "0x4": 642, "0x5": 464, "0x6": 552, "0x7": 486}, "snapshots": null, "memory": null, "statevector": null, "unitary": null}}, {"shots": 4096, "success": true, "status": null, "seed": null, "meas_level": 2, "meas_return": null, "header": {"qubit_labels": [["q", 0], ["q", 1], ["q", 2], ["q", 3], ["q", 4]], "n_qubits": 5, "qreg_sizes": [["q", 5]], "clbit_labels": [["c", 0], ["c", 1], ["c", 2]], "memory_slots": 3, "creg_sizes": [["c", 3]], "name": "circuit-2903866", "global_phase": 0.0, "metadata": {}}, "data": {"counts": {"0x0": 2136, "0x1": 720, "0x2": 324, "0x3": 99, "0x4": 408, "0x5": 288, "0x6": 74, "0x7": 47}, "snapshots": null, "memory": null, "statevector": null, "unitary": null}}, {"shots": 4096, "success": true, "status": null, "seed": null, "meas_level": 2, "meas_return": null, "header": {"qubit_labels": [["q", 0], ["q", 1], ["q", 2], ["q", 3], ["q", 4]], "n_qubits": 5, "qreg_sizes": [["q", 5]], "clbit_labels": [["c", 0], ["c", 1], ["c", 2]], "memory_slots": 3, "creg_sizes": [["c", 3]], "name": "circuit-2905337", "global_phase": 0.0, "metadata": {}}, "data": {"counts": {"0x0": 525, "0x1": 450, "0x2": 559, "0x3": 513, "0x4": 675, "0x5": 471, "0x6": 503, "0x7": 400}, "snapshots": null, "memory": null, "statevector": null, "unitary": null}}, {"shots": 4096, "success": true, "status": null, "seed": null, "meas_level": 2, "meas_return": null, "header": {"qubit_labels": [["q", 0], ["q", 1], ["q", 2], ["q", 3], ["q", 4]], "n_qubits": 5, "qreg_sizes": [["q", 5]], "clbit_labels": [["c", 0], ["c", 1], ["c", 2]], "memory_slots": 3, "creg_sizes": [["c", 3]], "name": "circuit-2905338", "global_phase": 0.0, "metadata": {}}, "data": {"counts": {"0x0": 2016, "0x1": 784, "0x2": 317, "0x3": 108, "0x4": 447, "0x5": 307, "0x6": 69, "0x7": 48}, "snapshots": null, "memory": null, "statevector": null, "unitary": null}}, {"shots": 4096, "success": true, "status": null, "seed": null, "meas_level": 2, "meas_return": null, "header": {"qubit_labels": [["q", 0], ["q", 1], ["q", 2], ["q", 3], ["q", 4]], "n_qubits": 5, "qreg_sizes": [["q", 5]], "clbit_labels": [["c", 0], ["c", 1], ["c", 2]], "memory_slots": 3, "creg_sizes": [["c", 3]], "name": "circuit-2906990", "global_phase": 0.0, "metadata": {}}, "data": {"counts": {"0x0": 615, "0x1": 505, "0x2": 527, "0x3": 497, "0x4": 526, "0x5": 494, "0x6": 498, "0x7": 434}, "snapshots": null, "memory": null, "statevector": null, "unitary": null}}, {"shots": 4096, "success": true, "status": null, "seed": null, "meas_level": 2, "meas_return": null, "header": {"qubit_labels": [["q", 0], ["q", 1], ["q", 2], ["q", 3], ["q", 4]], "n_qubits": 5, "qreg_sizes": [["q", 5]], "clbit_labels": [["c", 0], ["c", 1], ["c", 2]], "memory_slots": 3, "creg_sizes": [["c", 3]], "name": "circuit-2906991", "global_phase": 0.0, "metadata": {}}, "data": {"counts": {"0x0": 1867, "0x1": 747, "0x2": 367, "0x3": 123, "0x4": 451, "0x5": 393, "0x6": 90, "0x7": 58}, "snapshots": null, "memory": null, "statevector": null, "unitary": null}}, {"shots": 4096, "success": true, "status": null, "seed": null, "meas_level": 2, "meas_return": null, "header": {"qubit_labels": [["q", 0], ["q", 1], ["q", 2], ["q", 3], ["q", 4]], "n_qubits": 5, "qreg_sizes": [["q", 5]], "clbit_labels": [["c", 0], ["c", 1], ["c", 2]], "memory_slots": 3, "creg_sizes": [["c", 3]], "name": "circuit-2908782", "global_phase": 0.0, "metadata": {}}, "data": {"counts": {"0x0": 570, "0x1": 479, "0x2": 506, "0x3": 557, "0x4": 508, "0x5": 538, "0x6": 573, "0x7": 365}, "snapshots": null, "memory": null, "statevector": null, "unitary": null}}, {"shots": 4096, "success": true, "status": null, "seed": null, "meas_level": 2, "meas_return": null, "header": {"qubit_labels": [["q", 0], ["q", 1], ["q", 2], ["q", 3], ["q", 4]], "n_qubits": 5, "qreg_sizes": [["q", 5]], "clbit_labels": [["c", 0], ["c", 1], ["c", 2]], "memory_slots": 3, "creg_sizes": [["c", 3]], "name": "circuit-2908783", "global_phase": 0.0, "metadata": {}}, "data": {"counts": {"0x0": 1739, "0x1": 848, "0x2": 369, "0x3": 146, "0x4": 479, "0x5": 367, "0x6": 80, "0x7": 68}, "snapshots": null, "memory": null, "statevector": null, "unitary": null}}, {"shots": 4096, "success": true, "status": null, "seed": null, "meas_level": 2, "meas_return": null, "header": {"qubit_labels": [["q", 0], ["q", 1], ["q", 2], ["q", 3], ["q", 4]], "n_qubits": 5, "qreg_sizes": [["q", 5]], "clbit_labels": [["c", 0], ["c", 1], ["c", 2]], "memory_slots": 3, "creg_sizes": [["c", 3]], "name": "circuit-2910661", "global_phase": 0.0, "metadata": {}}, "data": {"counts": {"0x0": 644, "0x1": 398, "0x2": 499, "0x3": 532, "0x4": 510, "0x5": 494, "0x6": 630, "0x7": 389}, "snapshots": null, "memory": null, "statevector": null, "unitary": null}}, {"shots": 4096, "success": true, "status": null, "seed": null, "meas_level": 2, "meas_return": null, "header": {"qubit_labels": [["q", 0], ["q", 1], ["q", 2], ["q", 3], ["q", 4]], "n_qubits": 5, "qreg_sizes": [["q", 5]], "clbit_labels": [["c", 0], ["c", 1], ["c", 2]], "memory_slots": 3, "creg_sizes": [["c", 3]], "name": "circuit-2910662", "global_phase": 0.0, "metadata": {}}, "data": {"counts": {"0x0": 1569, "0x1": 818, "0x2": 422, "0x3": 160, "0x4": 464, "0x5": 418, "0x6": 162, "0x7": 83}, "snapshots": null, "memory": null, "statevector": null, "unitary": null}}, {"shots": 4096, "success": true, "status": null, "seed": null, "meas_level": 2, "meas_return": null, "header": {"qubit_labels": [["q", 0], ["q", 1], ["q", 2], ["q", 3], ["q", 4]], "n_qubits": 5, "qreg_sizes": [["q", 5]], "clbit_labels": [["c", 0], ["c", 1], ["c", 2]], "memory_slots": 3, "creg_sizes": [["c", 3]], "name": "circuit-2912736", "global_phase": 0.0, "metadata": {}}, "data": {"counts": {"0x0": 706, "0x1": 449, "0x2": 448, "0x3": 517, "0x4": 478, "0x5": 464, "0x6": 608, "0x7": 426}, "snapshots": null, "memory": null, "statevector": null, "unitary": null}}, {"shots": 4096, "success": true, "status": null, "seed": null, "meas_level": 2, "meas_return": null, "header": {"qubit_labels": [["q", 0], ["q", 1], ["q", 2], ["q", 3], ["q", 4]], "n_qubits": 5, "qreg_sizes": [["q", 5]], "clbit_labels": [["c", 0], ["c", 1], ["c", 2]], "memory_slots": 3, "creg_sizes": [["c", 3]], "name": "circuit-2912737", "global_phase": 0.0, "metadata": {}}, "data": {"counts": {"0x0": 1607, "0x1": 809, "0x2": 394, "0x3": 196, "0x4": 497, "0x5": 382, "0x6": 130, "0x7": 81}, "snapshots": null, "memory": null, "statevector": null, "unitary": null}}, {"shots": 4096, "success": true, "status": null, "seed": null, "meas_level": 2, "meas_return": null, "header": {"qubit_labels": [["q", 0], ["q", 1], ["q", 2], ["q", 3], ["q", 4]], "n_qubits": 5, "qreg_sizes": [["q", 5]], "clbit_labels": [["c", 0], ["c", 1], ["c", 2]], "memory_slots": 3, "creg_sizes": [["c", 3]], "name": "circuit-2914886", "global_phase": 0.0, "metadata": {}}, "data": {"counts": {"0x0": 599, "0x1": 481, "0x2": 487, "0x3": 403, "0x4": 581, "0x5": 569, "0x6": 535, "0x7": 441}, "snapshots": null, "memory": null, "statevector": null, "unitary": null}}, {"shots": 4096, "success": true, "status": null, "seed": null, "meas_level": 2, "meas_return": null, "header": {"qubit_labels": [["q", 0], ["q", 1], ["q", 2], ["q", 3], ["q", 4]], "n_qubits": 5, "qreg_sizes": [["q", 5]], "clbit_labels": [["c", 0], ["c", 1], ["c", 2]], "memory_slots": 3, "creg_sizes": [["c", 3]], "name": "circuit-2914887", "global_phase": 0.0, "metadata": {}}, "data": {"counts": {"0x0": 1468, "0x1": 767, "0x2": 424, "0x3": 191, "0x4": 556, "0x5": 433, "0x6": 147, "0x7": 110}, "snapshots": null, "memory": null, "statevector": null, "unitary": null}}, {"shots": 4096, "success": true, "status": null, "seed": null, "meas_level": 2, "meas_return": null, "header": {"qubit_labels": [["q", 0], ["q", 1], ["q", 2], ["q", 3], ["q", 4]], "n_qubits": 5, "qreg_sizes": [["q", 5]], "clbit_labels": [["c", 0], ["c", 1], ["c", 2]], "memory_slots": 3, "creg_sizes": [["c", 3]], "name": "circuit-2917219", "global_phase": 0.0, "metadata": {}}, "data": {"counts": {"0x0": 612, "0x1": 433, "0x2": 482, "0x3": 530, "0x4": 567, "0x5": 519, "0x6": 548, "0x7": 405}, "snapshots": null, "memory": null, "statevector": null, "unitary": null}}, {"shots": 4096, "success": true, "status": null, "seed": null, "meas_level": 2, "meas_return": null, "header": {"qubit_labels": [["q", 0], ["q", 1], ["q", 2], ["q", 3], ["q", 4]], "n_qubits": 5, "qreg_sizes": [["q", 5]], "clbit_labels": [["c", 0], ["c", 1], ["c", 2]], "memory_slots": 3, "creg_sizes": [["c", 3]], "name": "circuit-2917220", "global_phase": 0.0, "metadata": {}}, "data": {"counts": {"0x0": 1363, "0x1": 826, "0x2": 472, "0x3": 245, "0x4": 473, "0x5": 398, "0x6": 190, "0x7": 129}, "snapshots": null, "memory": null, "statevector": null, "unitary": null}}, {"shots": 4096, "success": true, "status": null, "seed": null, "meas_level": 2, "meas_return": null, "header": {"qubit_labels": [["q", 0], ["q", 1], ["q", 2], ["q", 3], ["q", 4]], "n_qubits": 5, "qreg_sizes": [["q", 5]], "clbit_labels": [["c", 0], ["c", 1], ["c", 2]], "memory_slots": 3, "creg_sizes": [["c", 3]], "name": "circuit-2919677", "global_phase": 0.0, "metadata": {}}, "data": {"counts": {"0x0": 542, "0x1": 489, "0x2": 595, "0x3": 451, "0x4": 574, "0x5": 461, "0x6": 541, "0x7": 443}, "snapshots": null, "memory": null, "statevector": null, "unitary": null}}, {"shots": 4096, "success": true, "status": null, "seed": null, "meas_level": 2, "meas_return": null, "header": {"qubit_labels": [["q", 0], ["q", 1], ["q", 2], ["q", 3], ["q", 4]], "n_qubits": 5, "qreg_sizes": [["q", 5]], "clbit_labels": [["c", 0], ["c", 1], ["c", 2]], "memory_slots": 3, "creg_sizes": [["c", 3]], "name": "circuit-2919678", "global_phase": 0.0, "metadata": {}}, "data": {"counts": {"0x0": 1229, "0x1": 723, "0x2": 460, "0x3": 243, "0x4": 549, "0x5": 488, "0x6": 214, "0x7": 190}, "snapshots": null, "memory": null, "statevector": null, "unitary": null}}, {"shots": 4096, "success": true, "status": null, "seed": null, "meas_level": 2, "meas_return": null, "header": {"qubit_labels": [["q", 0], ["q", 1], ["q", 2], ["q", 3], ["q", 4]], "n_qubits": 5, "qreg_sizes": [["q", 5]], "clbit_labels": [["c", 0], ["c", 1], ["c", 2]], "memory_slots": 3, "creg_sizes": [["c", 3]], "name": "circuit-2922247", "global_phase": 0.0, "metadata": {}}, "data": {"counts": {"0x0": 574, "0x1": 513, "0x2": 570, "0x3": 474, "0x4": 552, "0x5": 472, "0x6": 538, "0x7": 403}, "snapshots": null, "memory": null, "statevector": null, "unitary": null}}, {"shots": 4096, "success": true, "status": null, "seed": null, "meas_level": 2, "meas_return": null, "header": {"qubit_labels": [["q", 0], ["q", 1], ["q", 2], ["q", 3], ["q", 4]], "n_qubits": 5, "qreg_sizes": [["q", 5]], "clbit_labels": [["c", 0], ["c", 1], ["c", 2]], "memory_slots": 3, "creg_sizes": [["c", 3]], "name": "circuit-2922248", "global_phase": 0.0, "metadata": {}}, "data": {"counts": {"0x0": 1177, "0x1": 735, "0x2": 529, "0x3": 275, "0x4": 530, "0x5": 429, "0x6": 230, "0x7": 191}, "snapshots": null, "memory": null, "statevector": null, "unitary": null}}, {"shots": 4096, "success": true, "status": null, "seed": null, "meas_level": 2, "meas_return": null, "header": {"qubit_labels": [["q", 0], ["q", 1], ["q", 2], ["q", 3], ["q", 4]], "n_qubits": 5, "qreg_sizes": [["q", 5]], "clbit_labels": [["c", 0], ["c", 1], ["c", 2]], "memory_slots": 3, "creg_sizes": [["c", 3]], "name": "circuit-2925036", "global_phase": 0.0, "metadata": {}}, "data": {"counts": {"0x0": 523, "0x1": 507, "0x2": 605, "0x3": 418, "0x4": 607, "0x5": 473, "0x6": 513, "0x7": 450}, "snapshots": null, "memory": null, "statevector": null, "unitary": null}}, {"shots": 4096, "success": true, "status": null, "seed": null, "meas_level": 2, "meas_return": null, "header": {"qubit_labels": [["q", 0], ["q", 1], ["q", 2], ["q", 3], ["q", 4]], "n_qubits": 5, "qreg_sizes": [["q", 5]], "clbit_labels": [["c", 0], ["c", 1], ["c", 2]], "memory_slots": 3, "creg_sizes": [["c", 3]], "name": "circuit-2925037", "global_phase": 0.0, "metadata": {}}, "data": {"counts": {"0x0": 1239, "0x1": 805, "0x2": 413, "0x3": 286, "0x4": 537, "0x5": 440, "0x6": 200, "0x7": 176}, "snapshots": null, "memory": null, "statevector": null, "unitary": null}}, {"shots": 4096, "success": true, "status": null, "seed": null, "meas_level": 2, "meas_return": null, "header": {"qubit_labels": [["q", 0], ["q", 1], ["q", 2], ["q", 3], ["q", 4]], "n_qubits": 5, "qreg_sizes": [["q", 5]], "clbit_labels": [["c", 0], ["c", 1], ["c", 2]], "memory_slots": 3, "creg_sizes": [["c", 3]], "name": "circuit-2927927", "global_phase": 0.0, "metadata": {}}, "data": {"counts": {"0x0": 556, "0x1": 548, "0x2": 553, "0x3": 421, "0x4": 589, "0x5": 420, "0x6": 517, "0x7": 492}, "snapshots": null, "memory": null, "statevector": null, "unitary": null}}, {"shots": 4096, "success": true, "status": null, "seed": null, "meas_level": 2, "meas_return": null, "header": {"qubit_labels": [["q", 0], ["q", 1], ["q", 2], ["q", 3], ["q", 4]], "n_qubits": 5, "qreg_sizes": [["q", 5]], "clbit_labels": [["c", 0], ["c", 1], ["c", 2]], "memory_slots": 3, "creg_sizes": [["c", 3]], "name": "circuit-2927928", "global_phase": 0.0, "metadata": {}}, "data": {"counts": {"0x0": 1073, "0x1": 695, "0x2": 517, "0x3": 333, "0x4": 564, "0x5": 435, "0x6": 254, "0x7": 225}, "snapshots": null, "memory": null, "statevector": null, "unitary": null}}, {"shots": 4096, "success": true, "status": null, "seed": null, "meas_level": 2, "meas_return": null, "header": {"qubit_labels": [["q", 0], ["q", 1], ["q", 2], ["q", 3], ["q", 4]], "n_qubits": 5, "qreg_sizes": [["q", 5]], "clbit_labels": [["c", 0], ["c", 1], ["c", 2]], "memory_slots": 3, "creg_sizes": [["c", 3]], "name": "circuit-2930956", "global_phase": 0.0, "metadata": {}}, "data": {"counts": {"0x0": 918, "0x1": 245, "0x2": 290, "0x3": 705, "0x4": 244, "0x5": 772, "0x6": 801, "0x7": 121}, "snapshots": null, "memory": null, "statevector": null, "unitary": null}}, {"shots": 4096, "success": true, "status": null, "seed": null, "meas_level": 2, "meas_return": null, "header": {"qubit_labels": [["q", 0], ["q", 1], ["q", 2], ["q", 3], ["q", 4]], "n_qubits": 5, "qreg_sizes": [["q", 5]], "clbit_labels": [["c", 0], ["c", 1], ["c", 2]], "memory_slots": 3, "creg_sizes": [["c", 3]], "name": "circuit-2930957", "global_phase": 0.0, "metadata": {}}, "data": {"counts": {"0x0": 3602, "0x1": 175, "0x2": 87, "0x3": 7, "0x4": 156, "0x5": 65, "0x6": 3, "0x7": 1}, "snapshots": null, "memory": null, "statevector": null, "unitary": null}}, {"shots": 4096, "success": true, "status": null, "seed": null, "meas_level": 2, "meas_return": null, "header": {"qubit_labels": [["q", 0], ["q", 1], ["q", 2], ["q", 3], ["q", 4]], "n_qubits": 5, "qreg_sizes": [["q", 5]], "clbit_labels": [["c", 0], ["c", 1], ["c", 2]], "memory_slots": 3, "creg_sizes": [["c", 3]], "name": "circuit-2931309", "global_phase": 0.0, "metadata": {}}, "data": {"counts": {"0x0": 872, "0x1": 291, "0x2": 345, "0x3": 562, "0x4": 373, "0x5": 664, "0x6": 793, "0x7": 196}, "snapshots": null, "memory": null, "statevector": null, "unitary": null}}, {"shots": 4096, "success": true, "status": null, "seed": null, "meas_level": 2, "meas_return": null, "header": {"qubit_labels": [["q", 0], ["q", 1], ["q", 2], ["q", 3], ["q", 4]], "n_qubits": 5, "qreg_sizes": [["q", 5]], "clbit_labels": [["c", 0], ["c", 1], ["c", 2]], "memory_slots": 3, "creg_sizes": [["c", 3]], "name": "circuit-2931310", "global_phase": 0.0, "metadata": {}}, "data": {"counts": {"0x0": 3281, "0x1": 343, "0x2": 113, "0x3": 14, "0x4": 223, "0x5": 116, "0x6": 3, "0x7": 3}, "snapshots": null, "memory": null, "statevector": null, "unitary": null}}, {"shots": 4096, "success": true, "status": null, "seed": null, "meas_level": 2, "meas_return": null, "header": {"qubit_labels": [["q", 0], ["q", 1], ["q", 2], ["q", 3], ["q", 4]], "n_qubits": 5, "qreg_sizes": [["q", 5]], "clbit_labels": [["c", 0], ["c", 1], ["c", 2]], "memory_slots": 3, "creg_sizes": [["c", 3]], "name": "circuit-2931795", "global_phase": 0.0, "metadata": {}}, "data": {"counts": {"0x0": 736, "0x1": 409, "0x2": 463, "0x3": 507, "0x4": 444, "0x5": 551, "0x6": 601, "0x7": 385}, "snapshots": null, "memory": null, "statevector": null, "unitary": null}}, {"shots": 4096, "success": true, "status": null, "seed": null, "meas_level": 2, "meas_return": null, "header": {"qubit_labels": [["q", 0], ["q", 1], ["q", 2], ["q", 3], ["q", 4]], "n_qubits": 5, "qreg_sizes": [["q", 5]], "clbit_labels": [["c", 0], ["c", 1], ["c", 2]], "memory_slots": 3, "creg_sizes": [["c", 3]], "name": "circuit-2931796", "global_phase": 0.0, "metadata": {}}, "data": {"counts": {"0x0": 3169, "0x1": 337, "0x2": 160, "0x3": 26, "0x4": 249, "0x5": 129, "0x6": 15, "0x7": 11}, "snapshots": null, "memory": null, "statevector": null, "unitary": null}}, {"shots": 4096, "success": true, "status": null, "seed": null, "meas_level": 2, "meas_return": null, "header": {"qubit_labels": [["q", 0], ["q", 1], ["q", 2], ["q", 3], ["q", 4]], "n_qubits": 5, "qreg_sizes": [["q", 5]], "clbit_labels": [["c", 0], ["c", 1], ["c", 2]], "memory_slots": 3, "creg_sizes": [["c", 3]], "name": "circuit-2932408", "global_phase": 0.0, "metadata": {}}, "data": {"counts": {"0x0": 641, "0x1": 579, "0x2": 631, "0x3": 453, "0x4": 540, "0x5": 318, "0x6": 467, "0x7": 467}, "snapshots": null, "memory": null, "statevector": null, "unitary": null}}, {"shots": 4096, "success": true, "status": null, "seed": null, "meas_level": 2, "meas_return": null, "header": {"qubit_labels": [["q", 0], ["q", 1], ["q", 2], ["q", 3], ["q", 4]], "n_qubits": 5, "qreg_sizes": [["q", 5]], "clbit_labels": [["c", 0], ["c", 1], ["c", 2]], "memory_slots": 3, "creg_sizes": [["c", 3]], "name": "circuit-2932409", "global_phase": 0.0, "metadata": {}}, "data": {"counts": {"0x0": 2859, "0x1": 481, "0x2": 205, "0x3": 23, "0x4": 299, "0x5": 189, "0x6": 24, "0x7": 16}, "snapshots": null, "memory": null, "statevector": null, "unitary": null}}, {"shots": 4096, "success": true, "status": null, "seed": null, "meas_level": 2, "meas_return": null, "header": {"qubit_labels": [["q", 0], ["q", 1], ["q", 2], ["q", 3], ["q", 4]], "n_qubits": 5, "qreg_sizes": [["q", 5]], "clbit_labels": [["c", 0], ["c", 1], ["c", 2]], "memory_slots": 3, "creg_sizes": [["c", 3]], "name": "circuit-2933176", "global_phase": 0.0, "metadata": {}}, "data": {"counts": {"0x0": 515, "0x1": 553, "0x2": 653, "0x3": 338, "0x4": 646, "0x5": 382, "0x6": 427, "0x7": 582}, "snapshots": null, "memory": null, "statevector": null, "unitary": null}}, {"shots": 4096, "success": true, "status": null, "seed": null, "meas_level": 2, "meas_return": null, "header": {"qubit_labels": [["q", 0], ["q", 1], ["q", 2], ["q", 3], ["q", 4]], "n_qubits": 5, "qreg_sizes": [["q", 5]], "clbit_labels": [["c", 0], ["c", 1], ["c", 2]], "memory_slots": 3, "creg_sizes": [["c", 3]], "name": "circuit-2933177", "global_phase": 0.0, "metadata": {}}, "data": {"counts": {"0x0": 2806, "0x1": 481, "0x2": 231, "0x3": 43, "0x4": 299, "0x5": 191, "0x6": 29, "0x7": 16}, "snapshots": null, "memory": null, "statevector": null, "unitary": null}}, {"shots": 4096, "success": true, "status": null, "seed": null, "meas_level": 2, "meas_return": null, "header": {"qubit_labels": [["q", 0], ["q", 1], ["q", 2], ["q", 3], ["q", 4]], "n_qubits": 5, "qreg_sizes": [["q", 5]], "clbit_labels": [["c", 0], ["c", 1], ["c", 2]], "memory_slots": 3, "creg_sizes": [["c", 3]], "name": "circuit-2934080", "global_phase": 0.0, "metadata": {}}, "data": {"counts": {"0x0": 510, "0x1": 699, "0x2": 675, "0x3": 330, "0x4": 615, "0x5": 385, "0x6": 386, "0x7": 496}, "snapshots": null, "memory": null, "statevector": null, "unitary": null}}, {"shots": 4096, "success": true, "status": null, "seed": null, "meas_level": 2, "meas_return": null, "header": {"qubit_labels": [["q", 0], ["q", 1], ["q", 2], ["q", 3], ["q", 4]], "n_qubits": 5, "qreg_sizes": [["q", 5]], "clbit_labels": [["c", 0], ["c", 1], ["c", 2]], "memory_slots": 3, "creg_sizes": [["c", 3]], "name": "circuit-2934081", "global_phase": 0.0, "metadata": {}}, "data": {"counts": {"0x0": 2517, "0x1": 588, "0x2": 283, "0x3": 67, "0x4": 301, "0x5": 250, "0x6": 52, "0x7": 38}, "snapshots": null, "memory": null, "statevector": null, "unitary": null}}, {"shots": 4096, "success": true, "status": null, "seed": null, "meas_level": 2, "meas_return": null, "header": {"qubit_labels": [["q", 0], ["q", 1], ["q", 2], ["q", 3], ["q", 4]], "n_qubits": 5, "qreg_sizes": [["q", 5]], "clbit_labels": [["c", 0], ["c", 1], ["c", 2]], "memory_slots": 3, "creg_sizes": [["c", 3]], "name": "circuit-2935144", "global_phase": 0.0, "metadata": {}}, "data": {"counts": {"0x0": 464, "0x1": 687, "0x2": 732, "0x3": 331, "0x4": 665, "0x5": 318, "0x6": 389, "0x7": 510}, "snapshots": null, "memory": null, "statevector": null, "unitary": null}}, {"shots": 4096, "success": true, "status": null, "seed": null, "meas_level": 2, "meas_return": null, "header": {"qubit_labels": [["q", 0], ["q", 1], ["q", 2], ["q", 3], ["q", 4]], "n_qubits": 5, "qreg_sizes": [["q", 5]], "clbit_labels": [["c", 0], ["c", 1], ["c", 2]], "memory_slots": 3, "creg_sizes": [["c", 3]], "name": "circuit-2935145", "global_phase": 0.0, "metadata": {}}, "data": {"counts": {"0x0": 2416, "0x1": 662, "0x2": 246, "0x3": 64, "0x4": 391, "0x5": 254, "0x6": 39, "0x7": 24}, "snapshots": null, "memory": null, "statevector": null, "unitary": null}}, {"shots": 4096, "success": true, "status": null, "seed": null, "meas_level": 2, "meas_return": null, "header": {"qubit_labels": [["q", 0], ["q", 1], ["q", 2], ["q", 3], ["q", 4]], "n_qubits": 5, "qreg_sizes": [["q", 5]], "clbit_labels": [["c", 0], ["c", 1], ["c", 2]], "memory_slots": 3, "creg_sizes": [["c", 3]], "name": "circuit-2936350", "global_phase": 0.0, "metadata": {}}, "data": {"counts": {"0x0": 437, "0x1": 606, "0x2": 679, "0x3": 375, "0x4": 625, "0x5": 391, "0x6": 466, "0x7": 517}, "snapshots": null, "memory": null, "statevector": null, "unitary": null}}, {"shots": 4096, "success": true, "status": null, "seed": null, "meas_level": 2, "meas_return": null, "header": {"qubit_labels": [["q", 0], ["q", 1], ["q", 2], ["q", 3], ["q", 4]], "n_qubits": 5, "qreg_sizes": [["q", 5]], "clbit_labels": [["c", 0], ["c", 1], ["c", 2]], "memory_slots": 3, "creg_sizes": [["c", 3]], "name": "circuit-2936351", "global_phase": 0.0, "metadata": {}}, "data": {"counts": {"0x0": 2123, "0x1": 729, "0x2": 340, "0x3": 113, "0x4": 383, "0x5": 300, "0x6": 73, "0x7": 35}, "snapshots": null, "memory": null, "statevector": null, "unitary": null}}, {"shots": 4096, "success": true, "status": null, "seed": null, "meas_level": 2, "meas_return": null, "header": {"qubit_labels": [["q", 0], ["q", 1], ["q", 2], ["q", 3], ["q", 4]], "n_qubits": 5, "qreg_sizes": [["q", 5]], "clbit_labels": [["c", 0], ["c", 1], ["c", 2]], "memory_slots": 3, "creg_sizes": [["c", 3]], "name": "circuit-2937686", "global_phase": 0.0, "metadata": {}}, "data": {"counts": {"0x0": 475, "0x1": 526, "0x2": 605, "0x3": 341, "0x4": 663, "0x5": 452, "0x6": 585, "0x7": 449}, "snapshots": null, "memory": null, "statevector": null, "unitary": null}}, {"shots": 4096, "success": true, "status": null, "seed": null, "meas_level": 2, "meas_return": null, "header": {"qubit_labels": [["q", 0], ["q", 1], ["q", 2], ["q", 3], ["q", 4]], "n_qubits": 5, "qreg_sizes": [["q", 5]], "clbit_labels": [["c", 0], ["c", 1], ["c", 2]], "memory_slots": 3, "creg_sizes": [["c", 3]], "name": "circuit-2937687", "global_phase": 0.0, "metadata": {}}, "data": {"counts": {"0x0": 1975, "0x1": 654, "0x2": 386, "0x3": 118, "0x4": 428, "0x5": 383, "0x6": 91, "0x7": 61}, "snapshots": null, "memory": null, "statevector": null, "unitary": null}}, {"shots": 4096, "success": true, "status": null, "seed": null, "meas_level": 2, "meas_return": null, "header": {"qubit_labels": [["q", 0], ["q", 1], ["q", 2], ["q", 3], ["q", 4]], "n_qubits": 5, "qreg_sizes": [["q", 5]], "clbit_labels": [["c", 0], ["c", 1], ["c", 2]], "memory_slots": 3, "creg_sizes": [["c", 3]], "name": "circuit-2939208", "global_phase": 0.0, "metadata": {}}, "data": {"counts": {"0x0": 618, "0x1": 579, "0x2": 500, "0x3": 472, "0x4": 554, "0x5": 435, "0x6": 552, "0x7": 386}, "snapshots": null, "memory": null, "statevector": null, "unitary": null}}, {"shots": 4096, "success": true, "status": null, "seed": null, "meas_level": 2, "meas_return": null, "header": {"qubit_labels": [["q", 0], ["q", 1], ["q", 2], ["q", 3], ["q", 4]], "n_qubits": 5, "qreg_sizes": [["q", 5]], "clbit_labels": [["c", 0], ["c", 1], ["c", 2]], "memory_slots": 3, "creg_sizes": [["c", 3]], "name": "circuit-2939209", "global_phase": 0.0, "metadata": {}}, "data": {"counts": {"0x0": 2011, "0x1": 629, "0x2": 358, "0x3": 139, "0x4": 435, "0x5": 341, "0x6": 112, "0x7": 71}, "snapshots": null, "memory": null, "statevector": null, "unitary": null}}, {"shots": 4096, "success": true, "status": null, "seed": null, "meas_level": 2, "meas_return": null, "header": {"qubit_labels": [["q", 0], ["q", 1], ["q", 2], ["q", 3], ["q", 4]], "n_qubits": 5, "qreg_sizes": [["q", 5]], "clbit_labels": [["c", 0], ["c", 1], ["c", 2]], "memory_slots": 3, "creg_sizes": [["c", 3]], "name": "circuit-2940785", "global_phase": 0.0, "metadata": {}}, "data": {"counts": {"0x0": 636, "0x1": 442, "0x2": 568, "0x3": 436, "0x4": 523, "0x5": 460, "0x6": 648, "0x7": 383}, "snapshots": null, "memory": null, "statevector": null, "unitary": null}}, {"shots": 4096, "success": true, "status": null, "seed": null, "meas_level": 2, "meas_return": null, "header": {"qubit_labels": [["q", 0], ["q", 1], ["q", 2], ["q", 3], ["q", 4]], "n_qubits": 5, "qreg_sizes": [["q", 5]], "clbit_labels": [["c", 0], ["c", 1], ["c", 2]], "memory_slots": 3, "creg_sizes": [["c", 3]], "name": "circuit-2940786", "global_phase": 0.0, "metadata": {}}, "data": {"counts": {"0x0": 1809, "0x1": 746, "0x2": 409, "0x3": 139, "0x4": 447, "0x5": 374, "0x6": 111, "0x7": 61}, "snapshots": null, "memory": null, "statevector": null, "unitary": null}}, {"shots": 4096, "success": true, "status": null, "seed": null, "meas_level": 2, "meas_return": null, "header": {"qubit_labels": [["q", 0], ["q", 1], ["q", 2], ["q", 3], ["q", 4]], "n_qubits": 5, "qreg_sizes": [["q", 5]], "clbit_labels": [["c", 0], ["c", 1], ["c", 2]], "memory_slots": 3, "creg_sizes": [["c", 3]], "name": "circuit-2942527", "global_phase": 0.0, "metadata": {}}, "data": {"counts": {"0x0": 588, "0x1": 406, "0x2": 522, "0x3": 589, "0x4": 550, "0x5": 484, "0x6": 565, "0x7": 392}, "snapshots": null, "memory": null, "statevector": null, "unitary": null}}, {"shots": 4096, "success": true, "status": null, "seed": null, "meas_level": 2, "meas_return": null, "header": {"qubit_labels": [["q", 0], ["q", 1], ["q", 2], ["q", 3], ["q", 4]], "n_qubits": 5, "qreg_sizes": [["q", 5]], "clbit_labels": [["c", 0], ["c", 1], ["c", 2]], "memory_slots": 3, "creg_sizes": [["c", 3]], "name": "circuit-2942528", "global_phase": 0.0, "metadata": {}}, "data": {"counts": {"0x0": 1841, "0x1": 730, "0x2": 366, "0x3": 140, "0x4": 474, "0x5": 391, "0x6": 80, "0x7": 74}, "snapshots": null, "memory": null, "statevector": null, "unitary": null}}, {"shots": 4096, "success": true, "status": null, "seed": null, "meas_level": 2, "meas_return": null, "header": {"qubit_labels": [["q", 0], ["q", 1], ["q", 2], ["q", 3], ["q", 4]], "n_qubits": 5, "qreg_sizes": [["q", 5]], "clbit_labels": [["c", 0], ["c", 1], ["c", 2]], "memory_slots": 3, "creg_sizes": [["c", 3]], "name": "circuit-2944477", "global_phase": 0.0, "metadata": {}}, "data": {"counts": {"0x0": 592, "0x1": 429, "0x2": 526, "0x3": 591, "0x4": 463, "0x5": 499, "0x6": 621, "0x7": 375}, "snapshots": null, "memory": null, "statevector": null, "unitary": null}}, {"shots": 4096, "success": true, "status": null, "seed": null, "meas_level": 2, "meas_return": null, "header": {"qubit_labels": [["q", 0], ["q", 1], ["q", 2], ["q", 3], ["q", 4]], "n_qubits": 5, "qreg_sizes": [["q", 5]], "clbit_labels": [["c", 0], ["c", 1], ["c", 2]], "memory_slots": 3, "creg_sizes": [["c", 3]], "name": "circuit-2944478", "global_phase": 0.0, "metadata": {}}, "data": {"counts": {"0x0": 1405, "0x1": 960, "0x2": 436, "0x3": 184, "0x4": 489, "0x5": 410, "0x6": 113, "0x7": 99}, "snapshots": null, "memory": null, "statevector": null, "unitary": null}}, {"shots": 4096, "success": true, "status": null, "seed": null, "meas_level": 2, "meas_return": null, "header": {"qubit_labels": [["q", 0], ["q", 1], ["q", 2], ["q", 3], ["q", 4]], "n_qubits": 5, "qreg_sizes": [["q", 5]], "clbit_labels": [["c", 0], ["c", 1], ["c", 2]], "memory_slots": 3, "creg_sizes": [["c", 3]], "name": "circuit-2946537", "global_phase": 0.0, "metadata": {}}, "data": {"counts": {"0x0": 695, "0x1": 470, "0x2": 457, "0x3": 499, "0x4": 506, "0x5": 536, "0x6": 561, "0x7": 372}, "snapshots": null, "memory": null, "statevector": null, "unitary": null}}, {"shots": 4096, "success": true, "status": null, "seed": null, "meas_level": 2, "meas_return": null, "header": {"qubit_labels": [["q", 0], ["q", 1], ["q", 2], ["q", 3], ["q", 4]], "n_qubits": 5, "qreg_sizes": [["q", 5]], "clbit_labels": [["c", 0], ["c", 1], ["c", 2]], "memory_slots": 3, "creg_sizes": [["c", 3]], "name": "circuit-2946538", "global_phase": 0.0, "metadata": {}}, "data": {"counts": {"0x0": 1433, "0x1": 710, "0x2": 464, "0x3": 191, "0x4": 598, "0x5": 401, "0x6": 194, "0x7": 105}, "snapshots": null, "memory": null, "statevector": null, "unitary": null}}, {"shots": 4096, "success": true, "status": null, "seed": null, "meas_level": 2, "meas_return": null, "header": {"qubit_labels": [["q", 0], ["q", 1], ["q", 2], ["q", 3], ["q", 4]], "n_qubits": 5, "qreg_sizes": [["q", 5]], "clbit_labels": [["c", 0], ["c", 1], ["c", 2]], "memory_slots": 3, "creg_sizes": [["c", 3]], "name": "circuit-2948700", "global_phase": 0.0, "metadata": {}}, "data": {"counts": {"0x0": 590, "0x1": 406, "0x2": 596, "0x3": 537, "0x4": 542, "0x5": 449, "0x6": 552, "0x7": 424}, "snapshots": null, "memory": null, "statevector": null, "unitary": null}}, {"shots": 4096, "success": true, "status": null, "seed": null, "meas_level": 2, "meas_return": null, "header": {"qubit_labels": [["q", 0], ["q", 1], ["q", 2], ["q", 3], ["q", 4]], "n_qubits": 5, "qreg_sizes": [["q", 5]], "clbit_labels": [["c", 0], ["c", 1], ["c", 2]], "memory_slots": 3, "creg_sizes": [["c", 3]], "name": "circuit-2948701", "global_phase": 0.0, "metadata": {}}, "data": {"counts": {"0x0": 1231, "0x1": 727, "0x2": 637, "0x3": 285, "0x4": 478, "0x5": 357, "0x6": 241, "0x7": 140}, "snapshots": null, "memory": null, "statevector": null, "unitary": null}}, {"shots": 4096, "success": true, "status": null, "seed": null, "meas_level": 2, "meas_return": null, "header": {"qubit_labels": [["q", 0], ["q", 1], ["q", 2], ["q", 3], ["q", 4]], "n_qubits": 5, "qreg_sizes": [["q", 5]], "clbit_labels": [["c", 0], ["c", 1], ["c", 2]], "memory_slots": 3, "creg_sizes": [["c", 3]], "name": "circuit-2951021", "global_phase": 0.0, "metadata": {}}, "data": {"counts": {"0x0": 697, "0x1": 473, "0x2": 468, "0x3": 477, "0x4": 565, "0x5": 541, "0x6": 473, "0x7": 402}, "snapshots": null, "memory": null, "statevector": null, "unitary": null}}, {"shots": 4096, "success": true, "status": null, "seed": null, "meas_level": 2, "meas_return": null, "header": {"qubit_labels": [["q", 0], ["q", 1], ["q", 2], ["q", 3], ["q", 4]], "n_qubits": 5, "qreg_sizes": [["q", 5]], "clbit_labels": [["c", 0], ["c", 1], ["c", 2]], "memory_slots": 3, "creg_sizes": [["c", 3]], "name": "circuit-2951022", "global_phase": 0.0, "metadata": {}}, "data": {"counts": {"0x0": 1249, "0x1": 733, "0x2": 623, "0x3": 297, "0x4": 457, "0x5": 367, "0x6": 230, "0x7": 140}, "snapshots": null, "memory": null, "statevector": null, "unitary": null}}, {"shots": 4096, "success": true, "status": null, "seed": null, "meas_level": 2, "meas_return": null, "header": {"qubit_labels": [["q", 0], ["q", 1], ["q", 2], ["q", 3], ["q", 4]], "n_qubits": 5, "qreg_sizes": [["q", 5]], "clbit_labels": [["c", 0], ["c", 1], ["c", 2]], "memory_slots": 3, "creg_sizes": [["c", 3]], "name": "circuit-2953513", "global_phase": 0.0, "metadata": {}}, "data": {"counts": {"0x0": 560, "0x1": 486, "0x2": 531, "0x3": 435, "0x4": 565, "0x5": 566, "0x6": 521, "0x7": 432}, "snapshots": null, "memory": null, "statevector": null, "unitary": null}}, {"shots": 4096, "success": true, "status": null, "seed": null, "meas_level": 2, "meas_return": null, "header": {"qubit_labels": [["q", 0], ["q", 1], ["q", 2], ["q", 3], ["q", 4]], "n_qubits": 5, "qreg_sizes": [["q", 5]], "clbit_labels": [["c", 0], ["c", 1], ["c", 2]], "memory_slots": 3, "creg_sizes": [["c", 3]], "name": "circuit-2953514", "global_phase": 0.0, "metadata": {}}, "data": {"counts": {"0x0": 1220, "0x1": 778, "0x2": 456, "0x3": 300, "0x4": 500, "0x5": 471, "0x6": 197, "0x7": 174}, "snapshots": null, "memory": null, "statevector": null, "unitary": null}}, {"shots": 4096, "success": true, "status": null, "seed": null, "meas_level": 2, "meas_return": null, "header": {"qubit_labels": [["q", 0], ["q", 1], ["q", 2], ["q", 3], ["q", 4]], "n_qubits": 5, "qreg_sizes": [["q", 5]], "clbit_labels": [["c", 0], ["c", 1], ["c", 2]], "memory_slots": 3, "creg_sizes": [["c", 3]], "name": "circuit-2956108", "global_phase": 0.0, "metadata": {}}, "data": {"counts": {"0x0": 550, "0x1": 477, "0x2": 545, "0x3": 518, "0x4": 598, "0x5": 488, "0x6": 492, "0x7": 428}, "snapshots": null, "memory": null, "statevector": null, "unitary": null}}, {"shots": 4096, "success": true, "status": null, "seed": null, "meas_level": 2, "meas_return": null, "header": {"qubit_labels": [["q", 0], ["q", 1], ["q", 2], ["q", 3], ["q", 4]], "n_qubits": 5, "qreg_sizes": [["q", 5]], "clbit_labels": [["c", 0], ["c", 1], ["c", 2]], "memory_slots": 3, "creg_sizes": [["c", 3]], "name": "circuit-2956109", "global_phase": 0.0, "metadata": {}}, "data": {"counts": {"0x0": 1257, "0x1": 704, "0x2": 546, "0x3": 252, "0x4": 570, "0x5": 415, "0x6": 228, "0x7": 124}, "snapshots": null, "memory": null, "statevector": null, "unitary": null}}, {"shots": 4096, "success": true, "status": null, "seed": null, "meas_level": 2, "meas_return": null, "header": {"qubit_labels": [["q", 0], ["q", 1], ["q", 2], ["q", 3], ["q", 4]], "n_qubits": 5, "qreg_sizes": [["q", 5]], "clbit_labels": [["c", 0], ["c", 1], ["c", 2]], "memory_slots": 3, "creg_sizes": [["c", 3]], "name": "circuit-2958838", "global_phase": 0.0, "metadata": {}}, "data": {"counts": {"0x0": 618, "0x1": 559, "0x2": 483, "0x3": 480, "0x4": 543, "0x5": 468, "0x6": 494, "0x7": 451}, "snapshots": null, "memory": null, "statevector": null, "unitary": null}}, {"shots": 4096, "success": true, "status": null, "seed": null, "meas_level": 2, "meas_return": null, "header": {"qubit_labels": [["q", 0], ["q", 1], ["q", 2], ["q", 3], ["q", 4]], "n_qubits": 5, "qreg_sizes": [["q", 5]], "clbit_labels": [["c", 0], ["c", 1], ["c", 2]], "memory_slots": 3, "creg_sizes": [["c", 3]], "name": "circuit-2958839", "global_phase": 0.0, "metadata": {}}, "data": {"counts": {"0x0": 1276, "0x1": 749, "0x2": 444, "0x3": 248, "0x4": 564, "0x5": 468, "0x6": 197, "0x7": 150}, "snapshots": null, "memory": null, "statevector": null, "unitary": null}}, {"shots": 4096, "success": true, "status": null, "seed": null, "meas_level": 2, "meas_return": null, "header": {"qubit_labels": [["q", 0], ["q", 1], ["q", 2], ["q", 3], ["q", 4]], "n_qubits": 5, "qreg_sizes": [["q", 5]], "clbit_labels": [["c", 0], ["c", 1], ["c", 2]], "memory_slots": 3, "creg_sizes": [["c", 3]], "name": "circuit-2961737", "global_phase": 0.0, "metadata": {}}, "data": {"counts": {"0x0": 571, "0x1": 502, "0x2": 579, "0x3": 477, "0x4": 506, "0x5": 470, "0x6": 496, "0x7": 495}, "snapshots": null, "memory": null, "statevector": null, "unitary": null}}, {"shots": 4096, "success": true, "status": null, "seed": null, "meas_level": 2, "meas_return": null, "header": {"qubit_labels": [["q", 0], ["q", 1], ["q", 2], ["q", 3], ["q", 4]], "n_qubits": 5, "qreg_sizes": [["q", 5]], "clbit_labels": [["c", 0], ["c", 1], ["c", 2]], "memory_slots": 3, "creg_sizes": [["c", 3]], "name": "circuit-2961738", "global_phase": 0.0, "metadata": {}}, "data": {"counts": {"0x0": 1184, "0x1": 719, "0x2": 498, "0x3": 282, "0x4": 564, "0x5": 442, "0x6": 228, "0x7": 179}, "snapshots": null, "memory": null, "statevector": null, "unitary": null}}], "error": null}