{"backend_name": "ibmq_quito", "backend_version": "1.1.33", "qobj_id": "510bfa53-3a8a-4222-b446-b3fb3b818f26", "job_id": "62e170505593a84ea6192949", "date": "2022-07-27T17:22:49Z", "success": true, "status": "Successful completion", "execution_id": "67e82612-0dd0-11ed-986f-b02628f7f59e", "time_taken": 142.90001010894775, "header": {"backend_name": "ibmq_quito", "backend_version": "1.1.33"}, "results": [{"shots": 4096, "success": true, "status": null, "seed": null, "meas_level": 2, "meas_return": null, "header": {"qubit_labels": [["q", 0], ["q", 1], ["q", 2], ["q", 3], ["q", 4]], "n_qubits": 5, "qreg_sizes": [["q", 5]], "clbit_labels": [["c", 0], ["c", 1], ["c", 2]], "memory_slots": 3, "creg_sizes": [["c", 3]], "name": "circuit-694933", "global_phase": 0.0, "metadata": {}}, "data": {"counts": {"0x0": 632, "0x1": 423, "0x2": 342, "0x3": 488, "0x4": 606, "0x5": 495, "0x6": 451, "0x7": 659}, "snapshots": null, "memory": null, "statevector": null, "unitary": null}}, {"shots": 4096, "success": true, "status": null, "seed": null, "meas_level": 2, "meas_return": null, "header": {"qubit_labels": [["q", 0], ["q", 1], ["q", 2], ["q", 3], ["q", 4]], "n_qubits": 5, "qreg_sizes": [["q", 5]], "clbit_labels": [["c", 0], ["c", 1], ["c", 2]], "memory_slots": 3, "creg_sizes": [["c", 3]], "name": "circuit-694934", "global_phase": 0.0, "metadata": {}}, "data": {"counts": {"0x0": 1903, "0x1": 482, "0x2": 528, "0x3": 136, "0x4": 543, "0x5": 290, "0x6": 144, "0x7": 70}, "snapshots": null, "memory": null, "statevector": null, "unitary": null}}, {"shots": 4096, "success": true, "status": null, "seed": null, "meas_level": 2, "meas_return": null, "header": {"qubit_labels": [["q", 0], ["q", 1], ["q", 2], ["q", 3], ["q", 4]], "n_qubits": 5, "qreg_sizes": [["q", 5]], "clbit_labels": [["c", 0], ["c", 1], ["c", 2]], "memory_slots": 3, "creg_sizes": [["c", 3]], "name": "circuit-696671", "global_phase": 0.0, "metadata": {}}, "data": {"counts": {"0x0": 756, "0x1": 454, "0x2": 523, "0x3": 552, "0x4": 341, "0x5": 600, "0x6": 365, "0x7": 505}, "snapshots": null, "memory": null, "statevector": null, "unitary": null}}, {"shots": 4096, "success": true, "status": null, "seed": null, "meas_level": 2, "meas_return": null, "header": {"qubit_labels": [["q", 0], ["q", 1], ["q", 2], ["q", 3], ["q", 4]], "n_qubits": 5, "qreg_sizes": [["q", 5]], "clbit_labels": [["c", 0], ["c", 1], ["c", 2]], "memory_slots": 3, "creg_sizes": [["c", 3]], "name": "circuit-696672", "global_phase": 0.0, "metadata": {}}, "data": {"counts": {"0x0": 1914, "0x1": 399, "0x2": 566, "0x3": 130, "0x4": 527, "0x5": 323, "0x6": 157, "0x7": 80}, "snapshots": null, "memory": null, "statevector": null, "unitary": null}}, {"shots": 4096, "success": true, "status": null, "seed": null, "meas_level": 2, "meas_return": null, "header": {"qubit_labels": [["q", 0], ["q", 1], ["q", 2], ["q", 3], ["q", 4]], "n_qubits": 5, "qreg_sizes": [["q", 5]], "clbit_labels": [["c", 0], ["c", 1], ["c", 2]], "memory_slots": 3, "creg_sizes": [["c", 3]], "name": "circuit-698554", "global_phase": 0.0, "metadata": {}}, "data": {"counts": {"0x0": 630, "0x1": 513, "0x2": 452, "0x3": 618, "0x4": 279, "0x5": 635, "0x6": 419, "0x7": 550}, "snapshots": null, "memory": null, "statevector": null, "unitary": null}}, {"shots": 4096, "success": true, "status": null, "seed": null, "meas_level": 2, "meas_return": null, "header": {"qubit_labels": [["q", 0], ["q", 1], ["q", 2], ["q", 3], ["q", 4]], "n_qubits": 5, "qreg_sizes": [["q", 5]], "clbit_labels": [["c", 0], ["c", 1], ["c", 2]], "memory_slots": 3, "creg_sizes": [["c", 3]], "name": "circuit-698555", "global_phase": 0.0, "metadata": {}}, "data": {"counts": {"0x0": 1226, "0x1": 552, "0x2": 886, "0x3": 422, "0x4": 258, "0x5": 356, "0x6": 204, "0x7": 192}, "snapshots": null, "memory": null, "statevector": null, "unitary": null}}, {"shots": 4096, "success": true, "status": null, "seed": null, "meas_level": 2, "meas_return": null, "header": {"qubit_labels": [["q", 0], ["q", 1], ["q", 2], ["q", 3], ["q", 4]], "n_qubits": 5, "qreg_sizes": [["q", 5]], "clbit_labels": [["c", 0], ["c", 1], ["c", 2]], "memory_slots": 3, "creg_sizes": [["c", 3]], "name": "circuit-700581", "global_phase": 0.0, "metadata": {}}, "data": {"counts": {"0x0": 613, "0x1": 438, "0x2": 390, "0x3": 641, "0x4": 383, "0x5": 625, "0x6": 515, "0x7": 491}, "snapshots": null, "memory": null, "statevector": null, "unitary": null}}, {"shots": 4096, "success": true, "status": null, "seed": null, "meas_level": 2, "meas_return": null, "header": {"qubit_labels": [["q", 0], ["q", 1], ["q", 2], ["q", 3], ["q", 4]], "n_qubits": 5, "qreg_sizes": [["q", 5]], "clbit_labels": [["c", 0], ["c", 1], ["c", 2]], "memory_slots": 3, "creg_sizes": [["c", 3]], "name": "circuit-700582", "global_phase": 0.0, "metadata": {}}, "data": {"counts": {"0x0": 606, "0x1": 1004, "0x2": 512, "0x3": 1015, "0x4": 195, "0x5": 344, "0x6": 175, "0x7": 245}, "snapshots": null, "memory": null, "statevector": null, "unitary": null}}, {"shots": 4096, "success": true, "status": null, "seed": null, "meas_level": 2, "meas_return": null, "header": {"qubit_labels": [["q", 0], ["q", 1], ["q", 2], ["q", 3], ["q", 4]], "n_qubits": 5, "qreg_sizes": [["q", 5]], "clbit_labels": [["c", 0], ["c", 1], ["c", 2]], "memory_slots": 3, "creg_sizes": [["c", 3]], "name": "circuit-702792", "global_phase": 0.0, "metadata": {}}, "data": {"counts": {"0x0": 422, "0x1": 511, "0x2": 615, "0x3": 660, "0x4": 332, "0x5": 684, "0x6": 438, "0x7": 434}, "snapshots": null, "memory": null, "statevector": null, "unitary": null}}, {"shots": 4096, "success": true, "status": null, "seed": null, "meas_level": 2, "meas_return": null, "header": {"qubit_labels": [["q", 0], ["q", 1], ["q", 2], ["q", 3], ["q", 4]], "n_qubits": 5, "qreg_sizes": [["q", 5]], "clbit_labels": [["c", 0], ["c", 1], ["c", 2]], "memory_slots": 3, "creg_sizes": [["c", 3]], "name": "circuit-702793", "global_phase": 0.0, "metadata": {}}, "data": {"counts": {"0x0": 1360, "0x1": 511, "0x2": 817, "0x3": 292, "0x4": 313, "0x5": 344, "0x6": 212, "0x7": 247}, "snapshots": null, "memory": null, "statevector": null, "unitary": null}}, {"shots": 4096, "success": true, "status": null, "seed": null, "meas_level": 2, "meas_return": null, "header": {"qubit_labels": [["q", 0], ["q", 1], ["q", 2], ["q", 3], ["q", 4]], "n_qubits": 5, "qreg_sizes": [["q", 5]], "clbit_labels": [["c", 0], ["c", 1], ["c", 2]], "memory_slots": 3, "creg_sizes": [["c", 3]], "name": "circuit-705168", "global_phase": 0.0, "metadata": {}}, "data": {"counts": {"0x0": 627, "0x1": 506, "0x2": 506, "0x3": 666, "0x4": 303, "0x5": 620, "0x6": 403, "0x7": 465}, "snapshots": null, "memory": null, "statevector": null, "unitary": null}}, {"shots": 4096, "success": true, "status": null, "seed": null, "meas_level": 2, "meas_return": null, "header": {"qubit_labels": [["q", 0], ["q", 1], ["q", 2], ["q", 3], ["q", 4]], "n_qubits": 5, "qreg_sizes": [["q", 5]], "clbit_labels": [["c", 0], ["c", 1], ["c", 2]], "memory_slots": 3, "creg_sizes": [["c", 3]], "name": "circuit-705169", "global_phase": 0.0, "metadata": {}}, "data": {"counts": {"0x0": 685, "0x1": 632, "0x2": 1050, "0x3": 516, "0x4": 226, "0x5": 389, "0x6": 310, "0x7": 288}, "snapshots": null, "memory": null, "statevector": null, "unitary": null}}, {"shots": 4096, "success": true, "status": null, "seed": null, "meas_level": 2, "meas_return": null, "header": {"qubit_labels": [["q", 0], ["q", 1], ["q", 2], ["q", 3], ["q", 4]], "n_qubits": 5, "qreg_sizes": [["q", 5]], "clbit_labels": [["c", 0], ["c", 1], ["c", 2]], "memory_slots": 3, "creg_sizes": [["c", 3]], "name": "circuit-707654", "global_phase": 0.0, "metadata": {}}, "data": {"counts": {"0x0": 414, "0x1": 534, "0x2": 458, "0x3": 630, "0x4": 440, "0x5": 497, "0x6": 651, "0x7": 472}, "snapshots": null, "memory": null, "statevector": null, "unitary": null}}, {"shots": 4096, "success": true, "status": null, "seed": null, "meas_level": 2, "meas_return": null, "header": {"qubit_labels": [["q", 0], ["q", 1], ["q", 2], ["q", 3], ["q", 4]], "n_qubits": 5, "qreg_sizes": [["q", 5]], "clbit_labels": [["c", 0], ["c", 1], ["c", 2]], "memory_slots": 3, "creg_sizes": [["c", 3]], "name": "circuit-707655", "global_phase": 0.0, "metadata": {}}, "data": {"counts": {"0x0": 1629, "0x1": 427, "0x2": 600, "0x3": 189, "0x4": 567, "0x5": 348, "0x6": 211, "0x7": 125}, "snapshots": null, "memory": null, "statevector": null, "unitary": null}}, {"shots": 4096, "success": true, "status": null, "seed": null, "meas_level": 2, "meas_return": null, "header": {"qubit_labels": [["q", 0], ["q", 1], ["q", 2], ["q", 3], ["q", 4]], "n_qubits": 5, "qreg_sizes": [["q", 5]], "clbit_labels": [["c", 0], ["c", 1], ["c", 2]], "memory_slots": 3, "creg_sizes": [["c", 3]], "name": "circuit-710250", "global_phase": 0.0, "metadata": {}}, "data": {"counts": {"0x0": 447, "0x1": 515, "0x2": 442, "0x3": 621, "0x4": 436, "0x5": 625, "0x6": 458, "0x7": 552}, "snapshots": null, "memory": null, "statevector": null, "unitary": null}}, {"shots": 4096, "success": true, "status": null, "seed": null, "meas_level": 2, "meas_return": null, "header": {"qubit_labels": [["q", 0], ["q", 1], ["q", 2], ["q", 3], ["q", 4]], "n_qubits": 5, "qreg_sizes": [["q", 5]], "clbit_labels": [["c", 0], ["c", 1], ["c", 2]], "memory_slots": 3, "creg_sizes": [["c", 3]], "name": "circuit-710251", "global_phase": 0.0, "metadata": {}}, "data": {"counts": {"0x0": 609, "0x1": 746, "0x2": 701, "0x3": 852, "0x4": 210, "0x5": 377, "0x6": 233, "0x7": 368}, "snapshots": null, "memory": null, "statevector": null, "unitary": null}}, {"shots": 4096, "success": true, "status": null, "seed": null, "meas_level": 2, "meas_return": null, "header": {"qubit_labels": [["q", 0], ["q", 1], ["q", 2], ["q", 3], ["q", 4]], "n_qubits": 5, "qreg_sizes": [["q", 5]], "clbit_labels": [["c", 0], ["c", 1], ["c", 2]], "memory_slots": 3, "creg_sizes": [["c", 3]], "name": "circuit-713003", "global_phase": 0.0, "metadata": {}}, "data": {"counts": {"0x0": 542, "0x1": 582, "0x2": 419, "0x3": 623, "0x4": 453, "0x5": 582, "0x6": 415, "0x7": 480}, "snapshots": null, "memory": null, "statevector": null, "unitary": null}}, {"shots": 4096, "success": true, "status": null, "seed": null, "meas_level": 2, "meas_return": null, "header": {"qubit_labels": [["q", 0], ["q", 1], ["q", 2], ["q", 3], ["q", 4]], "n_qubits": 5, "qreg_sizes": [["q", 5]], "clbit_labels": [["c", 0], ["c", 1], ["c", 2]], "memory_slots": 3, "creg_sizes": [["c", 3]], "name": "circuit-713004", "global_phase": 0.0, "metadata": {}}, "data": {"counts": {"0x0": 709, "0x1": 827, "0x2": 815, "0x3": 485, "0x4": 275, "0x5": 475, "0x6": 239, "0x7": 271}, "snapshots": null, "memory": null, "statevector": null, "unitary": null}}, {"shots": 4096, "success": true, "status": null, "seed": null, "meas_level": 2, "meas_return": null, "header": {"qubit_labels": [["q", 0], ["q", 1], ["q", 2], ["q", 3], ["q", 4]], "n_qubits": 5, "qreg_sizes": [["q", 5]], "clbit_labels": [["c", 0], ["c", 1], ["c", 2]], "memory_slots": 3, "creg_sizes": [["c", 3]], "name": "circuit-715980", "global_phase": 0.0, "metadata": {}}, "data": {"counts": {"0x0": 508, "0x1": 471, "0x2": 491, "0x3": 586, "0x4": 495, "0x5": 452, "0x6": 562, "0x7": 531}, "snapshots": null, "memory": null, "statevector": null, "unitary": null}}, {"shots": 4096, "success": true, "status": null, "seed": null, "meas_level": 2, "meas_return": null, "header": {"qubit_labels": [["q", 0], ["q", 1], ["q", 2], ["q", 3], ["q", 4]], "n_qubits": 5, "qreg_sizes": [["q", 5]], "clbit_labels": [["c", 0], ["c", 1], ["c", 2]], "memory_slots": 3, "creg_sizes": [["c", 3]], "name": "circuit-715981", "global_phase": 0.0, "metadata": {}}, "data": {"counts": {"0x0": 1378, "0x1": 501, "0x2": 571, "0x3": 226, "0x4": 583, "0x5": 407, "0x6": 267, "0x7": 163}, "snapshots": null, "memory": null, "statevector": null, "unitary": null}}, {"shots": 4096, "success": true, "status": null, "seed": null, "meas_level": 2, "meas_return": null, "header": {"qubit_labels": [["q", 0], ["q", 1], ["q", 2], ["q", 3], ["q", 4]], "n_qubits": 5, "qreg_sizes": [["q", 5]], "clbit_labels": [["c", 0], ["c", 1], ["c", 2]], "memory_slots": 3, "creg_sizes": [["c", 3]], "name": "circuit-719013", "global_phase": 0.0, "metadata": {}}, "data": {"counts": {"0x0": 741, "0x1": 215, "0x2": 260, "0x3": 876, "0x4": 185, "0x5": 725, "0x6": 872, "0x7": 222}, "snapshots": null, "memory": null, "statevector": null, "unitary": null}}, {"shots": 4096, "success": true, "status": null, "seed": null, "meas_level": 2, "meas_return": null, "header": {"qubit_labels": [["q", 0], ["q", 1], ["q", 2], ["q", 3], ["q", 4]], "n_qubits": 5, "qreg_sizes": [["q", 5]], "clbit_labels": [["c", 0], ["c", 1], ["c", 2]], "memory_slots": 3, "creg_sizes": [["c", 3]], "name": "circuit-719014", "global_phase": 0.0, "metadata": {}}, "data": {"counts": {"0x0": 3056, "0x1": 230, "0x2": 366, "0x3": 36, "0x4": 309, "0x5": 43, "0x6": 50, "0x7": 6}, "snapshots": null, "memory": null, "statevector": null, "unitary": null}}, {"shots": 4096, "success": true, "status": null, "seed": null, "meas_level": 2, "meas_return": null, "header": {"qubit_labels": [["q", 0], ["q", 1], ["q", 2], ["q", 3], ["q", 4]], "n_qubits": 5, "qreg_sizes": [["q", 5]], "clbit_labels": [["c", 0], ["c", 1], ["c", 2]], "memory_slots": 3, "creg_sizes": [["c", 3]], "name": "circuit-719363", "global_phase": 0.0, "metadata": {}}, "data": {"counts": {"0x0": 579, "0x1": 345, "0x2": 645, "0x3": 741, "0x4": 213, "0x5": 473, "0x6": 854, "0x7": 246}, "snapshots": null, "memory": null, "statevector": null, "unitary": null}}, {"shots": 4096, "success": true, "status": null, "seed": null, "meas_level": 2, "meas_return": null, "header": {"qubit_labels": [["q", 0], ["q", 1], ["q", 2], ["q", 3], ["q", 4]], "n_qubits": 5, "qreg_sizes": [["q", 5]], "clbit_labels": [["c", 0], ["c", 1], ["c", 2]], "memory_slots": 3, "creg_sizes": [["c", 3]], "name": "circuit-719364", "global_phase": 0.0, "metadata": {}}, "data": {"counts": {"0x0": 2983, "0x1": 279, "0x2": 428, "0x3": 90, "0x4": 209, "0x5": 66, "0x6": 21, "0x7": 20}, "snapshots": null, "memory": null, "statevector": null, "unitary": null}}, {"shots": 4096, "success": true, "status": null, "seed": null, "meas_level": 2, "meas_return": null, "header": {"qubit_labels": [["q", 0], ["q", 1], ["q", 2], ["q", 3], ["q", 4]], "n_qubits": 5, "qreg_sizes": [["q", 5]], "clbit_labels": [["c", 0], ["c", 1], ["c", 2]], "memory_slots": 3, "creg_sizes": [["c", 3]], "name": "circuit-719857", "global_phase": 0.0, "metadata": {}}, "data": {"counts": {"0x0": 604, "0x1": 301, "0x2": 406, "0x3": 571, "0x4": 266, "0x5": 844, "0x6": 827, "0x7": 277}, "snapshots": null, "memory": null, "statevector": null, "unitary": null}}, {"shots": 4096, "success": true, "status": null, "seed": null, "meas_level": 2, "meas_return": null, "header": {"qubit_labels": [["q", 0], ["q", 1], ["q", 2], ["q", 3], ["q", 4]], "n_qubits": 5, "qreg_sizes": [["q", 5]], "clbit_labels": [["c", 0], ["c", 1], ["c", 2]], "memory_slots": 3, "creg_sizes": [["c", 3]], "name": "circuit-719858", "global_phase": 0.0, "metadata": {}}, "data": {"counts": {"0x0": 2879, "0x1": 295, "0x2": 372, "0x3": 48, "0x4": 295, "0x5": 135, "0x6": 46, "0x7": 26}, "snapshots": null, "memory": null, "statevector": null, "unitary": null}}, {"shots": 4096, "success": true, "status": null, "seed": null, "meas_level": 2, "meas_return": null, "header": {"qubit_labels": [["q", 0], ["q", 1], ["q", 2], ["q", 3], ["q", 4]], "n_qubits": 5, "qreg_sizes": [["q", 5]], "clbit_labels": [["c", 0], ["c", 1], ["c", 2]], "memory_slots": 3, "creg_sizes": [["c", 3]], "name": "circuit-720484", "global_phase": 0.0, "metadata": {}}, "data": {"counts": {"0x0": 638, "0x1": 345, "0x2": 824, "0x3": 624, "0x4": 325, "0x5": 398, "0x6": 681, "0x7": 261}, "snapshots": null, "memory": null, "statevector": null, "unitary": null}}, {"shots": 4096, "success": true, "status": null, "seed": null, "meas_level": 2, "meas_return": null, "header": {"qubit_labels": [["q", 0], ["q", 1], ["q", 2], ["q", 3], ["q", 4]], "n_qubits": 5, "qreg_sizes": [["q", 5]], "clbit_labels": [["c", 0], ["c", 1], ["c", 2]], "memory_slots": 3, "creg_sizes": [["c", 3]], "name": "circuit-720485", "global_phase": 0.0, "metadata": {}}, "data": {"counts": {"0x0": 2633, "0x1": 337, "0x2": 378, "0x3": 54, "0x4": 353, "0x5": 251, "0x6": 50, "0x7": 40}, "snapshots": null, "memory": null, "statevector": null, "unitary": null}}, {"shots": 4096, "success": true, "status": null, "seed": null, "meas_level": 2, "meas_return": null, "header": {"qubit_labels": [["q", 0], ["q", 1], ["q", 2], ["q", 3], ["q", 4]], "n_qubits": 5, "qreg_sizes": [["q", 5]], "clbit_labels": [["c", 0], ["c", 1], ["c", 2]], "memory_slots": 3, "creg_sizes": [["c", 3]], "name": "circuit-721263", "global_phase": 0.0, "metadata": {}}, "data": {"counts": {"0x0": 436, "0x1": 627, "0x2": 537, "0x3": 533, "0x4": 597, "0x5": 329, "0x6": 512, "0x7": 525}, "snapshots": null, "memory": null, "statevector": null, "unitary": null}}, {"shots": 4096, "success": true, "status": null, "seed": null, "meas_level": 2, "meas_return": null, "header": {"qubit_labels": [["q", 0], ["q", 1], ["q", 2], ["q", 3], ["q", 4]], "n_qubits": 5, "qreg_sizes": [["q", 5]], "clbit_labels": [["c", 0], ["c", 1], ["c", 2]], "memory_slots": 3, "creg_sizes": [["c", 3]], "name": "circuit-721264", "global_phase": 0.0, "metadata": {}}, "data": {"counts": {"0x0": 2262, "0x1": 593, "0x2": 412, "0x3": 381, "0x4": 215, "0x5": 147, "0x6": 44, "0x7": 42}, "snapshots": null, "memory": null, "statevector": null, "unitary": null}}, {"shots": 4096, "success": true, "status": null, "seed": null, "meas_level": 2, "meas_return": null, "header": {"qubit_labels": [["q", 0], ["q", 1], ["q", 2], ["q", 3], ["q", 4]], "n_qubits": 5, "qreg_sizes": [["q", 5]], "clbit_labels": [["c", 0], ["c", 1], ["c", 2]], "memory_slots": 3, "creg_sizes": [["c", 3]], "name": "circuit-722176", "global_phase": 0.0, "metadata": {}}, "data": {"counts": {"0x0": 239, "0x1": 392, "0x2": 736, "0x3": 570, "0x4": 675, "0x5": 264, "0x6": 559, "0x7": 661}, "snapshots": null, "memory": null, "statevector": null, "unitary": null}}, {"shots": 4096, "success": true, "status": null, "seed": null, "meas_level": 2, "meas_return": null, "header": {"qubit_labels": [["q", 0], ["q", 1], ["q", 2], ["q", 3], ["q", 4]], "n_qubits": 5, "qreg_sizes": [["q", 5]], "clbit_labels": [["c", 0], ["c", 1], ["c", 2]], "memory_slots": 3, "creg_sizes": [["c", 3]], "name": "circuit-722177", "global_phase": 0.0, "metadata": {}}, "data": {"counts": {"0x0": 2456, "0x1": 440, "0x2": 529, "0x3": 99, "0x4": 285, "0x5": 178, "0x6": 54, "0x7": 55}, "snapshots": null, "memory": null, "statevector": null, "unitary": null}}, {"shots": 4096, "success": true, "status": null, "seed": null, "meas_level": 2, "meas_return": null, "header": {"qubit_labels": [["q", 0], ["q", 1], ["q", 2], ["q", 3], ["q", 4]], "n_qubits": 5, "qreg_sizes": [["q", 5]], "clbit_labels": [["c", 0], ["c", 1], ["c", 2]], "memory_slots": 3, "creg_sizes": [["c", 3]], "name": "circuit-723232", "global_phase": 0.0, "metadata": {}}, "data": {"counts": {"0x0": 270, "0x1": 488, "0x2": 535, "0x3": 681, "0x4": 593, "0x5": 258, "0x6": 479, "0x7": 792}, "snapshots": null, "memory": null, "statevector": null, "unitary": null}}, {"shots": 4096, "success": true, "status": null, "seed": null, "meas_level": 2, "meas_return": null, "header": {"qubit_labels": [["q", 0], ["q", 1], ["q", 2], ["q", 3], ["q", 4]], "n_qubits": 5, "qreg_sizes": [["q", 5]], "clbit_labels": [["c", 0], ["c", 1], ["c", 2]], "memory_slots": 3, "creg_sizes": [["c", 3]], "name": "circuit-723233", "global_phase": 0.0, "metadata": {}}, "data": {"counts": {"0x0": 2385, "0x1": 383, "0x2": 562, "0x3": 141, "0x4": 255, "0x5": 227, "0x6": 77, "0x7": 66}, "snapshots": null, "memory": null, "statevector": null, "unitary": null}}, {"shots": 4096, "success": true, "status": null, "seed": null, "meas_level": 2, "meas_return": null, "header": {"qubit_labels": [["q", 0], ["q", 1], ["q", 2], ["q", 3], ["q", 4]], "n_qubits": 5, "qreg_sizes": [["q", 5]], "clbit_labels": [["c", 0], ["c", 1], ["c", 2]], "memory_slots": 3, "creg_sizes": [["c", 3]], "name": "circuit-724449", "global_phase": 0.0, "metadata": {}}, "data": {"counts": {"0x0": 259, "0x1": 727, "0x2": 803, "0x3": 415, "0x4": 314, "0x5": 354, "0x6": 404, "0x7": 820}, "snapshots": null, "memory": null, "statevector": null, "unitary": null}}, {"shots": 4096, "success": true, "status": null, "seed": null, "meas_level": 2, "meas_return": null, "header": {"qubit_labels": [["q", 0], ["q", 1], ["q", 2], ["q", 3], ["q", 4]], "n_qubits": 5, "qreg_sizes": [["q", 5]], "clbit_labels": [["c", 0], ["c", 1], ["c", 2]], "memory_slots": 3, "creg_sizes": [["c", 3]], "name": "circuit-724450", "global_phase": 0.0, "metadata": {}}, "data": {"counts": {"0x0": 2121, "0x1": 428, "0x2": 500, "0x3": 95, "0x4": 563, "0x5": 195, "0x6": 148, "0x7": 46}, "snapshots": null, "memory": null, "statevector": null, "unitary": null}}, {"shots": 4096, "success": true, "status": null, "seed": null, "meas_level": 2, "meas_return": null, "header": {"qubit_labels": [["q", 0], ["q", 1], ["q", 2], ["q", 3], ["q", 4]], "n_qubits": 5, "qreg_sizes": [["q", 5]], "clbit_labels": [["c", 0], ["c", 1], ["c", 2]], "memory_slots": 3, "creg_sizes": [["c", 3]], "name": "circuit-725762", "global_phase": 0.0, "metadata": {}}, "data": {"counts": {"0x0": 317, "0x1": 941, "0x2": 774, "0x3": 468, "0x4": 351, "0x5": 396, "0x6": 401, "0x7": 448}, "snapshots": null, "memory": null, "statevector": null, "unitary": null}}, {"shots": 4096, "success": true, "status": null, "seed": null, "meas_level": 2, "meas_return": null, "header": {"qubit_labels": [["q", 0], ["q", 1], ["q", 2], ["q", 3], ["q", 4]], "n_qubits": 5, "qreg_sizes": [["q", 5]], "clbit_labels": [["c", 0], ["c", 1], ["c", 2]], "memory_slots": 3, "creg_sizes": [["c", 3]], "name": "circuit-725763", "global_phase": 0.0, "metadata": {}}, "data": {"counts": {"0x0": 1944, "0x1": 530, "0x2": 650, "0x3": 230, "0x4": 285, "0x5": 185, "0x6": 122, "0x7": 150}, "snapshots": null, "memory": null, "statevector": null, "unitary": null}}, {"shots": 4096, "success": true, "status": null, "seed": null, "meas_level": 2, "meas_return": null, "header": {"qubit_labels": [["q", 0], ["q", 1], ["q", 2], ["q", 3], ["q", 4]], "n_qubits": 5, "qreg_sizes": [["q", 5]], "clbit_labels": [["c", 0], ["c", 1], ["c", 2]], "memory_slots": 3, "creg_sizes": [["c", 3]], "name": "circuit-727196", "global_phase": 0.0, "metadata": {}}, "data": {"counts": {"0x0": 401, "0x1": 651, "0x2": 634, "0x3": 511, "0x4": 443, "0x5": 526, "0x6": 394, "0x7": 536}, "snapshots": null, "memory": null, "statevector": null, "unitary": null}}, {"shots": 4096, "success": true, "status": null, "seed": null, "meas_level": 2, "meas_return": null, "header": {"qubit_labels": [["q", 0], ["q", 1], ["q", 2], ["q", 3], ["q", 4]], "n_qubits": 5, "qreg_sizes": [["q", 5]], "clbit_labels": [["c", 0], ["c", 1], ["c", 2]], "memory_slots": 3, "creg_sizes": [["c", 3]], "name": "circuit-727197", "global_phase": 0.0, "metadata": {}}, "data": {"counts": {"0x0": 1638, "0x1": 648, "0x2": 756, "0x3": 236, "0x4": 330, "0x5": 253, "0x6": 143, "0x7": 92}, "snapshots": null, "memory": null, "statevector": null, "unitary": null}}, {"shots": 4096, "success": true, "status": null, "seed": null, "meas_level": 2, "meas_return": null, "header": {"qubit_labels": [["q", 0], ["q", 1], ["q", 2], ["q", 3], ["q", 4]], "n_qubits": 5, "qreg_sizes": [["q", 5]], "clbit_labels": [["c", 0], ["c", 1], ["c", 2]], "memory_slots": 3, "creg_sizes": [["c", 3]], "name": "circuit-728838", "global_phase": 0.0, "metadata": {}}, "data": {"counts": {"0x0": 467, "0x1": 406, "0x2": 486, "0x3": 688, "0x4": 350, "0x5": 750, "0x6": 330, "0x7": 619}, "snapshots": null, "memory": null, "statevector": null, "unitary": null}}, {"shots": 4096, "success": true, "status": null, "seed": null, "meas_level": 2, "meas_return": null, "header": {"qubit_labels": [["q", 0], ["q", 1], ["q", 2], ["q", 3], ["q", 4]], "n_qubits": 5, "qreg_sizes": [["q", 5]], "clbit_labels": [["c", 0], ["c", 1], ["c", 2]], "memory_slots": 3, "creg_sizes": [["c", 3]], "name": "circuit-728839", "global_phase": 0.0, "metadata": {}}, "data": {"counts": {"0x0": 1610, "0x1": 679, "0x2": 562, "0x3": 319, "0x4": 346, "0x5": 310, "0x6": 131, "0x7": 139}, "snapshots": null, "memory": null, "statevector": null, "unitary": null}}, {"shots": 4096, "success": true, "status": null, "seed": null, "meas_level": 2, "meas_return": null, "header": {"qubit_labels": [["q", 0], ["q", 1], ["q", 2], ["q", 3], ["q", 4]], "n_qubits": 5, "qreg_sizes": [["q", 5]], "clbit_labels": [["c", 0], ["c", 1], ["c", 2]], "memory_slots": 3, "creg_sizes": [["c", 3]], "name": "circuit-730570", "global_phase": 0.0, "metadata": {}}, "data": {"counts": {"0x0": 538, "0x1": 446, "0x2": 548, "0x3": 465, "0x4": 520, "0x5": 416, "0x6": 585, "0x7": 578}, "snapshots": null, "memory": null, "statevector": null, "unitary": null}}, {"shots": 4096, "success": true, "status": null, "seed": null, "meas_level": 2, "meas_return": null, "header": {"qubit_labels": [["q", 0], ["q", 1], ["q", 2], ["q", 3], ["q", 4]], "n_qubits": 5, "qreg_sizes": [["q", 5]], "clbit_labels": [["c", 0], ["c", 1], ["c", 2]], "memory_slots": 3, "creg_sizes": [["c", 3]], "name": "circuit-730571", "global_phase": 0.0, "metadata": {}}, "data": {"counts": {"0x0": 1624, "0x1": 549, "0x2": 656, "0x3": 295, "0x4": 275, "0x5": 375, "0x6": 148, "0x7": 174}, "snapshots": null, "memory": null, "statevector": null, "unitary": null}}, {"shots": 4096, "success": true, "status": null, "seed": null, "meas_level": 2, "meas_return": null, "header": {"qubit_labels": [["q", 0], ["q", 1], ["q", 2], ["q", 3], ["q", 4]], "n_qubits": 5, "qreg_sizes": [["q", 5]], "clbit_labels": [["c", 0], ["c", 1], ["c", 2]], "memory_slots": 3, "creg_sizes": [["c", 3]], "name": "circuit-732422", "global_phase": 0.0, "metadata": {}}, "data": {"counts": {"0x0": 632, "0x1": 457, "0x2": 438, "0x3": 705, "0x4": 390, "0x5": 494, "0x6": 529, "0x7": 451}, "snapshots": null, "memory": null, "statevector": null, "unitary": null}}, {"shots": 4096, "success": true, "status": null, "seed": null, "meas_level": 2, "meas_return": null, "header": {"qubit_labels": [["q", 0], ["q", 1], ["q", 2], ["q", 3], ["q", 4]], "n_qubits": 5, "qreg_sizes": [["q", 5]], "clbit_labels": [["c", 0], ["c", 1], ["c", 2]], "memory_slots": 3, "creg_sizes": [["c", 3]], "name": "circuit-732423", "global_phase": 0.0, "metadata": {}}, "data": {"counts": {"0x0": 1663, "0x1": 581, "0x2": 485, "0x3": 183, "0x4": 574, "0x5": 343, "0x6": 177, "0x7": 90}, "snapshots": null, "memory": null, "statevector": null, "unitary": null}}, {"shots": 4096, "success": true, "status": null, "seed": null, "meas_level": 2, "meas_return": null, "header": {"qubit_labels": [["q", 0], ["q", 1], ["q", 2], ["q", 3], ["q", 4]], "n_qubits": 5, "qreg_sizes": [["q", 5]], "clbit_labels": [["c", 0], ["c", 1], ["c", 2]], "memory_slots": 3, "creg_sizes": [["c", 3]], "name": "circuit-734468", "global_phase": 0.0, "metadata": {}}, "data": {"counts": {"0x0": 560, "0x1": 373, "0x2": 450, "0x3": 677, "0x4": 490, "0x5": 544, "0x6": 587, "0x7": 415}, "snapshots": null, "memory": null, "statevector": null, "unitary": null}}, {"shots": 4096, "success": true, "status": null, "seed": null, "meas_level": 2, "meas_return": null, "header": {"qubit_labels": [["q", 0], ["q", 1], ["q", 2], ["q", 3], ["q", 4]], "n_qubits": 5, "qreg_sizes": [["q", 5]], "clbit_labels": [["c", 0], ["c", 1], ["c", 2]], "memory_slots": 3, "creg_sizes": [["c", 3]], "name": "circuit-734469", "global_phase": 0.0, "metadata": {}}, "data": {"counts": {"0x0": 912, "0x1": 562, "0x2": 927, "0x3": 566, "0x4": 250, "0x5": 358, "0x6": 227, "0x7": 294}, "snapshots": null, "memory": null, "statevector": null, "unitary": null}}, {"shots": 4096, "success": true, "status": null, "seed": null, "meas_level": 2, "meas_return": null, "header": {"qubit_labels": [["q", 0], ["q", 1], ["q", 2], ["q", 3], ["q", 4]], "n_qubits": 5, "qreg_sizes": [["q", 5]], "clbit_labels": [["c", 0], ["c", 1], ["c", 2]], "memory_slots": 3, "creg_sizes": [["c", 3]], "name": "circuit-736680", "global_phase": 0.0, "metadata": {}}, "data": {"counts": {"0x0": 487, "0x1": 413, "0x2": 502, "0x3": 759, "0x4": 312, "0x5": 446, "0x6": 652, "0x7": 525}, "snapshots": null, "memory": null, "statevector": null, "unitary": null}}, {"shots": 4096, "success": true, "status": null, "seed": null, "meas_level": 2, "meas_return": null, "header": {"qubit_labels": [["q", 0], ["q", 1], ["q", 2], ["q", 3], ["q", 4]], "n_qubits": 5, "qreg_sizes": [["q", 5]], "clbit_labels": [["c", 0], ["c", 1], ["c", 2]], "memory_slots": 3, "creg_sizes": [["c", 3]], "name": "circuit-736681", "global_phase": 0.0, "metadata": {}}, "data": {"counts": {"0x0": 684, "0x1": 1003, "0x2": 520, "0x3": 751, "0x4": 251, "0x5": 413, "0x6": 168, "0x7": 306}, "snapshots": null, "memory": null, "statevector": null, "unitary": null}}, {"shots": 4096, "success": true, "status": null, "seed": null, "meas_level": 2, "meas_return": null, "header": {"qubit_labels": [["q", 0], ["q", 1], ["q", 2], ["q", 3], ["q", 4]], "n_qubits": 5, "qreg_sizes": [["q", 5]], "clbit_labels": [["c", 0], ["c", 1], ["c", 2]], "memory_slots": 3, "creg_sizes": [["c", 3]], "name": "circuit-739088", "global_phase": 0.0, "metadata": {}}, "data": {"counts": {"0x0": 511, "0x1": 359, "0x2": 450, "0x3": 659, "0x4": 446, "0x5": 591, "0x6": 651, "0x7": 429}, "snapshots": null, "memory": null, "statevector": null, "unitary": null}}, {"shots": 4096, "success": true, "status": null, "seed": null, "meas_level": 2, "meas_return": null, "header": {"qubit_labels": [["q", 0], ["q", 1], ["q", 2], ["q", 3], ["q", 4]], "n_qubits": 5, "qreg_sizes": [["q", 5]], "clbit_labels": [["c", 0], ["c", 1], ["c", 2]], "memory_slots": 3, "creg_sizes": [["c", 3]], "name": "circuit-739089", "global_phase": 0.0, "metadata": {}}, "data": {"counts": {"0x0": 874, "0x1": 781, "0x2": 966, "0x3": 415, "0x4": 197, "0x5": 347, "0x6": 262, "0x7": 254}, "snapshots": null, "memory": null, "statevector": null, "unitary": null}}, {"shots": 4096, "success": true, "status": null, "seed": null, "meas_level": 2, "meas_return": null, "header": {"qubit_labels": [["q", 0], ["q", 1], ["q", 2], ["q", 3], ["q", 4]], "n_qubits": 5, "qreg_sizes": [["q", 5]], "clbit_labels": [["c", 0], ["c", 1], ["c", 2]], "memory_slots": 3, "creg_sizes": [["c", 3]], "name": "circuit-741546", "global_phase": 0.0, "metadata": {}}, "data": {"counts": {"0x0": 582, "0x1": 484, "0x2": 514, "0x3": 560, "0x4": 425, "0x5": 493, "0x6": 614, "0x7": 424}, "snapshots": null, "memory": null, "statevector": null, "unitary": null}}, {"shots": 4096, "success": true, "status": null, "seed": null, "meas_level": 2, "meas_return": null, "header": {"qubit_labels": [["q", 0], ["q", 1], ["q", 2], ["q", 3], ["q", 4]], "n_qubits": 5, "qreg_sizes": [["q", 5]], "clbit_labels": [["c", 0], ["c", 1], ["c", 2]], "memory_slots": 3, "creg_sizes": [["c", 3]], "name": "circuit-741547", "global_phase": 0.0, "metadata": {}}, "data": {"counts": {"0x0": 874, "0x1": 527, "0x2": 999, "0x3": 619, "0x4": 212, "0x5": 321, "0x6": 258, "0x7": 286}, "snapshots": null, "memory": null, "statevector": null, "unitary": null}}, {"shots": 4096, "success": true, "status": null, "seed": null, "meas_level": 2, "meas_return": null, "header": {"qubit_labels": [["q", 0], ["q", 1], ["q", 2], ["q", 3], ["q", 4]], "n_qubits": 5, "qreg_sizes": [["q", 5]], "clbit_labels": [["c", 0], ["c", 1], ["c", 2]], "memory_slots": 3, "creg_sizes": [["c", 3]], "name": "circuit-744181", "global_phase": 0.0, "metadata": {}}, "data": {"counts": {"0x0": 468, "0x1": 581, "0x2": 637, "0x3": 535, "0x4": 339, "0x5": 491, "0x6": 517, "0x7": 528}, "snapshots": null, "memory": null, "statevector": null, "unitary": null}}, {"shots": 4096, "success": true, "status": null, "seed": null, "meas_level": 2, "meas_return": null, "header": {"qubit_labels": [["q", 0], ["q", 1], ["q", 2], ["q", 3], ["q", 4]], "n_qubits": 5, "qreg_sizes": [["q", 5]], "clbit_labels": [["c", 0], ["c", 1], ["c", 2]], "memory_slots": 3, "creg_sizes": [["c", 3]], "name": "circuit-744182", "global_phase": 0.0, "metadata": {}}, "data": {"counts": {"0x0": 661, "0x1": 959, "0x2": 664, "0x3": 622, "0x4": 247, "0x5": 424, "0x6": 209, "0x7": 310}, "snapshots": null, "memory": null, "statevector": null, "unitary": null}}, {"shots": 4096, "success": true, "status": null, "seed": null, "meas_level": 2, "meas_return": null, "header": {"qubit_labels": [["q", 0], ["q", 1], ["q", 2], ["q", 3], ["q", 4]], "n_qubits": 5, "qreg_sizes": [["q", 5]], "clbit_labels": [["c", 0], ["c", 1], ["c", 2]], "memory_slots": 3, "creg_sizes": [["c", 3]], "name": "circuit-746932", "global_phase": 0.0, "metadata": {}}, "data": {"counts": {"0x0": 419, "0x1": 527, "0x2": 519, "0x3": 500, "0x4": 517, "0x5": 521, "0x6": 478, "0x7": 615}, "snapshots": null, "memory": null, "statevector": null, "unitary": null}}, {"shots": 4096, "success": true, "status": null, "seed": null, "meas_level": 2, "meas_return": null, "header": {"qubit_labels": [["q", 0], ["q", 1], ["q", 2], ["q", 3], ["q", 4]], "n_qubits": 5, "qreg_sizes": [["q", 5]], "clbit_labels": [["c", 0], ["c", 1], ["c", 2]], "memory_slots": 3, "creg_sizes": [["c", 3]], "name": "circuit-746933", "global_phase": 0.0, "metadata": {}}, "data": {"counts": {"0x0": 1494, "0x1": 498, "0x2": 514, "0x3": 219, "0x4": 625, "0x5": 366, "0x6": 243, "0x7": 137}, "snapshots": null, "memory": null, "statevector": null, "unitary": null}}, {"shots": 4096, "success": true, "status": null, "seed": null, "meas_level": 2, "meas_return": null, "header": {"qubit_labels": [["q", 0], ["q", 1], ["q", 2], ["q", 3], ["q", 4]], "n_qubits": 5, "qreg_sizes": [["q", 5]], "clbit_labels": [["c", 0], ["c", 1], ["c", 2]], "memory_slots": 3, "creg_sizes": [["c", 3]], "name": "circuit-749856", "global_phase": 0.0, "metadata": {}}, "data": {"counts": {"0x0": 444, "0x1": 748, "0x2": 497, "0x3": 573, "0x4": 449, "0x5": 447, "0x6": 487, "0x7": 451}, "snapshots": null, "memory": null, "statevector": null, "unitary": null}}, {"shots": 4096, "success": true, "status": null, "seed": null, "meas_level": 2, "meas_return": null, "header": {"qubit_labels": [["q", 0], ["q", 1], ["q", 2], ["q", 3], ["q", 4]], "n_qubits": 5, "qreg_sizes": [["q", 5]], "clbit_labels": [["c", 0], ["c", 1], ["c", 2]], "memory_slots": 3, "creg_sizes": [["c", 3]], "name": "circuit-749857", "global_phase": 0.0, "metadata": {}}, "data": {"counts": {"0x0": 673, "0x1": 521, "0x2": 1017, "0x3": 557, "0x4": 294, "0x5": 372, "0x6": 351, "0x7": 311}, "snapshots": null, "memory": null, "statevector": null, "unitary": null}}, {"shots": 4096, "success": true, "status": null, "seed": null, "meas_level": 2, "meas_return": null, "header": {"qubit_labels": [["q", 0], ["q", 1], ["q", 2], ["q", 3], ["q", 4]], "n_qubits": 5, "qreg_sizes": [["q", 5]], "clbit_labels": [["c", 0], ["c", 1], ["c", 2]], "memory_slots": 3, "creg_sizes": [["c", 3]], "name": "circuit-752874", "global_phase": 0.0, "metadata": {}}, "data": {"counts": {"0x0": 781, "0x1": 245, "0x2": 227, "0x3": 860, "0x4": 186, "0x5": 783, "0x6": 859, "0x7": 155}, "snapshots": null, "memory": null, "statevector": null, "unitary": null}}, {"shots": 4096, "success": true, "status": null, "seed": null, "meas_level": 2, "meas_return": null, "header": {"qubit_labels": [["q", 0], ["q", 1], ["q", 2], ["q", 3], ["q", 4]], "n_qubits": 5, "qreg_sizes": [["q", 5]], "clbit_labels": [["c", 0], ["c", 1], ["c", 2]], "memory_slots": 3, "creg_sizes": [["c", 3]], "name": "circuit-752875", "global_phase": 0.0, "metadata": {}}, "data": {"counts": {"0x0": 3191, "0x1": 183, "0x2": 358, "0x3": 97, "0x4": 169, "0x5": 71, "0x6": 18, "0x7": 9}, "snapshots": null, "memory": null, "statevector": null, "unitary": null}}, {"shots": 4096, "success": true, "status": null, "seed": null, "meas_level": 2, "meas_return": null, "header": {"qubit_labels": [["q", 0], ["q", 1], ["q", 2], ["q", 3], ["q", 4]], "n_qubits": 5, "qreg_sizes": [["q", 5]], "clbit_labels": [["c", 0], ["c", 1], ["c", 2]], "memory_slots": 3, "creg_sizes": [["c", 3]], "name": "circuit-753230", "global_phase": 0.0, "metadata": {}}, "data": {"counts": {"0x0": 949, "0x1": 275, "0x2": 476, "0x3": 547, "0x4": 241, "0x5": 497, "0x6": 841, "0x7": 270}, "snapshots": null, "memory": null, "statevector": null, "unitary": null}}, {"shots": 4096, "success": true, "status": null, "seed": null, "meas_level": 2, "meas_return": null, "header": {"qubit_labels": [["q", 0], ["q", 1], ["q", 2], ["q", 3], ["q", 4]], "n_qubits": 5, "qreg_sizes": [["q", 5]], "clbit_labels": [["c", 0], ["c", 1], ["c", 2]], "memory_slots": 3, "creg_sizes": [["c", 3]], "name": "circuit-753231", "global_phase": 0.0, "metadata": {}}, "data": {"counts": {"0x0": 3136, "0x1": 352, "0x2": 270, "0x3": 47, "0x4": 185, "0x5": 75, "0x6": 22, "0x7": 9}, "snapshots": null, "memory": null, "statevector": null, "unitary": null}}, {"shots": 4096, "success": true, "status": null, "seed": null, "meas_level": 2, "meas_return": null, "header": {"qubit_labels": [["q", 0], ["q", 1], ["q", 2], ["q", 3], ["q", 4]], "n_qubits": 5, "qreg_sizes": [["q", 5]], "clbit_labels": [["c", 0], ["c", 1], ["c", 2]], "memory_slots": 3, "creg_sizes": [["c", 3]], "name": "circuit-753735", "global_phase": 0.0, "metadata": {}}, "data": {"counts": {"0x0": 594, "0x1": 400, "0x2": 514, "0x3": 539, "0x4": 411, "0x5": 665, "0x6": 608, "0x7": 365}, "snapshots": null, "memory": null, "statevector": null, "unitary": null}}, {"shots": 4096, "success": true, "status": null, "seed": null, "meas_level": 2, "meas_return": null, "header": {"qubit_labels": [["q", 0], ["q", 1], ["q", 2], ["q", 3], ["q", 4]], "n_qubits": 5, "qreg_sizes": [["q", 5]], "clbit_labels": [["c", 0], ["c", 1], ["c", 2]], "memory_slots": 3, "creg_sizes": [["c", 3]], "name": "circuit-753736", "global_phase": 0.0, "metadata": {}}, "data": {"counts": {"0x0": 2572, "0x1": 248, "0x2": 746, "0x3": 119, "0x4": 188, "0x5": 117, "0x6": 51, "0x7": 55}, "snapshots": null, "memory": null, "statevector": null, "unitary": null}}, {"shots": 4096, "success": true, "status": null, "seed": null, "meas_level": 2, "meas_return": null, "header": {"qubit_labels": [["q", 0], ["q", 1], ["q", 2], ["q", 3], ["q", 4]], "n_qubits": 5, "qreg_sizes": [["q", 5]], "clbit_labels": [["c", 0], ["c", 1], ["c", 2]], "memory_slots": 3, "creg_sizes": [["c", 3]], "name": "circuit-754387", "global_phase": 0.0, "metadata": {}}, "data": {"counts": {"0x0": 651, "0x1": 392, "0x2": 482, "0x3": 638, "0x4": 461, "0x5": 495, "0x6": 535, "0x7": 442}, "snapshots": null, "memory": null, "statevector": null, "unitary": null}}, {"shots": 4096, "success": true, "status": null, "seed": null, "meas_level": 2, "meas_return": null, "header": {"qubit_labels": [["q", 0], ["q", 1], ["q", 2], ["q", 3], ["q", 4]], "n_qubits": 5, "qreg_sizes": [["q", 5]], "clbit_labels": [["c", 0], ["c", 1], ["c", 2]], "memory_slots": 3, "creg_sizes": [["c", 3]], "name": "circuit-754388", "global_phase": 0.0, "metadata": {}}, "data": {"counts": {"0x0": 2396, "0x1": 392, "0x2": 476, "0x3": 87, "0x4": 401, "0x5": 238, "0x6": 69, "0x7": 37}, "snapshots": null, "memory": null, "statevector": null, "unitary": null}}, {"shots": 4096, "success": true, "status": null, "seed": null, "meas_level": 2, "meas_return": null, "header": {"qubit_labels": [["q", 0], ["q", 1], ["q", 2], ["q", 3], ["q", 4]], "n_qubits": 5, "qreg_sizes": [["q", 5]], "clbit_labels": [["c", 0], ["c", 1], ["c", 2]], "memory_slots": 3, "creg_sizes": [["c", 3]], "name": "circuit-755147", "global_phase": 0.0, "metadata": {}}, "data": {"counts": {"0x0": 631, "0x1": 451, "0x2": 492, "0x3": 579, "0x4": 582, "0x5": 356, "0x6": 487, "0x7": 518}, "snapshots": null, "memory": null, "statevector": null, "unitary": null}}, {"shots": 4096, "success": true, "status": null, "seed": null, "meas_level": 2, "meas_return": null, "header": {"qubit_labels": [["q", 0], ["q", 1], ["q", 2], ["q", 3], ["q", 4]], "n_qubits": 5, "qreg_sizes": [["q", 5]], "clbit_labels": [["c", 0], ["c", 1], ["c", 2]], "memory_slots": 3, "creg_sizes": [["c", 3]], "name": "circuit-755148", "global_phase": 0.0, "metadata": {}}, "data": {"counts": {"0x0": 2464, "0x1": 319, "0x2": 565, "0x3": 86, "0x4": 408, "0x5": 131, "0x6": 95, "0x7": 28}, "snapshots": null, "memory": null, "statevector": null, "unitary": null}}, {"shots": 4096, "success": true, "status": null, "seed": null, "meas_level": 2, "meas_return": null, "header": {"qubit_labels": [["q", 0], ["q", 1], ["q", 2], ["q", 3], ["q", 4]], "n_qubits": 5, "qreg_sizes": [["q", 5]], "clbit_labels": [["c", 0], ["c", 1], ["c", 2]], "memory_slots": 3, "creg_sizes": [["c", 3]], "name": "circuit-756074", "global_phase": 0.0, "metadata": {}}, "data": {"counts": {"0x0": 335, "0x1": 643, "0x2": 509, "0x3": 505, "0x4": 526, "0x5": 271, "0x6": 423, "0x7": 884}, "snapshots": null, "memory": null, "statevector": null, "unitary": null}}, {"shots": 4096, "success": true, "status": null, "seed": null, "meas_level": 2, "meas_return": null, "header": {"qubit_labels": [["q", 0], ["q", 1], ["q", 2], ["q", 3], ["q", 4]], "n_qubits": 5, "qreg_sizes": [["q", 5]], "clbit_labels": [["c", 0], ["c", 1], ["c", 2]], "memory_slots": 3, "creg_sizes": [["c", 3]], "name": "circuit-756075", "global_phase": 0.0, "metadata": {}}, "data": {"counts": {"0x0": 2410, "0x1": 345, "0x2": 464, "0x3": 107, "0x4": 451, "0x5": 186, "0x6": 88, "0x7": 45}, "snapshots": null, "memory": null, "statevector": null, "unitary": null}}, {"shots": 4096, "success": true, "status": null, "seed": null, "meas_level": 2, "meas_return": null, "header": {"qubit_labels": [["q", 0], ["q", 1], ["q", 2], ["q", 3], ["q", 4]], "n_qubits": 5, "qreg_sizes": [["q", 5]], "clbit_labels": [["c", 0], ["c", 1], ["c", 2]], "memory_slots": 3, "creg_sizes": [["c", 3]], "name": "circuit-757157", "global_phase": 0.0, "metadata": {}}, "data": {"counts": {"0x0": 289, "0x1": 551, "0x2": 770, "0x3": 741, "0x4": 387, "0x5": 263, "0x6": 310, "0x7": 785}, "snapshots": null, "memory": null, "statevector": null, "unitary": null}}, {"shots": 4096, "success": true, "status": null, "seed": null, "meas_level": 2, "meas_return": null, "header": {"qubit_labels": [["q", 0], ["q", 1], ["q", 2], ["q", 3], ["q", 4]], "n_qubits": 5, "qreg_sizes": [["q", 5]], "clbit_labels": [["c", 0], ["c", 1], ["c", 2]], "memory_slots": 3, "creg_sizes": [["c", 3]], "name": "circuit-757158", "global_phase": 0.0, "metadata": {}}, "data": {"counts": {"0x0": 2254, "0x1": 360, "0x2": 439, "0x3": 100, "0x4": 463, "0x5": 323, "0x6": 85, "0x7": 72}, "snapshots": null, "memory": null, "statevector": null, "unitary": null}}, {"shots": 4096, "success": true, "status": null, "seed": null, "meas_level": 2, "meas_return": null, "header": {"qubit_labels": [["q", 0], ["q", 1], ["q", 2], ["q", 3], ["q", 4]], "n_qubits": 5, "qreg_sizes": [["q", 5]], "clbit_labels": [["c", 0], ["c", 1], ["c", 2]], "memory_slots": 3, "creg_sizes": [["c", 3]], "name": "circuit-758386", "global_phase": 0.0, "metadata": {}}, "data": {"counts": {"0x0": 359, "0x1": 578, "0x2": 570, "0x3": 386, "0x4": 702, "0x5": 347, "0x6": 389, "0x7": 765}, "snapshots": null, "memory": null, "statevector": null, "unitary": null}}, {"shots": 4096, "success": true, "status": null, "seed": null, "meas_level": 2, "meas_return": null, "header": {"qubit_labels": [["q", 0], ["q", 1], ["q", 2], ["q", 3], ["q", 4]], "n_qubits": 5, "qreg_sizes": [["q", 5]], "clbit_labels": [["c", 0], ["c", 1], ["c", 2]], "memory_slots": 3, "creg_sizes": [["c", 3]], "name": "circuit-758387", "global_phase": 0.0, "metadata": {}}, "data": {"counts": {"0x0": 2039, "0x1": 482, "0x2": 451, "0x3": 134, "0x4": 452, "0x5": 333, "0x6": 110, "0x7": 95}, "snapshots": null, "memory": null, "statevector": null, "unitary": null}}, {"shots": 4096, "success": true, "status": null, "seed": null, "meas_level": 2, "meas_return": null, "header": {"qubit_labels": [["q", 0], ["q", 1], ["q", 2], ["q", 3], ["q", 4]], "n_qubits": 5, "qreg_sizes": [["q", 5]], "clbit_labels": [["c", 0], ["c", 1], ["c", 2]], "memory_slots": 3, "creg_sizes": [["c", 3]], "name": "circuit-759716", "global_phase": 0.0, "metadata": {}}, "data": {"counts": {"0x0": 399, "0x1": 680, "0x2": 563, "0x3": 584, "0x4": 475, "0x5": 351, "0x6": 303, "0x7": 741}, "snapshots": null, "memory": null, "statevector": null, "unitary": null}}, {"shots": 4096, "success": true, "status": null, "seed": null, "meas_level": 2, "meas_return": null, "header": {"qubit_labels": [["q", 0], ["q", 1], ["q", 2], ["q", 3], ["q", 4]], "n_qubits": 5, "qreg_sizes": [["q", 5]], "clbit_labels": [["c", 0], ["c", 1], ["c", 2]], "memory_slots": 3, "creg_sizes": [["c", 3]], "name": "circuit-759717", "global_phase": 0.0, "metadata": {}}, "data": {"counts": {"0x0": 1713, "0x1": 455, "0x2": 765, "0x3": 254, "0x4": 312, "0x5": 326, "0x6": 136, "0x7": 135}, "snapshots": null, "memory": null, "statevector": null, "unitary": null}}, {"shots": 4096, "success": true, "status": null, "seed": null, "meas_level": 2, "meas_return": null, "header": {"qubit_labels": [["q", 0], ["q", 1], ["q", 2], ["q", 3], ["q", 4]], "n_qubits": 5, "qreg_sizes": [["q", 5]], "clbit_labels": [["c", 0], ["c", 1], ["c", 2]], "memory_slots": 3, "creg_sizes": [["c", 3]], "name": "circuit-761227", "global_phase": 0.0, "metadata": {}}, "data": {"counts": {"0x0": 307, "0x1": 499, "0x2": 979, "0x3": 748, "0x4": 327, "0x5": 394, "0x6": 389, "0x7": 453}, "snapshots": null, "memory": null, "statevector": null, "unitary": null}}, {"shots": 4096, "success": true, "status": null, "seed": null, "meas_level": 2, "meas_return": null, "header": {"qubit_labels": [["q", 0], ["q", 1], ["q", 2], ["q", 3], ["q", 4]], "n_qubits": 5, "qreg_sizes": [["q", 5]], "clbit_labels": [["c", 0], ["c", 1], ["c", 2]], "memory_slots": 3, "creg_sizes": [["c", 3]], "name": "circuit-761228", "global_phase": 0.0, "metadata": {}}, "data": {"counts": {"0x0": 1424, "0x1": 467, "0x2": 1055, "0x3": 238, "0x4": 276, "0x5": 307, "0x6": 207, "0x7": 122}, "snapshots": null, "memory": null, "statevector": null, "unitary": null}}, {"shots": 4096, "success": true, "status": null, "seed": null, "meas_level": 2, "meas_return": null, "header": {"qubit_labels": [["q", 0], ["q", 1], ["q", 2], ["q", 3], ["q", 4]], "n_qubits": 5, "qreg_sizes": [["q", 5]], "clbit_labels": [["c", 0], ["c", 1], ["c", 2]], "memory_slots": 3, "creg_sizes": [["c", 3]], "name": "circuit-762849", "global_phase": 0.0, "metadata": {}}, "data": {"counts": {"0x0": 640, "0x1": 449, "0x2": 490, "0x3": 516, "0x4": 438, "0x5": 506, "0x6": 431, "0x7": 626}, "snapshots": null, "memory": null, "statevector": null, "unitary": null}}, {"shots": 4096, "success": true, "status": null, "seed": null, "meas_level": 2, "meas_return": null, "header": {"qubit_labels": [["q", 0], ["q", 1], ["q", 2], ["q", 3], ["q", 4]], "n_qubits": 5, "qreg_sizes": [["q", 5]], "clbit_labels": [["c", 0], ["c", 1], ["c", 2]], "memory_slots": 3, "creg_sizes": [["c", 3]], "name": "circuit-762850", "global_phase": 0.0, "metadata": {}}, "data": {"counts": {"0x0": 938, "0x1": 667, "0x2": 1028, "0x3": 622, "0x4": 199, "0x5": 230, "0x6": 215, "0x7": 197}, "snapshots": null, "memory": null, "statevector": null, "unitary": null}}, {"shots": 4096, "success": true, "status": null, "seed": null, "meas_level": 2, "meas_return": null, "header": {"qubit_labels": [["q", 0], ["q", 1], ["q", 2], ["q", 3], ["q", 4]], "n_qubits": 5, "qreg_sizes": [["q", 5]], "clbit_labels": [["c", 0], ["c", 1], ["c", 2]], "memory_slots": 3, "creg_sizes": [["c", 3]], "name": "circuit-764603", "global_phase": 0.0, "metadata": {}}, "data": {"counts": {"0x0": 542, "0x1": 487, "0x2": 496, "0x3": 520, "0x4": 530, "0x5": 410, "0x6": 474, "0x7": 637}, "snapshots": null, "memory": null, "statevector": null, "unitary": null}}, {"shots": 4096, "success": true, "status": null, "seed": null, "meas_level": 2, "meas_return": null, "header": {"qubit_labels": [["q", 0], ["q", 1], ["q", 2], ["q", 3], ["q", 4]], "n_qubits": 5, "qreg_sizes": [["q", 5]], "clbit_labels": [["c", 0], ["c", 1], ["c", 2]], "memory_slots": 3, "creg_sizes": [["c", 3]], "name": "circuit-764604", "global_phase": 0.0, "metadata": {}}, "data": {"counts": {"0x0": 1690, "0x1": 574, "0x2": 636, "0x3": 250, "0x4": 377, "0x5": 298, "0x6": 135, "0x7": 136}, "snapshots": null, "memory": null, "statevector": null, "unitary": null}}, {"shots": 4096, "success": true, "status": null, "seed": null, "meas_level": 2, "meas_return": null, "header": {"qubit_labels": [["q", 0], ["q", 1], ["q", 2], ["q", 3], ["q", 4]], "n_qubits": 5, "qreg_sizes": [["q", 5]], "clbit_labels": [["c", 0], ["c", 1], ["c", 2]], "memory_slots": 3, "creg_sizes": [["c", 3]], "name": "circuit-766509", "global_phase": 0.0, "metadata": {}}, "data": {"counts": {"0x0": 424, "0x1": 476, "0x2": 476, "0x3": 535, "0x4": 540, "0x5": 518, "0x6": 503, "0x7": 624}, "snapshots": null, "memory": null, "statevector": null, "unitary": null}}, {"shots": 4096, "success": true, "status": null, "seed": null, "meas_level": 2, "meas_return": null, "header": {"qubit_labels": [["q", 0], ["q", 1], ["q", 2], ["q", 3], ["q", 4]], "n_qubits": 5, "qreg_sizes": [["q", 5]], "clbit_labels": [["c", 0], ["c", 1], ["c", 2]], "memory_slots": 3, "creg_sizes": [["c", 3]], "name": "circuit-766510", "global_phase": 0.0, "metadata": {}}, "data": {"counts": {"0x0": 1075, "0x1": 560, "0x2": 977, "0x3": 462, "0x4": 234, "0x5": 355, "0x6": 214, "0x7": 219}, "snapshots": null, "memory": null, "statevector": null, "unitary": null}}, {"shots": 4096, "success": true, "status": null, "seed": null, "meas_level": 2, "meas_return": null, "header": {"qubit_labels": [["q", 0], ["q", 1], ["q", 2], ["q", 3], ["q", 4]], "n_qubits": 5, "qreg_sizes": [["q", 5]], "clbit_labels": [["c", 0], ["c", 1], ["c", 2]], "memory_slots": 3, "creg_sizes": [["c", 3]], "name": "circuit-768546", "global_phase": 0.0, "metadata": {}}, "data": {"counts": {"0x0": 593, "0x1": 485, "0x2": 377, "0x3": 531, "0x4": 304, "0x5": 441, "0x6": 820, "0x7": 545}, "snapshots": null, "memory": null, "statevector": null, "unitary": null}}, {"shots": 4096, "success": true, "status": null, "seed": null, "meas_level": 2, "meas_return": null, "header": {"qubit_labels": [["q", 0], ["q", 1], ["q", 2], ["q", 3], ["q", 4]], "n_qubits": 5, "qreg_sizes": [["q", 5]], "clbit_labels": [["c", 0], ["c", 1], ["c", 2]], "memory_slots": 3, "creg_sizes": [["c", 3]], "name": "circuit-768547", "global_phase": 0.0, "metadata": {}}, "data": {"counts": {"0x0": 1315, "0x1": 692, "0x2": 661, "0x3": 380, "0x4": 311, "0x5": 340, "0x6": 176, "0x7": 221}, "snapshots": null, "memory": null, "statevector": null, "unitary": null}}, {"shots": 4096, "success": true, "status": null, "seed": null, "meas_level": 2, "meas_return": null, "header": {"qubit_labels": [["q", 0], ["q", 1], ["q", 2], ["q", 3], ["q", 4]], "n_qubits": 5, "qreg_sizes": [["q", 5]], "clbit_labels": [["c", 0], ["c", 1], ["c", 2]], "memory_slots": 3, "creg_sizes": [["c", 3]], "name": "circuit-770784", "global_phase": 0.0, "metadata": {}}, "data": {"counts": {"0x0": 404, "0x1": 518, "0x2": 388, "0x3": 726, "0x4": 327, "0x5": 735, "0x6": 554, "0x7": 444}, "snapshots": null, "memory": null, "statevector": null, "unitary": null}}, {"shots": 4096, "success": true, "status": null, "seed": null, "meas_level": 2, "meas_return": null, "header": {"qubit_labels": [["q", 0], ["q", 1], ["q", 2], ["q", 3], ["q", 4]], "n_qubits": 5, "qreg_sizes": [["q", 5]], "clbit_labels": [["c", 0], ["c", 1], ["c", 2]], "memory_slots": 3, "creg_sizes": [["c", 3]], "name": "circuit-770785", "global_phase": 0.0, "metadata": {}}, "data": {"counts": {"0x0": 1049, "0x1": 624, "0x2": 700, "0x3": 638, "0x4": 263, "0x5": 318, "0x6": 190, "0x7": 314}, "snapshots": null, "memory": null, "statevector": null, "unitary": null}}, {"shots": 4096, "success": true, "status": null, "seed": null, "meas_level": 2, "meas_return": null, "header": {"qubit_labels": [["q", 0], ["q", 1], ["q", 2], ["q", 3], ["q", 4]], "n_qubits": 5, "qreg_sizes": [["q", 5]], "clbit_labels": [["c", 0], ["c", 1], ["c", 2]], "memory_slots": 3, "creg_sizes": [["c", 3]], "name": "circuit-773109", "global_phase": 0.0, "metadata": {}}, "data": {"counts": {"0x0": 345, "0x1": 609, "0x2": 395, "0x3": 580, "0x4": 388, "0x5": 631, "0x6": 527, "0x7": 621}, "snapshots": null, "memory": null, "statevector": null, "unitary": null}}, {"shots": 4096, "success": true, "status": null, "seed": null, "meas_level": 2, "meas_return": null, "header": {"qubit_labels": [["q", 0], ["q", 1], ["q", 2], ["q", 3], ["q", 4]], "n_qubits": 5, "qreg_sizes": [["q", 5]], "clbit_labels": [["c", 0], ["c", 1], ["c", 2]], "memory_slots": 3, "creg_sizes": [["c", 3]], "name": "circuit-773110", "global_phase": 0.0, "metadata": {}}, "data": {"counts": {"0x0": 1573, "0x1": 487, "0x2": 500, "0x3": 165, "0x4": 652, "0x5": 417, "0x6": 178, "0x7": 124}, "snapshots": null, "memory": null, "statevector": null, "unitary": null}}, {"shots": 4096, "success": true, "status": null, "seed": null, "meas_level": 2, "meas_return": null, "header": {"qubit_labels": [["q", 0], ["q", 1], ["q", 2], ["q", 3], ["q", 4]], "n_qubits": 5, "qreg_sizes": [["q", 5]], "clbit_labels": [["c", 0], ["c", 1], ["c", 2]], "memory_slots": 3, "creg_sizes": [["c", 3]], "name": "circuit-775608", "global_phase": 0.0, "metadata": {}}, "data": {"counts": {"0x0": 550, "0x1": 404, "0x2": 488, "0x3": 668, "0x4": 428, "0x5": 514, "0x6": 597, "0x7": 447}, "snapshots": null, "memory": null, "statevector": null, "unitary": null}}, {"shots": 4096, "success": true, "status": null, "seed": null, "meas_level": 2, "meas_return": null, "header": {"qubit_labels": [["q", 0], ["q", 1], ["q", 2], ["q", 3], ["q", 4]], "n_qubits": 5, "qreg_sizes": [["q", 5]], "clbit_labels": [["c", 0], ["c", 1], ["c", 2]], "memory_slots": 3, "creg_sizes": [["c", 3]], "name": "circuit-775609", "global_phase": 0.0, "metadata": {}}, "data": {"counts": {"0x0": 1280, "0x1": 579, "0x2": 484, "0x3": 280, "0x4": 577, "0x5": 454, "0x6": 242, "0x7": 200}, "snapshots": null, "memory": null, "statevector": null, "unitary": null}}, {"shots": 4096, "success": true, "status": null, "seed": null, "meas_level": 2, "meas_return": null, "header": {"qubit_labels": [["q", 0], ["q", 1], ["q", 2], ["q", 3], ["q", 4]], "n_qubits": 5, "qreg_sizes": [["q", 5]], "clbit_labels": [["c", 0], ["c", 1], ["c", 2]], "memory_slots": 3, "creg_sizes": [["c", 3]], "name": "circuit-778247", "global_phase": 0.0, "metadata": {}}, "data": {"counts": {"0x0": 394, "0x1": 548, "0x2": 415, "0x3": 739, "0x4": 392, "0x5": 661, "0x6": 417, "0x7": 530}, "snapshots": null, "memory": null, "statevector": null, "unitary": null}}, {"shots": 4096, "success": true, "status": null, "seed": null, "meas_level": 2, "meas_return": null, "header": {"qubit_labels": [["q", 0], ["q", 1], ["q", 2], ["q", 3], ["q", 4]], "n_qubits": 5, "qreg_sizes": [["q", 5]], "clbit_labels": [["c", 0], ["c", 1], ["c", 2]], "memory_slots": 3, "creg_sizes": [["c", 3]], "name": "circuit-778248", "global_phase": 0.0, "metadata": {}}, "data": {"counts": {"0x0": 1103, "0x1": 630, "0x2": 569, "0x3": 283, "0x4": 552, "0x5": 479, "0x6": 268, "0x7": 212}, "snapshots": null, "memory": null, "statevector": null, "unitary": null}}, {"shots": 4096, "success": true, "status": null, "seed": null, "meas_level": 2, "meas_return": null, "header": {"qubit_labels": [["q", 0], ["q", 1], ["q", 2], ["q", 3], ["q", 4]], "n_qubits": 5, "qreg_sizes": [["q", 5]], "clbit_labels": [["c", 0], ["c", 1], ["c", 2]], "memory_slots": 3, "creg_sizes": [["c", 3]], "name": "circuit-781075", "global_phase": 0.0, "metadata": {}}, "data": {"counts": {"0x0": 430, "0x1": 532, "0x2": 505, "0x3": 747, "0x4": 462, "0x5": 482, "0x6": 448, "0x7": 490}, "snapshots": null, "memory": null, "statevector": null, "unitary": null}}, {"shots": 4096, "success": true, "status": null, "seed": null, "meas_level": 2, "meas_return": null, "header": {"qubit_labels": [["q", 0], ["q", 1], ["q", 2], ["q", 3], ["q", 4]], "n_qubits": 5, "qreg_sizes": [["q", 5]], "clbit_labels": [["c", 0], ["c", 1], ["c", 2]], "memory_slots": 3, "creg_sizes": [["c", 3]], "name": "circuit-781076", "global_phase": 0.0, "metadata": {}}, "data": {"counts": {"0x0": 1346, "0x1": 582, "0x2": 602, "0x3": 184, "0x4": 611, "0x5": 394, "0x6": 235, "0x7": 142}, "snapshots": null, "memory": null, "statevector": null, "unitary": null}}, {"shots": 4096, "success": true, "status": null, "seed": null, "meas_level": 2, "meas_return": null, "header": {"qubit_labels": [["q", 0], ["q", 1], ["q", 2], ["q", 3], ["q", 4]], "n_qubits": 5, "qreg_sizes": [["q", 5]], "clbit_labels": [["c", 0], ["c", 1], ["c", 2]], "memory_slots": 3, "creg_sizes": [["c", 3]], "name": "circuit-784021", "global_phase": 0.0, "metadata": {}}, "data": {"counts": {"0x0": 400, "0x1": 604, "0x2": 398, "0x3": 587, "0x4": 369, "0x5": 593, "0x6": 606, "0x7": 539}, "snapshots": null, "memory": null, "statevector": null, "unitary": null}}, {"shots": 4096, "success": true, "status": null, "seed": null, "meas_level": 2, "meas_return": null, "header": {"qubit_labels": [["q", 0], ["q", 1], ["q", 2], ["q", 3], ["q", 4]], "n_qubits": 5, "qreg_sizes": [["q", 5]], "clbit_labels": [["c", 0], ["c", 1], ["c", 2]], "memory_slots": 3, "creg_sizes": [["c", 3]], "name": "circuit-784022", "global_phase": 0.0, "metadata": {}}, "data": {"counts": {"0x0": 1400, "0x1": 554, "0x2": 533, "0x3": 209, "0x4": 621, "0x5": 364, "0x6": 218, "0x7": 197}, "snapshots": null, "memory": null, "statevector": null, "unitary": null}}], "error": null}