{"backend_name": "ibmq_manila", "backend_version": "1.0.35", "qobj_id": "d0a51403-aa95-467f-9dc9-e900379afeb4", "job_id": "62e8307b37e42fcaa4aecc65", "date": "2022-08-01T20:31:17Z", "success": true, "status": "Successful completion", "execution_id": "851547a4-11d8-11ed-be18-bc97e15b08d0", "time_taken": 129.61361384391785, "header": {"backend_name": "ibmq_manila", "backend_version": "1.0.35"}, "results": [{"shots": 4096, "success": true, "status": null, "seed": null, "meas_level": 2, "meas_return": null, "header": {"qubit_labels": [["q", 0], ["q", 1], ["q", 2], ["q", 3], ["q", 4]], "n_qubits": 5, "qreg_sizes": [["q", 5]], "clbit_labels": [["c", 0], ["c", 1], ["c", 2]], "memory_slots": 3, "creg_sizes": [["c", 3]], "name": "circuit-2795396", "global_phase": 0.0, "metadata": {}}, "data": {"counts": {"0x0": 893, "0x1": 210, "0x2": 287, "0x3": 771, "0x4": 245, "0x5": 749, "0x6": 787, "0x7": 154}, "snapshots": null, "memory": null, "statevector": null, "unitary": null}}, {"shots": 4096, "success": true, "status": null, "seed": null, "meas_level": 2, "meas_return": null, "header": {"qubit_labels": [["q", 0], ["q", 1], ["q", 2], ["q", 3], ["q", 4]], "n_qubits": 5, "qreg_sizes": [["q", 5]], "clbit_labels": [["c", 0], ["c", 1], ["c", 2]], "memory_slots": 3, "creg_sizes": [["c", 3]], "name": "circuit-2795397", "global_phase": 0.0, "metadata": {}}, "data": {"counts": {"0x0": 3406, "0x1": 221, "0x2": 173, "0x3": 14, "0x4": 169, "0x5": 103, "0x6": 2, "0x7": 8}, "snapshots": null, "memory": null, "statevector": null, "unitary": null}}, {"shots": 4096, "success": true, "status": null, "seed": null, "meas_level": 2, "meas_return": null, "header": {"qubit_labels": [["q", 0], ["q", 1], ["q", 2], ["q", 3], ["q", 4]], "n_qubits": 5, "qreg_sizes": [["q", 5]], "clbit_labels": [["c", 0], ["c", 1], ["c", 2]], "memory_slots": 3, "creg_sizes": [["c", 3]], "name": "circuit-2795736", "global_phase": 0.0, "metadata": {}}, "data": {"counts": {"0x0": 749, "0x1": 321, "0x2": 449, "0x3": 661, "0x4": 299, "0x5": 688, "0x6": 693, "0x7": 236}, "snapshots": null, "memory": null, "statevector": null, "unitary": null}}, {"shots": 4096, "success": true, "status": null, "seed": null, "meas_level": 2, "meas_return": null, "header": {"qubit_labels": [["q", 0], ["q", 1], ["q", 2], ["q", 3], ["q", 4]], "n_qubits": 5, "qreg_sizes": [["q", 5]], "clbit_labels": [["c", 0], ["c", 1], ["c", 2]], "memory_slots": 3, "creg_sizes": [["c", 3]], "name": "circuit-2795737", "global_phase": 0.0, "metadata": {}}, "data": {"counts": {"0x0": 3185, "0x1": 300, "0x2": 250, "0x3": 27, "0x4": 203, "0x5": 103, "0x6": 19, "0x7": 9}, "snapshots": null, "memory": null, "statevector": null, "unitary": null}}, {"shots": 4096, "success": true, "status": null, "seed": null, "meas_level": 2, "meas_return": null, "header": {"qubit_labels": [["q", 0], ["q", 1], ["q", 2], ["q", 3], ["q", 4]], "n_qubits": 5, "qreg_sizes": [["q", 5]], "clbit_labels": [["c", 0], ["c", 1], ["c", 2]], "memory_slots": 3, "creg_sizes": [["c", 3]], "name": "circuit-2796225", "global_phase": 0.0, "metadata": {}}, "data": {"counts": {"0x0": 687, "0x1": 439, "0x2": 505, "0x3": 571, "0x4": 431, "0x5": 455, "0x6": 599, "0x7": 409}, "snapshots": null, "memory": null, "statevector": null, "unitary": null}}, {"shots": 4096, "success": true, "status": null, "seed": null, "meas_level": 2, "meas_return": null, "header": {"qubit_labels": [["q", 0], ["q", 1], ["q", 2], ["q", 3], ["q", 4]], "n_qubits": 5, "qreg_sizes": [["q", 5]], "clbit_labels": [["c", 0], ["c", 1], ["c", 2]], "memory_slots": 3, "creg_sizes": [["c", 3]], "name": "circuit-2796226", "global_phase": 0.0, "metadata": {}}, "data": {"counts": {"0x0": 2912, "0x1": 362, "0x2": 325, "0x3": 53, "0x4": 231, "0x5": 167, "0x6": 27, "0x7": 19}, "snapshots": null, "memory": null, "statevector": null, "unitary": null}}, {"shots": 4096, "success": true, "status": null, "seed": null, "meas_level": 2, "meas_return": null, "header": {"qubit_labels": [["q", 0], ["q", 1], ["q", 2], ["q", 3], ["q", 4]], "n_qubits": 5, "qreg_sizes": [["q", 5]], "clbit_labels": [["c", 0], ["c", 1], ["c", 2]], "memory_slots": 3, "creg_sizes": [["c", 3]], "name": "circuit-2796820", "global_phase": 0.0, "metadata": {}}, "data": {"counts": {"0x0": 579, "0x1": 438, "0x2": 545, "0x3": 478, "0x4": 482, "0x5": 400, "0x6": 604, "0x7": 570}, "snapshots": null, "memory": null, "statevector": null, "unitary": null}}, {"shots": 4096, "success": true, "status": null, "seed": null, "meas_level": 2, "meas_return": null, "header": {"qubit_labels": [["q", 0], ["q", 1], ["q", 2], ["q", 3], ["q", 4]], "n_qubits": 5, "qreg_sizes": [["q", 5]], "clbit_labels": [["c", 0], ["c", 1], ["c", 2]], "memory_slots": 3, "creg_sizes": [["c", 3]], "name": "circuit-2796821", "global_phase": 0.0, "metadata": {}}, "data": {"counts": {"0x0": 2716, "0x1": 454, "0x2": 381, "0x3": 71, "0x4": 239, "0x5": 176, "0x6": 34, "0x7": 25}, "snapshots": null, "memory": null, "statevector": null, "unitary": null}}, {"shots": 4096, "success": true, "status": null, "seed": null, "meas_level": 2, "meas_return": null, "header": {"qubit_labels": [["q", 0], ["q", 1], ["q", 2], ["q", 3], ["q", 4]], "n_qubits": 5, "qreg_sizes": [["q", 5]], "clbit_labels": [["c", 0], ["c", 1], ["c", 2]], "memory_slots": 3, "creg_sizes": [["c", 3]], "name": "circuit-2797586", "global_phase": 0.0, "metadata": {}}, "data": {"counts": {"0x0": 559, "0x1": 539, "0x2": 561, "0x3": 392, "0x4": 810, "0x5": 403, "0x6": 380, "0x7": 452}, "snapshots": null, "memory": null, "statevector": null, "unitary": null}}, {"shots": 4096, "success": true, "status": null, "seed": null, "meas_level": 2, "meas_return": null, "header": {"qubit_labels": [["q", 0], ["q", 1], ["q", 2], ["q", 3], ["q", 4]], "n_qubits": 5, "qreg_sizes": [["q", 5]], "clbit_labels": [["c", 0], ["c", 1], ["c", 2]], "memory_slots": 3, "creg_sizes": [["c", 3]], "name": "circuit-2797587", "global_phase": 0.0, "metadata": {}}, "data": {"counts": {"0x0": 2375, "0x1": 587, "0x2": 428, "0x3": 114, "0x4": 281, "0x5": 216, "0x6": 62, "0x7": 33}, "snapshots": null, "memory": null, "statevector": null, "unitary": null}}, {"shots": 4096, "success": true, "status": null, "seed": null, "meas_level": 2, "meas_return": null, "header": {"qubit_labels": [["q", 0], ["q", 1], ["q", 2], ["q", 3], ["q", 4]], "n_qubits": 5, "qreg_sizes": [["q", 5]], "clbit_labels": [["c", 0], ["c", 1], ["c", 2]], "memory_slots": 3, "creg_sizes": [["c", 3]], "name": "circuit-2798501", "global_phase": 0.0, "metadata": {}}, "data": {"counts": {"0x0": 451, "0x1": 573, "0x2": 580, "0x3": 432, "0x4": 713, "0x5": 331, "0x6": 450, "0x7": 566}, "snapshots": null, "memory": null, "statevector": null, "unitary": null}}, {"shots": 4096, "success": true, "status": null, "seed": null, "meas_level": 2, "meas_return": null, "header": {"qubit_labels": [["q", 0], ["q", 1], ["q", 2], ["q", 3], ["q", 4]], "n_qubits": 5, "qreg_sizes": [["q", 5]], "clbit_labels": [["c", 0], ["c", 1], ["c", 2]], "memory_slots": 3, "creg_sizes": [["c", 3]], "name": "circuit-2798502", "global_phase": 0.0, "metadata": {}}, "data": {"counts": {"0x0": 2271, "0x1": 488, "0x2": 482, "0x3": 122, "0x4": 372, "0x5": 251, "0x6": 66, "0x7": 44}, "snapshots": null, "memory": null, "statevector": null, "unitary": null}}, {"shots": 4096, "success": true, "status": null, "seed": null, "meas_level": 2, "meas_return": null, "header": {"qubit_labels": [["q", 0], ["q", 1], ["q", 2], ["q", 3], ["q", 4]], "n_qubits": 5, "qreg_sizes": [["q", 5]], "clbit_labels": [["c", 0], ["c", 1], ["c", 2]], "memory_slots": 3, "creg_sizes": [["c", 3]], "name": "circuit-2799568", "global_phase": 0.0, "metadata": {}}, "data": {"counts": {"0x0": 419, "0x1": 611, "0x2": 740, "0x3": 381, "0x4": 691, "0x5": 356, "0x6": 420, "0x7": 478}, "snapshots": null, "memory": null, "statevector": null, "unitary": null}}, {"shots": 4096, "success": true, "status": null, "seed": null, "meas_level": 2, "meas_return": null, "header": {"qubit_labels": [["q", 0], ["q", 1], ["q", 2], ["q", 3], ["q", 4]], "n_qubits": 5, "qreg_sizes": [["q", 5]], "clbit_labels": [["c", 0], ["c", 1], ["c", 2]], "memory_slots": 3, "creg_sizes": [["c", 3]], "name": "circuit-2799569", "global_phase": 0.0, "metadata": {}}, "data": {"counts": {"0x0": 2055, "0x1": 651, "0x2": 531, "0x3": 141, "0x4": 361, "0x5": 216, "0x6": 88, "0x7": 53}, "snapshots": null, "memory": null, "statevector": null, "unitary": null}}, {"shots": 4096, "success": true, "status": null, "seed": null, "meas_level": 2, "meas_return": null, "header": {"qubit_labels": [["q", 0], ["q", 1], ["q", 2], ["q", 3], ["q", 4]], "n_qubits": 5, "qreg_sizes": [["q", 5]], "clbit_labels": [["c", 0], ["c", 1], ["c", 2]], "memory_slots": 3, "creg_sizes": [["c", 3]], "name": "circuit-2800769", "global_phase": 0.0, "metadata": {}}, "data": {"counts": {"0x0": 453, "0x1": 581, "0x2": 652, "0x3": 405, "0x4": 574, "0x5": 341, "0x6": 532, "0x7": 558}, "snapshots": null, "memory": null, "statevector": null, "unitary": null}}, {"shots": 4096, "success": true, "status": null, "seed": null, "meas_level": 2, "meas_return": null, "header": {"qubit_labels": [["q", 0], ["q", 1], ["q", 2], ["q", 3], ["q", 4]], "n_qubits": 5, "qreg_sizes": [["q", 5]], "clbit_labels": [["c", 0], ["c", 1], ["c", 2]], "memory_slots": 3, "creg_sizes": [["c", 3]], "name": "circuit-2800770", "global_phase": 0.0, "metadata": {}}, "data": {"counts": {"0x0": 1828, "0x1": 641, "0x2": 591, "0x3": 189, "0x4": 319, "0x5": 320, "0x6": 116, "0x7": 92}, "snapshots": null, "memory": null, "statevector": null, "unitary": null}}, {"shots": 4096, "success": true, "status": null, "seed": null, "meas_level": 2, "meas_return": null, "header": {"qubit_labels": [["q", 0], ["q", 1], ["q", 2], ["q", 3], ["q", 4]], "n_qubits": 5, "qreg_sizes": [["q", 5]], "clbit_labels": [["c", 0], ["c", 1], ["c", 2]], "memory_slots": 3, "creg_sizes": [["c", 3]], "name": "circuit-2802137", "global_phase": 0.0, "metadata": {}}, "data": {"counts": {"0x0": 419, "0x1": 589, "0x2": 671, "0x3": 548, "0x4": 473, "0x5": 360, "0x6": 510, "0x7": 526}, "snapshots": null, "memory": null, "statevector": null, "unitary": null}}, {"shots": 4096, "success": true, "status": null, "seed": null, "meas_level": 2, "meas_return": null, "header": {"qubit_labels": [["q", 0], ["q", 1], ["q", 2], ["q", 3], ["q", 4]], "n_qubits": 5, "qreg_sizes": [["q", 5]], "clbit_labels": [["c", 0], ["c", 1], ["c", 2]], "memory_slots": 3, "creg_sizes": [["c", 3]], "name": "circuit-2802138", "global_phase": 0.0, "metadata": {}}, "data": {"counts": {"0x0": 1751, "0x1": 635, "0x2": 578, "0x3": 200, "0x4": 348, "0x5": 331, "0x6": 138, "0x7": 115}, "snapshots": null, "memory": null, "statevector": null, "unitary": null}}, {"shots": 4096, "success": true, "status": null, "seed": null, "meas_level": 2, "meas_return": null, "header": {"qubit_labels": [["q", 0], ["q", 1], ["q", 2], ["q", 3], ["q", 4]], "n_qubits": 5, "qreg_sizes": [["q", 5]], "clbit_labels": [["c", 0], ["c", 1], ["c", 2]], "memory_slots": 3, "creg_sizes": [["c", 3]], "name": "circuit-2803625", "global_phase": 0.0, "metadata": {}}, "data": {"counts": {"0x0": 462, "0x1": 424, "0x2": 616, "0x3": 536, "0x4": 551, "0x5": 436, "0x6": 588, "0x7": 483}, "snapshots": null, "memory": null, "statevector": null, "unitary": null}}, {"shots": 4096, "success": true, "status": null, "seed": null, "meas_level": 2, "meas_return": null, "header": {"qubit_labels": [["q", 0], ["q", 1], ["q", 2], ["q", 3], ["q", 4]], "n_qubits": 5, "qreg_sizes": [["q", 5]], "clbit_labels": [["c", 0], ["c", 1], ["c", 2]], "memory_slots": 3, "creg_sizes": [["c", 3]], "name": "circuit-2803626", "global_phase": 0.0, "metadata": {}}, "data": {"counts": {"0x0": 1619, "0x1": 746, "0x2": 590, "0x3": 223, "0x4": 371, "0x5": 296, "0x6": 141, "0x7": 110}, "snapshots": null, "memory": null, "statevector": null, "unitary": null}}, {"shots": 4096, "success": true, "status": null, "seed": null, "meas_level": 2, "meas_return": null, "header": {"qubit_labels": [["q", 0], ["q", 1], ["q", 2], ["q", 3], ["q", 4]], "n_qubits": 5, "qreg_sizes": [["q", 5]], "clbit_labels": [["c", 0], ["c", 1], ["c", 2]], "memory_slots": 3, "creg_sizes": [["c", 3]], "name": "circuit-2805201", "global_phase": 0.0, "metadata": {}}, "data": {"counts": {"0x0": 552, "0x1": 454, "0x2": 575, "0x3": 565, "0x4": 434, "0x5": 434, "0x6": 592, "0x7": 490}, "snapshots": null, "memory": null, "statevector": null, "unitary": null}}, {"shots": 4096, "success": true, "status": null, "seed": null, "meas_level": 2, "meas_return": null, "header": {"qubit_labels": [["q", 0], ["q", 1], ["q", 2], ["q", 3], ["q", 4]], "n_qubits": 5, "qreg_sizes": [["q", 5]], "clbit_labels": [["c", 0], ["c", 1], ["c", 2]], "memory_slots": 3, "creg_sizes": [["c", 3]], "name": "circuit-2805202", "global_phase": 0.0, "metadata": {}}, "data": {"counts": {"0x0": 1601, "0x1": 640, "0x2": 610, "0x3": 252, "0x4": 403, "0x5": 326, "0x6": 156, "0x7": 108}, "snapshots": null, "memory": null, "statevector": null, "unitary": null}}, {"shots": 4096, "success": true, "status": null, "seed": null, "meas_level": 2, "meas_return": null, "header": {"qubit_labels": [["q", 0], ["q", 1], ["q", 2], ["q", 3], ["q", 4]], "n_qubits": 5, "qreg_sizes": [["q", 5]], "clbit_labels": [["c", 0], ["c", 1], ["c", 2]], "memory_slots": 3, "creg_sizes": [["c", 3]], "name": "circuit-2806989", "global_phase": 0.0, "metadata": {}}, "data": {"counts": {"0x0": 512, "0x1": 414, "0x2": 540, "0x3": 520, "0x4": 448, "0x5": 450, "0x6": 677, "0x7": 535}, "snapshots": null, "memory": null, "statevector": null, "unitary": null}}, {"shots": 4096, "success": true, "status": null, "seed": null, "meas_level": 2, "meas_return": null, "header": {"qubit_labels": [["q", 0], ["q", 1], ["q", 2], ["q", 3], ["q", 4]], "n_qubits": 5, "qreg_sizes": [["q", 5]], "clbit_labels": [["c", 0], ["c", 1], ["c", 2]], "memory_slots": 3, "creg_sizes": [["c", 3]], "name": "circuit-2806990", "global_phase": 0.0, "metadata": {}}, "data": {"counts": {"0x0": 1402, "0x1": 680, "0x2": 574, "0x3": 288, "0x4": 450, "0x5": 382, "0x6": 175, "0x7": 145}, "snapshots": null, "memory": null, "statevector": null, "unitary": null}}, {"shots": 4096, "success": true, "status": null, "seed": null, "meas_level": 2, "meas_return": null, "header": {"qubit_labels": [["q", 0], ["q", 1], ["q", 2], ["q", 3], ["q", 4]], "n_qubits": 5, "qreg_sizes": [["q", 5]], "clbit_labels": [["c", 0], ["c", 1], ["c", 2]], "memory_slots": 3, "creg_sizes": [["c", 3]], "name": "circuit-2808928", "global_phase": 0.0, "metadata": {}}, "data": {"counts": {"0x0": 546, "0x1": 415, "0x2": 541, "0x3": 640, "0x4": 487, "0x5": 448, "0x6": 595, "0x7": 424}, "snapshots": null, "memory": null, "statevector": null, "unitary": null}}, {"shots": 4096, "success": true, "status": null, "seed": null, "meas_level": 2, "meas_return": null, "header": {"qubit_labels": [["q", 0], ["q", 1], ["q", 2], ["q", 3], ["q", 4]], "n_qubits": 5, "qreg_sizes": [["q", 5]], "clbit_labels": [["c", 0], ["c", 1], ["c", 2]], "memory_slots": 3, "creg_sizes": [["c", 3]], "name": "circuit-2808929", "global_phase": 0.0, "metadata": {}}, "data": {"counts": {"0x0": 1388, "0x1": 738, "0x2": 634, "0x3": 296, "0x4": 385, "0x5": 316, "0x6": 181, "0x7": 158}, "snapshots": null, "memory": null, "statevector": null, "unitary": null}}, {"shots": 4096, "success": true, "status": null, "seed": null, "meas_level": 2, "meas_return": null, "header": {"qubit_labels": [["q", 0], ["q", 1], ["q", 2], ["q", 3], ["q", 4]], "n_qubits": 5, "qreg_sizes": [["q", 5]], "clbit_labels": [["c", 0], ["c", 1], ["c", 2]], "memory_slots": 3, "creg_sizes": [["c", 3]], "name": "circuit-2810954", "global_phase": 0.0, "metadata": {}}, "data": {"counts": {"0x0": 488, "0x1": 417, "0x2": 568, "0x3": 641, "0x4": 438, "0x5": 434, "0x6": 633, "0x7": 477}, "snapshots": null, "memory": null, "statevector": null, "unitary": null}}, {"shots": 4096, "success": true, "status": null, "seed": null, "meas_level": 2, "meas_return": null, "header": {"qubit_labels": [["q", 0], ["q", 1], ["q", 2], ["q", 3], ["q", 4]], "n_qubits": 5, "qreg_sizes": [["q", 5]], "clbit_labels": [["c", 0], ["c", 1], ["c", 2]], "memory_slots": 3, "creg_sizes": [["c", 3]], "name": "circuit-2810955", "global_phase": 0.0, "metadata": {}}, "data": {"counts": {"0x0": 1339, "0x1": 749, "0x2": 586, "0x3": 291, "0x4": 412, "0x5": 332, "0x6": 243, "0x7": 144}, "snapshots": null, "memory": null, "statevector": null, "unitary": null}}, {"shots": 4096, "success": true, "status": null, "seed": null, "meas_level": 2, "meas_return": null, "header": {"qubit_labels": [["q", 0], ["q", 1], ["q", 2], ["q", 3], ["q", 4]], "n_qubits": 5, "qreg_sizes": [["q", 5]], "clbit_labels": [["c", 0], ["c", 1], ["c", 2]], "memory_slots": 3, "creg_sizes": [["c", 3]], "name": "circuit-2813157", "global_phase": 0.0, "metadata": {}}, "data": {"counts": {"0x0": 526, "0x1": 404, "0x2": 627, "0x3": 604, "0x4": 397, "0x5": 378, "0x6": 635, "0x7": 525}, "snapshots": null, "memory": null, "statevector": null, "unitary": null}}, {"shots": 4096, "success": true, "status": null, "seed": null, "meas_level": 2, "meas_return": null, "header": {"qubit_labels": [["q", 0], ["q", 1], ["q", 2], ["q", 3], ["q", 4]], "n_qubits": 5, "qreg_sizes": [["q", 5]], "clbit_labels": [["c", 0], ["c", 1], ["c", 2]], "memory_slots": 3, "creg_sizes": [["c", 3]], "name": "circuit-2813158", "global_phase": 0.0, "metadata": {}}, "data": {"counts": {"0x0": 1276, "0x1": 618, "0x2": 665, "0x3": 330, "0x4": 435, "0x5": 376, "0x6": 206, "0x7": 190}, "snapshots": null, "memory": null, "statevector": null, "unitary": null}}, {"shots": 4096, "success": true, "status": null, "seed": null, "meas_level": 2, "meas_return": null, "header": {"qubit_labels": [["q", 0], ["q", 1], ["q", 2], ["q", 3], ["q", 4]], "n_qubits": 5, "qreg_sizes": [["q", 5]], "clbit_labels": [["c", 0], ["c", 1], ["c", 2]], "memory_slots": 3, "creg_sizes": [["c", 3]], "name": "circuit-2815482", "global_phase": 0.0, "metadata": {}}, "data": {"counts": {"0x0": 501, "0x1": 384, "0x2": 615, "0x3": 600, "0x4": 460, "0x5": 404, "0x6": 606, "0x7": 526}, "snapshots": null, "memory": null, "statevector": null, "unitary": null}}, {"shots": 4096, "success": true, "status": null, "seed": null, "meas_level": 2, "meas_return": null, "header": {"qubit_labels": [["q", 0], ["q", 1], ["q", 2], ["q", 3], ["q", 4]], "n_qubits": 5, "qreg_sizes": [["q", 5]], "clbit_labels": [["c", 0], ["c", 1], ["c", 2]], "memory_slots": 3, "creg_sizes": [["c", 3]], "name": "circuit-2815483", "global_phase": 0.0, "metadata": {}}, "data": {"counts": {"0x0": 1186, "0x1": 691, "0x2": 627, "0x3": 362, "0x4": 439, "0x5": 377, "0x6": 228, "0x7": 186}, "snapshots": null, "memory": null, "statevector": null, "unitary": null}}, {"shots": 4096, "success": true, "status": null, "seed": null, "meas_level": 2, "meas_return": null, "header": {"qubit_labels": [["q", 0], ["q", 1], ["q", 2], ["q", 3], ["q", 4]], "n_qubits": 5, "qreg_sizes": [["q", 5]], "clbit_labels": [["c", 0], ["c", 1], ["c", 2]], "memory_slots": 3, "creg_sizes": [["c", 3]], "name": "circuit-2817976", "global_phase": 0.0, "metadata": {}}, "data": {"counts": {"0x0": 427, "0x1": 414, "0x2": 607, "0x3": 572, "0x4": 445, "0x5": 455, "0x6": 643, "0x7": 533}, "snapshots": null, "memory": null, "statevector": null, "unitary": null}}, {"shots": 4096, "success": true, "status": null, "seed": null, "meas_level": 2, "meas_return": null, "header": {"qubit_labels": [["q", 0], ["q", 1], ["q", 2], ["q", 3], ["q", 4]], "n_qubits": 5, "qreg_sizes": [["q", 5]], "clbit_labels": [["c", 0], ["c", 1], ["c", 2]], "memory_slots": 3, "creg_sizes": [["c", 3]], "name": "circuit-2817977", "global_phase": 0.0, "metadata": {}}, "data": {"counts": {"0x0": 1144, "0x1": 692, "0x2": 648, "0x3": 399, "0x4": 443, "0x5": 325, "0x6": 212, "0x7": 233}, "snapshots": null, "memory": null, "statevector": null, "unitary": null}}, {"shots": 4096, "success": true, "status": null, "seed": null, "meas_level": 2, "meas_return": null, "header": {"qubit_labels": [["q", 0], ["q", 1], ["q", 2], ["q", 3], ["q", 4]], "n_qubits": 5, "qreg_sizes": [["q", 5]], "clbit_labels": [["c", 0], ["c", 1], ["c", 2]], "memory_slots": 3, "creg_sizes": [["c", 3]], "name": "circuit-2820562", "global_phase": 0.0, "metadata": {}}, "data": {"counts": {"0x0": 474, "0x1": 427, "0x2": 603, "0x3": 537, "0x4": 443, "0x5": 402, "0x6": 615, "0x7": 595}, "snapshots": null, "memory": null, "statevector": null, "unitary": null}}, {"shots": 4096, "success": true, "status": null, "seed": null, "meas_level": 2, "meas_return": null, "header": {"qubit_labels": [["q", 0], ["q", 1], ["q", 2], ["q", 3], ["q", 4]], "n_qubits": 5, "qreg_sizes": [["q", 5]], "clbit_labels": [["c", 0], ["c", 1], ["c", 2]], "memory_slots": 3, "creg_sizes": [["c", 3]], "name": "circuit-2820563", "global_phase": 0.0, "metadata": {}}, "data": {"counts": {"0x0": 1036, "0x1": 652, "0x2": 619, "0x3": 358, "0x4": 481, "0x5": 425, "0x6": 278, "0x7": 247}, "snapshots": null, "memory": null, "statevector": null, "unitary": null}}, {"shots": 4096, "success": true, "status": null, "seed": null, "meas_level": 2, "meas_return": null, "header": {"qubit_labels": [["q", 0], ["q", 1], ["q", 2], ["q", 3], ["q", 4]], "n_qubits": 5, "qreg_sizes": [["q", 5]], "clbit_labels": [["c", 0], ["c", 1], ["c", 2]], "memory_slots": 3, "creg_sizes": [["c", 3]], "name": "circuit-2823360", "global_phase": 0.0, "metadata": {}}, "data": {"counts": {"0x0": 462, "0x1": 476, "0x2": 675, "0x3": 523, "0x4": 487, "0x5": 391, "0x6": 579, "0x7": 503}, "snapshots": null, "memory": null, "statevector": null, "unitary": null}}, {"shots": 4096, "success": true, "status": null, "seed": null, "meas_level": 2, "meas_return": null, "header": {"qubit_labels": [["q", 0], ["q", 1], ["q", 2], ["q", 3], ["q", 4]], "n_qubits": 5, "qreg_sizes": [["q", 5]], "clbit_labels": [["c", 0], ["c", 1], ["c", 2]], "memory_slots": 3, "creg_sizes": [["c", 3]], "name": "circuit-2823361", "global_phase": 0.0, "metadata": {}}, "data": {"counts": {"0x0": 989, "0x1": 732, "0x2": 639, "0x3": 406, "0x4": 434, "0x5": 386, "0x6": 265, "0x7": 245}, "snapshots": null, "memory": null, "statevector": null, "unitary": null}}, {"shots": 4096, "success": true, "status": null, "seed": null, "meas_level": 2, "meas_return": null, "header": {"qubit_labels": [["q", 0], ["q", 1], ["q", 2], ["q", 3], ["q", 4]], "n_qubits": 5, "qreg_sizes": [["q", 5]], "clbit_labels": [["c", 0], ["c", 1], ["c", 2]], "memory_slots": 3, "creg_sizes": [["c", 3]], "name": "circuit-2826229", "global_phase": 0.0, "metadata": {}}, "data": {"counts": {"0x0": 392, "0x1": 417, "0x2": 685, "0x3": 575, "0x4": 494, "0x5": 369, "0x6": 605, "0x7": 559}, "snapshots": null, "memory": null, "statevector": null, "unitary": null}}, {"shots": 4096, "success": true, "status": null, "seed": null, "meas_level": 2, "meas_return": null, "header": {"qubit_labels": [["q", 0], ["q", 1], ["q", 2], ["q", 3], ["q", 4]], "n_qubits": 5, "qreg_sizes": [["q", 5]], "clbit_labels": [["c", 0], ["c", 1], ["c", 2]], "memory_slots": 3, "creg_sizes": [["c", 3]], "name": "circuit-2826230", "global_phase": 0.0, "metadata": {}}, "data": {"counts": {"0x0": 930, "0x1": 614, "0x2": 676, "0x3": 407, "0x4": 509, "0x5": 381, "0x6": 341, "0x7": 238}, "snapshots": null, "memory": null, "statevector": null, "unitary": null}}, {"shots": 4096, "success": true, "status": null, "seed": null, "meas_level": 2, "meas_return": null, "header": {"qubit_labels": [["q", 0], ["q", 1], ["q", 2], ["q", 3], ["q", 4]], "n_qubits": 5, "qreg_sizes": [["q", 5]], "clbit_labels": [["c", 0], ["c", 1], ["c", 2]], "memory_slots": 3, "creg_sizes": [["c", 3]], "name": "circuit-2829296", "global_phase": 0.0, "metadata": {}}, "data": {"counts": {"0x0": 949, "0x1": 236, "0x2": 324, "0x3": 719, "0x4": 221, "0x5": 711, "0x6": 784, "0x7": 152}, "snapshots": null, "memory": null, "statevector": null, "unitary": null}}, {"shots": 4096, "success": true, "status": null, "seed": null, "meas_level": 2, "meas_return": null, "header": {"qubit_labels": [["q", 0], ["q", 1], ["q", 2], ["q", 3], ["q", 4]], "n_qubits": 5, "qreg_sizes": [["q", 5]], "clbit_labels": [["c", 0], ["c", 1], ["c", 2]], "memory_slots": 3, "creg_sizes": [["c", 3]], "name": "circuit-2829297", "global_phase": 0.0, "metadata": {}}, "data": {"counts": {"0x0": 3430, "0x1": 214, "0x2": 213, "0x3": 13, "0x4": 170, "0x5": 50, "0x6": 6}, "snapshots": null, "memory": null, "statevector": null, "unitary": null}}, {"shots": 4096, "success": true, "status": null, "seed": null, "meas_level": 2, "meas_return": null, "header": {"qubit_labels": [["q", 0], ["q", 1], ["q", 2], ["q", 3], ["q", 4]], "n_qubits": 5, "qreg_sizes": [["q", 5]], "clbit_labels": [["c", 0], ["c", 1], ["c", 2]], "memory_slots": 3, "creg_sizes": [["c", 3]], "name": "circuit-2829641", "global_phase": 0.0, "metadata": {}}, "data": {"counts": {"0x0": 791, "0x1": 334, "0x2": 344, "0x3": 613, "0x4": 345, "0x5": 671, "0x6": 710, "0x7": 288}, "snapshots": null, "memory": null, "statevector": null, "unitary": null}}, {"shots": 4096, "success": true, "status": null, "seed": null, "meas_level": 2, "meas_return": null, "header": {"qubit_labels": [["q", 0], ["q", 1], ["q", 2], ["q", 3], ["q", 4]], "n_qubits": 5, "qreg_sizes": [["q", 5]], "clbit_labels": [["c", 0], ["c", 1], ["c", 2]], "memory_slots": 3, "creg_sizes": [["c", 3]], "name": "circuit-2829642", "global_phase": 0.0, "metadata": {}}, "data": {"counts": {"0x0": 3180, "0x1": 227, "0x2": 295, "0x3": 24, "0x4": 205, "0x5": 141, "0x6": 11, "0x7": 13}, "snapshots": null, "memory": null, "statevector": null, "unitary": null}}, {"shots": 4096, "success": true, "status": null, "seed": null, "meas_level": 2, "meas_return": null, "header": {"qubit_labels": [["q", 0], ["q", 1], ["q", 2], ["q", 3], ["q", 4]], "n_qubits": 5, "qreg_sizes": [["q", 5]], "clbit_labels": [["c", 0], ["c", 1], ["c", 2]], "memory_slots": 3, "creg_sizes": [["c", 3]], "name": "circuit-2830119", "global_phase": 0.0, "metadata": {}}, "data": {"counts": {"0x0": 714, "0x1": 424, "0x2": 516, "0x3": 586, "0x4": 440, "0x5": 456, "0x6": 570, "0x7": 390}, "snapshots": null, "memory": null, "statevector": null, "unitary": null}}, {"shots": 4096, "success": true, "status": null, "seed": null, "meas_level": 2, "meas_return": null, "header": {"qubit_labels": [["q", 0], ["q", 1], ["q", 2], ["q", 3], ["q", 4]], "n_qubits": 5, "qreg_sizes": [["q", 5]], "clbit_labels": [["c", 0], ["c", 1], ["c", 2]], "memory_slots": 3, "creg_sizes": [["c", 3]], "name": "circuit-2830120", "global_phase": 0.0, "metadata": {}}, "data": {"counts": {"0x0": 2798, "0x1": 446, "0x2": 368, "0x3": 57, "0x4": 242, "0x5": 131, "0x6": 38, "0x7": 16}, "snapshots": null, "memory": null, "statevector": null, "unitary": null}}, {"shots": 4096, "success": true, "status": null, "seed": null, "meas_level": 2, "meas_return": null, "header": {"qubit_labels": [["q", 0], ["q", 1], ["q", 2], ["q", 3], ["q", 4]], "n_qubits": 5, "qreg_sizes": [["q", 5]], "clbit_labels": [["c", 0], ["c", 1], ["c", 2]], "memory_slots": 3, "creg_sizes": [["c", 3]], "name": "circuit-2830745", "global_phase": 0.0, "metadata": {}}, "data": {"counts": {"0x0": 530, "0x1": 465, "0x2": 605, "0x3": 416, "0x4": 624, "0x5": 434, "0x6": 499, "0x7": 523}, "snapshots": null, "memory": null, "statevector": null, "unitary": null}}, {"shots": 4096, "success": true, "status": null, "seed": null, "meas_level": 2, "meas_return": null, "header": {"qubit_labels": [["q", 0], ["q", 1], ["q", 2], ["q", 3], ["q", 4]], "n_qubits": 5, "qreg_sizes": [["q", 5]], "clbit_labels": [["c", 0], ["c", 1], ["c", 2]], "memory_slots": 3, "creg_sizes": [["c", 3]], "name": "circuit-2830746", "global_phase": 0.0, "metadata": {}}, "data": {"counts": {"0x0": 2637, "0x1": 478, "0x2": 425, "0x3": 86, "0x4": 261, "0x5": 144, "0x6": 37, "0x7": 28}, "snapshots": null, "memory": null, "statevector": null, "unitary": null}}, {"shots": 4096, "success": true, "status": null, "seed": null, "meas_level": 2, "meas_return": null, "header": {"qubit_labels": [["q", 0], ["q", 1], ["q", 2], ["q", 3], ["q", 4]], "n_qubits": 5, "qreg_sizes": [["q", 5]], "clbit_labels": [["c", 0], ["c", 1], ["c", 2]], "memory_slots": 3, "creg_sizes": [["c", 3]], "name": "circuit-2831532", "global_phase": 0.0, "metadata": {}}, "data": {"counts": {"0x0": 422, "0x1": 546, "0x2": 617, "0x3": 385, "0x4": 666, "0x5": 333, "0x6": 466, "0x7": 661}, "snapshots": null, "memory": null, "statevector": null, "unitary": null}}, {"shots": 4096, "success": true, "status": null, "seed": null, "meas_level": 2, "meas_return": null, "header": {"qubit_labels": [["q", 0], ["q", 1], ["q", 2], ["q", 3], ["q", 4]], "n_qubits": 5, "qreg_sizes": [["q", 5]], "clbit_labels": [["c", 0], ["c", 1], ["c", 2]], "memory_slots": 3, "creg_sizes": [["c", 3]], "name": "circuit-2831533", "global_phase": 0.0, "metadata": {}}, "data": {"counts": {"0x0": 2477, "0x1": 515, "0x2": 423, "0x3": 106, "0x4": 258, "0x5": 211, "0x6": 54, "0x7": 52}, "snapshots": null, "memory": null, "statevector": null, "unitary": null}}, {"shots": 4096, "success": true, "status": null, "seed": null, "meas_level": 2, "meas_return": null, "header": {"qubit_labels": [["q", 0], ["q", 1], ["q", 2], ["q", 3], ["q", 4]], "n_qubits": 5, "qreg_sizes": [["q", 5]], "clbit_labels": [["c", 0], ["c", 1], ["c", 2]], "memory_slots": 3, "creg_sizes": [["c", 3]], "name": "circuit-2832435", "global_phase": 0.0, "metadata": {}}, "data": {"counts": {"0x0": 510, "0x1": 542, "0x2": 655, "0x3": 492, "0x4": 591, "0x5": 343, "0x6": 468, "0x7": 495}, "snapshots": null, "memory": null, "statevector": null, "unitary": null}}, {"shots": 4096, "success": true, "status": null, "seed": null, "meas_level": 2, "meas_return": null, "header": {"qubit_labels": [["q", 0], ["q", 1], ["q", 2], ["q", 3], ["q", 4]], "n_qubits": 5, "qreg_sizes": [["q", 5]], "clbit_labels": [["c", 0], ["c", 1], ["c", 2]], "memory_slots": 3, "creg_sizes": [["c", 3]], "name": "circuit-2832436", "global_phase": 0.0, "metadata": {}}, "data": {"counts": {"0x0": 2311, "0x1": 561, "0x2": 484, "0x3": 119, "0x4": 303, "0x5": 214, "0x6": 62, "0x7": 42}, "snapshots": null, "memory": null, "statevector": null, "unitary": null}}, {"shots": 4096, "success": true, "status": null, "seed": null, "meas_level": 2, "meas_return": null, "header": {"qubit_labels": [["q", 0], ["q", 1], ["q", 2], ["q", 3], ["q", 4]], "n_qubits": 5, "qreg_sizes": [["q", 5]], "clbit_labels": [["c", 0], ["c", 1], ["c", 2]], "memory_slots": 3, "creg_sizes": [["c", 3]], "name": "circuit-2833528", "global_phase": 0.0, "metadata": {}}, "data": {"counts": {"0x0": 421, "0x1": 581, "0x2": 595, "0x3": 429, "0x4": 596, "0x5": 321, "0x6": 513, "0x7": 640}, "snapshots": null, "memory": null, "statevector": null, "unitary": null}}, {"shots": 4096, "success": true, "status": null, "seed": null, "meas_level": 2, "meas_return": null, "header": {"qubit_labels": [["q", 0], ["q", 1], ["q", 2], ["q", 3], ["q", 4]], "n_qubits": 5, "qreg_sizes": [["q", 5]], "clbit_labels": [["c", 0], ["c", 1], ["c", 2]], "memory_slots": 3, "creg_sizes": [["c", 3]], "name": "circuit-2833529", "global_phase": 0.0, "metadata": {}}, "data": {"counts": {"0x0": 2089, "0x1": 619, "0x2": 525, "0x3": 141, "0x4": 337, "0x5": 253, "0x6": 73, "0x7": 59}, "snapshots": null, "memory": null, "statevector": null, "unitary": null}}, {"shots": 4096, "success": true, "status": null, "seed": null, "meas_level": 2, "meas_return": null, "header": {"qubit_labels": [["q", 0], ["q", 1], ["q", 2], ["q", 3], ["q", 4]], "n_qubits": 5, "qreg_sizes": [["q", 5]], "clbit_labels": [["c", 0], ["c", 1], ["c", 2]], "memory_slots": 3, "creg_sizes": [["c", 3]], "name": "circuit-2834725", "global_phase": 0.0, "metadata": {}}, "data": {"counts": {"0x0": 432, "0x1": 550, "0x2": 682, "0x3": 456, "0x4": 608, "0x5": 337, "0x6": 475, "0x7": 556}, "snapshots": null, "memory": null, "statevector": null, "unitary": null}}, {"shots": 4096, "success": true, "status": null, "seed": null, "meas_level": 2, "meas_return": null, "header": {"qubit_labels": [["q", 0], ["q", 1], ["q", 2], ["q", 3], ["q", 4]], "n_qubits": 5, "qreg_sizes": [["q", 5]], "clbit_labels": [["c", 0], ["c", 1], ["c", 2]], "memory_slots": 3, "creg_sizes": [["c", 3]], "name": "circuit-2834726", "global_phase": 0.0, "metadata": {}}, "data": {"counts": {"0x0": 1882, "0x1": 644, "0x2": 532, "0x3": 167, "0x4": 375, "0x5": 288, "0x6": 116, "0x7": 92}, "snapshots": null, "memory": null, "statevector": null, "unitary": null}}, {"shots": 4096, "success": true, "status": null, "seed": null, "meas_level": 2, "meas_return": null, "header": {"qubit_labels": [["q", 0], ["q", 1], ["q", 2], ["q", 3], ["q", 4]], "n_qubits": 5, "qreg_sizes": [["q", 5]], "clbit_labels": [["c", 0], ["c", 1], ["c", 2]], "memory_slots": 3, "creg_sizes": [["c", 3]], "name": "circuit-2836046", "global_phase": 0.0, "metadata": {}}, "data": {"counts": {"0x0": 485, "0x1": 448, "0x2": 610, "0x3": 477, "0x4": 628, "0x5": 355, "0x6": 555, "0x7": 538}, "snapshots": null, "memory": null, "statevector": null, "unitary": null}}, {"shots": 4096, "success": true, "status": null, "seed": null, "meas_level": 2, "meas_return": null, "header": {"qubit_labels": [["q", 0], ["q", 1], ["q", 2], ["q", 3], ["q", 4]], "n_qubits": 5, "qreg_sizes": [["q", 5]], "clbit_labels": [["c", 0], ["c", 1], ["c", 2]], "memory_slots": 3, "creg_sizes": [["c", 3]], "name": "circuit-2836047", "global_phase": 0.0, "metadata": {}}, "data": {"counts": {"0x0": 1783, "0x1": 708, "0x2": 586, "0x3": 229, "0x4": 358, "0x5": 258, "0x6": 111, "0x7": 63}, "snapshots": null, "memory": null, "statevector": null, "unitary": null}}, {"shots": 4096, "success": true, "status": null, "seed": null, "meas_level": 2, "meas_return": null, "header": {"qubit_labels": [["q", 0], ["q", 1], ["q", 2], ["q", 3], ["q", 4]], "n_qubits": 5, "qreg_sizes": [["q", 5]], "clbit_labels": [["c", 0], ["c", 1], ["c", 2]], "memory_slots": 3, "creg_sizes": [["c", 3]], "name": "circuit-2837521", "global_phase": 0.0, "metadata": {}}, "data": {"counts": {"0x0": 586, "0x1": 472, "0x2": 608, "0x3": 512, "0x4": 500, "0x5": 359, "0x6": 557, "0x7": 502}, "snapshots": null, "memory": null, "statevector": null, "unitary": null}}, {"shots": 4096, "success": true, "status": null, "seed": null, "meas_level": 2, "meas_return": null, "header": {"qubit_labels": [["q", 0], ["q", 1], ["q", 2], ["q", 3], ["q", 4]], "n_qubits": 5, "qreg_sizes": [["q", 5]], "clbit_labels": [["c", 0], ["c", 1], ["c", 2]], "memory_slots": 3, "creg_sizes": [["c", 3]], "name": "circuit-2837522", "global_phase": 0.0, "metadata": {}}, "data": {"counts": {"0x0": 1696, "0x1": 646, "0x2": 619, "0x3": 221, "0x4": 412, "0x5": 260, "0x6": 135, "0x7": 107}, "snapshots": null, "memory": null, "statevector": null, "unitary": null}}, {"shots": 4096, "success": true, "status": null, "seed": null, "meas_level": 2, "meas_return": null, "header": {"qubit_labels": [["q", 0], ["q", 1], ["q", 2], ["q", 3], ["q", 4]], "n_qubits": 5, "qreg_sizes": [["q", 5]], "clbit_labels": [["c", 0], ["c", 1], ["c", 2]], "memory_slots": 3, "creg_sizes": [["c", 3]], "name": "circuit-2839179", "global_phase": 0.0, "metadata": {}}, "data": {"counts": {"0x0": 502, "0x1": 470, "0x2": 608, "0x3": 572, "0x4": 457, "0x5": 380, "0x6": 589, "0x7": 518}, "snapshots": null, "memory": null, "statevector": null, "unitary": null}}, {"shots": 4096, "success": true, "status": null, "seed": null, "meas_level": 2, "meas_return": null, "header": {"qubit_labels": [["q", 0], ["q", 1], ["q", 2], ["q", 3], ["q", 4]], "n_qubits": 5, "qreg_sizes": [["q", 5]], "clbit_labels": [["c", 0], ["c", 1], ["c", 2]], "memory_slots": 3, "creg_sizes": [["c", 3]], "name": "circuit-2839180", "global_phase": 0.0, "metadata": {}}, "data": {"counts": {"0x0": 1628, "0x1": 675, "0x2": 590, "0x3": 224, "0x4": 431, "0x5": 299, "0x6": 142, "0x7": 107}, "snapshots": null, "memory": null, "statevector": null, "unitary": null}}, {"shots": 4096, "success": true, "status": null, "seed": null, "meas_level": 2, "meas_return": null, "header": {"qubit_labels": [["q", 0], ["q", 1], ["q", 2], ["q", 3], ["q", 4]], "n_qubits": 5, "qreg_sizes": [["q", 5]], "clbit_labels": [["c", 0], ["c", 1], ["c", 2]], "memory_slots": 3, "creg_sizes": [["c", 3]], "name": "circuit-2840928", "global_phase": 0.0, "metadata": {}}, "data": {"counts": {"0x0": 588, "0x1": 366, "0x2": 634, "0x3": 556, "0x4": 440, "0x5": 396, "0x6": 621, "0x7": 495}, "snapshots": null, "memory": null, "statevector": null, "unitary": null}}, {"shots": 4096, "success": true, "status": null, "seed": null, "meas_level": 2, "meas_return": null, "header": {"qubit_labels": [["q", 0], ["q", 1], ["q", 2], ["q", 3], ["q", 4]], "n_qubits": 5, "qreg_sizes": [["q", 5]], "clbit_labels": [["c", 0], ["c", 1], ["c", 2]], "memory_slots": 3, "creg_sizes": [["c", 3]], "name": "circuit-2840929", "global_phase": 0.0, "metadata": {}}, "data": {"counts": {"0x0": 1407, "0x1": 752, "0x2": 589, "0x3": 297, "0x4": 409, "0x5": 318, "0x6": 166, "0x7": 158}, "snapshots": null, "memory": null, "statevector": null, "unitary": null}}, {"shots": 4096, "success": true, "status": null, "seed": null, "meas_level": 2, "meas_return": null, "header": {"qubit_labels": [["q", 0], ["q", 1], ["q", 2], ["q", 3], ["q", 4]], "n_qubits": 5, "qreg_sizes": [["q", 5]], "clbit_labels": [["c", 0], ["c", 1], ["c", 2]], "memory_slots": 3, "creg_sizes": [["c", 3]], "name": "circuit-2842841", "global_phase": 0.0, "metadata": {}}, "data": {"counts": {"0x0": 501, "0x1": 399, "0x2": 586, "0x3": 608, "0x4": 431, "0x5": 480, "0x6": 621, "0x7": 470}, "snapshots": null, "memory": null, "statevector": null, "unitary": null}}, {"shots": 4096, "success": true, "status": null, "seed": null, "meas_level": 2, "meas_return": null, "header": {"qubit_labels": [["q", 0], ["q", 1], ["q", 2], ["q", 3], ["q", 4]], "n_qubits": 5, "qreg_sizes": [["q", 5]], "clbit_labels": [["c", 0], ["c", 1], ["c", 2]], "memory_slots": 3, "creg_sizes": [["c", 3]], "name": "circuit-2842842", "global_phase": 0.0, "metadata": {}}, "data": {"counts": {"0x0": 1372, "0x1": 694, "0x2": 605, "0x3": 307, "0x4": 488, "0x5": 317, "0x6": 175, "0x7": 138}, "snapshots": null, "memory": null, "statevector": null, "unitary": null}}, {"shots": 4096, "success": true, "status": null, "seed": null, "meas_level": 2, "meas_return": null, "header": {"qubit_labels": [["q", 0], ["q", 1], ["q", 2], ["q", 3], ["q", 4]], "n_qubits": 5, "qreg_sizes": [["q", 5]], "clbit_labels": [["c", 0], ["c", 1], ["c", 2]], "memory_slots": 3, "creg_sizes": [["c", 3]], "name": "circuit-2844905", "global_phase": 0.0, "metadata": {}}, "data": {"counts": {"0x0": 477, "0x1": 412, "0x2": 598, "0x3": 555, "0x4": 453, "0x5": 463, "0x6": 620, "0x7": 518}, "snapshots": null, "memory": null, "statevector": null, "unitary": null}}, {"shots": 4096, "success": true, "status": null, "seed": null, "meas_level": 2, "meas_return": null, "header": {"qubit_labels": [["q", 0], ["q", 1], ["q", 2], ["q", 3], ["q", 4]], "n_qubits": 5, "qreg_sizes": [["q", 5]], "clbit_labels": [["c", 0], ["c", 1], ["c", 2]], "memory_slots": 3, "creg_sizes": [["c", 3]], "name": "circuit-2844906", "global_phase": 0.0, "metadata": {}}, "data": {"counts": {"0x0": 1312, "0x1": 676, "0x2": 625, "0x3": 319, "0x4": 441, "0x5": 344, "0x6": 217, "0x7": 162}, "snapshots": null, "memory": null, "statevector": null, "unitary": null}}, {"shots": 4096, "success": true, "status": null, "seed": null, "meas_level": 2, "meas_return": null, "header": {"qubit_labels": [["q", 0], ["q", 1], ["q", 2], ["q", 3], ["q", 4]], "n_qubits": 5, "qreg_sizes": [["q", 5]], "clbit_labels": [["c", 0], ["c", 1], ["c", 2]], "memory_slots": 3, "creg_sizes": [["c", 3]], "name": "circuit-2847124", "global_phase": 0.0, "metadata": {}}, "data": {"counts": {"0x0": 575, "0x1": 386, "0x2": 628, "0x3": 593, "0x4": 423, "0x5": 381, "0x6": 623, "0x7": 487}, "snapshots": null, "memory": null, "statevector": null, "unitary": null}}, {"shots": 4096, "success": true, "status": null, "seed": null, "meas_level": 2, "meas_return": null, "header": {"qubit_labels": [["q", 0], ["q", 1], ["q", 2], ["q", 3], ["q", 4]], "n_qubits": 5, "qreg_sizes": [["q", 5]], "clbit_labels": [["c", 0], ["c", 1], ["c", 2]], "memory_slots": 3, "creg_sizes": [["c", 3]], "name": "circuit-2847125", "global_phase": 0.0, "metadata": {}}, "data": {"counts": {"0x0": 1284, "0x1": 695, "0x2": 639, "0x3": 385, "0x4": 387, "0x5": 328, "0x6": 202, "0x7": 176}, "snapshots": null, "memory": null, "statevector": null, "unitary": null}}, {"shots": 4096, "success": true, "status": null, "seed": null, "meas_level": 2, "meas_return": null, "header": {"qubit_labels": [["q", 0], ["q", 1], ["q", 2], ["q", 3], ["q", 4]], "n_qubits": 5, "qreg_sizes": [["q", 5]], "clbit_labels": [["c", 0], ["c", 1], ["c", 2]], "memory_slots": 3, "creg_sizes": [["c", 3]], "name": "circuit-2849454", "global_phase": 0.0, "metadata": {}}, "data": {"counts": {"0x0": 520, "0x1": 444, "0x2": 586, "0x3": 552, "0x4": 427, "0x5": 391, "0x6": 636, "0x7": 540}, "snapshots": null, "memory": null, "statevector": null, "unitary": null}}, {"shots": 4096, "success": true, "status": null, "seed": null, "meas_level": 2, "meas_return": null, "header": {"qubit_labels": [["q", 0], ["q", 1], ["q", 2], ["q", 3], ["q", 4]], "n_qubits": 5, "qreg_sizes": [["q", 5]], "clbit_labels": [["c", 0], ["c", 1], ["c", 2]], "memory_slots": 3, "creg_sizes": [["c", 3]], "name": "circuit-2849455", "global_phase": 0.0, "metadata": {}}, "data": {"counts": {"0x0": 1232, "0x1": 674, "0x2": 631, "0x3": 314, "0x4": 434, "0x5": 384, "0x6": 246, "0x7": 181}, "snapshots": null, "memory": null, "statevector": null, "unitary": null}}, {"shots": 4096, "success": true, "status": null, "seed": null, "meas_level": 2, "meas_return": null, "header": {"qubit_labels": [["q", 0], ["q", 1], ["q", 2], ["q", 3], ["q", 4]], "n_qubits": 5, "qreg_sizes": [["q", 5]], "clbit_labels": [["c", 0], ["c", 1], ["c", 2]], "memory_slots": 3, "creg_sizes": [["c", 3]], "name": "circuit-2851914", "global_phase": 0.0, "metadata": {}}, "data": {"counts": {"0x0": 503, "0x1": 458, "0x2": 637, "0x3": 610, "0x4": 392, "0x5": 352, "0x6": 640, "0x7": 504}, "snapshots": null, "memory": null, "statevector": null, "unitary": null}}, {"shots": 4096, "success": true, "status": null, "seed": null, "meas_level": 2, "meas_return": null, "header": {"qubit_labels": [["q", 0], ["q", 1], ["q", 2], ["q", 3], ["q", 4]], "n_qubits": 5, "qreg_sizes": [["q", 5]], "clbit_labels": [["c", 0], ["c", 1], ["c", 2]], "memory_slots": 3, "creg_sizes": [["c", 3]], "name": "circuit-2851915", "global_phase": 0.0, "metadata": {}}, "data": {"counts": {"0x0": 1114, "0x1": 735, "0x2": 608, "0x3": 358, "0x4": 436, "0x5": 394, "0x6": 241, "0x7": 210}, "snapshots": null, "memory": null, "statevector": null, "unitary": null}}, {"shots": 4096, "success": true, "status": null, "seed": null, "meas_level": 2, "meas_return": null, "header": {"qubit_labels": [["q", 0], ["q", 1], ["q", 2], ["q", 3], ["q", 4]], "n_qubits": 5, "qreg_sizes": [["q", 5]], "clbit_labels": [["c", 0], ["c", 1], ["c", 2]], "memory_slots": 3, "creg_sizes": [["c", 3]], "name": "circuit-2854561", "global_phase": 0.0, "metadata": {}}, "data": {"counts": {"0x0": 463, "0x1": 463, "0x2": 664, "0x3": 572, "0x4": 427, "0x5": 334, "0x6": 610, "0x7": 563}, "snapshots": null, "memory": null, "statevector": null, "unitary": null}}, {"shots": 4096, "success": true, "status": null, "seed": null, "meas_level": 2, "meas_return": null, "header": {"qubit_labels": [["q", 0], ["q", 1], ["q", 2], ["q", 3], ["q", 4]], "n_qubits": 5, "qreg_sizes": [["q", 5]], "clbit_labels": [["c", 0], ["c", 1], ["c", 2]], "memory_slots": 3, "creg_sizes": [["c", 3]], "name": "circuit-2854562", "global_phase": 0.0, "metadata": {}}, "data": {"counts": {"0x0": 951, "0x1": 803, "0x2": 655, "0x3": 369, "0x4": 451, "0x5": 364, "0x6": 270, "0x7": 233}, "snapshots": null, "memory": null, "statevector": null, "unitary": null}}, {"shots": 4096, "success": true, "status": null, "seed": null, "meas_level": 2, "meas_return": null, "header": {"qubit_labels": [["q", 0], ["q", 1], ["q", 2], ["q", 3], ["q", 4]], "n_qubits": 5, "qreg_sizes": [["q", 5]], "clbit_labels": [["c", 0], ["c", 1], ["c", 2]], "memory_slots": 3, "creg_sizes": [["c", 3]], "name": "circuit-2857314", "global_phase": 0.0, "metadata": {}}, "data": {"counts": {"0x0": 444, "0x1": 411, "0x2": 670, "0x3": 604, "0x4": 447, "0x5": 386, "0x6": 646, "0x7": 488}, "snapshots": null, "memory": null, "statevector": null, "unitary": null}}, {"shots": 4096, "success": true, "status": null, "seed": null, "meas_level": 2, "meas_return": null, "header": {"qubit_labels": [["q", 0], ["q", 1], ["q", 2], ["q", 3], ["q", 4]], "n_qubits": 5, "qreg_sizes": [["q", 5]], "clbit_labels": [["c", 0], ["c", 1], ["c", 2]], "memory_slots": 3, "creg_sizes": [["c", 3]], "name": "circuit-2857315", "global_phase": 0.0, "metadata": {}}, "data": {"counts": {"0x0": 1016, "0x1": 643, "0x2": 601, "0x3": 388, "0x4": 508, "0x5": 415, "0x6": 309, "0x7": 216}, "snapshots": null, "memory": null, "statevector": null, "unitary": null}}, {"shots": 4096, "success": true, "status": null, "seed": null, "meas_level": 2, "meas_return": null, "header": {"qubit_labels": [["q", 0], ["q", 1], ["q", 2], ["q", 3], ["q", 4]], "n_qubits": 5, "qreg_sizes": [["q", 5]], "clbit_labels": [["c", 0], ["c", 1], ["c", 2]], "memory_slots": 3, "creg_sizes": [["c", 3]], "name": "circuit-2860198", "global_phase": 0.0, "metadata": {}}, "data": {"counts": {"0x0": 517, "0x1": 457, "0x2": 680, "0x3": 526, "0x4": 428, "0x5": 399, "0x6": 577, "0x7": 512}, "snapshots": null, "memory": null, "statevector": null, "unitary": null}}, {"shots": 4096, "success": true, "status": null, "seed": null, "meas_level": 2, "meas_return": null, "header": {"qubit_labels": [["q", 0], ["q", 1], ["q", 2], ["q", 3], ["q", 4]], "n_qubits": 5, "qreg_sizes": [["q", 5]], "clbit_labels": [["c", 0], ["c", 1], ["c", 2]], "memory_slots": 3, "creg_sizes": [["c", 3]], "name": "circuit-2860199", "global_phase": 0.0, "metadata": {}}, "data": {"counts": {"0x0": 975, "0x1": 635, "0x2": 684, "0x3": 436, "0x4": 415, "0x5": 392, "0x6": 293, "0x7": 266}, "snapshots": null, "memory": null, "statevector": null, "unitary": null}}, {"shots": 4096, "success": true, "status": null, "seed": null, "meas_level": 2, "meas_return": null, "header": {"qubit_labels": [["q", 0], ["q", 1], ["q", 2], ["q", 3], ["q", 4]], "n_qubits": 5, "qreg_sizes": [["q", 5]], "clbit_labels": [["c", 0], ["c", 1], ["c", 2]], "memory_slots": 3, "creg_sizes": [["c", 3]], "name": "circuit-2863338", "global_phase": 0.0, "metadata": {}}, "data": {"counts": {"0x0": 881, "0x1": 194, "0x2": 300, "0x3": 707, "0x4": 259, "0x5": 679, "0x6": 878, "0x7": 198}, "snapshots": null, "memory": null, "statevector": null, "unitary": null}}, {"shots": 4096, "success": true, "status": null, "seed": null, "meas_level": 2, "meas_return": null, "header": {"qubit_labels": [["q", 0], ["q", 1], ["q", 2], ["q", 3], ["q", 4]], "n_qubits": 5, "qreg_sizes": [["q", 5]], "clbit_labels": [["c", 0], ["c", 1], ["c", 2]], "memory_slots": 3, "creg_sizes": [["c", 3]], "name": "circuit-2863339", "global_phase": 0.0, "metadata": {}}, "data": {"counts": {"0x0": 3408, "0x1": 258, "0x2": 197, "0x3": 16, "0x4": 144, "0x5": 58, "0x6": 13, "0x7": 2}, "snapshots": null, "memory": null, "statevector": null, "unitary": null}}, {"shots": 4096, "success": true, "status": null, "seed": null, "meas_level": 2, "meas_return": null, "header": {"qubit_labels": [["q", 0], ["q", 1], ["q", 2], ["q", 3], ["q", 4]], "n_qubits": 5, "qreg_sizes": [["q", 5]], "clbit_labels": [["c", 0], ["c", 1], ["c", 2]], "memory_slots": 3, "creg_sizes": [["c", 3]], "name": "circuit-2863698", "global_phase": 0.0, "metadata": {}}, "data": {"counts": {"0x0": 703, "0x1": 356, "0x2": 419, "0x3": 665, "0x4": 355, "0x5": 636, "0x6": 675, "0x7": 287}, "snapshots": null, "memory": null, "statevector": null, "unitary": null}}, {"shots": 4096, "success": true, "status": null, "seed": null, "meas_level": 2, "meas_return": null, "header": {"qubit_labels": [["q", 0], ["q", 1], ["q", 2], ["q", 3], ["q", 4]], "n_qubits": 5, "qreg_sizes": [["q", 5]], "clbit_labels": [["c", 0], ["c", 1], ["c", 2]], "memory_slots": 3, "creg_sizes": [["c", 3]], "name": "circuit-2863699", "global_phase": 0.0, "metadata": {}}, "data": {"counts": {"0x0": 3114, "0x1": 318, "0x2": 244, "0x3": 30, "0x4": 198, "0x5": 163, "0x6": 13, "0x7": 16}, "snapshots": null, "memory": null, "statevector": null, "unitary": null}}, {"shots": 4096, "success": true, "status": null, "seed": null, "meas_level": 2, "meas_return": null, "header": {"qubit_labels": [["q", 0], ["q", 1], ["q", 2], ["q", 3], ["q", 4]], "n_qubits": 5, "qreg_sizes": [["q", 5]], "clbit_labels": [["c", 0], ["c", 1], ["c", 2]], "memory_slots": 3, "creg_sizes": [["c", 3]], "name": "circuit-2864185", "global_phase": 0.0, "metadata": {}}, "data": {"counts": {"0x0": 745, "0x1": 433, "0x2": 467, "0x3": 553, "0x4": 443, "0x5": 475, "0x6": 609, "0x7": 371}, "snapshots": null, "memory": null, "statevector": null, "unitary": null}}, {"shots": 4096, "success": true, "status": null, "seed": null, "meas_level": 2, "meas_return": null, "header": {"qubit_labels": [["q", 0], ["q", 1], ["q", 2], ["q", 3], ["q", 4]], "n_qubits": 5, "qreg_sizes": [["q", 5]], "clbit_labels": [["c", 0], ["c", 1], ["c", 2]], "memory_slots": 3, "creg_sizes": [["c", 3]], "name": "circuit-2864186", "global_phase": 0.0, "metadata": {}}, "data": {"counts": {"0x0": 2874, "0x1": 438, "0x2": 329, "0x3": 47, "0x4": 243, "0x5": 115, "0x6": 34, "0x7": 16}, "snapshots": null, "memory": null, "statevector": null, "unitary": null}}, {"shots": 4096, "success": true, "status": null, "seed": null, "meas_level": 2, "meas_return": null, "header": {"qubit_labels": [["q", 0], ["q", 1], ["q", 2], ["q", 3], ["q", 4]], "n_qubits": 5, "qreg_sizes": [["q", 5]], "clbit_labels": [["c", 0], ["c", 1], ["c", 2]], "memory_slots": 3, "creg_sizes": [["c", 3]], "name": "circuit-2864824", "global_phase": 0.0, "metadata": {}}, "data": {"counts": {"0x0": 641, "0x1": 443, "0x2": 510, "0x3": 453, "0x4": 601, "0x5": 414, "0x6": 518, "0x7": 516}, "snapshots": null, "memory": null, "statevector": null, "unitary": null}}, {"shots": 4096, "success": true, "status": null, "seed": null, "meas_level": 2, "meas_return": null, "header": {"qubit_labels": [["q", 0], ["q", 1], ["q", 2], ["q", 3], ["q", 4]], "n_qubits": 5, "qreg_sizes": [["q", 5]], "clbit_labels": [["c", 0], ["c", 1], ["c", 2]], "memory_slots": 3, "creg_sizes": [["c", 3]], "name": "circuit-2864825", "global_phase": 0.0, "metadata": {}}, "data": {"counts": {"0x0": 2637, "0x1": 436, "0x2": 432, "0x3": 74, "0x4": 276, "0x5": 165, "0x6": 45, "0x7": 31}, "snapshots": null, "memory": null, "statevector": null, "unitary": null}}, {"shots": 4096, "success": true, "status": null, "seed": null, "meas_level": 2, "meas_return": null, "header": {"qubit_labels": [["q", 0], ["q", 1], ["q", 2], ["q", 3], ["q", 4]], "n_qubits": 5, "qreg_sizes": [["q", 5]], "clbit_labels": [["c", 0], ["c", 1], ["c", 2]], "memory_slots": 3, "creg_sizes": [["c", 3]], "name": "circuit-2865577", "global_phase": 0.0, "metadata": {}}, "data": {"counts": {"0x0": 440, "0x1": 664, "0x2": 646, "0x3": 351, "0x4": 618, "0x5": 355, "0x6": 452, "0x7": 570}, "snapshots": null, "memory": null, "statevector": null, "unitary": null}}, {"shots": 4096, "success": true, "status": null, "seed": null, "meas_level": 2, "meas_return": null, "header": {"qubit_labels": [["q", 0], ["q", 1], ["q", 2], ["q", 3], ["q", 4]], "n_qubits": 5, "qreg_sizes": [["q", 5]], "clbit_labels": [["c", 0], ["c", 1], ["c", 2]], "memory_slots": 3, "creg_sizes": [["c", 3]], "name": "circuit-2865578", "global_phase": 0.0, "metadata": {}}, "data": {"counts": {"0x0": 2523, "0x1": 468, "0x2": 433, "0x3": 92, "0x4": 332, "0x5": 157, "0x6": 61, "0x7": 30}, "snapshots": null, "memory": null, "statevector": null, "unitary": null}}, {"shots": 4096, "success": true, "status": null, "seed": null, "meas_level": 2, "meas_return": null, "header": {"qubit_labels": [["q", 0], ["q", 1], ["q", 2], ["q", 3], ["q", 4]], "n_qubits": 5, "qreg_sizes": [["q", 5]], "clbit_labels": [["c", 0], ["c", 1], ["c", 2]], "memory_slots": 3, "creg_sizes": [["c", 3]], "name": "circuit-2866488", "global_phase": 0.0, "metadata": {}}, "data": {"counts": {"0x0": 400, "0x1": 556, "0x2": 770, "0x3": 364, "0x4": 649, "0x5": 288, "0x6": 549, "0x7": 520}, "snapshots": null, "memory": null, "statevector": null, "unitary": null}}, {"shots": 4096, "success": true, "status": null, "seed": null, "meas_level": 2, "meas_return": null, "header": {"qubit_labels": [["q", 0], ["q", 1], ["q", 2], ["q", 3], ["q", 4]], "n_qubits": 5, "qreg_sizes": [["q", 5]], "clbit_labels": [["c", 0], ["c", 1], ["c", 2]], "memory_slots": 3, "creg_sizes": [["c", 3]], "name": "circuit-2866489", "global_phase": 0.0, "metadata": {}}, "data": {"counts": {"0x0": 2287, "0x1": 513, "0x2": 493, "0x3": 120, "0x4": 295, "0x5": 231, "0x6": 87, "0x7": 70}, "snapshots": null, "memory": null, "statevector": null, "unitary": null}}, {"shots": 4096, "success": true, "status": null, "seed": null, "meas_level": 2, "meas_return": null, "header": {"qubit_labels": [["q", 0], ["q", 1], ["q", 2], ["q", 3], ["q", 4]], "n_qubits": 5, "qreg_sizes": [["q", 5]], "clbit_labels": [["c", 0], ["c", 1], ["c", 2]], "memory_slots": 3, "creg_sizes": [["c", 3]], "name": "circuit-2867560", "global_phase": 0.0, "metadata": {}}, "data": {"counts": {"0x0": 440, "0x1": 578, "0x2": 765, "0x3": 444, "0x4": 614, "0x5": 296, "0x6": 427, "0x7": 532}, "snapshots": null, "memory": null, "statevector": null, "unitary": null}}, {"shots": 4096, "success": true, "status": null, "seed": null, "meas_level": 2, "meas_return": null, "header": {"qubit_labels": [["q", 0], ["q", 1], ["q", 2], ["q", 3], ["q", 4]], "n_qubits": 5, "qreg_sizes": [["q", 5]], "clbit_labels": [["c", 0], ["c", 1], ["c", 2]], "memory_slots": 3, "creg_sizes": [["c", 3]], "name": "circuit-2867561", "global_phase": 0.0, "metadata": {}}, "data": {"counts": {"0x0": 2126, "0x1": 559, "0x2": 511, "0x3": 138, "0x4": 355, "0x5": 259, "0x6": 86, "0x7": 62}, "snapshots": null, "memory": null, "statevector": null, "unitary": null}}, {"shots": 4096, "success": true, "status": null, "seed": null, "meas_level": 2, "meas_return": null, "header": {"qubit_labels": [["q", 0], ["q", 1], ["q", 2], ["q", 3], ["q", 4]], "n_qubits": 5, "qreg_sizes": [["q", 5]], "clbit_labels": [["c", 0], ["c", 1], ["c", 2]], "memory_slots": 3, "creg_sizes": [["c", 3]], "name": "circuit-2868752", "global_phase": 0.0, "metadata": {}}, "data": {"counts": {"0x0": 440, "0x1": 502, "0x2": 708, "0x3": 475, "0x4": 570, "0x5": 313, "0x6": 528, "0x7": 560}, "snapshots": null, "memory": null, "statevector": null, "unitary": null}}, {"shots": 4096, "success": true, "status": null, "seed": null, "meas_level": 2, "meas_return": null, "header": {"qubit_labels": [["q", 0], ["q", 1], ["q", 2], ["q", 3], ["q", 4]], "n_qubits": 5, "qreg_sizes": [["q", 5]], "clbit_labels": [["c", 0], ["c", 1], ["c", 2]], "memory_slots": 3, "creg_sizes": [["c", 3]], "name": "circuit-2868753", "global_phase": 0.0, "metadata": {}}, "data": {"counts": {"0x0": 1928, "0x1": 622, "0x2": 579, "0x3": 183, "0x4": 385, "0x5": 244, "0x6": 98, "0x7": 57}, "snapshots": null, "memory": null, "statevector": null, "unitary": null}}, {"shots": 4096, "success": true, "status": null, "seed": null, "meas_level": 2, "meas_return": null, "header": {"qubit_labels": [["q", 0], ["q", 1], ["q", 2], ["q", 3], ["q", 4]], "n_qubits": 5, "qreg_sizes": [["q", 5]], "clbit_labels": [["c", 0], ["c", 1], ["c", 2]], "memory_slots": 3, "creg_sizes": [["c", 3]], "name": "circuit-2870110", "global_phase": 0.0, "metadata": {}}, "data": {"counts": {"0x0": 458, "0x1": 597, "0x2": 602, "0x3": 471, "0x4": 533, "0x5": 344, "0x6": 568, "0x7": 523}, "snapshots": null, "memory": null, "statevector": null, "unitary": null}}, {"shots": 4096, "success": true, "status": null, "seed": null, "meas_level": 2, "meas_return": null, "header": {"qubit_labels": [["q", 0], ["q", 1], ["q", 2], ["q", 3], ["q", 4]], "n_qubits": 5, "qreg_sizes": [["q", 5]], "clbit_labels": [["c", 0], ["c", 1], ["c", 2]], "memory_slots": 3, "creg_sizes": [["c", 3]], "name": "circuit-2870111", "global_phase": 0.0, "metadata": {}}, "data": {"counts": {"0x0": 1932, "0x1": 565, "0x2": 541, "0x3": 182, "0x4": 387, "0x5": 283, "0x6": 122, "0x7": 84}, "snapshots": null, "memory": null, "statevector": null, "unitary": null}}, {"shots": 4096, "success": true, "status": null, "seed": null, "meas_level": 2, "meas_return": null, "header": {"qubit_labels": [["q", 0], ["q", 1], ["q", 2], ["q", 3], ["q", 4]], "n_qubits": 5, "qreg_sizes": [["q", 5]], "clbit_labels": [["c", 0], ["c", 1], ["c", 2]], "memory_slots": 3, "creg_sizes": [["c", 3]], "name": "circuit-2871574", "global_phase": 0.0, "metadata": {}}, "data": {"counts": {"0x0": 536, "0x1": 498, "0x2": 587, "0x3": 526, "0x4": 482, "0x5": 368, "0x6": 628, "0x7": 471}, "snapshots": null, "memory": null, "statevector": null, "unitary": null}}, {"shots": 4096, "success": true, "status": null, "seed": null, "meas_level": 2, "meas_return": null, "header": {"qubit_labels": [["q", 0], ["q", 1], ["q", 2], ["q", 3], ["q", 4]], "n_qubits": 5, "qreg_sizes": [["q", 5]], "clbit_labels": [["c", 0], ["c", 1], ["c", 2]], "memory_slots": 3, "creg_sizes": [["c", 3]], "name": "circuit-2871575", "global_phase": 0.0, "metadata": {}}, "data": {"counts": {"0x0": 1615, "0x1": 677, "0x2": 586, "0x3": 244, "0x4": 427, "0x5": 295, "0x6": 160, "0x7": 92}, "snapshots": null, "memory": null, "statevector": null, "unitary": null}}], "error": null}