{"backend_name": "ibmq_quito", "backend_version": "1.1.33", "qobj_id": "5178e743-6329-47d1-8b08-0117eff3fe13", "job_id": "62e165df22b5f54196565a86", "date": "2022-07-27T16:25:26Z", "success": true, "status": "Successful completion", "execution_id": "660fc5aa-0dc8-11ed-986f-b02628f7f59e", "time_taken": 138.80655169487, "header": {"backend_name": "ibmq_quito", "backend_version": "1.1.33"}, "results": [{"shots": 4096, "success": true, "status": null, "seed": null, "meas_level": 2, "meas_return": null, "header": {"qubit_labels": [["q", 0], ["q", 1], ["q", 2], ["q", 3], ["q", 4]], "n_qubits": 5, "qreg_sizes": [["q", 5]], "clbit_labels": [["c", 0], ["c", 1], ["c", 2]], "memory_slots": 3, "creg_sizes": [["c", 3]], "name": "circuit-694933", "global_phase": 2.356194490192358, "metadata": {}}, "data": {"counts": {"0x0": 616, "0x1": 637, "0x2": 455, "0x3": 456, "0x4": 469, "0x5": 476, "0x6": 443, "0x7": 544}, "snapshots": null, "memory": null, "statevector": null, "unitary": null}}, {"shots": 4096, "success": true, "status": null, "seed": null, "meas_level": 2, "meas_return": null, "header": {"qubit_labels": [["q", 0], ["q", 1], ["q", 2], ["q", 3], ["q", 4]], "n_qubits": 5, "qreg_sizes": [["q", 5]], "clbit_labels": [["c", 0], ["c", 1], ["c", 2]], "memory_slots": 3, "creg_sizes": [["c", 3]], "name": "circuit-694934", "global_phase": 2.4868995751603507e-14, "metadata": {}}, "data": {"counts": {"0x0": 1858, "0x1": 403, "0x2": 629, "0x3": 223, "0x4": 427, "0x5": 315, "0x6": 137, "0x7": 104}, "snapshots": null, "memory": null, "statevector": null, "unitary": null}}, {"shots": 4096, "success": true, "status": null, "seed": null, "meas_level": 2, "meas_return": null, "header": {"qubit_labels": [["q", 0], ["q", 1], ["q", 2], ["q", 3], ["q", 4]], "n_qubits": 5, "qreg_sizes": [["q", 5]], "clbit_labels": [["c", 0], ["c", 1], ["c", 2]], "memory_slots": 3, "creg_sizes": [["c", 3]], "name": "circuit-696671", "global_phase": 3.9269908169872574, "metadata": {}}, "data": {"counts": {"0x0": 692, "0x1": 520, "0x2": 478, "0x3": 777, "0x4": 374, "0x5": 457, "0x6": 397, "0x7": 401}, "snapshots": null, "memory": null, "statevector": null, "unitary": null}}, {"shots": 4096, "success": true, "status": null, "seed": null, "meas_level": 2, "meas_return": null, "header": {"qubit_labels": [["q", 0], ["q", 1], ["q", 2], ["q", 3], ["q", 4]], "n_qubits": 5, "qreg_sizes": [["q", 5]], "clbit_labels": [["c", 0], ["c", 1], ["c", 2]], "memory_slots": 3, "creg_sizes": [["c", 3]], "name": "circuit-696672", "global_phase": 1.5707963267949339, "metadata": {}}, "data": {"counts": {"0x0": 1867, "0x1": 430, "0x2": 696, "0x3": 172, "0x4": 431, "0x5": 246, "0x6": 165, "0x7": 89}, "snapshots": null, "memory": null, "statevector": null, "unitary": null}}, {"shots": 4096, "success": true, "status": null, "seed": null, "meas_level": 2, "meas_return": null, "header": {"qubit_labels": [["q", 0], ["q", 1], ["q", 2], ["q", 3], ["q", 4]], "n_qubits": 5, "qreg_sizes": [["q", 5]], "clbit_labels": [["c", 0], ["c", 1], ["c", 2]], "memory_slots": 3, "creg_sizes": [["c", 3]], "name": "circuit-698554", "global_phase": 5.4977871437821495, "metadata": {}}, "data": {"counts": {"0x0": 474, "0x1": 622, "0x2": 540, "0x3": 487, "0x4": 424, "0x5": 642, "0x6": 443, "0x7": 464}, "snapshots": null, "memory": null, "statevector": null, "unitary": null}}, {"shots": 4096, "success": true, "status": null, "seed": null, "meas_level": 2, "meas_return": null, "header": {"qubit_labels": [["q", 0], ["q", 1], ["q", 2], ["q", 3], ["q", 4]], "n_qubits": 5, "qreg_sizes": [["q", 5]], "clbit_labels": [["c", 0], ["c", 1], ["c", 2]], "memory_slots": 3, "creg_sizes": [["c", 3]], "name": "circuit-698555", "global_phase": 4.712388980384724, "metadata": {}}, "data": {"counts": {"0x0": 1043, "0x1": 363, "0x2": 1289, "0x3": 392, "0x4": 248, "0x5": 248, "0x6": 280, "0x7": 233}, "snapshots": null, "memory": null, "statevector": null, "unitary": null}}, {"shots": 4096, "success": true, "status": null, "seed": null, "meas_level": 2, "meas_return": null, "header": {"qubit_labels": [["q", 0], ["q", 1], ["q", 2], ["q", 3], ["q", 4]], "n_qubits": 5, "qreg_sizes": [["q", 5]], "clbit_labels": [["c", 0], ["c", 1], ["c", 2]], "memory_slots": 3, "creg_sizes": [["c", 3]], "name": "circuit-700581", "global_phase": 3.9269908169872547, "metadata": {}}, "data": {"counts": {"0x0": 600, "0x1": 474, "0x2": 435, "0x3": 607, "0x4": 450, "0x5": 539, "0x6": 450, "0x7": 541}, "snapshots": null, "memory": null, "statevector": null, "unitary": null}}, {"shots": 4096, "success": true, "status": null, "seed": null, "meas_level": 2, "meas_return": null, "header": {"qubit_labels": [["q", 0], ["q", 1], ["q", 2], ["q", 3], ["q", 4]], "n_qubits": 5, "qreg_sizes": [["q", 5]], "clbit_labels": [["c", 0], ["c", 1], ["c", 2]], "memory_slots": 3, "creg_sizes": [["c", 3]], "name": "circuit-700582", "global_phase": 1.5707963267949308, "metadata": {}}, "data": {"counts": {"0x0": 790, "0x1": 878, "0x2": 804, "0x3": 630, "0x4": 197, "0x5": 323, "0x6": 254, "0x7": 220}, "snapshots": null, "memory": null, "statevector": null, "unitary": null}}, {"shots": 4096, "success": true, "status": null, "seed": null, "meas_level": 2, "meas_return": null, "header": {"qubit_labels": [["q", 0], ["q", 1], ["q", 2], ["q", 3], ["q", 4]], "n_qubits": 5, "qreg_sizes": [["q", 5]], "clbit_labels": [["c", 0], ["c", 1], ["c", 2]], "memory_slots": 3, "creg_sizes": [["c", 3]], "name": "circuit-702792", "global_phase": 5.497787143782151, "metadata": {}}, "data": {"counts": {"0x0": 461, "0x1": 569, "0x2": 453, "0x3": 733, "0x4": 405, "0x5": 547, "0x6": 472, "0x7": 456}, "snapshots": null, "memory": null, "statevector": null, "unitary": null}}, {"shots": 4096, "success": true, "status": null, "seed": null, "meas_level": 2, "meas_return": null, "header": {"qubit_labels": [["q", 0], ["q", 1], ["q", 2], ["q", 3], ["q", 4]], "n_qubits": 5, "qreg_sizes": [["q", 5]], "clbit_labels": [["c", 0], ["c", 1], ["c", 2]], "memory_slots": 3, "creg_sizes": [["c", 3]], "name": "circuit-702793", "global_phase": 4.712388980384722, "metadata": {}}, "data": {"counts": {"0x0": 992, "0x1": 449, "0x2": 1235, "0x3": 337, "0x4": 259, "0x5": 258, "0x6": 341, "0x7": 225}, "snapshots": null, "memory": null, "statevector": null, "unitary": null}}, {"shots": 4096, "success": true, "status": null, "seed": null, "meas_level": 2, "meas_return": null, "header": {"qubit_labels": [["q", 0], ["q", 1], ["q", 2], ["q", 3], ["q", 4]], "n_qubits": 5, "qreg_sizes": [["q", 5]], "clbit_labels": [["c", 0], ["c", 1], ["c", 2]], "memory_slots": 3, "creg_sizes": [["c", 3]], "name": "circuit-705168", "global_phase": 2.3561944901923697, "metadata": {}}, "data": {"counts": {"0x0": 482, "0x1": 563, "0x2": 501, "0x3": 453, "0x4": 457, "0x5": 646, "0x6": 533, "0x7": 461}, "snapshots": null, "memory": null, "statevector": null, "unitary": null}}, {"shots": 4096, "success": true, "status": null, "seed": null, "meas_level": 2, "meas_return": null, "header": {"qubit_labels": [["q", 0], ["q", 1], ["q", 2], ["q", 3], ["q", 4]], "n_qubits": 5, "qreg_sizes": [["q", 5]], "clbit_labels": [["c", 0], ["c", 1], ["c", 2]], "memory_slots": 3, "creg_sizes": [["c", 3]], "name": "circuit-705169", "global_phase": 4.263256414560601e-14, "metadata": {}}, "data": {"counts": {"0x0": 694, "0x1": 412, "0x2": 1250, "0x3": 499, "0x4": 227, "0x5": 257, "0x6": 420, "0x7": 337}, "snapshots": null, "memory": null, "statevector": null, "unitary": null}}, {"shots": 4096, "success": true, "status": null, "seed": null, "meas_level": 2, "meas_return": null, "header": {"qubit_labels": [["q", 0], ["q", 1], ["q", 2], ["q", 3], ["q", 4]], "n_qubits": 5, "qreg_sizes": [["q", 5]], "clbit_labels": [["c", 0], ["c", 1], ["c", 2]], "memory_slots": 3, "creg_sizes": [["c", 3]], "name": "circuit-707654", "global_phase": 2.3561944901923653, "metadata": {}}, "data": {"counts": {"0x0": 531, "0x1": 524, "0x2": 557, "0x3": 586, "0x4": 418, "0x5": 484, "0x6": 436, "0x7": 560}, "snapshots": null, "memory": null, "statevector": null, "unitary": null}}, {"shots": 4096, "success": true, "status": null, "seed": null, "meas_level": 2, "meas_return": null, "header": {"qubit_labels": [["q", 0], ["q", 1], ["q", 2], ["q", 3], ["q", 4]], "n_qubits": 5, "qreg_sizes": [["q", 5]], "clbit_labels": [["c", 0], ["c", 1], ["c", 2]], "memory_slots": 3, "creg_sizes": [["c", 3]], "name": "circuit-707655", "global_phase": 1.5707963267949387, "metadata": {}}, "data": {"counts": {"0x0": 1459, "0x1": 491, "0x2": 819, "0x3": 282, "0x4": 359, "0x5": 296, "0x6": 230, "0x7": 160}, "snapshots": null, "memory": null, "statevector": null, "unitary": null}}, {"shots": 4096, "success": true, "status": null, "seed": null, "meas_level": 2, "meas_return": null, "header": {"qubit_labels": [["q", 0], ["q", 1], ["q", 2], ["q", 3], ["q", 4]], "n_qubits": 5, "qreg_sizes": [["q", 5]], "clbit_labels": [["c", 0], ["c", 1], ["c", 2]], "memory_slots": 3, "creg_sizes": [["c", 3]], "name": "circuit-710250", "global_phase": 5.4977871437821655, "metadata": {}}, "data": {"counts": {"0x0": 448, "0x1": 570, "0x2": 529, "0x3": 557, "0x4": 421, "0x5": 516, "0x6": 548, "0x7": 507}, "snapshots": null, "memory": null, "statevector": null, "unitary": null}}, {"shots": 4096, "success": true, "status": null, "seed": null, "meas_level": 2, "meas_return": null, "header": {"qubit_labels": [["q", 0], ["q", 1], ["q", 2], ["q", 3], ["q", 4]], "n_qubits": 5, "qreg_sizes": [["q", 5]], "clbit_labels": [["c", 0], ["c", 1], ["c", 2]], "memory_slots": 3, "creg_sizes": [["c", 3]], "name": "circuit-710251", "global_phase": 4.618527782440651e-14, "metadata": {}}, "data": {"counts": {"0x0": 481, "0x1": 523, "0x2": 947, "0x3": 872, "0x4": 198, "0x5": 278, "0x6": 354, "0x7": 443}, "snapshots": null, "memory": null, "statevector": null, "unitary": null}}, {"shots": 4096, "success": true, "status": null, "seed": null, "meas_level": 2, "meas_return": null, "header": {"qubit_labels": [["q", 0], ["q", 1], ["q", 2], ["q", 3], ["q", 4]], "n_qubits": 5, "qreg_sizes": [["q", 5]], "clbit_labels": [["c", 0], ["c", 1], ["c", 2]], "memory_slots": 3, "creg_sizes": [["c", 3]], "name": "circuit-713003", "global_phase": 3.926990816987262, "metadata": {}}, "data": {"counts": {"0x0": 478, "0x1": 541, "0x2": 516, "0x3": 498, "0x4": 516, "0x5": 664, "0x6": 386, "0x7": 497}, "snapshots": null, "memory": null, "statevector": null, "unitary": null}}, {"shots": 4096, "success": true, "status": null, "seed": null, "meas_level": 2, "meas_return": null, "header": {"qubit_labels": [["q", 0], ["q", 1], ["q", 2], ["q", 3], ["q", 4]], "n_qubits": 5, "qreg_sizes": [["q", 5]], "clbit_labels": [["c", 0], ["c", 1], ["c", 2]], "memory_slots": 3, "creg_sizes": [["c", 3]], "name": "circuit-713004", "global_phase": 4.085620730620576e-14, "metadata": {}}, "data": {"counts": {"0x0": 570, "0x1": 564, "0x2": 923, "0x3": 755, "0x4": 207, "0x5": 293, "0x6": 399, "0x7": 385}, "snapshots": null, "memory": null, "statevector": null, "unitary": null}}, {"shots": 4096, "success": true, "status": null, "seed": null, "meas_level": 2, "meas_return": null, "header": {"qubit_labels": [["q", 0], ["q", 1], ["q", 2], ["q", 3], ["q", 4]], "n_qubits": 5, "qreg_sizes": [["q", 5]], "clbit_labels": [["c", 0], ["c", 1], ["c", 2]], "memory_slots": 3, "creg_sizes": [["c", 3]], "name": "circuit-715980", "global_phase": 5.49778714378217, "metadata": {}}, "data": {"counts": {"0x0": 457, "0x1": 528, "0x2": 590, "0x3": 527, "0x4": 413, "0x5": 484, "0x6": 556, "0x7": 541}, "snapshots": null, "memory": null, "statevector": null, "unitary": null}}, {"shots": 4096, "success": true, "status": null, "seed": null, "meas_level": 2, "meas_return": null, "header": {"qubit_labels": [["q", 0], ["q", 1], ["q", 2], ["q", 3], ["q", 4]], "n_qubits": 5, "qreg_sizes": [["q", 5]], "clbit_labels": [["c", 0], ["c", 1], ["c", 2]], "memory_slots": 3, "creg_sizes": [["c", 3]], "name": "circuit-715981", "global_phase": 4.71238898038474, "metadata": {}}, "data": {"counts": {"0x0": 1285, "0x1": 459, "0x2": 804, "0x3": 286, "0x4": 459, "0x5": 313, "0x6": 263, "0x7": 227}, "snapshots": null, "memory": null, "statevector": null, "unitary": null}}, {"shots": 4096, "success": true, "status": null, "seed": null, "meas_level": 2, "meas_return": null, "header": {"qubit_labels": [["q", 0], ["q", 1], ["q", 2], ["q", 3], ["q", 4]], "n_qubits": 5, "qreg_sizes": [["q", 5]], "clbit_labels": [["c", 0], ["c", 1], ["c", 2]], "memory_slots": 3, "creg_sizes": [["c", 3]], "name": "circuit-719013", "global_phase": 0.7853981633974492, "metadata": {}}, "data": {"counts": {"0x0": 691, "0x1": 246, "0x2": 222, "0x3": 842, "0x4": 240, "0x5": 785, "0x6": 877, "0x7": 193}, "snapshots": null, "memory": null, "statevector": null, "unitary": null}}, {"shots": 4096, "success": true, "status": null, "seed": null, "meas_level": 2, "meas_return": null, "header": {"qubit_labels": [["q", 0], ["q", 1], ["q", 2], ["q", 3], ["q", 4]], "n_qubits": 5, "qreg_sizes": [["q", 5]], "clbit_labels": [["c", 0], ["c", 1], ["c", 2]], "memory_slots": 3, "creg_sizes": [["c", 3]], "name": "circuit-719014", "global_phase": 4.712388980384691, "metadata": {}}, "data": {"counts": {"0x0": 3107, "0x1": 296, "0x2": 321, "0x3": 102, "0x4": 182, "0x5": 50, "0x6": 26, "0x7": 12}, "snapshots": null, "memory": null, "statevector": null, "unitary": null}}, {"shots": 4096, "success": true, "status": null, "seed": null, "meas_level": 2, "meas_return": null, "header": {"qubit_labels": [["q", 0], ["q", 1], ["q", 2], ["q", 3], ["q", 4]], "n_qubits": 5, "qreg_sizes": [["q", 5]], "clbit_labels": [["c", 0], ["c", 1], ["c", 2]], "memory_slots": 3, "creg_sizes": [["c", 3]], "name": "circuit-719363", "global_phase": 0.7853981633974474, "metadata": {}}, "data": {"counts": {"0x0": 585, "0x1": 290, "0x2": 374, "0x3": 945, "0x4": 286, "0x5": 399, "0x6": 982, "0x7": 235}, "snapshots": null, "memory": null, "statevector": null, "unitary": null}}, {"shots": 4096, "success": true, "status": null, "seed": null, "meas_level": 2, "meas_return": null, "header": {"qubit_labels": [["q", 0], ["q", 1], ["q", 2], ["q", 3], ["q", 4]], "n_qubits": 5, "qreg_sizes": [["q", 5]], "clbit_labels": [["c", 0], ["c", 1], ["c", 2]], "memory_slots": 3, "creg_sizes": [["c", 3]], "name": "circuit-719364", "global_phase": 2.6645352591003757e-15, "metadata": {}}, "data": {"counts": {"0x0": 3046, "0x1": 282, "0x2": 420, "0x3": 72, "0x4": 155, "0x5": 72, "0x6": 29, "0x7": 20}, "snapshots": null, "memory": null, "statevector": null, "unitary": null}}, {"shots": 4096, "success": true, "status": null, "seed": null, "meas_level": 2, "meas_return": null, "header": {"qubit_labels": [["q", 0], ["q", 1], ["q", 2], ["q", 3], ["q", 4]], "n_qubits": 5, "qreg_sizes": [["q", 5]], "clbit_labels": [["c", 0], ["c", 1], ["c", 2]], "memory_slots": 3, "creg_sizes": [["c", 3]], "name": "circuit-719857", "global_phase": 3.926990816987246, "metadata": {}}, "data": {"counts": {"0x0": 563, "0x1": 323, "0x2": 363, "0x3": 612, "0x4": 303, "0x5": 826, "0x6": 795, "0x7": 311}, "snapshots": null, "memory": null, "statevector": null, "unitary": null}}, {"shots": 4096, "success": true, "status": null, "seed": null, "meas_level": 2, "meas_return": null, "header": {"qubit_labels": [["q", 0], ["q", 1], ["q", 2], ["q", 3], ["q", 4]], "n_qubits": 5, "qreg_sizes": [["q", 5]], "clbit_labels": [["c", 0], ["c", 1], ["c", 2]], "memory_slots": 3, "creg_sizes": [["c", 3]], "name": "circuit-719858", "global_phase": 1.5707963267949037, "metadata": {}}, "data": {"counts": {"0x0": 2805, "0x1": 286, "0x2": 388, "0x3": 95, "0x4": 262, "0x5": 169, "0x6": 40, "0x7": 51}, "snapshots": null, "memory": null, "statevector": null, "unitary": null}}, {"shots": 4096, "success": true, "status": null, "seed": null, "meas_level": 2, "meas_return": null, "header": {"qubit_labels": [["q", 0], ["q", 1], ["q", 2], ["q", 3], ["q", 4]], "n_qubits": 5, "qreg_sizes": [["q", 5]], "clbit_labels": [["c", 0], ["c", 1], ["c", 2]], "memory_slots": 3, "creg_sizes": [["c", 3]], "name": "circuit-720484", "global_phase": 5.497787143782141, "metadata": {}}, "data": {"counts": {"0x0": 547, "0x1": 257, "0x2": 597, "0x3": 937, "0x4": 409, "0x5": 217, "0x6": 754, "0x7": 378}, "snapshots": null, "memory": null, "statevector": null, "unitary": null}}, {"shots": 4096, "success": true, "status": null, "seed": null, "meas_level": 2, "meas_return": null, "header": {"qubit_labels": [["q", 0], ["q", 1], ["q", 2], ["q", 3], ["q", 4]], "n_qubits": 5, "qreg_sizes": [["q", 5]], "clbit_labels": [["c", 0], ["c", 1], ["c", 2]], "memory_slots": 3, "creg_sizes": [["c", 3]], "name": "circuit-720485", "global_phase": 1.570796326794905, "metadata": {}}, "data": {"counts": {"0x0": 2747, "0x1": 300, "0x2": 431, "0x3": 82, "0x4": 247, "0x5": 196, "0x6": 49, "0x7": 44}, "snapshots": null, "memory": null, "statevector": null, "unitary": null}}, {"shots": 4096, "success": true, "status": null, "seed": null, "meas_level": 2, "meas_return": null, "header": {"qubit_labels": [["q", 0], ["q", 1], ["q", 2], ["q", 3], ["q", 4]], "n_qubits": 5, "qreg_sizes": [["q", 5]], "clbit_labels": [["c", 0], ["c", 1], ["c", 2]], "memory_slots": 3, "creg_sizes": [["c", 3]], "name": "circuit-721263", "global_phase": 0.7853981633974545, "metadata": {}}, "data": {"counts": {"0x0": 531, "0x1": 567, "0x2": 409, "0x3": 595, "0x4": 463, "0x5": 486, "0x6": 663, "0x7": 382}, "snapshots": null, "memory": null, "statevector": null, "unitary": null}}, {"shots": 4096, "success": true, "status": null, "seed": null, "meas_level": 2, "meas_return": null, "header": {"qubit_labels": [["q", 0], ["q", 1], ["q", 2], ["q", 3], ["q", 4]], "n_qubits": 5, "qreg_sizes": [["q", 5]], "clbit_labels": [["c", 0], ["c", 1], ["c", 2]], "memory_slots": 3, "creg_sizes": [["c", 3]], "name": "circuit-721264", "global_phase": 4.712388980384703, "metadata": {}}, "data": {"counts": {"0x0": 2107, "0x1": 544, "0x2": 632, "0x3": 164, "0x4": 335, "0x5": 154, "0x6": 108, "0x7": 52}, "snapshots": null, "memory": null, "statevector": null, "unitary": null}}, {"shots": 4096, "success": true, "status": null, "seed": null, "meas_level": 2, "meas_return": null, "header": {"qubit_labels": [["q", 0], ["q", 1], ["q", 2], ["q", 3], ["q", 4]], "n_qubits": 5, "qreg_sizes": [["q", 5]], "clbit_labels": [["c", 0], ["c", 1], ["c", 2]], "memory_slots": 3, "creg_sizes": [["c", 3]], "name": "circuit-722176", "global_phase": 5.497787143782141, "metadata": {}}, "data": {"counts": {"0x0": 263, "0x1": 425, "0x2": 704, "0x3": 652, "0x4": 454, "0x5": 358, "0x6": 606, "0x7": 634}, "snapshots": null, "memory": null, "statevector": null, "unitary": null}}, {"shots": 4096, "success": true, "status": null, "seed": null, "meas_level": 2, "meas_return": null, "header": {"qubit_labels": [["q", 0], ["q", 1], ["q", 2], ["q", 3], ["q", 4]], "n_qubits": 5, "qreg_sizes": [["q", 5]], "clbit_labels": [["c", 0], ["c", 1], ["c", 2]], "memory_slots": 3, "creg_sizes": [["c", 3]], "name": "circuit-722177", "global_phase": 4.7123889803847065, "metadata": {}}, "data": {"counts": {"0x0": 2078, "0x1": 362, "0x2": 725, "0x3": 178, "0x4": 425, "0x5": 120, "0x6": 141, "0x7": 67}, "snapshots": null, "memory": null, "statevector": null, "unitary": null}}, {"shots": 4096, "success": true, "status": null, "seed": null, "meas_level": 2, "meas_return": null, "header": {"qubit_labels": [["q", 0], ["q", 1], ["q", 2], ["q", 3], ["q", 4]], "n_qubits": 5, "qreg_sizes": [["q", 5]], "clbit_labels": [["c", 0], ["c", 1], ["c", 2]], "memory_slots": 3, "creg_sizes": [["c", 3]], "name": "circuit-723232", "global_phase": 0.7853981633974563, "metadata": {}}, "data": {"counts": {"0x0": 355, "0x1": 644, "0x2": 728, "0x3": 634, "0x4": 330, "0x5": 295, "0x6": 583, "0x7": 527}, "snapshots": null, "memory": null, "statevector": null, "unitary": null}}, {"shots": 4096, "success": true, "status": null, "seed": null, "meas_level": 2, "meas_return": null, "header": {"qubit_labels": [["q", 0], ["q", 1], ["q", 2], ["q", 3], ["q", 4]], "n_qubits": 5, "qreg_sizes": [["q", 5]], "clbit_labels": [["c", 0], ["c", 1], ["c", 2]], "memory_slots": 3, "creg_sizes": [["c", 3]], "name": "circuit-723233", "global_phase": 1.5707963267949179, "metadata": {}}, "data": {"counts": {"0x0": 1880, "0x1": 341, "0x2": 796, "0x3": 213, "0x4": 355, "0x5": 212, "0x6": 177, "0x7": 122}, "snapshots": null, "memory": null, "statevector": null, "unitary": null}}, {"shots": 4096, "success": true, "status": null, "seed": null, "meas_level": 2, "meas_return": null, "header": {"qubit_labels": [["q", 0], ["q", 1], ["q", 2], ["q", 3], ["q", 4]], "n_qubits": 5, "qreg_sizes": [["q", 5]], "clbit_labels": [["c", 0], ["c", 1], ["c", 2]], "memory_slots": 3, "creg_sizes": [["c", 3]], "name": "circuit-724449", "global_phase": 2.3561944901923493, "metadata": {}}, "data": {"counts": {"0x0": 328, "0x1": 594, "0x2": 795, "0x3": 493, "0x4": 353, "0x5": 407, "0x6": 476, "0x7": 650}, "snapshots": null, "memory": null, "statevector": null, "unitary": null}}, {"shots": 4096, "success": true, "status": null, "seed": null, "meas_level": 2, "meas_return": null, "header": {"qubit_labels": [["q", 0], ["q", 1], ["q", 2], ["q", 3], ["q", 4]], "n_qubits": 5, "qreg_sizes": [["q", 5]], "clbit_labels": [["c", 0], ["c", 1], ["c", 2]], "memory_slots": 3, "creg_sizes": [["c", 3]], "name": "circuit-724450", "global_phase": 4.71238898038471, "metadata": {}}, "data": {"counts": {"0x0": 2172, "0x1": 422, "0x2": 608, "0x3": 168, "0x4": 367, "0x5": 198, "0x6": 108, "0x7": 53}, "snapshots": null, "memory": null, "statevector": null, "unitary": null}}, {"shots": 4096, "success": true, "status": null, "seed": null, "meas_level": 2, "meas_return": null, "header": {"qubit_labels": [["q", 0], ["q", 1], ["q", 2], ["q", 3], ["q", 4]], "n_qubits": 5, "qreg_sizes": [["q", 5]], "clbit_labels": [["c", 0], ["c", 1], ["c", 2]], "memory_slots": 3, "creg_sizes": [["c", 3]], "name": "circuit-725762", "global_phase": 5.497787143782155, "metadata": {}}, "data": {"counts": {"0x0": 330, "0x1": 662, "0x2": 543, "0x3": 405, "0x4": 741, "0x5": 516, "0x6": 387, "0x7": 512}, "snapshots": null, "memory": null, "statevector": null, "unitary": null}}, {"shots": 4096, "success": true, "status": null, "seed": null, "meas_level": 2, "meas_return": null, "header": {"qubit_labels": [["q", 0], ["q", 1], ["q", 2], ["q", 3], ["q", 4]], "n_qubits": 5, "qreg_sizes": [["q", 5]], "clbit_labels": [["c", 0], ["c", 1], ["c", 2]], "memory_slots": 3, "creg_sizes": [["c", 3]], "name": "circuit-725763", "global_phase": 2.398081733190338e-14, "metadata": {}}, "data": {"counts": {"0x0": 1235, "0x1": 504, "0x2": 1006, "0x3": 532, "0x4": 259, "0x5": 186, "0x6": 197, "0x7": 177}, "snapshots": null, "memory": null, "statevector": null, "unitary": null}}, {"shots": 4096, "success": true, "status": null, "seed": null, "meas_level": 2, "meas_return": null, "header": {"qubit_labels": [["q", 0], ["q", 1], ["q", 2], ["q", 3], ["q", 4]], "n_qubits": 5, "qreg_sizes": [["q", 5]], "clbit_labels": [["c", 0], ["c", 1], ["c", 2]], "memory_slots": 3, "creg_sizes": [["c", 3]], "name": "circuit-727196", "global_phase": 3.926990816987253, "metadata": {}}, "data": {"counts": {"0x0": 402, "0x1": 544, "0x2": 460, "0x3": 502, "0x4": 667, "0x5": 495, "0x6": 481, "0x7": 545}, "snapshots": null, "memory": null, "statevector": null, "unitary": null}}, {"shots": 4096, "success": true, "status": null, "seed": null, "meas_level": 2, "meas_return": null, "header": {"qubit_labels": [["q", 0], ["q", 1], ["q", 2], ["q", 3], ["q", 4]], "n_qubits": 5, "qreg_sizes": [["q", 5]], "clbit_labels": [["c", 0], ["c", 1], ["c", 2]], "memory_slots": 3, "creg_sizes": [["c", 3]], "name": "circuit-727197", "global_phase": 2.220446049250313e-14, "metadata": {}}, "data": {"counts": {"0x0": 990, "0x1": 391, "0x2": 1480, "0x3": 337, "0x4": 227, "0x5": 197, "0x6": 332, "0x7": 142}, "snapshots": null, "memory": null, "statevector": null, "unitary": null}}, {"shots": 4096, "success": true, "status": null, "seed": null, "meas_level": 2, "meas_return": null, "header": {"qubit_labels": [["q", 0], ["q", 1], ["q", 2], ["q", 3], ["q", 4]], "n_qubits": 5, "qreg_sizes": [["q", 5]], "clbit_labels": [["c", 0], ["c", 1], ["c", 2]], "memory_slots": 3, "creg_sizes": [["c", 3]], "name": "circuit-728838", "global_phase": 3.926990816987252, "metadata": {}}, "data": {"counts": {"0x0": 438, "0x1": 500, "0x2": 596, "0x3": 516, "0x4": 547, "0x5": 642, "0x6": 386, "0x7": 471}, "snapshots": null, "memory": null, "statevector": null, "unitary": null}}, {"shots": 4096, "success": true, "status": null, "seed": null, "meas_level": 2, "meas_return": null, "header": {"qubit_labels": [["q", 0], ["q", 1], ["q", 2], ["q", 3], ["q", 4]], "n_qubits": 5, "qreg_sizes": [["q", 5]], "clbit_labels": [["c", 0], ["c", 1], ["c", 2]], "memory_slots": 3, "creg_sizes": [["c", 3]], "name": "circuit-728839", "global_phase": 4.7123889803847145, "metadata": {}}, "data": {"counts": {"0x0": 1427, "0x1": 489, "0x2": 864, "0x3": 406, "0x4": 314, "0x5": 192, "0x6": 242, "0x7": 162}, "snapshots": null, "memory": null, "statevector": null, "unitary": null}}, {"shots": 4096, "success": true, "status": null, "seed": null, "meas_level": 2, "meas_return": null, "header": {"qubit_labels": [["q", 0], ["q", 1], ["q", 2], ["q", 3], ["q", 4]], "n_qubits": 5, "qreg_sizes": [["q", 5]], "clbit_labels": [["c", 0], ["c", 1], ["c", 2]], "memory_slots": 3, "creg_sizes": [["c", 3]], "name": "circuit-730570", "global_phase": 0.7853981633974687, "metadata": {}}, "data": {"counts": {"0x0": 484, "0x1": 471, "0x2": 600, "0x3": 479, "0x4": 596, "0x5": 429, "0x6": 502, "0x7": 535}, "snapshots": null, "memory": null, "statevector": null, "unitary": null}}, {"shots": 4096, "success": true, "status": null, "seed": null, "meas_level": 2, "meas_return": null, "header": {"qubit_labels": [["q", 0], ["q", 1], ["q", 2], ["q", 3], ["q", 4]], "n_qubits": 5, "qreg_sizes": [["q", 5]], "clbit_labels": [["c", 0], ["c", 1], ["c", 2]], "memory_slots": 3, "creg_sizes": [["c", 3]], "name": "circuit-730571", "global_phase": 2.6645352591003757e-14, "metadata": {}}, "data": {"counts": {"0x0": 944, "0x1": 355, "0x2": 1448, "0x3": 343, "0x4": 229, "0x5": 229, "0x6": 341, "0x7": 207}, "snapshots": null, "memory": null, "statevector": null, "unitary": null}}, {"shots": 4096, "success": true, "status": null, "seed": null, "meas_level": 2, "meas_return": null, "header": {"qubit_labels": [["q", 0], ["q", 1], ["q", 2], ["q", 3], ["q", 4]], "n_qubits": 5, "qreg_sizes": [["q", 5]], "clbit_labels": [["c", 0], ["c", 1], ["c", 2]], "memory_slots": 3, "creg_sizes": [["c", 3]], "name": "circuit-732422", "global_phase": 2.356194490192361, "metadata": {}}, "data": {"counts": {"0x0": 528, "0x1": 540, "0x2": 445, "0x3": 590, "0x4": 462, "0x5": 539, "0x6": 545, "0x7": 447}, "snapshots": null, "memory": null, "statevector": null, "unitary": null}}, {"shots": 4096, "success": true, "status": null, "seed": null, "meas_level": 2, "meas_return": null, "header": {"qubit_labels": [["q", 0], ["q", 1], ["q", 2], ["q", 3], ["q", 4]], "n_qubits": 5, "qreg_sizes": [["q", 5]], "clbit_labels": [["c", 0], ["c", 1], ["c", 2]], "memory_slots": 3, "creg_sizes": [["c", 3]], "name": "circuit-732423", "global_phase": 3.019806626980426e-14, "metadata": {}}, "data": {"counts": {"0x0": 1672, "0x1": 535, "0x2": 626, "0x3": 272, "0x4": 400, "0x5": 282, "0x6": 165, "0x7": 144}, "snapshots": null, "memory": null, "statevector": null, "unitary": null}}, {"shots": 4096, "success": true, "status": null, "seed": null, "meas_level": 2, "meas_return": null, "header": {"qubit_labels": [["q", 0], ["q", 1], ["q", 2], ["q", 3], ["q", 4]], "n_qubits": 5, "qreg_sizes": [["q", 5]], "clbit_labels": [["c", 0], ["c", 1], ["c", 2]], "memory_slots": 3, "creg_sizes": [["c", 3]], "name": "circuit-734468", "global_phase": 2.3561944901923715, "metadata": {}}, "data": {"counts": {"0x0": 464, "0x1": 454, "0x2": 489, "0x3": 549, "0x4": 589, "0x5": 503, "0x6": 484, "0x7": 564}, "snapshots": null, "memory": null, "statevector": null, "unitary": null}}, {"shots": 4096, "success": true, "status": null, "seed": null, "meas_level": 2, "meas_return": null, "header": {"qubit_labels": [["q", 0], ["q", 1], ["q", 2], ["q", 3], ["q", 4]], "n_qubits": 5, "qreg_sizes": [["q", 5]], "clbit_labels": [["c", 0], ["c", 1], ["c", 2]], "memory_slots": 3, "creg_sizes": [["c", 3]], "name": "circuit-734469", "global_phase": 4.71238898038472, "metadata": {}}, "data": {"counts": {"0x0": 598, "0x1": 528, "0x2": 944, "0x3": 840, "0x4": 215, "0x5": 269, "0x6": 306, "0x7": 396}, "snapshots": null, "memory": null, "statevector": null, "unitary": null}}, {"shots": 4096, "success": true, "status": null, "seed": null, "meas_level": 2, "meas_return": null, "header": {"qubit_labels": [["q", 0], ["q", 1], ["q", 2], ["q", 3], ["q", 4]], "n_qubits": 5, "qreg_sizes": [["q", 5]], "clbit_labels": [["c", 0], ["c", 1], ["c", 2]], "memory_slots": 3, "creg_sizes": [["c", 3]], "name": "circuit-736680", "global_phase": 0.7853981633974652, "metadata": {}}, "data": {"counts": {"0x0": 458, "0x1": 516, "0x2": 605, "0x3": 737, "0x4": 363, "0x5": 411, "0x6": 439, "0x7": 567}, "snapshots": null, "memory": null, "statevector": null, "unitary": null}}, {"shots": 4096, "success": true, "status": null, "seed": null, "meas_level": 2, "meas_return": null, "header": {"qubit_labels": [["q", 0], ["q", 1], ["q", 2], ["q", 3], ["q", 4]], "n_qubits": 5, "qreg_sizes": [["q", 5]], "clbit_labels": [["c", 0], ["c", 1], ["c", 2]], "memory_slots": 3, "creg_sizes": [["c", 3]], "name": "circuit-736681", "global_phase": 3.141592653589834, "metadata": {}}, "data": {"counts": {"0x0": 724, "0x1": 631, "0x2": 1215, "0x3": 466, "0x4": 228, "0x5": 279, "0x6": 318, "0x7": 235}, "snapshots": null, "memory": null, "statevector": null, "unitary": null}}, {"shots": 4096, "success": true, "status": null, "seed": null, "meas_level": 2, "meas_return": null, "header": {"qubit_labels": [["q", 0], ["q", 1], ["q", 2], ["q", 3], ["q", 4]], "n_qubits": 5, "qreg_sizes": [["q", 5]], "clbit_labels": [["c", 0], ["c", 1], ["c", 2]], "memory_slots": 3, "creg_sizes": [["c", 3]], "name": "circuit-739088", "global_phase": 3.9269908169872654, "metadata": {}}, "data": {"counts": {"0x0": 480, "0x1": 545, "0x2": 523, "0x3": 514, "0x4": 488, "0x5": 473, "0x6": 522, "0x7": 551}, "snapshots": null, "memory": null, "statevector": null, "unitary": null}}, {"shots": 4096, "success": true, "status": null, "seed": null, "meas_level": 2, "meas_return": null, "header": {"qubit_labels": [["q", 0], ["q", 1], ["q", 2], ["q", 3], ["q", 4]], "n_qubits": 5, "qreg_sizes": [["q", 5]], "clbit_labels": [["c", 0], ["c", 1], ["c", 2]], "memory_slots": 3, "creg_sizes": [["c", 3]], "name": "circuit-739089", "global_phase": 4.7123889803847305, "metadata": {}}, "data": {"counts": {"0x0": 685, "0x1": 699, "0x2": 887, "0x3": 535, "0x4": 271, "0x5": 370, "0x6": 337, "0x7": 312}, "snapshots": null, "memory": null, "statevector": null, "unitary": null}}, {"shots": 4096, "success": true, "status": null, "seed": null, "meas_level": 2, "meas_return": null, "header": {"qubit_labels": [["q", 0], ["q", 1], ["q", 2], ["q", 3], ["q", 4]], "n_qubits": 5, "qreg_sizes": [["q", 5]], "clbit_labels": [["c", 0], ["c", 1], ["c", 2]], "memory_slots": 3, "creg_sizes": [["c", 3]], "name": "circuit-741546", "global_phase": 3.9269908169872654, "metadata": {}}, "data": {"counts": {"0x0": 524, "0x1": 523, "0x2": 506, "0x3": 533, "0x4": 480, "0x5": 440, "0x6": 507, "0x7": 583}, "snapshots": null, "memory": null, "statevector": null, "unitary": null}}, {"shots": 4096, "success": true, "status": null, "seed": null, "meas_level": 2, "meas_return": null, "header": {"qubit_labels": [["q", 0], ["q", 1], ["q", 2], ["q", 3], ["q", 4]], "n_qubits": 5, "qreg_sizes": [["q", 5]], "clbit_labels": [["c", 0], ["c", 1], ["c", 2]], "memory_slots": 3, "creg_sizes": [["c", 3]], "name": "circuit-741547", "global_phase": 4.712388980384726, "metadata": {}}, "data": {"counts": {"0x0": 621, "0x1": 416, "0x2": 1411, "0x3": 585, "0x4": 190, "0x5": 187, "0x6": 397, "0x7": 289}, "snapshots": null, "memory": null, "statevector": null, "unitary": null}}, {"shots": 4096, "success": true, "status": null, "seed": null, "meas_level": 2, "meas_return": null, "header": {"qubit_labels": [["q", 0], ["q", 1], ["q", 2], ["q", 3], ["q", 4]], "n_qubits": 5, "qreg_sizes": [["q", 5]], "clbit_labels": [["c", 0], ["c", 1], ["c", 2]], "memory_slots": 3, "creg_sizes": [["c", 3]], "name": "circuit-744181", "global_phase": 3.926990816987262, "metadata": {}}, "data": {"counts": {"0x0": 502, "0x1": 536, "0x2": 508, "0x3": 594, "0x4": 427, "0x5": 486, "0x6": 461, "0x7": 582}, "snapshots": null, "memory": null, "statevector": null, "unitary": null}}, {"shots": 4096, "success": true, "status": null, "seed": null, "meas_level": 2, "meas_return": null, "header": {"qubit_labels": [["q", 0], ["q", 1], ["q", 2], ["q", 3], ["q", 4]], "n_qubits": 5, "qreg_sizes": [["q", 5]], "clbit_labels": [["c", 0], ["c", 1], ["c", 2]], "memory_slots": 3, "creg_sizes": [["c", 3]], "name": "circuit-744182", "global_phase": 1.5707963267949383, "metadata": {}}, "data": {"counts": {"0x0": 594, "0x1": 738, "0x2": 832, "0x3": 587, "0x4": 293, "0x5": 361, "0x6": 397, "0x7": 294}, "snapshots": null, "memory": null, "statevector": null, "unitary": null}}, {"shots": 4096, "success": true, "status": null, "seed": null, "meas_level": 2, "meas_return": null, "header": {"qubit_labels": [["q", 0], ["q", 1], ["q", 2], ["q", 3], ["q", 4]], "n_qubits": 5, "qreg_sizes": [["q", 5]], "clbit_labels": [["c", 0], ["c", 1], ["c", 2]], "memory_slots": 3, "creg_sizes": [["c", 3]], "name": "circuit-746932", "global_phase": 2.3561944901923626, "metadata": {}}, "data": {"counts": {"0x0": 488, "0x1": 554, "0x2": 510, "0x3": 537, "0x4": 430, "0x5": 501, "0x6": 510, "0x7": 566}, "snapshots": null, "memory": null, "statevector": null, "unitary": null}}, {"shots": 4096, "success": true, "status": null, "seed": null, "meas_level": 2, "meas_return": null, "header": {"qubit_labels": [["q", 0], ["q", 1], ["q", 2], ["q", 3], ["q", 4]], "n_qubits": 5, "qreg_sizes": [["q", 5]], "clbit_labels": [["c", 0], ["c", 1], ["c", 2]], "memory_slots": 3, "creg_sizes": [["c", 3]], "name": "circuit-746933", "global_phase": 4.7123889803847465, "metadata": {}}, "data": {"counts": {"0x0": 1365, "0x1": 442, "0x2": 760, "0x3": 343, "0x4": 394, "0x5": 340, "0x6": 237, "0x7": 215}, "snapshots": null, "memory": null, "statevector": null, "unitary": null}}, {"shots": 4096, "success": true, "status": null, "seed": null, "meas_level": 2, "meas_return": null, "header": {"qubit_labels": [["q", 0], ["q", 1], ["q", 2], ["q", 3], ["q", 4]], "n_qubits": 5, "qreg_sizes": [["q", 5]], "clbit_labels": [["c", 0], ["c", 1], ["c", 2]], "memory_slots": 3, "creg_sizes": [["c", 3]], "name": "circuit-749856", "global_phase": 0.7853981633974776, "metadata": {}}, "data": {"counts": {"0x0": 488, "0x1": 593, "0x2": 527, "0x3": 542, "0x4": 451, "0x5": 502, "0x6": 429, "0x7": 564}, "snapshots": null, "memory": null, "statevector": null, "unitary": null}}, {"shots": 4096, "success": true, "status": null, "seed": null, "meas_level": 2, "meas_return": null, "header": {"qubit_labels": [["q", 0], ["q", 1], ["q", 2], ["q", 3], ["q", 4]], "n_qubits": 5, "qreg_sizes": [["q", 5]], "clbit_labels": [["c", 0], ["c", 1], ["c", 2]], "memory_slots": 3, "creg_sizes": [["c", 3]], "name": "circuit-749857", "global_phase": 1.5707963267949419, "metadata": {}}, "data": {"counts": {"0x0": 703, "0x1": 591, "0x2": 940, "0x3": 608, "0x4": 277, "0x5": 325, "0x6": 352, "0x7": 300}, "snapshots": null, "memory": null, "statevector": null, "unitary": null}}, {"shots": 4096, "success": true, "status": null, "seed": null, "meas_level": 2, "meas_return": null, "header": {"qubit_labels": [["q", 0], ["q", 1], ["q", 2], ["q", 3], ["q", 4]], "n_qubits": 5, "qreg_sizes": [["q", 5]], "clbit_labels": [["c", 0], ["c", 1], ["c", 2]], "memory_slots": 3, "creg_sizes": [["c", 3]], "name": "circuit-752874", "global_phase": 2.3561944901923457, "metadata": {}}, "data": {"counts": {"0x0": 509, "0x1": 297, "0x2": 260, "0x3": 974, "0x4": 172, "0x5": 667, "0x6": 1056, "0x7": 161}, "snapshots": null, "memory": null, "statevector": null, "unitary": null}}, {"shots": 4096, "success": true, "status": null, "seed": null, "meas_level": 2, "meas_return": null, "header": {"qubit_labels": [["q", 0], ["q", 1], ["q", 2], ["q", 3], ["q", 4]], "n_qubits": 5, "qreg_sizes": [["q", 5]], "clbit_labels": [["c", 0], ["c", 1], ["c", 2]], "memory_slots": 3, "creg_sizes": [["c", 3]], "name": "circuit-752875", "global_phase": 1.7763568394002505e-15, "metadata": {}}, "data": {"counts": {"0x0": 3283, "0x1": 227, "0x2": 332, "0x3": 65, "0x4": 103, "0x5": 58, "0x6": 13, "0x7": 15}, "snapshots": null, "memory": null, "statevector": null, "unitary": null}}, {"shots": 4096, "success": true, "status": null, "seed": null, "meas_level": 2, "meas_return": null, "header": {"qubit_labels": [["q", 0], ["q", 1], ["q", 2], ["q", 3], ["q", 4]], "n_qubits": 5, "qreg_sizes": [["q", 5]], "clbit_labels": [["c", 0], ["c", 1], ["c", 2]], "memory_slots": 3, "creg_sizes": [["c", 3]], "name": "circuit-753230", "global_phase": 3.9269908169872414, "metadata": {}}, "data": {"counts": {"0x0": 764, "0x1": 205, "0x2": 365, "0x3": 730, "0x4": 404, "0x5": 359, "0x6": 946, "0x7": 323}, "snapshots": null, "memory": null, "statevector": null, "unitary": null}}, {"shots": 4096, "success": true, "status": null, "seed": null, "meas_level": 2, "meas_return": null, "header": {"qubit_labels": [["q", 0], ["q", 1], ["q", 2], ["q", 3], ["q", 4]], "n_qubits": 5, "qreg_sizes": [["q", 5]], "clbit_labels": [["c", 0], ["c", 1], ["c", 2]], "memory_slots": 3, "creg_sizes": [["c", 3]], "name": "circuit-753231", "global_phase": 1.5707963267948997, "metadata": {}}, "data": {"counts": {"0x0": 3160, "0x1": 219, "0x2": 331, "0x3": 46, "0x4": 216, "0x5": 69, "0x6": 31, "0x7": 24}, "snapshots": null, "memory": null, "statevector": null, "unitary": null}}, {"shots": 4096, "success": true, "status": null, "seed": null, "meas_level": 2, "meas_return": null, "header": {"qubit_labels": [["q", 0], ["q", 1], ["q", 2], ["q", 3], ["q", 4]], "n_qubits": 5, "qreg_sizes": [["q", 5]], "clbit_labels": [["c", 0], ["c", 1], ["c", 2]], "memory_slots": 3, "creg_sizes": [["c", 3]], "name": "circuit-753735", "global_phase": 2.3561944901923475, "metadata": {}}, "data": {"counts": {"0x0": 625, "0x1": 370, "0x2": 453, "0x3": 548, "0x4": 337, "0x5": 784, "0x6": 612, "0x7": 367}, "snapshots": null, "memory": null, "statevector": null, "unitary": null}}, {"shots": 4096, "success": true, "status": null, "seed": null, "meas_level": 2, "meas_return": null, "header": {"qubit_labels": [["q", 0], ["q", 1], ["q", 2], ["q", 3], ["q", 4]], "n_qubits": 5, "qreg_sizes": [["q", 5]], "clbit_labels": [["c", 0], ["c", 1], ["c", 2]], "memory_slots": 3, "creg_sizes": [["c", 3]], "name": "circuit-753736", "global_phase": 3.1415926535898, "metadata": {}}, "data": {"counts": {"0x0": 2929, "0x1": 218, "0x2": 444, "0x3": 54, "0x4": 261, "0x5": 104, "0x6": 36, "0x7": 50}, "snapshots": null, "memory": null, "statevector": null, "unitary": null}}, {"shots": 4096, "success": true, "status": null, "seed": null, "meas_level": 2, "meas_return": null, "header": {"qubit_labels": [["q", 0], ["q", 1], ["q", 2], ["q", 3], ["q", 4]], "n_qubits": 5, "qreg_sizes": [["q", 5]], "clbit_labels": [["c", 0], ["c", 1], ["c", 2]], "memory_slots": 3, "creg_sizes": [["c", 3]], "name": "circuit-754387", "global_phase": 0.7853981633974509, "metadata": {}}, "data": {"counts": {"0x0": 765, "0x1": 442, "0x2": 476, "0x3": 592, "0x4": 449, "0x5": 536, "0x6": 473, "0x7": 363}, "snapshots": null, "memory": null, "statevector": null, "unitary": null}}, {"shots": 4096, "success": true, "status": null, "seed": null, "meas_level": 2, "meas_return": null, "header": {"qubit_labels": [["q", 0], ["q", 1], ["q", 2], ["q", 3], ["q", 4]], "n_qubits": 5, "qreg_sizes": [["q", 5]], "clbit_labels": [["c", 0], ["c", 1], ["c", 2]], "memory_slots": 3, "creg_sizes": [["c", 3]], "name": "circuit-754388", "global_phase": 1.3322676295501878e-14, "metadata": {}}, "data": {"counts": {"0x0": 2435, "0x1": 392, "0x2": 507, "0x3": 125, "0x4": 298, "0x5": 227, "0x6": 70, "0x7": 42}, "snapshots": null, "memory": null, "statevector": null, "unitary": null}}, {"shots": 4096, "success": true, "status": null, "seed": null, "meas_level": 2, "meas_return": null, "header": {"qubit_labels": [["q", 0], ["q", 1], ["q", 2], ["q", 3], ["q", 4]], "n_qubits": 5, "qreg_sizes": [["q", 5]], "clbit_labels": [["c", 0], ["c", 1], ["c", 2]], "memory_slots": 3, "creg_sizes": [["c", 3]], "name": "circuit-755147", "global_phase": 3.926990816987245, "metadata": {}}, "data": {"counts": {"0x0": 694, "0x1": 466, "0x2": 450, "0x3": 614, "0x4": 477, "0x5": 489, "0x6": 537, "0x7": 369}, "snapshots": null, "memory": null, "statevector": null, "unitary": null}}, {"shots": 4096, "success": true, "status": null, "seed": null, "meas_level": 2, "meas_return": null, "header": {"qubit_labels": [["q", 0], ["q", 1], ["q", 2], ["q", 3], ["q", 4]], "n_qubits": 5, "qreg_sizes": [["q", 5]], "clbit_labels": [["c", 0], ["c", 1], ["c", 2]], "memory_slots": 3, "creg_sizes": [["c", 3]], "name": "circuit-755148", "global_phase": 3.1415926535898038, "metadata": {}}, "data": {"counts": {"0x0": 2590, "0x1": 394, "0x2": 499, "0x3": 99, "0x4": 259, "0x5": 159, "0x6": 50, "0x7": 46}, "snapshots": null, "memory": null, "statevector": null, "unitary": null}}, {"shots": 4096, "success": true, "status": null, "seed": null, "meas_level": 2, "meas_return": null, "header": {"qubit_labels": [["q", 0], ["q", 1], ["q", 2], ["q", 3], ["q", 4]], "n_qubits": 5, "qreg_sizes": [["q", 5]], "clbit_labels": [["c", 0], ["c", 1], ["c", 2]], "memory_slots": 3, "creg_sizes": [["c", 3]], "name": "circuit-756074", "global_phase": 0.7853981633974545, "metadata": {}}, "data": {"counts": {"0x0": 303, "0x1": 662, "0x2": 890, "0x3": 549, "0x4": 326, "0x5": 291, "0x6": 490, "0x7": 585}, "snapshots": null, "memory": null, "statevector": null, "unitary": null}}, {"shots": 4096, "success": true, "status": null, "seed": null, "meas_level": 2, "meas_return": null, "header": {"qubit_labels": [["q", 0], ["q", 1], ["q", 2], ["q", 3], ["q", 4]], "n_qubits": 5, "qreg_sizes": [["q", 5]], "clbit_labels": [["c", 0], ["c", 1], ["c", 2]], "memory_slots": 3, "creg_sizes": [["c", 3]], "name": "circuit-756075", "global_phase": 1.5707963267949152, "metadata": {}}, "data": {"counts": {"0x0": 2435, "0x1": 355, "0x2": 505, "0x3": 157, "0x4": 304, "0x5": 242, "0x6": 52, "0x7": 46}, "snapshots": null, "memory": null, "statevector": null, "unitary": null}}, {"shots": 4096, "success": true, "status": null, "seed": null, "meas_level": 2, "meas_return": null, "header": {"qubit_labels": [["q", 0], ["q", 1], ["q", 2], ["q", 3], ["q", 4]], "n_qubits": 5, "qreg_sizes": [["q", 5]], "clbit_labels": [["c", 0], ["c", 1], ["c", 2]], "memory_slots": 3, "creg_sizes": [["c", 3]], "name": "circuit-757157", "global_phase": 0.7853981633974438, "metadata": {}}, "data": {"counts": {"0x0": 342, "0x1": 601, "0x2": 762, "0x3": 699, "0x4": 304, "0x5": 272, "0x6": 374, "0x7": 742}, "snapshots": null, "memory": null, "statevector": null, "unitary": null}}, {"shots": 4096, "success": true, "status": null, "seed": null, "meas_level": 2, "meas_return": null, "header": {"qubit_labels": [["q", 0], ["q", 1], ["q", 2], ["q", 3], ["q", 4]], "n_qubits": 5, "qreg_sizes": [["q", 5]], "clbit_labels": [["c", 0], ["c", 1], ["c", 2]], "memory_slots": 3, "creg_sizes": [["c", 3]], "name": "circuit-757158", "global_phase": 3.1415926535898056, "metadata": {}}, "data": {"counts": {"0x0": 2350, "0x1": 407, "0x2": 494, "0x3": 137, "0x4": 275, "0x5": 294, "0x6": 73, "0x7": 66}, "snapshots": null, "memory": null, "statevector": null, "unitary": null}}, {"shots": 4096, "success": true, "status": null, "seed": null, "meas_level": 2, "meas_return": null, "header": {"qubit_labels": [["q", 0], ["q", 1], ["q", 2], ["q", 3], ["q", 4]], "n_qubits": 5, "qreg_sizes": [["q", 5]], "clbit_labels": [["c", 0], ["c", 1], ["c", 2]], "memory_slots": 3, "creg_sizes": [["c", 3]], "name": "circuit-758386", "global_phase": 0.7853981633974598, "metadata": {}}, "data": {"counts": {"0x0": 460, "0x1": 603, "0x2": 443, "0x3": 432, "0x4": 492, "0x5": 545, "0x6": 526, "0x7": 595}, "snapshots": null, "memory": null, "statevector": null, "unitary": null}}, {"shots": 4096, "success": true, "status": null, "seed": null, "meas_level": 2, "meas_return": null, "header": {"qubit_labels": [["q", 0], ["q", 1], ["q", 2], ["q", 3], ["q", 4]], "n_qubits": 5, "qreg_sizes": [["q", 5]], "clbit_labels": [["c", 0], ["c", 1], ["c", 2]], "memory_slots": 3, "creg_sizes": [["c", 3]], "name": "circuit-758387", "global_phase": 1.5707963267949134, "metadata": {}}, "data": {"counts": {"0x0": 2126, "0x1": 526, "0x2": 537, "0x3": 192, "0x4": 310, "0x5": 238, "0x6": 88, "0x7": 79}, "snapshots": null, "memory": null, "statevector": null, "unitary": null}}, {"shots": 4096, "success": true, "status": null, "seed": null, "meas_level": 2, "meas_return": null, "header": {"qubit_labels": [["q", 0], ["q", 1], ["q", 2], ["q", 3], ["q", 4]], "n_qubits": 5, "qreg_sizes": [["q", 5]], "clbit_labels": [["c", 0], ["c", 1], ["c", 2]], "memory_slots": 3, "creg_sizes": [["c", 3]], "name": "circuit-759716", "global_phase": 3.9269908169872423, "metadata": {}}, "data": {"counts": {"0x0": 462, "0x1": 741, "0x2": 609, "0x3": 501, "0x4": 548, "0x5": 405, "0x6": 313, "0x7": 517}, "snapshots": null, "memory": null, "statevector": null, "unitary": null}}, {"shots": 4096, "success": true, "status": null, "seed": null, "meas_level": 2, "meas_return": null, "header": {"qubit_labels": [["q", 0], ["q", 1], ["q", 2], ["q", 3], ["q", 4]], "n_qubits": 5, "qreg_sizes": [["q", 5]], "clbit_labels": [["c", 0], ["c", 1], ["c", 2]], "memory_slots": 3, "creg_sizes": [["c", 3]], "name": "circuit-759717", "global_phase": 4.712388980384711, "metadata": {}}, "data": {"counts": {"0x0": 1288, "0x1": 417, "0x2": 1001, "0x3": 399, "0x4": 326, "0x5": 233, "0x6": 248, "0x7": 184}, "snapshots": null, "memory": null, "statevector": null, "unitary": null}}, {"shots": 4096, "success": true, "status": null, "seed": null, "meas_level": 2, "meas_return": null, "header": {"qubit_labels": [["q", 0], ["q", 1], ["q", 2], ["q", 3], ["q", 4]], "n_qubits": 5, "qreg_sizes": [["q", 5]], "clbit_labels": [["c", 0], ["c", 1], ["c", 2]], "memory_slots": 3, "creg_sizes": [["c", 3]], "name": "circuit-761227", "global_phase": 5.497787143782152, "metadata": {}}, "data": {"counts": {"0x0": 371, "0x1": 442, "0x2": 664, "0x3": 460, "0x4": 603, "0x5": 535, "0x6": 407, "0x7": 614}, "snapshots": null, "memory": null, "statevector": null, "unitary": null}}, {"shots": 4096, "success": true, "status": null, "seed": null, "meas_level": 2, "meas_return": null, "header": {"qubit_labels": [["q", 0], ["q", 1], ["q", 2], ["q", 3], ["q", 4]], "n_qubits": 5, "qreg_sizes": [["q", 5]], "clbit_labels": [["c", 0], ["c", 1], ["c", 2]], "memory_slots": 3, "creg_sizes": [["c", 3]], "name": "circuit-761228", "global_phase": 3.141592653589811, "metadata": {}}, "data": {"counts": {"0x0": 861, "0x1": 598, "0x2": 1244, "0x3": 402, "0x4": 228, "0x5": 262, "0x6": 299, "0x7": 202}, "snapshots": null, "memory": null, "statevector": null, "unitary": null}}, {"shots": 4096, "success": true, "status": null, "seed": null, "meas_level": 2, "meas_return": null, "header": {"qubit_labels": [["q", 0], ["q", 1], ["q", 2], ["q", 3], ["q", 4]], "n_qubits": 5, "qreg_sizes": [["q", 5]], "clbit_labels": [["c", 0], ["c", 1], ["c", 2]], "memory_slots": 3, "creg_sizes": [["c", 3]], "name": "circuit-762849", "global_phase": 5.497787143782155, "metadata": {}}, "data": {"counts": {"0x0": 516, "0x1": 492, "0x2": 457, "0x3": 527, "0x4": 590, "0x5": 440, "0x6": 444, "0x7": 630}, "snapshots": null, "memory": null, "statevector": null, "unitary": null}}, {"shots": 4096, "success": true, "status": null, "seed": null, "meas_level": 2, "meas_return": null, "header": {"qubit_labels": [["q", 0], ["q", 1], ["q", 2], ["q", 3], ["q", 4]], "n_qubits": 5, "qreg_sizes": [["q", 5]], "clbit_labels": [["c", 0], ["c", 1], ["c", 2]], "memory_slots": 3, "creg_sizes": [["c", 3]], "name": "circuit-762850", "global_phase": 3.108624468950438e-14, "metadata": {}}, "data": {"counts": {"0x0": 775, "0x1": 437, "0x2": 1557, "0x3": 302, "0x4": 212, "0x5": 228, "0x6": 399, "0x7": 186}, "snapshots": null, "memory": null, "statevector": null, "unitary": null}}, {"shots": 4096, "success": true, "status": null, "seed": null, "meas_level": 2, "meas_return": null, "header": {"qubit_labels": [["q", 0], ["q", 1], ["q", 2], ["q", 3], ["q", 4]], "n_qubits": 5, "qreg_sizes": [["q", 5]], "clbit_labels": [["c", 0], ["c", 1], ["c", 2]], "memory_slots": 3, "creg_sizes": [["c", 3]], "name": "circuit-764603", "global_phase": 5.497787143782155, "metadata": {}}, "data": {"counts": {"0x0": 486, "0x1": 586, "0x2": 443, "0x3": 505, "0x4": 489, "0x5": 509, "0x6": 477, "0x7": 601}, "snapshots": null, "memory": null, "statevector": null, "unitary": null}}, {"shots": 4096, "success": true, "status": null, "seed": null, "meas_level": 2, "meas_return": null, "header": {"qubit_labels": [["q", 0], ["q", 1], ["q", 2], ["q", 3], ["q", 4]], "n_qubits": 5, "qreg_sizes": [["q", 5]], "clbit_labels": [["c", 0], ["c", 1], ["c", 2]], "memory_slots": 3, "creg_sizes": [["c", 3]], "name": "circuit-764604", "global_phase": 1.5707963267949312, "metadata": {}}, "data": {"counts": {"0x0": 1165, "0x1": 411, "0x2": 1066, "0x3": 558, "0x4": 299, "0x5": 160, "0x6": 255, "0x7": 182}, "snapshots": null, "memory": null, "statevector": null, "unitary": null}}, {"shots": 4096, "success": true, "status": null, "seed": null, "meas_level": 2, "meas_return": null, "header": {"qubit_labels": [["q", 0], ["q", 1], ["q", 2], ["q", 3], ["q", 4]], "n_qubits": 5, "qreg_sizes": [["q", 5]], "clbit_labels": [["c", 0], ["c", 1], ["c", 2]], "memory_slots": 3, "creg_sizes": [["c", 3]], "name": "circuit-766509", "global_phase": 0.7853981633974687, "metadata": {}}, "data": {"counts": {"0x0": 479, "0x1": 470, "0x2": 471, "0x3": 505, "0x4": 556, "0x5": 426, "0x6": 536, "0x7": 653}, "snapshots": null, "memory": null, "statevector": null, "unitary": null}}, {"shots": 4096, "success": true, "status": null, "seed": null, "meas_level": 2, "meas_return": null, "header": {"qubit_labels": [["q", 0], ["q", 1], ["q", 2], ["q", 3], ["q", 4]], "n_qubits": 5, "qreg_sizes": [["q", 5]], "clbit_labels": [["c", 0], ["c", 1], ["c", 2]], "memory_slots": 3, "creg_sizes": [["c", 3]], "name": "circuit-766510", "global_phase": 4.712388980384715, "metadata": {}}, "data": {"counts": {"0x0": 515, "0x1": 510, "0x2": 1004, "0x3": 849, "0x4": 224, "0x5": 262, "0x6": 366, "0x7": 366}, "snapshots": null, "memory": null, "statevector": null, "unitary": null}}, {"shots": 4096, "success": true, "status": null, "seed": null, "meas_level": 2, "meas_return": null, "header": {"qubit_labels": [["q", 0], ["q", 1], ["q", 2], ["q", 3], ["q", 4]], "n_qubits": 5, "qreg_sizes": [["q", 5]], "clbit_labels": [["c", 0], ["c", 1], ["c", 2]], "memory_slots": 3, "creg_sizes": [["c", 3]], "name": "circuit-768546", "global_phase": 5.49778714378216, "metadata": {}}, "data": {"counts": {"0x0": 432, "0x1": 475, "0x2": 501, "0x3": 594, "0x4": 376, "0x5": 408, "0x6": 765, "0x7": 545}, "snapshots": null, "memory": null, "statevector": null, "unitary": null}}, {"shots": 4096, "success": true, "status": null, "seed": null, "meas_level": 2, "meas_return": null, "header": {"qubit_labels": [["q", 0], ["q", 1], ["q", 2], ["q", 3], ["q", 4]], "n_qubits": 5, "qreg_sizes": [["q", 5]], "clbit_labels": [["c", 0], ["c", 1], ["c", 2]], "memory_slots": 3, "creg_sizes": [["c", 3]], "name": "circuit-768547", "global_phase": 1.5707963267949352, "metadata": {}}, "data": {"counts": {"0x0": 576, "0x1": 471, "0x2": 1138, "0x3": 711, "0x4": 207, "0x5": 237, "0x6": 393, "0x7": 363}, "snapshots": null, "memory": null, "statevector": null, "unitary": null}}, {"shots": 4096, "success": true, "status": null, "seed": null, "meas_level": 2, "meas_return": null, "header": {"qubit_labels": [["q", 0], ["q", 1], ["q", 2], ["q", 3], ["q", 4]], "n_qubits": 5, "qreg_sizes": [["q", 5]], "clbit_labels": [["c", 0], ["c", 1], ["c", 2]], "memory_slots": 3, "creg_sizes": [["c", 3]], "name": "circuit-770784", "global_phase": 2.3561944901923706, "metadata": {}}, "data": {"counts": {"0x0": 433, "0x1": 499, "0x2": 504, "0x3": 574, "0x4": 412, "0x5": 633, "0x6": 514, "0x7": 527}, "snapshots": null, "memory": null, "statevector": null, "unitary": null}}, {"shots": 4096, "success": true, "status": null, "seed": null, "meas_level": 2, "meas_return": null, "header": {"qubit_labels": [["q", 0], ["q", 1], ["q", 2], ["q", 3], ["q", 4]], "n_qubits": 5, "qreg_sizes": [["q", 5]], "clbit_labels": [["c", 0], ["c", 1], ["c", 2]], "memory_slots": 3, "creg_sizes": [["c", 3]], "name": "circuit-770785", "global_phase": 4.712388980384731, "metadata": {}}, "data": {"counts": {"0x0": 650, "0x1": 636, "0x2": 1180, "0x3": 557, "0x4": 187, "0x5": 279, "0x6": 356, "0x7": 251}, "snapshots": null, "memory": null, "statevector": null, "unitary": null}}, {"shots": 4096, "success": true, "status": null, "seed": null, "meas_level": 2, "meas_return": null, "header": {"qubit_labels": [["q", 0], ["q", 1], ["q", 2], ["q", 3], ["q", 4]], "n_qubits": 5, "qreg_sizes": [["q", 5]], "clbit_labels": [["c", 0], ["c", 1], ["c", 2]], "memory_slots": 3, "creg_sizes": [["c", 3]], "name": "circuit-773109", "global_phase": 3.9269908169872583, "metadata": {}}, "data": {"counts": {"0x0": 420, "0x1": 563, "0x2": 486, "0x3": 507, "0x4": 493, "0x5": 426, "0x6": 679, "0x7": 522}, "snapshots": null, "memory": null, "statevector": null, "unitary": null}}, {"shots": 4096, "success": true, "status": null, "seed": null, "meas_level": 2, "meas_return": null, "header": {"qubit_labels": [["q", 0], ["q", 1], ["q", 2], ["q", 3], ["q", 4]], "n_qubits": 5, "qreg_sizes": [["q", 5]], "clbit_labels": [["c", 0], ["c", 1], ["c", 2]], "memory_slots": 3, "creg_sizes": [["c", 3]], "name": "circuit-773110", "global_phase": 3.1415926535898357, "metadata": {}}, "data": {"counts": {"0x0": 1493, "0x1": 473, "0x2": 772, "0x3": 247, "0x4": 407, "0x5": 333, "0x6": 215, "0x7": 156}, "snapshots": null, "memory": null, "statevector": null, "unitary": null}}, {"shots": 4096, "success": true, "status": null, "seed": null, "meas_level": 2, "meas_return": null, "header": {"qubit_labels": [["q", 0], ["q", 1], ["q", 2], ["q", 3], ["q", 4]], "n_qubits": 5, "qreg_sizes": [["q", 5]], "clbit_labels": [["c", 0], ["c", 1], ["c", 2]], "memory_slots": 3, "creg_sizes": [["c", 3]], "name": "circuit-775608", "global_phase": 2.3561944901923626, "metadata": {}}, "data": {"counts": {"0x0": 506, "0x1": 484, "0x2": 488, "0x3": 564, "0x4": 520, "0x5": 480, "0x6": 520, "0x7": 534}, "snapshots": null, "memory": null, "statevector": null, "unitary": null}}, {"shots": 4096, "success": true, "status": null, "seed": null, "meas_level": 2, "meas_return": null, "header": {"qubit_labels": [["q", 0], ["q", 1], ["q", 2], ["q", 3], ["q", 4]], "n_qubits": 5, "qreg_sizes": [["q", 5]], "clbit_labels": [["c", 0], ["c", 1], ["c", 2]], "memory_slots": 3, "creg_sizes": [["c", 3]], "name": "circuit-775609", "global_phase": 3.108624468950438e-14, "metadata": {}}, "data": {"counts": {"0x0": 984, "0x1": 578, "0x2": 906, "0x3": 435, "0x4": 373, "0x5": 285, "0x6": 289, "0x7": 246}, "snapshots": null, "memory": null, "statevector": null, "unitary": null}}, {"shots": 4096, "success": true, "status": null, "seed": null, "meas_level": 2, "meas_return": null, "header": {"qubit_labels": [["q", 0], ["q", 1], ["q", 2], ["q", 3], ["q", 4]], "n_qubits": 5, "qreg_sizes": [["q", 5]], "clbit_labels": [["c", 0], ["c", 1], ["c", 2]], "memory_slots": 3, "creg_sizes": [["c", 3]], "name": "circuit-778247", "global_phase": 3.9269908169872654, "metadata": {}}, "data": {"counts": {"0x0": 468, "0x1": 537, "0x2": 496, "0x3": 638, "0x4": 425, "0x5": 560, "0x6": 436, "0x7": 536}, "snapshots": null, "memory": null, "statevector": null, "unitary": null}}, {"shots": 4096, "success": true, "status": null, "seed": null, "meas_level": 2, "meas_return": null, "header": {"qubit_labels": [["q", 0], ["q", 1], ["q", 2], ["q", 3], ["q", 4]], "n_qubits": 5, "qreg_sizes": [["q", 5]], "clbit_labels": [["c", 0], ["c", 1], ["c", 2]], "memory_slots": 3, "creg_sizes": [["c", 3]], "name": "circuit-778248", "global_phase": 3.1415926535898344, "metadata": {}}, "data": {"counts": {"0x0": 1001, "0x1": 645, "0x2": 806, "0x3": 453, "0x4": 345, "0x5": 298, "0x6": 268, "0x7": 280}, "snapshots": null, "memory": null, "statevector": null, "unitary": null}}, {"shots": 4096, "success": true, "status": null, "seed": null, "meas_level": 2, "meas_return": null, "header": {"qubit_labels": [["q", 0], ["q", 1], ["q", 2], ["q", 3], ["q", 4]], "n_qubits": 5, "qreg_sizes": [["q", 5]], "clbit_labels": [["c", 0], ["c", 1], ["c", 2]], "memory_slots": 3, "creg_sizes": [["c", 3]], "name": "circuit-781075", "global_phase": 3.926990816987262, "metadata": {}}, "data": {"counts": {"0x0": 538, "0x1": 461, "0x2": 539, "0x3": 626, "0x4": 408, "0x5": 506, "0x6": 427, "0x7": 591}, "snapshots": null, "memory": null, "statevector": null, "unitary": null}}, {"shots": 4096, "success": true, "status": null, "seed": null, "meas_level": 2, "meas_return": null, "header": {"qubit_labels": [["q", 0], ["q", 1], ["q", 2], ["q", 3], ["q", 4]], "n_qubits": 5, "qreg_sizes": [["q", 5]], "clbit_labels": [["c", 0], ["c", 1], ["c", 2]], "memory_slots": 3, "creg_sizes": [["c", 3]], "name": "circuit-781076", "global_phase": 4.71238898038474, "metadata": {}}, "data": {"counts": {"0x0": 1208, "0x1": 583, "0x2": 812, "0x3": 339, "0x4": 371, "0x5": 351, "0x6": 255, "0x7": 177}, "snapshots": null, "memory": null, "statevector": null, "unitary": null}}, {"shots": 4096, "success": true, "status": null, "seed": null, "meas_level": 2, "meas_return": null, "header": {"qubit_labels": [["q", 0], ["q", 1], ["q", 2], ["q", 3], ["q", 4]], "n_qubits": 5, "qreg_sizes": [["q", 5]], "clbit_labels": [["c", 0], ["c", 1], ["c", 2]], "memory_slots": 3, "creg_sizes": [["c", 3]], "name": "circuit-784021", "global_phase": 2.3561944901923795, "metadata": {}}, "data": {"counts": {"0x0": 466, "0x1": 555, "0x2": 518, "0x3": 553, "0x4": 396, "0x5": 510, "0x6": 551, "0x7": 547}, "snapshots": null, "memory": null, "statevector": null, "unitary": null}}, {"shots": 4096, "success": true, "status": null, "seed": null, "meas_level": 2, "meas_return": null, "header": {"qubit_labels": [["q", 0], ["q", 1], ["q", 2], ["q", 3], ["q", 4]], "n_qubits": 5, "qreg_sizes": [["q", 5]], "clbit_labels": [["c", 0], ["c", 1], ["c", 2]], "memory_slots": 3, "creg_sizes": [["c", 3]], "name": "circuit-784022", "global_phase": 1.5707963267949463, "metadata": {}}, "data": {"counts": {"0x0": 1198, "0x1": 586, "0x2": 675, "0x3": 300, "0x4": 477, "0x5": 362, "0x6": 269, "0x7": 229}, "snapshots": null, "memory": null, "statevector": null, "unitary": null}}], "error": null}