{"backend_name": "ibmq_manila", "backend_version": "1.0.35", "qobj_id": "eed046db-3dbb-4db7-a735-672efdfdeb75", "job_id": "62ebe53c0be8beb3c85a3e74", "date": "2022-08-04T16:37:05Z", "success": true, "status": "Successful completion", "execution_id": "5b3b068e-1413-11ed-9fb7-bc97e15b08d0", "time_taken": 136.27226185798645, "header": {"backend_name": "ibmq_manila", "backend_version": "1.0.35"}, "results": [{"shots": 4096, "success": true, "status": null, "seed": null, "meas_level": 2, "meas_return": null, "header": {"qubit_labels": [["q", 0], ["q", 1], ["q", 2], ["q", 3], ["q", 4]], "n_qubits": 5, "qreg_sizes": [["q", 5]], "clbit_labels": [["c", 0], ["c", 1], ["c", 2]], "memory_slots": 3, "creg_sizes": [["c", 3]], "name": "circuit-3042802", "global_phase": 0.0, "metadata": {}}, "data": {"counts": {"0x0": 715, "0x1": 471, "0x2": 446, "0x3": 761, "0x4": 514, "0x5": 412, "0x6": 325, "0x7": 452}, "snapshots": null, "memory": null, "statevector": null, "unitary": null}}, {"shots": 4096, "success": true, "status": null, "seed": null, "meas_level": 2, "meas_return": null, "header": {"qubit_labels": [["q", 0], ["q", 1], ["q", 2], ["q", 3], ["q", 4]], "n_qubits": 5, "qreg_sizes": [["q", 5]], "clbit_labels": [["c", 0], ["c", 1], ["c", 2]], "memory_slots": 3, "creg_sizes": [["c", 3]], "name": "circuit-3042803", "global_phase": 0.0, "metadata": {}}, "data": {"counts": {"0x0": 2334, "0x1": 349, "0x2": 465, "0x3": 96, "0x4": 523, "0x5": 189, "0x6": 104, "0x7": 36}, "snapshots": null, "memory": null, "statevector": null, "unitary": null}}, {"shots": 4096, "success": true, "status": null, "seed": null, "meas_level": 2, "meas_return": null, "header": {"qubit_labels": [["q", 0], ["q", 1], ["q", 2], ["q", 3], ["q", 4]], "n_qubits": 5, "qreg_sizes": [["q", 5]], "clbit_labels": [["c", 0], ["c", 1], ["c", 2]], "memory_slots": 3, "creg_sizes": [["c", 3]], "name": "circuit-3044596", "global_phase": 0.0, "metadata": {}}, "data": {"counts": {"0x0": 467, "0x1": 668, "0x2": 685, "0x3": 466, "0x4": 408, "0x5": 541, "0x6": 569, "0x7": 292}, "snapshots": null, "memory": null, "statevector": null, "unitary": null}}, {"shots": 4096, "success": true, "status": null, "seed": null, "meas_level": 2, "meas_return": null, "header": {"qubit_labels": [["q", 0], ["q", 1], ["q", 2], ["q", 3], ["q", 4]], "n_qubits": 5, "qreg_sizes": [["q", 5]], "clbit_labels": [["c", 0], ["c", 1], ["c", 2]], "memory_slots": 3, "creg_sizes": [["c", 3]], "name": "circuit-3044597", "global_phase": 0.0, "metadata": {}}, "data": {"counts": {"0x0": 1993, "0x1": 288, "0x2": 379, "0x3": 73, "0x4": 893, "0x5": 207, "0x6": 207, "0x7": 56}, "snapshots": null, "memory": null, "statevector": null, "unitary": null}}, {"shots": 4096, "success": true, "status": null, "seed": null, "meas_level": 2, "meas_return": null, "header": {"qubit_labels": [["q", 0], ["q", 1], ["q", 2], ["q", 3], ["q", 4]], "n_qubits": 5, "qreg_sizes": [["q", 5]], "clbit_labels": [["c", 0], ["c", 1], ["c", 2]], "memory_slots": 3, "creg_sizes": [["c", 3]], "name": "circuit-3046511", "global_phase": 0.0, "metadata": {}}, "data": {"counts": {"0x0": 715, "0x1": 397, "0x2": 399, "0x3": 653, "0x4": 531, "0x5": 573, "0x6": 515, "0x7": 313}, "snapshots": null, "memory": null, "statevector": null, "unitary": null}}, {"shots": 4096, "success": true, "status": null, "seed": null, "meas_level": 2, "meas_return": null, "header": {"qubit_labels": [["q", 0], ["q", 1], ["q", 2], ["q", 3], ["q", 4]], "n_qubits": 5, "qreg_sizes": [["q", 5]], "clbit_labels": [["c", 0], ["c", 1], ["c", 2]], "memory_slots": 3, "creg_sizes": [["c", 3]], "name": "circuit-3046512", "global_phase": 0.0, "metadata": {}}, "data": {"counts": {"0x0": 2092, "0x1": 487, "0x2": 521, "0x3": 134, "0x4": 538, "0x5": 155, "0x6": 123, "0x7": 46}, "snapshots": null, "memory": null, "statevector": null, "unitary": null}}, {"shots": 4096, "success": true, "status": null, "seed": null, "meas_level": 2, "meas_return": null, "header": {"qubit_labels": [["q", 0], ["q", 1], ["q", 2], ["q", 3], ["q", 4]], "n_qubits": 5, "qreg_sizes": [["q", 5]], "clbit_labels": [["c", 0], ["c", 1], ["c", 2]], "memory_slots": 3, "creg_sizes": [["c", 3]], "name": "circuit-3048557", "global_phase": 0.0, "metadata": {}}, "data": {"counts": {"0x0": 364, "0x1": 417, "0x2": 478, "0x3": 355, "0x4": 371, "0x5": 822, "0x6": 984, "0x7": 305}, "snapshots": null, "memory": null, "statevector": null, "unitary": null}}, {"shots": 4096, "success": true, "status": null, "seed": null, "meas_level": 2, "meas_return": null, "header": {"qubit_labels": [["q", 0], ["q", 1], ["q", 2], ["q", 3], ["q", 4]], "n_qubits": 5, "qreg_sizes": [["q", 5]], "clbit_labels": [["c", 0], ["c", 1], ["c", 2]], "memory_slots": 3, "creg_sizes": [["c", 3]], "name": "circuit-3048558", "global_phase": 0.0, "metadata": {}}, "data": {"counts": {"0x0": 1575, "0x1": 452, "0x2": 450, "0x3": 101, "0x4": 909, "0x5": 299, "0x6": 244, "0x7": 66}, "snapshots": null, "memory": null, "statevector": null, "unitary": null}}, {"shots": 4096, "success": true, "status": null, "seed": null, "meas_level": 2, "meas_return": null, "header": {"qubit_labels": [["q", 0], ["q", 1], ["q", 2], ["q", 3], ["q", 4]], "n_qubits": 5, "qreg_sizes": [["q", 5]], "clbit_labels": [["c", 0], ["c", 1], ["c", 2]], "memory_slots": 3, "creg_sizes": [["c", 3]], "name": "circuit-3050751", "global_phase": 0.0, "metadata": {}}, "data": {"counts": {"0x0": 499, "0x1": 436, "0x2": 398, "0x3": 488, "0x4": 483, "0x5": 679, "0x6": 749, "0x7": 364}, "snapshots": null, "memory": null, "statevector": null, "unitary": null}}, {"shots": 4096, "success": true, "status": null, "seed": null, "meas_level": 2, "meas_return": null, "header": {"qubit_labels": [["q", 0], ["q", 1], ["q", 2], ["q", 3], ["q", 4]], "n_qubits": 5, "qreg_sizes": [["q", 5]], "clbit_labels": [["c", 0], ["c", 1], ["c", 2]], "memory_slots": 3, "creg_sizes": [["c", 3]], "name": "circuit-3050752", "global_phase": 0.0, "metadata": {}}, "data": {"counts": {"0x0": 1975, "0x1": 480, "0x2": 659, "0x3": 143, "0x4": 410, "0x5": 222, "0x6": 151, "0x7": 56}, "snapshots": null, "memory": null, "statevector": null, "unitary": null}}, {"shots": 4096, "success": true, "status": null, "seed": null, "meas_level": 2, "meas_return": null, "header": {"qubit_labels": [["q", 0], ["q", 1], ["q", 2], ["q", 3], ["q", 4]], "n_qubits": 5, "qreg_sizes": [["q", 5]], "clbit_labels": [["c", 0], ["c", 1], ["c", 2]], "memory_slots": 3, "creg_sizes": [["c", 3]], "name": "circuit-3053131", "global_phase": 0.0, "metadata": {}}, "data": {"counts": {"0x0": 438, "0x1": 457, "0x2": 464, "0x3": 424, "0x4": 436, "0x5": 712, "0x6": 806, "0x7": 359}, "snapshots": null, "memory": null, "statevector": null, "unitary": null}}, {"shots": 4096, "success": true, "status": null, "seed": null, "meas_level": 2, "meas_return": null, "header": {"qubit_labels": [["q", 0], ["q", 1], ["q", 2], ["q", 3], ["q", 4]], "n_qubits": 5, "qreg_sizes": [["q", 5]], "clbit_labels": [["c", 0], ["c", 1], ["c", 2]], "memory_slots": 3, "creg_sizes": [["c", 3]], "name": "circuit-3053132", "global_phase": 0.0, "metadata": {}}, "data": {"counts": {"0x0": 1887, "0x1": 411, "0x2": 605, "0x3": 143, "0x4": 571, "0x5": 223, "0x6": 182, "0x7": 74}, "snapshots": null, "memory": null, "statevector": null, "unitary": null}}, {"shots": 4096, "success": true, "status": null, "seed": null, "meas_level": 2, "meas_return": null, "header": {"qubit_labels": [["q", 0], ["q", 1], ["q", 2], ["q", 3], ["q", 4]], "n_qubits": 5, "qreg_sizes": [["q", 5]], "clbit_labels": [["c", 0], ["c", 1], ["c", 2]], "memory_slots": 3, "creg_sizes": [["c", 3]], "name": "circuit-3055568", "global_phase": 0.0, "metadata": {}}, "data": {"counts": {"0x0": 585, "0x1": 470, "0x2": 485, "0x3": 682, "0x4": 424, "0x5": 481, "0x6": 544, "0x7": 425}, "snapshots": null, "memory": null, "statevector": null, "unitary": null}}, {"shots": 4096, "success": true, "status": null, "seed": null, "meas_level": 2, "meas_return": null, "header": {"qubit_labels": [["q", 0], ["q", 1], ["q", 2], ["q", 3], ["q", 4]], "n_qubits": 5, "qreg_sizes": [["q", 5]], "clbit_labels": [["c", 0], ["c", 1], ["c", 2]], "memory_slots": 3, "creg_sizes": [["c", 3]], "name": "circuit-3055569", "global_phase": 0.0, "metadata": {}}, "data": {"counts": {"0x0": 1508, "0x1": 342, "0x2": 418, "0x3": 124, "0x4": 1048, "0x5": 272, "0x6": 295, "0x7": 89}, "snapshots": null, "memory": null, "statevector": null, "unitary": null}}, {"shots": 4096, "success": true, "status": null, "seed": null, "meas_level": 2, "meas_return": null, "header": {"qubit_labels": [["q", 0], ["q", 1], ["q", 2], ["q", 3], ["q", 4]], "n_qubits": 5, "qreg_sizes": [["q", 5]], "clbit_labels": [["c", 0], ["c", 1], ["c", 2]], "memory_slots": 3, "creg_sizes": [["c", 3]], "name": "circuit-3058107", "global_phase": 0.0, "metadata": {}}, "data": {"counts": {"0x0": 596, "0x1": 397, "0x2": 438, "0x3": 461, "0x4": 583, "0x5": 592, "0x6": 573, "0x7": 456}, "snapshots": null, "memory": null, "statevector": null, "unitary": null}}, {"shots": 4096, "success": true, "status": null, "seed": null, "meas_level": 2, "meas_return": null, "header": {"qubit_labels": [["q", 0], ["q", 1], ["q", 2], ["q", 3], ["q", 4]], "n_qubits": 5, "qreg_sizes": [["q", 5]], "clbit_labels": [["c", 0], ["c", 1], ["c", 2]], "memory_slots": 3, "creg_sizes": [["c", 3]], "name": "circuit-3058108", "global_phase": 0.0, "metadata": {}}, "data": {"counts": {"0x0": 923, "0x1": 428, "0x2": 396, "0x3": 142, "0x4": 1120, "0x5": 447, "0x6": 506, "0x7": 134}, "snapshots": null, "memory": null, "statevector": null, "unitary": null}}, {"shots": 4096, "success": true, "status": null, "seed": null, "meas_level": 2, "meas_return": null, "header": {"qubit_labels": [["q", 0], ["q", 1], ["q", 2], ["q", 3], ["q", 4]], "n_qubits": 5, "qreg_sizes": [["q", 5]], "clbit_labels": [["c", 0], ["c", 1], ["c", 2]], "memory_slots": 3, "creg_sizes": [["c", 3]], "name": "circuit-3060855", "global_phase": 0.0, "metadata": {}}, "data": {"counts": {"0x0": 494, "0x1": 544, "0x2": 590, "0x3": 404, "0x4": 685, "0x5": 486, "0x6": 415, "0x7": 478}, "snapshots": null, "memory": null, "statevector": null, "unitary": null}}, {"shots": 4096, "success": true, "status": null, "seed": null, "meas_level": 2, "meas_return": null, "header": {"qubit_labels": [["q", 0], ["q", 1], ["q", 2], ["q", 3], ["q", 4]], "n_qubits": 5, "qreg_sizes": [["q", 5]], "clbit_labels": [["c", 0], ["c", 1], ["c", 2]], "memory_slots": 3, "creg_sizes": [["c", 3]], "name": "circuit-3060856", "global_phase": 0.0, "metadata": {}}, "data": {"counts": {"0x0": 1598, "0x1": 572, "0x2": 634, "0x3": 188, "0x4": 523, "0x5": 310, "0x6": 167, "0x7": 104}, "snapshots": null, "memory": null, "statevector": null, "unitary": null}}, {"shots": 4096, "success": true, "status": null, "seed": null, "meas_level": 2, "meas_return": null, "header": {"qubit_labels": [["q", 0], ["q", 1], ["q", 2], ["q", 3], ["q", 4]], "n_qubits": 5, "qreg_sizes": [["q", 5]], "clbit_labels": [["c", 0], ["c", 1], ["c", 2]], "memory_slots": 3, "creg_sizes": [["c", 3]], "name": "circuit-3063802", "global_phase": 0.0, "metadata": {}}, "data": {"counts": {"0x0": 595, "0x1": 573, "0x2": 414, "0x3": 500, "0x4": 594, "0x5": 394, "0x6": 402, "0x7": 624}, "snapshots": null, "memory": null, "statevector": null, "unitary": null}}, {"shots": 4096, "success": true, "status": null, "seed": null, "meas_level": 2, "meas_return": null, "header": {"qubit_labels": [["q", 0], ["q", 1], ["q", 2], ["q", 3], ["q", 4]], "n_qubits": 5, "qreg_sizes": [["q", 5]], "clbit_labels": [["c", 0], ["c", 1], ["c", 2]], "memory_slots": 3, "creg_sizes": [["c", 3]], "name": "circuit-3063803", "global_phase": 0.0, "metadata": {}}, "data": {"counts": {"0x0": 1193, "0x1": 550, "0x2": 687, "0x3": 247, "0x4": 586, "0x5": 350, "0x6": 346, "0x7": 137}, "snapshots": null, "memory": null, "statevector": null, "unitary": null}}, {"shots": 4096, "success": true, "status": null, "seed": null, "meas_level": 2, "meas_return": null, "header": {"qubit_labels": [["q", 0], ["q", 1], ["q", 2], ["q", 3], ["q", 4]], "n_qubits": 5, "qreg_sizes": [["q", 5]], "clbit_labels": [["c", 0], ["c", 1], ["c", 2]], "memory_slots": 3, "creg_sizes": [["c", 3]], "name": "circuit-3066832", "global_phase": 0.0, "metadata": {}}, "data": {"counts": {"0x0": 1130, "0x1": 143, "0x2": 171, "0x3": 958, "0x4": 205, "0x5": 744, "0x6": 630, "0x7": 115}, "snapshots": null, "memory": null, "statevector": null, "unitary": null}}, {"shots": 4096, "success": true, "status": null, "seed": null, "meas_level": 2, "meas_return": null, "header": {"qubit_labels": [["q", 0], ["q", 1], ["q", 2], ["q", 3], ["q", 4]], "n_qubits": 5, "qreg_sizes": [["q", 5]], "clbit_labels": [["c", 0], ["c", 1], ["c", 2]], "memory_slots": 3, "creg_sizes": [["c", 3]], "name": "circuit-3066833", "global_phase": 0.0, "metadata": {}}, "data": {"counts": {"0x0": 3622, "0x1": 90, "0x2": 174, "0x3": 3, "0x4": 111, "0x5": 84, "0x6": 5, "0x7": 7}, "snapshots": null, "memory": null, "statevector": null, "unitary": null}}, {"shots": 4096, "success": true, "status": null, "seed": null, "meas_level": 2, "meas_return": null, "header": {"qubit_labels": [["q", 0], ["q", 1], ["q", 2], ["q", 3], ["q", 4]], "n_qubits": 5, "qreg_sizes": [["q", 5]], "clbit_labels": [["c", 0], ["c", 1], ["c", 2]], "memory_slots": 3, "creg_sizes": [["c", 3]], "name": "circuit-3067181", "global_phase": 0.0, "metadata": {}}, "data": {"counts": {"0x0": 912, "0x1": 304, "0x2": 400, "0x3": 753, "0x4": 329, "0x5": 655, "0x6": 526, "0x7": 217}, "snapshots": null, "memory": null, "statevector": null, "unitary": null}}, {"shots": 4096, "success": true, "status": null, "seed": null, "meas_level": 2, "meas_return": null, "header": {"qubit_labels": [["q", 0], ["q", 1], ["q", 2], ["q", 3], ["q", 4]], "n_qubits": 5, "qreg_sizes": [["q", 5]], "clbit_labels": [["c", 0], ["c", 1], ["c", 2]], "memory_slots": 3, "creg_sizes": [["c", 3]], "name": "circuit-3067182", "global_phase": 0.0, "metadata": {}}, "data": {"counts": {"0x0": 3463, "0x1": 162, "0x2": 195, "0x3": 12, "0x4": 217, "0x5": 32, "0x6": 13, "0x7": 2}, "snapshots": null, "memory": null, "statevector": null, "unitary": null}}, {"shots": 4096, "success": true, "status": null, "seed": null, "meas_level": 2, "meas_return": null, "header": {"qubit_labels": [["q", 0], ["q", 1], ["q", 2], ["q", 3], ["q", 4]], "n_qubits": 5, "qreg_sizes": [["q", 5]], "clbit_labels": [["c", 0], ["c", 1], ["c", 2]], "memory_slots": 3, "creg_sizes": [["c", 3]], "name": "circuit-3067682", "global_phase": 0.0, "metadata": {}}, "data": {"counts": {"0x0": 926, "0x1": 440, "0x2": 495, "0x3": 659, "0x4": 408, "0x5": 449, "0x6": 358, "0x7": 361}, "snapshots": null, "memory": null, "statevector": null, "unitary": null}}, {"shots": 4096, "success": true, "status": null, "seed": null, "meas_level": 2, "meas_return": null, "header": {"qubit_labels": [["q", 0], ["q", 1], ["q", 2], ["q", 3], ["q", 4]], "n_qubits": 5, "qreg_sizes": [["q", 5]], "clbit_labels": [["c", 0], ["c", 1], ["c", 2]], "memory_slots": 3, "creg_sizes": [["c", 3]], "name": "circuit-3067683", "global_phase": 0.0, "metadata": {}}, "data": {"counts": {"0x0": 3243, "0x1": 212, "0x2": 235, "0x3": 19, "0x4": 304, "0x5": 57, "0x6": 21, "0x7": 5}, "snapshots": null, "memory": null, "statevector": null, "unitary": null}}, {"shots": 4096, "success": true, "status": null, "seed": null, "meas_level": 2, "meas_return": null, "header": {"qubit_labels": [["q", 0], ["q", 1], ["q", 2], ["q", 3], ["q", 4]], "n_qubits": 5, "qreg_sizes": [["q", 5]], "clbit_labels": [["c", 0], ["c", 1], ["c", 2]], "memory_slots": 3, "creg_sizes": [["c", 3]], "name": "circuit-3068267", "global_phase": 0.0, "metadata": {}}, "data": {"counts": {"0x0": 685, "0x1": 588, "0x2": 551, "0x3": 501, "0x4": 545, "0x5": 421, "0x6": 358, "0x7": 447}, "snapshots": null, "memory": null, "statevector": null, "unitary": null}}, {"shots": 4096, "success": true, "status": null, "seed": null, "meas_level": 2, "meas_return": null, "header": {"qubit_labels": [["q", 0], ["q", 1], ["q", 2], ["q", 3], ["q", 4]], "n_qubits": 5, "qreg_sizes": [["q", 5]], "clbit_labels": [["c", 0], ["c", 1], ["c", 2]], "memory_slots": 3, "creg_sizes": [["c", 3]], "name": "circuit-3068268", "global_phase": 0.0, "metadata": {}}, "data": {"counts": {"0x0": 3111, "0x1": 167, "0x2": 292, "0x3": 14, "0x4": 388, "0x5": 86, "0x6": 32, "0x7": 6}, "snapshots": null, "memory": null, "statevector": null, "unitary": null}}, {"shots": 4096, "success": true, "status": null, "seed": null, "meas_level": 2, "meas_return": null, "header": {"qubit_labels": [["q", 0], ["q", 1], ["q", 2], ["q", 3], ["q", 4]], "n_qubits": 5, "qreg_sizes": [["q", 5]], "clbit_labels": [["c", 0], ["c", 1], ["c", 2]], "memory_slots": 3, "creg_sizes": [["c", 3]], "name": "circuit-3069023", "global_phase": 0.0, "metadata": {}}, "data": {"counts": {"0x0": 389, "0x1": 650, "0x2": 555, "0x3": 227, "0x4": 907, "0x5": 352, "0x6": 291, "0x7": 725}, "snapshots": null, "memory": null, "statevector": null, "unitary": null}}, {"shots": 4096, "success": true, "status": null, "seed": null, "meas_level": 2, "meas_return": null, "header": {"qubit_labels": [["q", 0], ["q", 1], ["q", 2], ["q", 3], ["q", 4]], "n_qubits": 5, "qreg_sizes": [["q", 5]], "clbit_labels": [["c", 0], ["c", 1], ["c", 2]], "memory_slots": 3, "creg_sizes": [["c", 3]], "name": "circuit-3069024", "global_phase": 0.0, "metadata": {}}, "data": {"counts": {"0x0": 2954, "0x1": 299, "0x2": 309, "0x3": 41, "0x4": 302, "0x5": 152, "0x6": 27, "0x7": 12}, "snapshots": null, "memory": null, "statevector": null, "unitary": null}}, {"shots": 4096, "success": true, "status": null, "seed": null, "meas_level": 2, "meas_return": null, "header": {"qubit_labels": [["q", 0], ["q", 1], ["q", 2], ["q", 3], ["q", 4]], "n_qubits": 5, "qreg_sizes": [["q", 5]], "clbit_labels": [["c", 0], ["c", 1], ["c", 2]], "memory_slots": 3, "creg_sizes": [["c", 3]], "name": "circuit-3069934", "global_phase": 0.0, "metadata": {}}, "data": {"counts": {"0x0": 403, "0x1": 923, "0x2": 752, "0x3": 268, "0x4": 610, "0x5": 225, "0x6": 231, "0x7": 684}, "snapshots": null, "memory": null, "statevector": null, "unitary": null}}, {"shots": 4096, "success": true, "status": null, "seed": null, "meas_level": 2, "meas_return": null, "header": {"qubit_labels": [["q", 0], ["q", 1], ["q", 2], ["q", 3], ["q", 4]], "n_qubits": 5, "qreg_sizes": [["q", 5]], "clbit_labels": [["c", 0], ["c", 1], ["c", 2]], "memory_slots": 3, "creg_sizes": [["c", 3]], "name": "circuit-3069935", "global_phase": 0.0, "metadata": {}}, "data": {"counts": {"0x0": 2817, "0x1": 286, "0x2": 394, "0x3": 52, "0x4": 348, "0x5": 141, "0x6": 35, "0x7": 23}, "snapshots": null, "memory": null, "statevector": null, "unitary": null}}, {"shots": 4096, "success": true, "status": null, "seed": null, "meas_level": 2, "meas_return": null, "header": {"qubit_labels": [["q", 0], ["q", 1], ["q", 2], ["q", 3], ["q", 4]], "n_qubits": 5, "qreg_sizes": [["q", 5]], "clbit_labels": [["c", 0], ["c", 1], ["c", 2]], "memory_slots": 3, "creg_sizes": [["c", 3]], "name": "circuit-3070964", "global_phase": 0.0, "metadata": {}}, "data": {"counts": {"0x0": 363, "0x1": 710, "0x2": 650, "0x3": 275, "0x4": 778, "0x5": 442, "0x6": 347, "0x7": 531}, "snapshots": null, "memory": null, "statevector": null, "unitary": null}}, {"shots": 4096, "success": true, "status": null, "seed": null, "meas_level": 2, "meas_return": null, "header": {"qubit_labels": [["q", 0], ["q", 1], ["q", 2], ["q", 3], ["q", 4]], "n_qubits": 5, "qreg_sizes": [["q", 5]], "clbit_labels": [["c", 0], ["c", 1], ["c", 2]], "memory_slots": 3, "creg_sizes": [["c", 3]], "name": "circuit-3070965", "global_phase": 0.0, "metadata": {}}, "data": {"counts": {"0x0": 2875, "0x1": 289, "0x2": 355, "0x3": 32, "0x4": 309, "0x5": 166, "0x6": 44, "0x7": 26}, "snapshots": null, "memory": null, "statevector": null, "unitary": null}}, {"shots": 4096, "success": true, "status": null, "seed": null, "meas_level": 2, "meas_return": null, "header": {"qubit_labels": [["q", 0], ["q", 1], ["q", 2], ["q", 3], ["q", 4]], "n_qubits": 5, "qreg_sizes": [["q", 5]], "clbit_labels": [["c", 0], ["c", 1], ["c", 2]], "memory_slots": 3, "creg_sizes": [["c", 3]], "name": "circuit-3072108", "global_phase": 0.0, "metadata": {}}, "data": {"counts": {"0x0": 322, "0x1": 531, "0x2": 494, "0x3": 267, "0x4": 1043, "0x5": 292, "0x6": 316, "0x7": 831}, "snapshots": null, "memory": null, "statevector": null, "unitary": null}}, {"shots": 4096, "success": true, "status": null, "seed": null, "meas_level": 2, "meas_return": null, "header": {"qubit_labels": [["q", 0], ["q", 1], ["q", 2], ["q", 3], ["q", 4]], "n_qubits": 5, "qreg_sizes": [["q", 5]], "clbit_labels": [["c", 0], ["c", 1], ["c", 2]], "memory_slots": 3, "creg_sizes": [["c", 3]], "name": "circuit-3072109", "global_phase": 0.0, "metadata": {}}, "data": {"counts": {"0x0": 2610, "0x1": 273, "0x2": 376, "0x3": 54, "0x4": 517, "0x5": 156, "0x6": 77, "0x7": 33}, "snapshots": null, "memory": null, "statevector": null, "unitary": null}}, {"shots": 4096, "success": true, "status": null, "seed": null, "meas_level": 2, "meas_return": null, "header": {"qubit_labels": [["q", 0], ["q", 1], ["q", 2], ["q", 3], ["q", 4]], "n_qubits": 5, "qreg_sizes": [["q", 5]], "clbit_labels": [["c", 0], ["c", 1], ["c", 2]], "memory_slots": 3, "creg_sizes": [["c", 3]], "name": "circuit-3073457", "global_phase": 0.0, "metadata": {}}, "data": {"counts": {"0x0": 487, "0x1": 592, "0x2": 692, "0x3": 477, "0x4": 605, "0x5": 365, "0x6": 404, "0x7": 474}, "snapshots": null, "memory": null, "statevector": null, "unitary": null}}, {"shots": 4096, "success": true, "status": null, "seed": null, "meas_level": 2, "meas_return": null, "header": {"qubit_labels": [["q", 0], ["q", 1], ["q", 2], ["q", 3], ["q", 4]], "n_qubits": 5, "qreg_sizes": [["q", 5]], "clbit_labels": [["c", 0], ["c", 1], ["c", 2]], "memory_slots": 3, "creg_sizes": [["c", 3]], "name": "circuit-3073458", "global_phase": 0.0, "metadata": {}}, "data": {"counts": {"0x0": 2470, "0x1": 276, "0x2": 486, "0x3": 75, "0x4": 522, "0x5": 129, "0x6": 113, "0x7": 25}, "snapshots": null, "memory": null, "statevector": null, "unitary": null}}, {"shots": 4096, "success": true, "status": null, "seed": null, "meas_level": 2, "meas_return": null, "header": {"qubit_labels": [["q", 0], ["q", 1], ["q", 2], ["q", 3], ["q", 4]], "n_qubits": 5, "qreg_sizes": [["q", 5]], "clbit_labels": [["c", 0], ["c", 1], ["c", 2]], "memory_slots": 3, "creg_sizes": [["c", 3]], "name": "circuit-3074942", "global_phase": 0.0, "metadata": {}}, "data": {"counts": {"0x0": 450, "0x1": 773, "0x2": 806, "0x3": 474, "0x4": 438, "0x5": 303, "0x6": 405, "0x7": 447}, "snapshots": null, "memory": null, "statevector": null, "unitary": null}}, {"shots": 4096, "success": true, "status": null, "seed": null, "meas_level": 2, "meas_return": null, "header": {"qubit_labels": [["q", 0], ["q", 1], ["q", 2], ["q", 3], ["q", 4]], "n_qubits": 5, "qreg_sizes": [["q", 5]], "clbit_labels": [["c", 0], ["c", 1], ["c", 2]], "memory_slots": 3, "creg_sizes": [["c", 3]], "name": "circuit-3074943", "global_phase": 0.0, "metadata": {}}, "data": {"counts": {"0x0": 2152, "0x1": 426, "0x2": 393, "0x3": 85, "0x4": 676, "0x5": 175, "0x6": 137, "0x7": 52}, "snapshots": null, "memory": null, "statevector": null, "unitary": null}}, {"shots": 4096, "success": true, "status": null, "seed": null, "meas_level": 2, "meas_return": null, "header": {"qubit_labels": [["q", 0], ["q", 1], ["q", 2], ["q", 3], ["q", 4]], "n_qubits": 5, "qreg_sizes": [["q", 5]], "clbit_labels": [["c", 0], ["c", 1], ["c", 2]], "memory_slots": 3, "creg_sizes": [["c", 3]], "name": "circuit-3076536", "global_phase": 0.0, "metadata": {}}, "data": {"counts": {"0x0": 689, "0x1": 395, "0x2": 398, "0x3": 701, "0x4": 621, "0x5": 380, "0x6": 452, "0x7": 460}, "snapshots": null, "memory": null, "statevector": null, "unitary": null}}, {"shots": 4096, "success": true, "status": null, "seed": null, "meas_level": 2, "meas_return": null, "header": {"qubit_labels": [["q", 0], ["q", 1], ["q", 2], ["q", 3], ["q", 4]], "n_qubits": 5, "qreg_sizes": [["q", 5]], "clbit_labels": [["c", 0], ["c", 1], ["c", 2]], "memory_slots": 3, "creg_sizes": [["c", 3]], "name": "circuit-3076537", "global_phase": 0.0, "metadata": {}}, "data": {"counts": {"0x0": 1873, "0x1": 786, "0x2": 511, "0x3": 119, "0x4": 469, "0x5": 174, "0x6": 131, "0x7": 33}, "snapshots": null, "memory": null, "statevector": null, "unitary": null}}, {"shots": 4096, "success": true, "status": null, "seed": null, "meas_level": 2, "meas_return": null, "header": {"qubit_labels": [["q", 0], ["q", 1], ["q", 2], ["q", 3], ["q", 4]], "n_qubits": 5, "qreg_sizes": [["q", 5]], "clbit_labels": [["c", 0], ["c", 1], ["c", 2]], "memory_slots": 3, "creg_sizes": [["c", 3]], "name": "circuit-3078298", "global_phase": 0.0, "metadata": {}}, "data": {"counts": {"0x0": 652, "0x1": 441, "0x2": 396, "0x3": 691, "0x4": 369, "0x5": 682, "0x6": 589, "0x7": 276}, "snapshots": null, "memory": null, "statevector": null, "unitary": null}}, {"shots": 4096, "success": true, "status": null, "seed": null, "meas_level": 2, "meas_return": null, "header": {"qubit_labels": [["q", 0], ["q", 1], ["q", 2], ["q", 3], ["q", 4]], "n_qubits": 5, "qreg_sizes": [["q", 5]], "clbit_labels": [["c", 0], ["c", 1], ["c", 2]], "memory_slots": 3, "creg_sizes": [["c", 3]], "name": "circuit-3078299", "global_phase": 0.0, "metadata": {}}, "data": {"counts": {"0x0": 1569, "0x1": 386, "0x2": 363, "0x3": 93, "0x4": 1037, "0x5": 323, "0x6": 225, "0x7": 100}, "snapshots": null, "memory": null, "statevector": null, "unitary": null}}, {"shots": 4096, "success": true, "status": null, "seed": null, "meas_level": 2, "meas_return": null, "header": {"qubit_labels": [["q", 0], ["q", 1], ["q", 2], ["q", 3], ["q", 4]], "n_qubits": 5, "qreg_sizes": [["q", 5]], "clbit_labels": [["c", 0], ["c", 1], ["c", 2]], "memory_slots": 3, "creg_sizes": [["c", 3]], "name": "circuit-3080190", "global_phase": 0.0, "metadata": {}}, "data": {"counts": {"0x0": 705, "0x1": 312, "0x2": 400, "0x3": 556, "0x4": 428, "0x5": 654, "0x6": 702, "0x7": 339}, "snapshots": null, "memory": null, "statevector": null, "unitary": null}}, {"shots": 4096, "success": true, "status": null, "seed": null, "meas_level": 2, "meas_return": null, "header": {"qubit_labels": [["q", 0], ["q", 1], ["q", 2], ["q", 3], ["q", 4]], "n_qubits": 5, "qreg_sizes": [["q", 5]], "clbit_labels": [["c", 0], ["c", 1], ["c", 2]], "memory_slots": 3, "creg_sizes": [["c", 3]], "name": "circuit-3080191", "global_phase": 0.0, "metadata": {}}, "data": {"counts": {"0x0": 2246, "0x1": 457, "0x2": 575, "0x3": 118, "0x4": 387, "0x5": 161, "0x6": 103, "0x7": 49}, "snapshots": null, "memory": null, "statevector": null, "unitary": null}}, {"shots": 4096, "success": true, "status": null, "seed": null, "meas_level": 2, "meas_return": null, "header": {"qubit_labels": [["q", 0], ["q", 1], ["q", 2], ["q", 3], ["q", 4]], "n_qubits": 5, "qreg_sizes": [["q", 5]], "clbit_labels": [["c", 0], ["c", 1], ["c", 2]], "memory_slots": 3, "creg_sizes": [["c", 3]], "name": "circuit-3082246", "global_phase": 0.0, "metadata": {}}, "data": {"counts": {"0x0": 616, "0x1": 353, "0x2": 431, "0x3": 519, "0x4": 412, "0x5": 651, "0x6": 776, "0x7": 338}, "snapshots": null, "memory": null, "statevector": null, "unitary": null}}, {"shots": 4096, "success": true, "status": null, "seed": null, "meas_level": 2, "meas_return": null, "header": {"qubit_labels": [["q", 0], ["q", 1], ["q", 2], ["q", 3], ["q", 4]], "n_qubits": 5, "qreg_sizes": [["q", 5]], "clbit_labels": [["c", 0], ["c", 1], ["c", 2]], "memory_slots": 3, "creg_sizes": [["c", 3]], "name": "circuit-3082247", "global_phase": 0.0, "metadata": {}}, "data": {"counts": {"0x0": 1393, "0x1": 377, "0x2": 389, "0x3": 95, "0x4": 1059, "0x5": 381, "0x6": 308, "0x7": 94}, "snapshots": null, "memory": null, "statevector": null, "unitary": null}}, {"shots": 4096, "success": true, "status": null, "seed": null, "meas_level": 2, "meas_return": null, "header": {"qubit_labels": [["q", 0], ["q", 1], ["q", 2], ["q", 3], ["q", 4]], "n_qubits": 5, "qreg_sizes": [["q", 5]], "clbit_labels": [["c", 0], ["c", 1], ["c", 2]], "memory_slots": 3, "creg_sizes": [["c", 3]], "name": "circuit-3084397", "global_phase": 0.0, "metadata": {}}, "data": {"counts": {"0x0": 542, "0x1": 359, "0x2": 409, "0x3": 541, "0x4": 429, "0x5": 690, "0x6": 768, "0x7": 358}, "snapshots": null, "memory": null, "statevector": null, "unitary": null}}, {"shots": 4096, "success": true, "status": null, "seed": null, "meas_level": 2, "meas_return": null, "header": {"qubit_labels": [["q", 0], ["q", 1], ["q", 2], ["q", 3], ["q", 4]], "n_qubits": 5, "qreg_sizes": [["q", 5]], "clbit_labels": [["c", 0], ["c", 1], ["c", 2]], "memory_slots": 3, "creg_sizes": [["c", 3]], "name": "circuit-3084398", "global_phase": 0.0, "metadata": {}}, "data": {"counts": {"0x0": 1669, "0x1": 494, "0x2": 476, "0x3": 136, "0x4": 694, "0x5": 360, "0x6": 179, "0x7": 88}, "snapshots": null, "memory": null, "statevector": null, "unitary": null}}, {"shots": 4096, "success": true, "status": null, "seed": null, "meas_level": 2, "meas_return": null, "header": {"qubit_labels": [["q", 0], ["q", 1], ["q", 2], ["q", 3], ["q", 4]], "n_qubits": 5, "qreg_sizes": [["q", 5]], "clbit_labels": [["c", 0], ["c", 1], ["c", 2]], "memory_slots": 3, "creg_sizes": [["c", 3]], "name": "circuit-3086687", "global_phase": 0.0, "metadata": {}}, "data": {"counts": {"0x0": 555, "0x1": 524, "0x2": 530, "0x3": 421, "0x4": 483, "0x5": 554, "0x6": 662, "0x7": 367}, "snapshots": null, "memory": null, "statevector": null, "unitary": null}}, {"shots": 4096, "success": true, "status": null, "seed": null, "meas_level": 2, "meas_return": null, "header": {"qubit_labels": [["q", 0], ["q", 1], ["q", 2], ["q", 3], ["q", 4]], "n_qubits": 5, "qreg_sizes": [["q", 5]], "clbit_labels": [["c", 0], ["c", 1], ["c", 2]], "memory_slots": 3, "creg_sizes": [["c", 3]], "name": "circuit-3086688", "global_phase": 0.0, "metadata": {}}, "data": {"counts": {"0x0": 1397, "0x1": 387, "0x2": 463, "0x3": 114, "0x4": 948, "0x5": 353, "0x6": 341, "0x7": 93}, "snapshots": null, "memory": null, "statevector": null, "unitary": null}}, {"shots": 4096, "success": true, "status": null, "seed": null, "meas_level": 2, "meas_return": null, "header": {"qubit_labels": [["q", 0], ["q", 1], ["q", 2], ["q", 3], ["q", 4]], "n_qubits": 5, "qreg_sizes": [["q", 5]], "clbit_labels": [["c", 0], ["c", 1], ["c", 2]], "memory_slots": 3, "creg_sizes": [["c", 3]], "name": "circuit-3089146", "global_phase": 0.0, "metadata": {}}, "data": {"counts": {"0x0": 501, "0x1": 556, "0x2": 609, "0x3": 492, "0x4": 459, "0x5": 570, "0x6": 536, "0x7": 373}, "snapshots": null, "memory": null, "statevector": null, "unitary": null}}, {"shots": 4096, "success": true, "status": null, "seed": null, "meas_level": 2, "meas_return": null, "header": {"qubit_labels": [["q", 0], ["q", 1], ["q", 2], ["q", 3], ["q", 4]], "n_qubits": 5, "qreg_sizes": [["q", 5]], "clbit_labels": [["c", 0], ["c", 1], ["c", 2]], "memory_slots": 3, "creg_sizes": [["c", 3]], "name": "circuit-3089147", "global_phase": 0.0, "metadata": {}}, "data": {"counts": {"0x0": 1985, "0x1": 399, "0x2": 697, "0x3": 125, "0x4": 459, "0x5": 215, "0x6": 148, "0x7": 68}, "snapshots": null, "memory": null, "statevector": null, "unitary": null}}, {"shots": 4096, "success": true, "status": null, "seed": null, "meas_level": 2, "meas_return": null, "header": {"qubit_labels": [["q", 0], ["q", 1], ["q", 2], ["q", 3], ["q", 4]], "n_qubits": 5, "qreg_sizes": [["q", 5]], "clbit_labels": [["c", 0], ["c", 1], ["c", 2]], "memory_slots": 3, "creg_sizes": [["c", 3]], "name": "circuit-3091724", "global_phase": 0.0, "metadata": {}}, "data": {"counts": {"0x0": 557, "0x1": 479, "0x2": 558, "0x3": 561, "0x4": 479, "0x5": 573, "0x6": 527, "0x7": 362}, "snapshots": null, "memory": null, "statevector": null, "unitary": null}}, {"shots": 4096, "success": true, "status": null, "seed": null, "meas_level": 2, "meas_return": null, "header": {"qubit_labels": [["q", 0], ["q", 1], ["q", 2], ["q", 3], ["q", 4]], "n_qubits": 5, "qreg_sizes": [["q", 5]], "clbit_labels": [["c", 0], ["c", 1], ["c", 2]], "memory_slots": 3, "creg_sizes": [["c", 3]], "name": "circuit-3091725", "global_phase": 0.0, "metadata": {}}, "data": {"counts": {"0x0": 1228, "0x1": 474, "0x2": 508, "0x3": 160, "0x4": 776, "0x5": 522, "0x6": 258, "0x7": 170}, "snapshots": null, "memory": null, "statevector": null, "unitary": null}}, {"shots": 4096, "success": true, "status": null, "seed": null, "meas_level": 2, "meas_return": null, "header": {"qubit_labels": [["q", 0], ["q", 1], ["q", 2], ["q", 3], ["q", 4]], "n_qubits": 5, "qreg_sizes": [["q", 5]], "clbit_labels": [["c", 0], ["c", 1], ["c", 2]], "memory_slots": 3, "creg_sizes": [["c", 3]], "name": "circuit-3094433", "global_phase": 0.0, "metadata": {}}, "data": {"counts": {"0x0": 663, "0x1": 463, "0x2": 455, "0x3": 563, "0x4": 615, "0x5": 381, "0x6": 403, "0x7": 553}, "snapshots": null, "memory": null, "statevector": null, "unitary": null}}, {"shots": 4096, "success": true, "status": null, "seed": null, "meas_level": 2, "meas_return": null, "header": {"qubit_labels": [["q", 0], ["q", 1], ["q", 2], ["q", 3], ["q", 4]], "n_qubits": 5, "qreg_sizes": [["q", 5]], "clbit_labels": [["c", 0], ["c", 1], ["c", 2]], "memory_slots": 3, "creg_sizes": [["c", 3]], "name": "circuit-3094434", "global_phase": 0.0, "metadata": {}}, "data": {"counts": {"0x0": 1232, "0x1": 366, "0x2": 488, "0x3": 230, "0x4": 967, "0x5": 351, "0x6": 334, "0x7": 128}, "snapshots": null, "memory": null, "statevector": null, "unitary": null}}, {"shots": 4096, "success": true, "status": null, "seed": null, "meas_level": 2, "meas_return": null, "header": {"qubit_labels": [["q", 0], ["q", 1], ["q", 2], ["q", 3], ["q", 4]], "n_qubits": 5, "qreg_sizes": [["q", 5]], "clbit_labels": [["c", 0], ["c", 1], ["c", 2]], "memory_slots": 3, "creg_sizes": [["c", 3]], "name": "circuit-3097384", "global_phase": 0.0, "metadata": {}}, "data": {"counts": {"0x0": 609, "0x1": 506, "0x2": 423, "0x3": 534, "0x4": 600, "0x5": 492, "0x6": 472, "0x7": 460}, "snapshots": null, "memory": null, "statevector": null, "unitary": null}}, {"shots": 4096, "success": true, "status": null, "seed": null, "meas_level": 2, "meas_return": null, "header": {"qubit_labels": [["q", 0], ["q", 1], ["q", 2], ["q", 3], ["q", 4]], "n_qubits": 5, "qreg_sizes": [["q", 5]], "clbit_labels": [["c", 0], ["c", 1], ["c", 2]], "memory_slots": 3, "creg_sizes": [["c", 3]], "name": "circuit-3097385", "global_phase": 0.0, "metadata": {}}, "data": {"counts": {"0x0": 1593, "0x1": 557, "0x2": 562, "0x3": 240, "0x4": 457, "0x5": 372, "0x6": 194, "0x7": 121}, "snapshots": null, "memory": null, "statevector": null, "unitary": null}}, {"shots": 4096, "success": true, "status": null, "seed": null, "meas_level": 2, "meas_return": null, "header": {"qubit_labels": [["q", 0], ["q", 1], ["q", 2], ["q", 3], ["q", 4]], "n_qubits": 5, "qreg_sizes": [["q", 5]], "clbit_labels": [["c", 0], ["c", 1], ["c", 2]], "memory_slots": 3, "creg_sizes": [["c", 3]], "name": "circuit-3100420", "global_phase": 0.0, "metadata": {}}, "data": {"counts": {"0x0": 1117, "0x1": 150, "0x2": 209, "0x3": 940, "0x4": 168, "0x5": 709, "0x6": 682, "0x7": 121}, "snapshots": null, "memory": null, "statevector": null, "unitary": null}}, {"shots": 4096, "success": true, "status": null, "seed": null, "meas_level": 2, "meas_return": null, "header": {"qubit_labels": [["q", 0], ["q", 1], ["q", 2], ["q", 3], ["q", 4]], "n_qubits": 5, "qreg_sizes": [["q", 5]], "clbit_labels": [["c", 0], ["c", 1], ["c", 2]], "memory_slots": 3, "creg_sizes": [["c", 3]], "name": "circuit-3100421", "global_phase": 0.0, "metadata": {}}, "data": {"counts": {"0x0": 3651, "0x1": 88, "0x2": 185, "0x3": 2, "0x4": 103, "0x5": 53, "0x6": 7, "0x7": 7}, "snapshots": null, "memory": null, "statevector": null, "unitary": null}}, {"shots": 4096, "success": true, "status": null, "seed": null, "meas_level": 2, "meas_return": null, "header": {"qubit_labels": [["q", 0], ["q", 1], ["q", 2], ["q", 3], ["q", 4]], "n_qubits": 5, "qreg_sizes": [["q", 5]], "clbit_labels": [["c", 0], ["c", 1], ["c", 2]], "memory_slots": 3, "creg_sizes": [["c", 3]], "name": "circuit-3100752", "global_phase": 0.0, "metadata": {}}, "data": {"counts": {"0x0": 1124, "0x1": 394, "0x2": 306, "0x3": 889, "0x4": 184, "0x5": 586, "0x6": 506, "0x7": 107}, "snapshots": null, "memory": null, "statevector": null, "unitary": null}}, {"shots": 4096, "success": true, "status": null, "seed": null, "meas_level": 2, "meas_return": null, "header": {"qubit_labels": [["q", 0], ["q", 1], ["q", 2], ["q", 3], ["q", 4]], "n_qubits": 5, "qreg_sizes": [["q", 5]], "clbit_labels": [["c", 0], ["c", 1], ["c", 2]], "memory_slots": 3, "creg_sizes": [["c", 3]], "name": "circuit-3100753", "global_phase": 0.0, "metadata": {}}, "data": {"counts": {"0x0": 3509, "0x1": 136, "0x2": 207, "0x3": 13, "0x4": 155, "0x5": 57, "0x6": 16, "0x7": 3}, "snapshots": null, "memory": null, "statevector": null, "unitary": null}}, {"shots": 4096, "success": true, "status": null, "seed": null, "meas_level": 2, "meas_return": null, "header": {"qubit_labels": [["q", 0], ["q", 1], ["q", 2], ["q", 3], ["q", 4]], "n_qubits": 5, "qreg_sizes": [["q", 5]], "clbit_labels": [["c", 0], ["c", 1], ["c", 2]], "memory_slots": 3, "creg_sizes": [["c", 3]], "name": "circuit-3101251", "global_phase": 0.0, "metadata": {}}, "data": {"counts": {"0x0": 808, "0x1": 430, "0x2": 388, "0x3": 570, "0x4": 647, "0x5": 427, "0x6": 354, "0x7": 472}, "snapshots": null, "memory": null, "statevector": null, "unitary": null}}, {"shots": 4096, "success": true, "status": null, "seed": null, "meas_level": 2, "meas_return": null, "header": {"qubit_labels": [["q", 0], ["q", 1], ["q", 2], ["q", 3], ["q", 4]], "n_qubits": 5, "qreg_sizes": [["q", 5]], "clbit_labels": [["c", 0], ["c", 1], ["c", 2]], "memory_slots": 3, "creg_sizes": [["c", 3]], "name": "circuit-3101252", "global_phase": 0.0, "metadata": {}}, "data": {"counts": {"0x0": 3045, "0x1": 134, "0x2": 243, "0x3": 14, "0x4": 504, "0x5": 110, "0x6": 38, "0x7": 8}, "snapshots": null, "memory": null, "statevector": null, "unitary": null}}, {"shots": 4096, "success": true, "status": null, "seed": null, "meas_level": 2, "meas_return": null, "header": {"qubit_labels": [["q", 0], ["q", 1], ["q", 2], ["q", 3], ["q", 4]], "n_qubits": 5, "qreg_sizes": [["q", 5]], "clbit_labels": [["c", 0], ["c", 1], ["c", 2]], "memory_slots": 3, "creg_sizes": [["c", 3]], "name": "circuit-3101877", "global_phase": 0.0, "metadata": {}}, "data": {"counts": {"0x0": 652, "0x1": 397, "0x2": 456, "0x3": 430, "0x4": 673, "0x5": 439, "0x6": 398, "0x7": 651}, "snapshots": null, "memory": null, "statevector": null, "unitary": null}}, {"shots": 4096, "success": true, "status": null, "seed": null, "meas_level": 2, "meas_return": null, "header": {"qubit_labels": [["q", 0], ["q", 1], ["q", 2], ["q", 3], ["q", 4]], "n_qubits": 5, "qreg_sizes": [["q", 5]], "clbit_labels": [["c", 0], ["c", 1], ["c", 2]], "memory_slots": 3, "creg_sizes": [["c", 3]], "name": "circuit-3101878", "global_phase": 0.0, "metadata": {}}, "data": {"counts": {"0x0": 2813, "0x1": 256, "0x2": 212, "0x3": 22, "0x4": 634, "0x5": 98, "0x6": 51, "0x7": 10}, "snapshots": null, "memory": null, "statevector": null, "unitary": null}}, {"shots": 4096, "success": true, "status": null, "seed": null, "meas_level": 2, "meas_return": null, "header": {"qubit_labels": [["q", 0], ["q", 1], ["q", 2], ["q", 3], ["q", 4]], "n_qubits": 5, "qreg_sizes": [["q", 5]], "clbit_labels": [["c", 0], ["c", 1], ["c", 2]], "memory_slots": 3, "creg_sizes": [["c", 3]], "name": "circuit-3102641", "global_phase": 0.0, "metadata": {}}, "data": {"counts": {"0x0": 374, "0x1": 682, "0x2": 647, "0x3": 255, "0x4": 765, "0x5": 427, "0x6": 350, "0x7": 596}, "snapshots": null, "memory": null, "statevector": null, "unitary": null}}, {"shots": 4096, "success": true, "status": null, "seed": null, "meas_level": 2, "meas_return": null, "header": {"qubit_labels": [["q", 0], ["q", 1], ["q", 2], ["q", 3], ["q", 4]], "n_qubits": 5, "qreg_sizes": [["q", 5]], "clbit_labels": [["c", 0], ["c", 1], ["c", 2]], "memory_slots": 3, "creg_sizes": [["c", 3]], "name": "circuit-3102642", "global_phase": 0.0, "metadata": {}}, "data": {"counts": {"0x0": 2993, "0x1": 155, "0x2": 288, "0x3": 17, "0x4": 427, "0x5": 155, "0x6": 43, "0x7": 18}, "snapshots": null, "memory": null, "statevector": null, "unitary": null}}, {"shots": 4096, "success": true, "status": null, "seed": null, "meas_level": 2, "meas_return": null, "header": {"qubit_labels": [["q", 0], ["q", 1], ["q", 2], ["q", 3], ["q", 4]], "n_qubits": 5, "qreg_sizes": [["q", 5]], "clbit_labels": [["c", 0], ["c", 1], ["c", 2]], "memory_slots": 3, "creg_sizes": [["c", 3]], "name": "circuit-3103545", "global_phase": 0.0, "metadata": {}}, "data": {"counts": {"0x0": 318, "0x1": 1174, "0x2": 1119, "0x3": 207, "0x4": 384, "0x5": 317, "0x6": 223, "0x7": 354}, "snapshots": null, "memory": null, "statevector": null, "unitary": null}}, {"shots": 4096, "success": true, "status": null, "seed": null, "meas_level": 2, "meas_return": null, "header": {"qubit_labels": [["q", 0], ["q", 1], ["q", 2], ["q", 3], ["q", 4]], "n_qubits": 5, "qreg_sizes": [["q", 5]], "clbit_labels": [["c", 0], ["c", 1], ["c", 2]], "memory_slots": 3, "creg_sizes": [["c", 3]], "name": "circuit-3103546", "global_phase": 0.0, "metadata": {}}, "data": {"counts": {"0x0": 2434, "0x1": 356, "0x2": 282, "0x3": 54, "0x4": 764, "0x5": 110, "0x6": 77, "0x7": 19}, "snapshots": null, "memory": null, "statevector": null, "unitary": null}}, {"shots": 4096, "success": true, "status": null, "seed": null, "meas_level": 2, "meas_return": null, "header": {"qubit_labels": [["q", 0], ["q", 1], ["q", 2], ["q", 3], ["q", 4]], "n_qubits": 5, "qreg_sizes": [["q", 5]], "clbit_labels": [["c", 0], ["c", 1], ["c", 2]], "memory_slots": 3, "creg_sizes": [["c", 3]], "name": "circuit-3104606", "global_phase": 0.0, "metadata": {}}, "data": {"counts": {"0x0": 380, "0x1": 722, "0x2": 673, "0x3": 266, "0x4": 767, "0x5": 282, "0x6": 299, "0x7": 707}, "snapshots": null, "memory": null, "statevector": null, "unitary": null}}, {"shots": 4096, "success": true, "status": null, "seed": null, "meas_level": 2, "meas_return": null, "header": {"qubit_labels": [["q", 0], ["q", 1], ["q", 2], ["q", 3], ["q", 4]], "n_qubits": 5, "qreg_sizes": [["q", 5]], "clbit_labels": [["c", 0], ["c", 1], ["c", 2]], "memory_slots": 3, "creg_sizes": [["c", 3]], "name": "circuit-3104607", "global_phase": 0.0, "metadata": {}}, "data": {"counts": {"0x0": 2696, "0x1": 335, "0x2": 377, "0x3": 52, "0x4": 275, "0x5": 287, "0x6": 30, "0x7": 44}, "snapshots": null, "memory": null, "statevector": null, "unitary": null}}, {"shots": 4096, "success": true, "status": null, "seed": null, "meas_level": 2, "meas_return": null, "header": {"qubit_labels": [["q", 0], ["q", 1], ["q", 2], ["q", 3], ["q", 4]], "n_qubits": 5, "qreg_sizes": [["q", 5]], "clbit_labels": [["c", 0], ["c", 1], ["c", 2]], "memory_slots": 3, "creg_sizes": [["c", 3]], "name": "circuit-3105741", "global_phase": 0.0, "metadata": {}}, "data": {"counts": {"0x0": 398, "0x1": 574, "0x2": 559, "0x3": 278, "0x4": 975, "0x5": 272, "0x6": 290, "0x7": 750}, "snapshots": null, "memory": null, "statevector": null, "unitary": null}}, {"shots": 4096, "success": true, "status": null, "seed": null, "meas_level": 2, "meas_return": null, "header": {"qubit_labels": [["q", 0], ["q", 1], ["q", 2], ["q", 3], ["q", 4]], "n_qubits": 5, "qreg_sizes": [["q", 5]], "clbit_labels": [["c", 0], ["c", 1], ["c", 2]], "memory_slots": 3, "creg_sizes": [["c", 3]], "name": "circuit-3105742", "global_phase": 0.0, "metadata": {}}, "data": {"counts": {"0x0": 2695, "0x1": 333, "0x2": 393, "0x3": 67, "0x4": 360, "0x5": 164, "0x6": 53, "0x7": 31}, "snapshots": null, "memory": null, "statevector": null, "unitary": null}}, {"shots": 4096, "success": true, "status": null, "seed": null, "meas_level": 2, "meas_return": null, "header": {"qubit_labels": [["q", 0], ["q", 1], ["q", 2], ["q", 3], ["q", 4]], "n_qubits": 5, "qreg_sizes": [["q", 5]], "clbit_labels": [["c", 0], ["c", 1], ["c", 2]], "memory_slots": 3, "creg_sizes": [["c", 3]], "name": "circuit-3107081", "global_phase": 0.0, "metadata": {}}, "data": {"counts": {"0x0": 353, "0x1": 649, "0x2": 492, "0x3": 406, "0x4": 922, "0x5": 325, "0x6": 335, "0x7": 614}, "snapshots": null, "memory": null, "statevector": null, "unitary": null}}, {"shots": 4096, "success": true, "status": null, "seed": null, "meas_level": 2, "meas_return": null, "header": {"qubit_labels": [["q", 0], ["q", 1], ["q", 2], ["q", 3], ["q", 4]], "n_qubits": 5, "qreg_sizes": [["q", 5]], "clbit_labels": [["c", 0], ["c", 1], ["c", 2]], "memory_slots": 3, "creg_sizes": [["c", 3]], "name": "circuit-3107082", "global_phase": 0.0, "metadata": {}}, "data": {"counts": {"0x0": 2674, "0x1": 364, "0x2": 385, "0x3": 76, "0x4": 334, "0x5": 166, "0x6": 65, "0x7": 32}, "snapshots": null, "memory": null, "statevector": null, "unitary": null}}, {"shots": 4096, "success": true, "status": null, "seed": null, "meas_level": 2, "meas_return": null, "header": {"qubit_labels": [["q", 0], ["q", 1], ["q", 2], ["q", 3], ["q", 4]], "n_qubits": 5, "qreg_sizes": [["q", 5]], "clbit_labels": [["c", 0], ["c", 1], ["c", 2]], "memory_slots": 3, "creg_sizes": [["c", 3]], "name": "circuit-3108607", "global_phase": 0.0, "metadata": {}}, "data": {"counts": {"0x0": 418, "0x1": 786, "0x2": 757, "0x3": 324, "0x4": 478, "0x5": 401, "0x6": 577, "0x7": 355}, "snapshots": null, "memory": null, "statevector": null, "unitary": null}}, {"shots": 4096, "success": true, "status": null, "seed": null, "meas_level": 2, "meas_return": null, "header": {"qubit_labels": [["q", 0], ["q", 1], ["q", 2], ["q", 3], ["q", 4]], "n_qubits": 5, "qreg_sizes": [["q", 5]], "clbit_labels": [["c", 0], ["c", 1], ["c", 2]], "memory_slots": 3, "creg_sizes": [["c", 3]], "name": "circuit-3108608", "global_phase": 0.0, "metadata": {}}, "data": {"counts": {"0x0": 2522, "0x1": 446, "0x2": 476, "0x3": 78, "0x4": 338, "0x5": 125, "0x6": 76, "0x7": 35}, "snapshots": null, "memory": null, "statevector": null, "unitary": null}}, {"shots": 4096, "success": true, "status": null, "seed": null, "meas_level": 2, "meas_return": null, "header": {"qubit_labels": [["q", 0], ["q", 1], ["q", 2], ["q", 3], ["q", 4]], "n_qubits": 5, "qreg_sizes": [["q", 5]], "clbit_labels": [["c", 0], ["c", 1], ["c", 2]], "memory_slots": 3, "creg_sizes": [["c", 3]], "name": "circuit-3110217", "global_phase": 0.0, "metadata": {}}, "data": {"counts": {"0x0": 361, "0x1": 570, "0x2": 541, "0x3": 280, "0x4": 537, "0x5": 580, "0x6": 833, "0x7": 394}, "snapshots": null, "memory": null, "statevector": null, "unitary": null}}, {"shots": 4096, "success": true, "status": null, "seed": null, "meas_level": 2, "meas_return": null, "header": {"qubit_labels": [["q", 0], ["q", 1], ["q", 2], ["q", 3], ["q", 4]], "n_qubits": 5, "qreg_sizes": [["q", 5]], "clbit_labels": [["c", 0], ["c", 1], ["c", 2]], "memory_slots": 3, "creg_sizes": [["c", 3]], "name": "circuit-3110218", "global_phase": 0.0, "metadata": {}}, "data": {"counts": {"0x0": 2105, "0x1": 555, "0x2": 424, "0x3": 97, "0x4": 573, "0x5": 194, "0x6": 106, "0x7": 42}, "snapshots": null, "memory": null, "statevector": null, "unitary": null}}, {"shots": 4096, "success": true, "status": null, "seed": null, "meas_level": 2, "meas_return": null, "header": {"qubit_labels": [["q", 0], ["q", 1], ["q", 2], ["q", 3], ["q", 4]], "n_qubits": 5, "qreg_sizes": [["q", 5]], "clbit_labels": [["c", 0], ["c", 1], ["c", 2]], "memory_slots": 3, "creg_sizes": [["c", 3]], "name": "circuit-3111992", "global_phase": 0.0, "metadata": {}}, "data": {"counts": {"0x0": 772, "0x1": 484, "0x2": 487, "0x3": 755, "0x4": 462, "0x5": 333, "0x6": 398, "0x7": 405}, "snapshots": null, "memory": null, "statevector": null, "unitary": null}}, {"shots": 4096, "success": true, "status": null, "seed": null, "meas_level": 2, "meas_return": null, "header": {"qubit_labels": [["q", 0], ["q", 1], ["q", 2], ["q", 3], ["q", 4]], "n_qubits": 5, "qreg_sizes": [["q", 5]], "clbit_labels": [["c", 0], ["c", 1], ["c", 2]], "memory_slots": 3, "creg_sizes": [["c", 3]], "name": "circuit-3111993", "global_phase": 0.0, "metadata": {}}, "data": {"counts": {"0x0": 2207, "0x1": 359, "0x2": 484, "0x3": 89, "0x4": 591, "0x5": 181, "0x6": 136, "0x7": 49}, "snapshots": null, "memory": null, "statevector": null, "unitary": null}}, {"shots": 4096, "success": true, "status": null, "seed": null, "meas_level": 2, "meas_return": null, "header": {"qubit_labels": [["q", 0], ["q", 1], ["q", 2], ["q", 3], ["q", 4]], "n_qubits": 5, "qreg_sizes": [["q", 5]], "clbit_labels": [["c", 0], ["c", 1], ["c", 2]], "memory_slots": 3, "creg_sizes": [["c", 3]], "name": "circuit-3113907", "global_phase": 0.0, "metadata": {}}, "data": {"counts": {"0x0": 545, "0x1": 402, "0x2": 385, "0x3": 499, "0x4": 554, "0x5": 556, "0x6": 714, "0x7": 441}, "snapshots": null, "memory": null, "statevector": null, "unitary": null}}, {"shots": 4096, "success": true, "status": null, "seed": null, "meas_level": 2, "meas_return": null, "header": {"qubit_labels": [["q", 0], ["q", 1], ["q", 2], ["q", 3], ["q", 4]], "n_qubits": 5, "qreg_sizes": [["q", 5]], "clbit_labels": [["c", 0], ["c", 1], ["c", 2]], "memory_slots": 3, "creg_sizes": [["c", 3]], "name": "circuit-3113908", "global_phase": 0.0, "metadata": {}}, "data": {"counts": {"0x0": 1733, "0x1": 690, "0x2": 441, "0x3": 148, "0x4": 598, "0x5": 269, "0x6": 162, "0x7": 55}, "snapshots": null, "memory": null, "statevector": null, "unitary": null}}, {"shots": 4096, "success": true, "status": null, "seed": null, "meas_level": 2, "meas_return": null, "header": {"qubit_labels": [["q", 0], ["q", 1], ["q", 2], ["q", 3], ["q", 4]], "n_qubits": 5, "qreg_sizes": [["q", 5]], "clbit_labels": [["c", 0], ["c", 1], ["c", 2]], "memory_slots": 3, "creg_sizes": [["c", 3]], "name": "circuit-3115941", "global_phase": 0.0, "metadata": {}}, "data": {"counts": {"0x0": 536, "0x1": 464, "0x2": 394, "0x3": 515, "0x4": 563, "0x5": 557, "0x6": 737, "0x7": 330}, "snapshots": null, "memory": null, "statevector": null, "unitary": null}}, {"shots": 4096, "success": true, "status": null, "seed": null, "meas_level": 2, "meas_return": null, "header": {"qubit_labels": [["q", 0], ["q", 1], ["q", 2], ["q", 3], ["q", 4]], "n_qubits": 5, "qreg_sizes": [["q", 5]], "clbit_labels": [["c", 0], ["c", 1], ["c", 2]], "memory_slots": 3, "creg_sizes": [["c", 3]], "name": "circuit-3115942", "global_phase": 0.0, "metadata": {}}, "data": {"counts": {"0x0": 2040, "0x1": 339, "0x2": 548, "0x3": 86, "0x4": 611, "0x5": 216, "0x6": 186, "0x7": 70}, "snapshots": null, "memory": null, "statevector": null, "unitary": null}}, {"shots": 4096, "success": true, "status": null, "seed": null, "meas_level": 2, "meas_return": null, "header": {"qubit_labels": [["q", 0], ["q", 1], ["q", 2], ["q", 3], ["q", 4]], "n_qubits": 5, "qreg_sizes": [["q", 5]], "clbit_labels": [["c", 0], ["c", 1], ["c", 2]], "memory_slots": 3, "creg_sizes": [["c", 3]], "name": "circuit-3118145", "global_phase": 0.0, "metadata": {}}, "data": {"counts": {"0x0": 731, "0x1": 376, "0x2": 405, "0x3": 684, "0x4": 476, "0x5": 511, "0x6": 516, "0x7": 397}, "snapshots": null, "memory": null, "statevector": null, "unitary": null}}, {"shots": 4096, "success": true, "status": null, "seed": null, "meas_level": 2, "meas_return": null, "header": {"qubit_labels": [["q", 0], ["q", 1], ["q", 2], ["q", 3], ["q", 4]], "n_qubits": 5, "qreg_sizes": [["q", 5]], "clbit_labels": [["c", 0], ["c", 1], ["c", 2]], "memory_slots": 3, "creg_sizes": [["c", 3]], "name": "circuit-3118146", "global_phase": 0.0, "metadata": {}}, "data": {"counts": {"0x0": 1977, "0x1": 464, "0x2": 488, "0x3": 126, "0x4": 495, "0x5": 312, "0x6": 143, "0x7": 91}, "snapshots": null, "memory": null, "statevector": null, "unitary": null}}, {"shots": 4096, "success": true, "status": null, "seed": null, "meas_level": 2, "meas_return": null, "header": {"qubit_labels": [["q", 0], ["q", 1], ["q", 2], ["q", 3], ["q", 4]], "n_qubits": 5, "qreg_sizes": [["q", 5]], "clbit_labels": [["c", 0], ["c", 1], ["c", 2]], "memory_slots": 3, "creg_sizes": [["c", 3]], "name": "circuit-3120493", "global_phase": 0.0, "metadata": {}}, "data": {"counts": {"0x0": 566, "0x1": 437, "0x2": 397, "0x3": 429, "0x4": 454, "0x5": 692, "0x6": 723, "0x7": 398}, "snapshots": null, "memory": null, "statevector": null, "unitary": null}}, {"shots": 4096, "success": true, "status": null, "seed": null, "meas_level": 2, "meas_return": null, "header": {"qubit_labels": [["q", 0], ["q", 1], ["q", 2], ["q", 3], ["q", 4]], "n_qubits": 5, "qreg_sizes": [["q", 5]], "clbit_labels": [["c", 0], ["c", 1], ["c", 2]], "memory_slots": 3, "creg_sizes": [["c", 3]], "name": "circuit-3120494", "global_phase": 0.0, "metadata": {}}, "data": {"counts": {"0x0": 1455, "0x1": 441, "0x2": 419, "0x3": 177, "0x4": 914, "0x5": 315, "0x6": 265, "0x7": 110}, "snapshots": null, "memory": null, "statevector": null, "unitary": null}}, {"shots": 4096, "success": true, "status": null, "seed": null, "meas_level": 2, "meas_return": null, "header": {"qubit_labels": [["q", 0], ["q", 1], ["q", 2], ["q", 3], ["q", 4]], "n_qubits": 5, "qreg_sizes": [["q", 5]], "clbit_labels": [["c", 0], ["c", 1], ["c", 2]], "memory_slots": 3, "creg_sizes": [["c", 3]], "name": "circuit-3122959", "global_phase": 0.0, "metadata": {}}, "data": {"counts": {"0x0": 559, "0x1": 512, "0x2": 480, "0x3": 466, "0x4": 507, "0x5": 608, "0x6": 529, "0x7": 435}, "snapshots": null, "memory": null, "statevector": null, "unitary": null}}, {"shots": 4096, "success": true, "status": null, "seed": null, "meas_level": 2, "meas_return": null, "header": {"qubit_labels": [["q", 0], ["q", 1], ["q", 2], ["q", 3], ["q", 4]], "n_qubits": 5, "qreg_sizes": [["q", 5]], "clbit_labels": [["c", 0], ["c", 1], ["c", 2]], "memory_slots": 3, "creg_sizes": [["c", 3]], "name": "circuit-3122960", "global_phase": 0.0, "metadata": {}}, "data": {"counts": {"0x0": 1255, "0x1": 561, "0x2": 375, "0x3": 204, "0x4": 585, "0x5": 680, "0x6": 189, "0x7": 247}, "snapshots": null, "memory": null, "statevector": null, "unitary": null}}, {"shots": 4096, "success": true, "status": null, "seed": null, "meas_level": 2, "meas_return": null, "header": {"qubit_labels": [["q", 0], ["q", 1], ["q", 2], ["q", 3], ["q", 4]], "n_qubits": 5, "qreg_sizes": [["q", 5]], "clbit_labels": [["c", 0], ["c", 1], ["c", 2]], "memory_slots": 3, "creg_sizes": [["c", 3]], "name": "circuit-3125563", "global_phase": 0.0, "metadata": {}}, "data": {"counts": {"0x0": 758, "0x1": 425, "0x2": 398, "0x3": 651, "0x4": 586, "0x5": 413, "0x6": 388, "0x7": 477}, "snapshots": null, "memory": null, "statevector": null, "unitary": null}}, {"shots": 4096, "success": true, "status": null, "seed": null, "meas_level": 2, "meas_return": null, "header": {"qubit_labels": [["q", 0], ["q", 1], ["q", 2], ["q", 3], ["q", 4]], "n_qubits": 5, "qreg_sizes": [["q", 5]], "clbit_labels": [["c", 0], ["c", 1], ["c", 2]], "memory_slots": 3, "creg_sizes": [["c", 3]], "name": "circuit-3125564", "global_phase": 0.0, "metadata": {}}, "data": {"counts": {"0x0": 1144, "0x1": 839, "0x2": 518, "0x3": 278, "0x4": 612, "0x5": 320, "0x6": 262, "0x7": 123}, "snapshots": null, "memory": null, "statevector": null, "unitary": null}}, {"shots": 4096, "success": true, "status": null, "seed": null, "meas_level": 2, "meas_return": null, "header": {"qubit_labels": [["q", 0], ["q", 1], ["q", 2], ["q", 3], ["q", 4]], "n_qubits": 5, "qreg_sizes": [["q", 5]], "clbit_labels": [["c", 0], ["c", 1], ["c", 2]], "memory_slots": 3, "creg_sizes": [["c", 3]], "name": "circuit-3128326", "global_phase": 0.0, "metadata": {}}, "data": {"counts": {"0x0": 457, "0x1": 635, "0x2": 516, "0x3": 531, "0x4": 450, "0x5": 594, "0x6": 507, "0x7": 406}, "snapshots": null, "memory": null, "statevector": null, "unitary": null}}, {"shots": 4096, "success": true, "status": null, "seed": null, "meas_level": 2, "meas_return": null, "header": {"qubit_labels": [["q", 0], ["q", 1], ["q", 2], ["q", 3], ["q", 4]], "n_qubits": 5, "qreg_sizes": [["q", 5]], "clbit_labels": [["c", 0], ["c", 1], ["c", 2]], "memory_slots": 3, "creg_sizes": [["c", 3]], "name": "circuit-3128327", "global_phase": 0.0, "metadata": {}}, "data": {"counts": {"0x0": 1348, "0x1": 459, "0x2": 544, "0x3": 170, "0x4": 776, "0x5": 365, "0x6": 325, "0x7": 109}, "snapshots": null, "memory": null, "statevector": null, "unitary": null}}, {"shots": 4096, "success": true, "status": null, "seed": null, "meas_level": 2, "meas_return": null, "header": {"qubit_labels": [["q", 0], ["q", 1], ["q", 2], ["q", 3], ["q", 4]], "n_qubits": 5, "qreg_sizes": [["q", 5]], "clbit_labels": [["c", 0], ["c", 1], ["c", 2]], "memory_slots": 3, "creg_sizes": [["c", 3]], "name": "circuit-3131214", "global_phase": 0.0, "metadata": {}}, "data": {"counts": {"0x0": 669, "0x1": 416, "0x2": 483, "0x3": 612, "0x4": 556, "0x5": 417, "0x6": 441, "0x7": 502}, "snapshots": null, "memory": null, "statevector": null, "unitary": null}}, {"shots": 4096, "success": true, "status": null, "seed": null, "meas_level": 2, "meas_return": null, "header": {"qubit_labels": [["q", 0], ["q", 1], ["q", 2], ["q", 3], ["q", 4]], "n_qubits": 5, "qreg_sizes": [["q", 5]], "clbit_labels": [["c", 0], ["c", 1], ["c", 2]], "memory_slots": 3, "creg_sizes": [["c", 3]], "name": "circuit-3131215", "global_phase": 0.0, "metadata": {}}, "data": {"counts": {"0x0": 1211, "0x1": 498, "0x2": 489, "0x3": 188, "0x4": 648, "0x5": 575, "0x6": 287, "0x7": 200}, "snapshots": null, "memory": null, "statevector": null, "unitary": null}}], "error": null}