{"backend_name": "ibmq_quito", "backend_version": "1.1.33", "qobj_id": "0f11e295-e6b5-4a11-a772-ce59fde1836e", "job_id": "62e170455593a847d1192948", "date": "2022-07-27T17:17:50Z", "success": true, "status": "Successful completion", "execution_id": "b728ffe0-0dcf-11ed-986f-b02628f7f59e", "time_taken": 139.77818512916565, "header": {"backend_name": "ibmq_quito", "backend_version": "1.1.33"}, "results": [{"shots": 4096, "success": true, "status": null, "seed": null, "meas_level": 2, "meas_return": null, "header": {"qubit_labels": [["q", 0], ["q", 1], ["q", 2], ["q", 3], ["q", 4]], "n_qubits": 5, "qreg_sizes": [["q", 5]], "clbit_labels": [["c", 0], ["c", 1], ["c", 2]], "memory_slots": 3, "creg_sizes": [["c", 3]], "name": "circuit-617276", "global_phase": 0.0, "metadata": {}}, "data": {"counts": {"0x0": 951, "0x1": 229, "0x2": 277, "0x3": 910, "0x4": 208, "0x5": 650, "0x6": 688, "0x7": 183}, "snapshots": null, "memory": null, "statevector": null, "unitary": null}}, {"shots": 4096, "success": true, "status": null, "seed": null, "meas_level": 2, "meas_return": null, "header": {"qubit_labels": [["q", 0], ["q", 1], ["q", 2], ["q", 3], ["q", 4]], "n_qubits": 5, "qreg_sizes": [["q", 5]], "clbit_labels": [["c", 0], ["c", 1], ["c", 2]], "memory_slots": 3, "creg_sizes": [["c", 3]], "name": "circuit-617277", "global_phase": 0.0, "metadata": {}}, "data": {"counts": {"0x0": 3177, "0x1": 251, "0x2": 365, "0x3": 34, "0x4": 186, "0x5": 51, "0x6": 26, "0x7": 6}, "snapshots": null, "memory": null, "statevector": null, "unitary": null}}, {"shots": 4096, "success": true, "status": null, "seed": null, "meas_level": 2, "meas_return": null, "header": {"qubit_labels": [["q", 0], ["q", 1], ["q", 2], ["q", 3], ["q", 4]], "n_qubits": 5, "qreg_sizes": [["q", 5]], "clbit_labels": [["c", 0], ["c", 1], ["c", 2]], "memory_slots": 3, "creg_sizes": [["c", 3]], "name": "circuit-617621", "global_phase": 0.0, "metadata": {}}, "data": {"counts": {"0x0": 855, "0x1": 298, "0x2": 359, "0x3": 662, "0x4": 351, "0x5": 713, "0x6": 609, "0x7": 249}, "snapshots": null, "memory": null, "statevector": null, "unitary": null}}, {"shots": 4096, "success": true, "status": null, "seed": null, "meas_level": 2, "meas_return": null, "header": {"qubit_labels": [["q", 0], ["q", 1], ["q", 2], ["q", 3], ["q", 4]], "n_qubits": 5, "qreg_sizes": [["q", 5]], "clbit_labels": [["c", 0], ["c", 1], ["c", 2]], "memory_slots": 3, "creg_sizes": [["c", 3]], "name": "circuit-617622", "global_phase": 0.0, "metadata": {}}, "data": {"counts": {"0x0": 3168, "0x1": 253, "0x2": 250, "0x3": 129, "0x4": 195, "0x5": 74, "0x6": 12, "0x7": 15}, "snapshots": null, "memory": null, "statevector": null, "unitary": null}}, {"shots": 4096, "success": true, "status": null, "seed": null, "meas_level": 2, "meas_return": null, "header": {"qubit_labels": [["q", 0], ["q", 1], ["q", 2], ["q", 3], ["q", 4]], "n_qubits": 5, "qreg_sizes": [["q", 5]], "clbit_labels": [["c", 0], ["c", 1], ["c", 2]], "memory_slots": 3, "creg_sizes": [["c", 3]], "name": "circuit-618116", "global_phase": 0.0, "metadata": {}}, "data": {"counts": {"0x0": 660, "0x1": 351, "0x2": 420, "0x3": 699, "0x4": 357, "0x5": 597, "0x6": 704, "0x7": 308}, "snapshots": null, "memory": null, "statevector": null, "unitary": null}}, {"shots": 4096, "success": true, "status": null, "seed": null, "meas_level": 2, "meas_return": null, "header": {"qubit_labels": [["q", 0], ["q", 1], ["q", 2], ["q", 3], ["q", 4]], "n_qubits": 5, "qreg_sizes": [["q", 5]], "clbit_labels": [["c", 0], ["c", 1], ["c", 2]], "memory_slots": 3, "creg_sizes": [["c", 3]], "name": "circuit-618117", "global_phase": 0.0, "metadata": {}}, "data": {"counts": {"0x0": 2853, "0x1": 390, "0x2": 360, "0x3": 135, "0x4": 212, "0x5": 98, "0x6": 20, "0x7": 28}, "snapshots": null, "memory": null, "statevector": null, "unitary": null}}, {"shots": 4096, "success": true, "status": null, "seed": null, "meas_level": 2, "meas_return": null, "header": {"qubit_labels": [["q", 0], ["q", 1], ["q", 2], ["q", 3], ["q", 4]], "n_qubits": 5, "qreg_sizes": [["q", 5]], "clbit_labels": [["c", 0], ["c", 1], ["c", 2]], "memory_slots": 3, "creg_sizes": [["c", 3]], "name": "circuit-618759", "global_phase": 0.0, "metadata": {}}, "data": {"counts": {"0x0": 286, "0x1": 318, "0x2": 557, "0x3": 843, "0x4": 719, "0x5": 260, "0x6": 467, "0x7": 646}, "snapshots": null, "memory": null, "statevector": null, "unitary": null}}, {"shots": 4096, "success": true, "status": null, "seed": null, "meas_level": 2, "meas_return": null, "header": {"qubit_labels": [["q", 0], ["q", 1], ["q", 2], ["q", 3], ["q", 4]], "n_qubits": 5, "qreg_sizes": [["q", 5]], "clbit_labels": [["c", 0], ["c", 1], ["c", 2]], "memory_slots": 3, "creg_sizes": [["c", 3]], "name": "circuit-618760", "global_phase": 0.0, "metadata": {}}, "data": {"counts": {"0x0": 2752, "0x1": 364, "0x2": 408, "0x3": 117, "0x4": 261, "0x5": 129, "0x6": 40, "0x7": 25}, "snapshots": null, "memory": null, "statevector": null, "unitary": null}}, {"shots": 4096, "success": true, "status": null, "seed": null, "meas_level": 2, "meas_return": null, "header": {"qubit_labels": [["q", 0], ["q", 1], ["q", 2], ["q", 3], ["q", 4]], "n_qubits": 5, "qreg_sizes": [["q", 5]], "clbit_labels": [["c", 0], ["c", 1], ["c", 2]], "memory_slots": 3, "creg_sizes": [["c", 3]], "name": "circuit-619549", "global_phase": 0.0, "metadata": {}}, "data": {"counts": {"0x0": 533, "0x1": 425, "0x2": 504, "0x3": 616, "0x4": 431, "0x5": 500, "0x6": 612, "0x7": 475}, "snapshots": null, "memory": null, "statevector": null, "unitary": null}}, {"shots": 4096, "success": true, "status": null, "seed": null, "meas_level": 2, "meas_return": null, "header": {"qubit_labels": [["q", 0], ["q", 1], ["q", 2], ["q", 3], ["q", 4]], "n_qubits": 5, "qreg_sizes": [["q", 5]], "clbit_labels": [["c", 0], ["c", 1], ["c", 2]], "memory_slots": 3, "creg_sizes": [["c", 3]], "name": "circuit-619550", "global_phase": 0.0, "metadata": {}}, "data": {"counts": {"0x0": 2310, "0x1": 310, "0x2": 838, "0x3": 82, "0x4": 232, "0x5": 180, "0x6": 84, "0x7": 60}, "snapshots": null, "memory": null, "statevector": null, "unitary": null}}, {"shots": 4096, "success": true, "status": null, "seed": null, "meas_level": 2, "meas_return": null, "header": {"qubit_labels": [["q", 0], ["q", 1], ["q", 2], ["q", 3], ["q", 4]], "n_qubits": 5, "qreg_sizes": [["q", 5]], "clbit_labels": [["c", 0], ["c", 1], ["c", 2]], "memory_slots": 3, "creg_sizes": [["c", 3]], "name": "circuit-620482", "global_phase": 0.0, "metadata": {}}, "data": {"counts": {"0x0": 526, "0x1": 639, "0x2": 635, "0x3": 548, "0x4": 529, "0x5": 335, "0x6": 372, "0x7": 512}, "snapshots": null, "memory": null, "statevector": null, "unitary": null}}, {"shots": 4096, "success": true, "status": null, "seed": null, "meas_level": 2, "meas_return": null, "header": {"qubit_labels": [["q", 0], ["q", 1], ["q", 2], ["q", 3], ["q", 4]], "n_qubits": 5, "qreg_sizes": [["q", 5]], "clbit_labels": [["c", 0], ["c", 1], ["c", 2]], "memory_slots": 3, "creg_sizes": [["c", 3]], "name": "circuit-620483", "global_phase": 0.0, "metadata": {}}, "data": {"counts": {"0x0": 2441, "0x1": 414, "0x2": 443, "0x3": 100, "0x4": 392, "0x5": 190, "0x6": 64, "0x7": 52}, "snapshots": null, "memory": null, "statevector": null, "unitary": null}}, {"shots": 4096, "success": true, "status": null, "seed": null, "meas_level": 2, "meas_return": null, "header": {"qubit_labels": [["q", 0], ["q", 1], ["q", 2], ["q", 3], ["q", 4]], "n_qubits": 5, "qreg_sizes": [["q", 5]], "clbit_labels": [["c", 0], ["c", 1], ["c", 2]], "memory_slots": 3, "creg_sizes": [["c", 3]], "name": "circuit-621519", "global_phase": 0.0, "metadata": {}}, "data": {"counts": {"0x0": 371, "0x1": 661, "0x2": 680, "0x3": 432, "0x4": 689, "0x5": 341, "0x6": 412, "0x7": 510}, "snapshots": null, "memory": null, "statevector": null, "unitary": null}}, {"shots": 4096, "success": true, "status": null, "seed": null, "meas_level": 2, "meas_return": null, "header": {"qubit_labels": [["q", 0], ["q", 1], ["q", 2], ["q", 3], ["q", 4]], "n_qubits": 5, "qreg_sizes": [["q", 5]], "clbit_labels": [["c", 0], ["c", 1], ["c", 2]], "memory_slots": 3, "creg_sizes": [["c", 3]], "name": "circuit-621520", "global_phase": 0.0, "metadata": {}}, "data": {"counts": {"0x0": 1950, "0x1": 352, "0x2": 944, "0x3": 209, "0x4": 249, "0x5": 175, "0x6": 124, "0x7": 93}, "snapshots": null, "memory": null, "statevector": null, "unitary": null}}, {"shots": 4096, "success": true, "status": null, "seed": null, "meas_level": 2, "meas_return": null, "header": {"qubit_labels": [["q", 0], ["q", 1], ["q", 2], ["q", 3], ["q", 4]], "n_qubits": 5, "qreg_sizes": [["q", 5]], "clbit_labels": [["c", 0], ["c", 1], ["c", 2]], "memory_slots": 3, "creg_sizes": [["c", 3]], "name": "circuit-622691", "global_phase": 0.0, "metadata": {}}, "data": {"counts": {"0x0": 337, "0x1": 518, "0x2": 1117, "0x3": 323, "0x4": 625, "0x5": 340, "0x6": 327, "0x7": 509}, "snapshots": null, "memory": null, "statevector": null, "unitary": null}}, {"shots": 4096, "success": true, "status": null, "seed": null, "meas_level": 2, "meas_return": null, "header": {"qubit_labels": [["q", 0], ["q", 1], ["q", 2], ["q", 3], ["q", 4]], "n_qubits": 5, "qreg_sizes": [["q", 5]], "clbit_labels": [["c", 0], ["c", 1], ["c", 2]], "memory_slots": 3, "creg_sizes": [["c", 3]], "name": "circuit-622692", "global_phase": 0.0, "metadata": {}}, "data": {"counts": {"0x0": 1731, "0x1": 325, "0x2": 1022, "0x3": 313, "0x4": 252, "0x5": 207, "0x6": 124, "0x7": 122}, "snapshots": null, "memory": null, "statevector": null, "unitary": null}}, {"shots": 4096, "success": true, "status": null, "seed": null, "meas_level": 2, "meas_return": null, "header": {"qubit_labels": [["q", 0], ["q", 1], ["q", 2], ["q", 3], ["q", 4]], "n_qubits": 5, "qreg_sizes": [["q", 5]], "clbit_labels": [["c", 0], ["c", 1], ["c", 2]], "memory_slots": 3, "creg_sizes": [["c", 3]], "name": "circuit-624047", "global_phase": 0.0, "metadata": {}}, "data": {"counts": {"0x0": 393, "0x1": 585, "0x2": 714, "0x3": 396, "0x4": 632, "0x5": 316, "0x6": 414, "0x7": 646}, "snapshots": null, "memory": null, "statevector": null, "unitary": null}}, {"shots": 4096, "success": true, "status": null, "seed": null, "meas_level": 2, "meas_return": null, "header": {"qubit_labels": [["q", 0], ["q", 1], ["q", 2], ["q", 3], ["q", 4]], "n_qubits": 5, "qreg_sizes": [["q", 5]], "clbit_labels": [["c", 0], ["c", 1], ["c", 2]], "memory_slots": 3, "creg_sizes": [["c", 3]], "name": "circuit-624048", "global_phase": 0.0, "metadata": {}}, "data": {"counts": {"0x0": 1853, "0x1": 420, "0x2": 690, "0x3": 392, "0x4": 305, "0x5": 218, "0x6": 99, "0x7": 119}, "snapshots": null, "memory": null, "statevector": null, "unitary": null}}, {"shots": 4096, "success": true, "status": null, "seed": null, "meas_level": 2, "meas_return": null, "header": {"qubit_labels": [["q", 0], ["q", 1], ["q", 2], ["q", 3], ["q", 4]], "n_qubits": 5, "qreg_sizes": [["q", 5]], "clbit_labels": [["c", 0], ["c", 1], ["c", 2]], "memory_slots": 3, "creg_sizes": [["c", 3]], "name": "circuit-625514", "global_phase": 0.0, "metadata": {}}, "data": {"counts": {"0x0": 336, "0x1": 503, "0x2": 706, "0x3": 810, "0x4": 361, "0x5": 439, "0x6": 440, "0x7": 501}, "snapshots": null, "memory": null, "statevector": null, "unitary": null}}, {"shots": 4096, "success": true, "status": null, "seed": null, "meas_level": 2, "meas_return": null, "header": {"qubit_labels": [["q", 0], ["q", 1], ["q", 2], ["q", 3], ["q", 4]], "n_qubits": 5, "qreg_sizes": [["q", 5]], "clbit_labels": [["c", 0], ["c", 1], ["c", 2]], "memory_slots": 3, "creg_sizes": [["c", 3]], "name": "circuit-625515", "global_phase": 0.0, "metadata": {}}, "data": {"counts": {"0x0": 1182, "0x1": 840, "0x2": 461, "0x3": 828, "0x4": 191, "0x5": 298, "0x6": 123, "0x7": 173}, "snapshots": null, "memory": null, "statevector": null, "unitary": null}}, {"shots": 4096, "success": true, "status": null, "seed": null, "meas_level": 2, "meas_return": null, "header": {"qubit_labels": [["q", 0], ["q", 1], ["q", 2], ["q", 3], ["q", 4]], "n_qubits": 5, "qreg_sizes": [["q", 5]], "clbit_labels": [["c", 0], ["c", 1], ["c", 2]], "memory_slots": 3, "creg_sizes": [["c", 3]], "name": "circuit-627118", "global_phase": 0.0, "metadata": {}}, "data": {"counts": {"0x0": 413, "0x1": 571, "0x2": 744, "0x3": 430, "0x4": 409, "0x5": 468, "0x6": 481, "0x7": 580}, "snapshots": null, "memory": null, "statevector": null, "unitary": null}}, {"shots": 4096, "success": true, "status": null, "seed": null, "meas_level": 2, "meas_return": null, "header": {"qubit_labels": [["q", 0], ["q", 1], ["q", 2], ["q", 3], ["q", 4]], "n_qubits": 5, "qreg_sizes": [["q", 5]], "clbit_labels": [["c", 0], ["c", 1], ["c", 2]], "memory_slots": 3, "creg_sizes": [["c", 3]], "name": "circuit-627119", "global_phase": 0.0, "metadata": {}}, "data": {"counts": {"0x0": 1638, "0x1": 598, "0x2": 605, "0x3": 192, "0x4": 507, "0x5": 291, "0x6": 190, "0x7": 75}, "snapshots": null, "memory": null, "statevector": null, "unitary": null}}, {"shots": 4096, "success": true, "status": null, "seed": null, "meas_level": 2, "meas_return": null, "header": {"qubit_labels": [["q", 0], ["q", 1], ["q", 2], ["q", 3], ["q", 4]], "n_qubits": 5, "qreg_sizes": [["q", 5]], "clbit_labels": [["c", 0], ["c", 1], ["c", 2]], "memory_slots": 3, "creg_sizes": [["c", 3]], "name": "circuit-628916", "global_phase": 0.0, "metadata": {}}, "data": {"counts": {"0x0": 378, "0x1": 526, "0x2": 679, "0x3": 479, "0x4": 654, "0x5": 386, "0x6": 499, "0x7": 495}, "snapshots": null, "memory": null, "statevector": null, "unitary": null}}, {"shots": 4096, "success": true, "status": null, "seed": null, "meas_level": 2, "meas_return": null, "header": {"qubit_labels": [["q", 0], ["q", 1], ["q", 2], ["q", 3], ["q", 4]], "n_qubits": 5, "qreg_sizes": [["q", 5]], "clbit_labels": [["c", 0], ["c", 1], ["c", 2]], "memory_slots": 3, "creg_sizes": [["c", 3]], "name": "circuit-628917", "global_phase": 0.0, "metadata": {}}, "data": {"counts": {"0x0": 1553, "0x1": 692, "0x2": 632, "0x3": 269, "0x4": 326, "0x5": 324, "0x6": 151, "0x7": 149}, "snapshots": null, "memory": null, "statevector": null, "unitary": null}}, {"shots": 4096, "success": true, "status": null, "seed": null, "meas_level": 2, "meas_return": null, "header": {"qubit_labels": [["q", 0], ["q", 1], ["q", 2], ["q", 3], ["q", 4]], "n_qubits": 5, "qreg_sizes": [["q", 5]], "clbit_labels": [["c", 0], ["c", 1], ["c", 2]], "memory_slots": 3, "creg_sizes": [["c", 3]], "name": "circuit-630842", "global_phase": 0.0, "metadata": {}}, "data": {"counts": {"0x0": 539, "0x1": 482, "0x2": 524, "0x3": 556, "0x4": 466, "0x5": 472, "0x6": 596, "0x7": 461}, "snapshots": null, "memory": null, "statevector": null, "unitary": null}}, {"shots": 4096, "success": true, "status": null, "seed": null, "meas_level": 2, "meas_return": null, "header": {"qubit_labels": [["q", 0], ["q", 1], ["q", 2], ["q", 3], ["q", 4]], "n_qubits": 5, "qreg_sizes": [["q", 5]], "clbit_labels": [["c", 0], ["c", 1], ["c", 2]], "memory_slots": 3, "creg_sizes": [["c", 3]], "name": "circuit-630843", "global_phase": 0.0, "metadata": {}}, "data": {"counts": {"0x0": 1406, "0x1": 465, "0x2": 867, "0x3": 412, "0x4": 304, "0x5": 263, "0x6": 206, "0x7": 173}, "snapshots": null, "memory": null, "statevector": null, "unitary": null}}, {"shots": 4096, "success": true, "status": null, "seed": null, "meas_level": 2, "meas_return": null, "header": {"qubit_labels": [["q", 0], ["q", 1], ["q", 2], ["q", 3], ["q", 4]], "n_qubits": 5, "qreg_sizes": [["q", 5]], "clbit_labels": [["c", 0], ["c", 1], ["c", 2]], "memory_slots": 3, "creg_sizes": [["c", 3]], "name": "circuit-632915", "global_phase": 0.0, "metadata": {}}, "data": {"counts": {"0x0": 558, "0x1": 464, "0x2": 443, "0x3": 601, "0x4": 523, "0x5": 507, "0x6": 564, "0x7": 436}, "snapshots": null, "memory": null, "statevector": null, "unitary": null}}, {"shots": 4096, "success": true, "status": null, "seed": null, "meas_level": 2, "meas_return": null, "header": {"qubit_labels": [["q", 0], ["q", 1], ["q", 2], ["q", 3], ["q", 4]], "n_qubits": 5, "qreg_sizes": [["q", 5]], "clbit_labels": [["c", 0], ["c", 1], ["c", 2]], "memory_slots": 3, "creg_sizes": [["c", 3]], "name": "circuit-632916", "global_phase": 0.0, "metadata": {}}, "data": {"counts": {"0x0": 1709, "0x1": 450, "0x2": 586, "0x3": 171, "0x4": 489, "0x5": 368, "0x6": 191, "0x7": 132}, "snapshots": null, "memory": null, "statevector": null, "unitary": null}}, {"shots": 4096, "success": true, "status": null, "seed": null, "meas_level": 2, "meas_return": null, "header": {"qubit_labels": [["q", 0], ["q", 1], ["q", 2], ["q", 3], ["q", 4]], "n_qubits": 5, "qreg_sizes": [["q", 5]], "clbit_labels": [["c", 0], ["c", 1], ["c", 2]], "memory_slots": 3, "creg_sizes": [["c", 3]], "name": "circuit-635118", "global_phase": 0.0, "metadata": {}}, "data": {"counts": {"0x0": 467, "0x1": 515, "0x2": 457, "0x3": 661, "0x4": 396, "0x5": 600, "0x6": 472, "0x7": 528}, "snapshots": null, "memory": null, "statevector": null, "unitary": null}}, {"shots": 4096, "success": true, "status": null, "seed": null, "meas_level": 2, "meas_return": null, "header": {"qubit_labels": [["q", 0], ["q", 1], ["q", 2], ["q", 3], ["q", 4]], "n_qubits": 5, "qreg_sizes": [["q", 5]], "clbit_labels": [["c", 0], ["c", 1], ["c", 2]], "memory_slots": 3, "creg_sizes": [["c", 3]], "name": "circuit-635119", "global_phase": 0.0, "metadata": {}}, "data": {"counts": {"0x0": 1191, "0x1": 484, "0x2": 1008, "0x3": 385, "0x4": 284, "0x5": 304, "0x6": 235, "0x7": 205}, "snapshots": null, "memory": null, "statevector": null, "unitary": null}}, {"shots": 4096, "success": true, "status": null, "seed": null, "meas_level": 2, "meas_return": null, "header": {"qubit_labels": [["q", 0], ["q", 1], ["q", 2], ["q", 3], ["q", 4]], "n_qubits": 5, "qreg_sizes": [["q", 5]], "clbit_labels": [["c", 0], ["c", 1], ["c", 2]], "memory_slots": 3, "creg_sizes": [["c", 3]], "name": "circuit-637432", "global_phase": 0.0, "metadata": {}}, "data": {"counts": {"0x0": 605, "0x1": 463, "0x2": 411, "0x3": 700, "0x4": 489, "0x5": 504, "0x6": 452, "0x7": 472}, "snapshots": null, "memory": null, "statevector": null, "unitary": null}}, {"shots": 4096, "success": true, "status": null, "seed": null, "meas_level": 2, "meas_return": null, "header": {"qubit_labels": [["q", 0], ["q", 1], ["q", 2], ["q", 3], ["q", 4]], "n_qubits": 5, "qreg_sizes": [["q", 5]], "clbit_labels": [["c", 0], ["c", 1], ["c", 2]], "memory_slots": 3, "creg_sizes": [["c", 3]], "name": "circuit-637433", "global_phase": 0.0, "metadata": {}}, "data": {"counts": {"0x0": 1166, "0x1": 607, "0x2": 640, "0x3": 503, "0x4": 411, "0x5": 334, "0x6": 243, "0x7": 192}, "snapshots": null, "memory": null, "statevector": null, "unitary": null}}, {"shots": 4096, "success": true, "status": null, "seed": null, "meas_level": 2, "meas_return": null, "header": {"qubit_labels": [["q", 0], ["q", 1], ["q", 2], ["q", 3], ["q", 4]], "n_qubits": 5, "qreg_sizes": [["q", 5]], "clbit_labels": [["c", 0], ["c", 1], ["c", 2]], "memory_slots": 3, "creg_sizes": [["c", 3]], "name": "circuit-639904", "global_phase": 0.0, "metadata": {}}, "data": {"counts": {"0x0": 536, "0x1": 393, "0x2": 512, "0x3": 648, "0x4": 395, "0x5": 544, "0x6": 606, "0x7": 462}, "snapshots": null, "memory": null, "statevector": null, "unitary": null}}, {"shots": 4096, "success": true, "status": null, "seed": null, "meas_level": 2, "meas_return": null, "header": {"qubit_labels": [["q", 0], ["q", 1], ["q", 2], ["q", 3], ["q", 4]], "n_qubits": 5, "qreg_sizes": [["q", 5]], "clbit_labels": [["c", 0], ["c", 1], ["c", 2]], "memory_slots": 3, "creg_sizes": [["c", 3]], "name": "circuit-639905", "global_phase": 0.0, "metadata": {}}, "data": {"counts": {"0x0": 1539, "0x1": 580, "0x2": 518, "0x3": 213, "0x4": 568, "0x5": 343, "0x6": 192, "0x7": 143}, "snapshots": null, "memory": null, "statevector": null, "unitary": null}}, {"shots": 4096, "success": true, "status": null, "seed": null, "meas_level": 2, "meas_return": null, "header": {"qubit_labels": [["q", 0], ["q", 1], ["q", 2], ["q", 3], ["q", 4]], "n_qubits": 5, "qreg_sizes": [["q", 5]], "clbit_labels": [["c", 0], ["c", 1], ["c", 2]], "memory_slots": 3, "creg_sizes": [["c", 3]], "name": "circuit-642464", "global_phase": 0.0, "metadata": {}}, "data": {"counts": {"0x0": 455, "0x1": 485, "0x2": 551, "0x3": 631, "0x4": 511, "0x5": 624, "0x6": 359, "0x7": 480}, "snapshots": null, "memory": null, "statevector": null, "unitary": null}}, {"shots": 4096, "success": true, "status": null, "seed": null, "meas_level": 2, "meas_return": null, "header": {"qubit_labels": [["q", 0], ["q", 1], ["q", 2], ["q", 3], ["q", 4]], "n_qubits": 5, "qreg_sizes": [["q", 5]], "clbit_labels": [["c", 0], ["c", 1], ["c", 2]], "memory_slots": 3, "creg_sizes": [["c", 3]], "name": "circuit-642465", "global_phase": 0.0, "metadata": {}}, "data": {"counts": {"0x0": 1449, "0x1": 491, "0x2": 658, "0x3": 233, "0x4": 517, "0x5": 347, "0x6": 250, "0x7": 151}, "snapshots": null, "memory": null, "statevector": null, "unitary": null}}, {"shots": 4096, "success": true, "status": null, "seed": null, "meas_level": 2, "meas_return": null, "header": {"qubit_labels": [["q", 0], ["q", 1], ["q", 2], ["q", 3], ["q", 4]], "n_qubits": 5, "qreg_sizes": [["q", 5]], "clbit_labels": [["c", 0], ["c", 1], ["c", 2]], "memory_slots": 3, "creg_sizes": [["c", 3]], "name": "circuit-645206", "global_phase": 0.0, "metadata": {}}, "data": {"counts": {"0x0": 500, "0x1": 540, "0x2": 435, "0x3": 642, "0x4": 493, "0x5": 380, "0x6": 634, "0x7": 472}, "snapshots": null, "memory": null, "statevector": null, "unitary": null}}, {"shots": 4096, "success": true, "status": null, "seed": null, "meas_level": 2, "meas_return": null, "header": {"qubit_labels": [["q", 0], ["q", 1], ["q", 2], ["q", 3], ["q", 4]], "n_qubits": 5, "qreg_sizes": [["q", 5]], "clbit_labels": [["c", 0], ["c", 1], ["c", 2]], "memory_slots": 3, "creg_sizes": [["c", 3]], "name": "circuit-645207", "global_phase": 0.0, "metadata": {}}, "data": {"counts": {"0x0": 775, "0x1": 939, "0x2": 737, "0x3": 501, "0x4": 283, "0x5": 344, "0x6": 264, "0x7": 253}, "snapshots": null, "memory": null, "statevector": null, "unitary": null}}, {"shots": 4096, "success": true, "status": null, "seed": null, "meas_level": 2, "meas_return": null, "header": {"qubit_labels": [["q", 0], ["q", 1], ["q", 2], ["q", 3], ["q", 4]], "n_qubits": 5, "qreg_sizes": [["q", 5]], "clbit_labels": [["c", 0], ["c", 1], ["c", 2]], "memory_slots": 3, "creg_sizes": [["c", 3]], "name": "circuit-648042", "global_phase": 0.0, "metadata": {}}, "data": {"counts": {"0x0": 429, "0x1": 721, "0x2": 559, "0x3": 640, "0x4": 381, "0x5": 450, "0x6": 422, "0x7": 494}, "snapshots": null, "memory": null, "statevector": null, "unitary": null}}, {"shots": 4096, "success": true, "status": null, "seed": null, "meas_level": 2, "meas_return": null, "header": {"qubit_labels": [["q", 0], ["q", 1], ["q", 2], ["q", 3], ["q", 4]], "n_qubits": 5, "qreg_sizes": [["q", 5]], "clbit_labels": [["c", 0], ["c", 1], ["c", 2]], "memory_slots": 3, "creg_sizes": [["c", 3]], "name": "circuit-648043", "global_phase": 0.0, "metadata": {}}, "data": {"counts": {"0x0": 1134, "0x1": 611, "0x2": 688, "0x3": 442, "0x4": 381, "0x5": 358, "0x6": 213, "0x7": 269}, "snapshots": null, "memory": null, "statevector": null, "unitary": null}}, {"shots": 4096, "success": true, "status": null, "seed": null, "meas_level": 2, "meas_return": null, "header": {"qubit_labels": [["q", 0], ["q", 1], ["q", 2], ["q", 3], ["q", 4]], "n_qubits": 5, "qreg_sizes": [["q", 5]], "clbit_labels": [["c", 0], ["c", 1], ["c", 2]], "memory_slots": 3, "creg_sizes": [["c", 3]], "name": "circuit-651113", "global_phase": 0.0, "metadata": {}}, "data": {"counts": {"0x0": 660, "0x1": 158, "0x2": 248, "0x3": 1006, "0x4": 187, "0x5": 620, "0x6": 1074, "0x7": 143}, "snapshots": null, "memory": null, "statevector": null, "unitary": null}}, {"shots": 4096, "success": true, "status": null, "seed": null, "meas_level": 2, "meas_return": null, "header": {"qubit_labels": [["q", 0], ["q", 1], ["q", 2], ["q", 3], ["q", 4]], "n_qubits": 5, "qreg_sizes": [["q", 5]], "clbit_labels": [["c", 0], ["c", 1], ["c", 2]], "memory_slots": 3, "creg_sizes": [["c", 3]], "name": "circuit-651114", "global_phase": 0.0, "metadata": {}}, "data": {"counts": {"0x0": 3138, "0x1": 201, "0x2": 385, "0x3": 106, "0x4": 175, "0x5": 45, "0x6": 24, "0x7": 22}, "snapshots": null, "memory": null, "statevector": null, "unitary": null}}, {"shots": 4096, "success": true, "status": null, "seed": null, "meas_level": 2, "meas_return": null, "header": {"qubit_labels": [["q", 0], ["q", 1], ["q", 2], ["q", 3], ["q", 4]], "n_qubits": 5, "qreg_sizes": [["q", 5]], "clbit_labels": [["c", 0], ["c", 1], ["c", 2]], "memory_slots": 3, "creg_sizes": [["c", 3]], "name": "circuit-651441", "global_phase": 0.0, "metadata": {}}, "data": {"counts": {"0x0": 795, "0x1": 205, "0x2": 295, "0x3": 779, "0x4": 222, "0x5": 687, "0x6": 899, "0x7": 214}, "snapshots": null, "memory": null, "statevector": null, "unitary": null}}, {"shots": 4096, "success": true, "status": null, "seed": null, "meas_level": 2, "meas_return": null, "header": {"qubit_labels": [["q", 0], ["q", 1], ["q", 2], ["q", 3], ["q", 4]], "n_qubits": 5, "qreg_sizes": [["q", 5]], "clbit_labels": [["c", 0], ["c", 1], ["c", 2]], "memory_slots": 3, "creg_sizes": [["c", 3]], "name": "circuit-651442", "global_phase": 0.0, "metadata": {}}, "data": {"counts": {"0x0": 2740, "0x1": 401, "0x2": 289, "0x3": 373, "0x4": 157, "0x5": 86, "0x6": 25, "0x7": 25}, "snapshots": null, "memory": null, "statevector": null, "unitary": null}}, {"shots": 4096, "success": true, "status": null, "seed": null, "meas_level": 2, "meas_return": null, "header": {"qubit_labels": [["q", 0], ["q", 1], ["q", 2], ["q", 3], ["q", 4]], "n_qubits": 5, "qreg_sizes": [["q", 5]], "clbit_labels": [["c", 0], ["c", 1], ["c", 2]], "memory_slots": 3, "creg_sizes": [["c", 3]], "name": "circuit-651928", "global_phase": 0.0, "metadata": {}}, "data": {"counts": {"0x0": 277, "0x1": 219, "0x2": 304, "0x3": 1162, "0x4": 331, "0x5": 326, "0x6": 954, "0x7": 523}, "snapshots": null, "memory": null, "statevector": null, "unitary": null}}, {"shots": 4096, "success": true, "status": null, "seed": null, "meas_level": 2, "meas_return": null, "header": {"qubit_labels": [["q", 0], ["q", 1], ["q", 2], ["q", 3], ["q", 4]], "n_qubits": 5, "qreg_sizes": [["q", 5]], "clbit_labels": [["c", 0], ["c", 1], ["c", 2]], "memory_slots": 3, "creg_sizes": [["c", 3]], "name": "circuit-651929", "global_phase": 0.0, "metadata": {}}, "data": {"counts": {"0x0": 2801, "0x1": 252, "0x2": 524, "0x3": 115, "0x4": 205, "0x5": 132, "0x6": 31, "0x7": 36}, "snapshots": null, "memory": null, "statevector": null, "unitary": null}}, {"shots": 4096, "success": true, "status": null, "seed": null, "meas_level": 2, "meas_return": null, "header": {"qubit_labels": [["q", 0], ["q", 1], ["q", 2], ["q", 3], ["q", 4]], "n_qubits": 5, "qreg_sizes": [["q", 5]], "clbit_labels": [["c", 0], ["c", 1], ["c", 2]], "memory_slots": 3, "creg_sizes": [["c", 3]], "name": "circuit-652562", "global_phase": 0.0, "metadata": {}}, "data": {"counts": {"0x0": 509, "0x1": 461, "0x2": 333, "0x3": 397, "0x4": 448, "0x5": 663, "0x6": 435, "0x7": 850}, "snapshots": null, "memory": null, "statevector": null, "unitary": null}}, {"shots": 4096, "success": true, "status": null, "seed": null, "meas_level": 2, "meas_return": null, "header": {"qubit_labels": [["q", 0], ["q", 1], ["q", 2], ["q", 3], ["q", 4]], "n_qubits": 5, "qreg_sizes": [["q", 5]], "clbit_labels": [["c", 0], ["c", 1], ["c", 2]], "memory_slots": 3, "creg_sizes": [["c", 3]], "name": "circuit-652563", "global_phase": 0.0, "metadata": {}}, "data": {"counts": {"0x0": 2509, "0x1": 449, "0x2": 458, "0x3": 76, "0x4": 330, "0x5": 184, "0x6": 59, "0x7": 31}, "snapshots": null, "memory": null, "statevector": null, "unitary": null}}, {"shots": 4096, "success": true, "status": null, "seed": null, "meas_level": 2, "meas_return": null, "header": {"qubit_labels": [["q", 0], ["q", 1], ["q", 2], ["q", 3], ["q", 4]], "n_qubits": 5, "qreg_sizes": [["q", 5]], "clbit_labels": [["c", 0], ["c", 1], ["c", 2]], "memory_slots": 3, "creg_sizes": [["c", 3]], "name": "circuit-653360", "global_phase": 0.0, "metadata": {}}, "data": {"counts": {"0x0": 358, "0x1": 394, "0x2": 843, "0x3": 633, "0x4": 409, "0x5": 310, "0x6": 672, "0x7": 477}, "snapshots": null, "memory": null, "statevector": null, "unitary": null}}, {"shots": 4096, "success": true, "status": null, "seed": null, "meas_level": 2, "meas_return": null, "header": {"qubit_labels": [["q", 0], ["q", 1], ["q", 2], ["q", 3], ["q", 4]], "n_qubits": 5, "qreg_sizes": [["q", 5]], "clbit_labels": [["c", 0], ["c", 1], ["c", 2]], "memory_slots": 3, "creg_sizes": [["c", 3]], "name": "circuit-653361", "global_phase": 0.0, "metadata": {}}, "data": {"counts": {"0x0": 2111, "0x1": 750, "0x2": 354, "0x3": 277, "0x4": 251, "0x5": 194, "0x6": 62, "0x7": 97}, "snapshots": null, "memory": null, "statevector": null, "unitary": null}}, {"shots": 4096, "success": true, "status": null, "seed": null, "meas_level": 2, "meas_return": null, "header": {"qubit_labels": [["q", 0], ["q", 1], ["q", 2], ["q", 3], ["q", 4]], "n_qubits": 5, "qreg_sizes": [["q", 5]], "clbit_labels": [["c", 0], ["c", 1], ["c", 2]], "memory_slots": 3, "creg_sizes": [["c", 3]], "name": "circuit-654279", "global_phase": 0.0, "metadata": {}}, "data": {"counts": {"0x0": 507, "0x1": 458, "0x2": 698, "0x3": 486, "0x4": 535, "0x5": 333, "0x6": 461, "0x7": 618}, "snapshots": null, "memory": null, "statevector": null, "unitary": null}}, {"shots": 4096, "success": true, "status": null, "seed": null, "meas_level": 2, "meas_return": null, "header": {"qubit_labels": [["q", 0], ["q", 1], ["q", 2], ["q", 3], ["q", 4]], "n_qubits": 5, "qreg_sizes": [["q", 5]], "clbit_labels": [["c", 0], ["c", 1], ["c", 2]], "memory_slots": 3, "creg_sizes": [["c", 3]], "name": "circuit-654280", "global_phase": 0.0, "metadata": {}}, "data": {"counts": {"0x0": 1778, "0x1": 663, "0x2": 703, "0x3": 324, "0x4": 243, "0x5": 203, "0x6": 82, "0x7": 100}, "snapshots": null, "memory": null, "statevector": null, "unitary": null}}, {"shots": 4096, "success": true, "status": null, "seed": null, "meas_level": 2, "meas_return": null, "header": {"qubit_labels": [["q", 0], ["q", 1], ["q", 2], ["q", 3], ["q", 4]], "n_qubits": 5, "qreg_sizes": [["q", 5]], "clbit_labels": [["c", 0], ["c", 1], ["c", 2]], "memory_slots": 3, "creg_sizes": [["c", 3]], "name": "circuit-655332", "global_phase": 0.0, "metadata": {}}, "data": {"counts": {"0x0": 349, "0x1": 737, "0x2": 443, "0x3": 464, "0x4": 730, "0x5": 386, "0x6": 374, "0x7": 613}, "snapshots": null, "memory": null, "statevector": null, "unitary": null}}, {"shots": 4096, "success": true, "status": null, "seed": null, "meas_level": 2, "meas_return": null, "header": {"qubit_labels": [["q", 0], ["q", 1], ["q", 2], ["q", 3], ["q", 4]], "n_qubits": 5, "qreg_sizes": [["q", 5]], "clbit_labels": [["c", 0], ["c", 1], ["c", 2]], "memory_slots": 3, "creg_sizes": [["c", 3]], "name": "circuit-655333", "global_phase": 0.0, "metadata": {}}, "data": {"counts": {"0x0": 2364, "0x1": 378, "0x2": 525, "0x3": 203, "0x4": 311, "0x5": 181, "0x6": 70, "0x7": 64}, "snapshots": null, "memory": null, "statevector": null, "unitary": null}}, {"shots": 4096, "success": true, "status": null, "seed": null, "meas_level": 2, "meas_return": null, "header": {"qubit_labels": [["q", 0], ["q", 1], ["q", 2], ["q", 3], ["q", 4]], "n_qubits": 5, "qreg_sizes": [["q", 5]], "clbit_labels": [["c", 0], ["c", 1], ["c", 2]], "memory_slots": 3, "creg_sizes": [["c", 3]], "name": "circuit-656564", "global_phase": 0.0, "metadata": {}}, "data": {"counts": {"0x0": 401, "0x1": 630, "0x2": 602, "0x3": 445, "0x4": 547, "0x5": 372, "0x6": 401, "0x7": 698}, "snapshots": null, "memory": null, "statevector": null, "unitary": null}}, {"shots": 4096, "success": true, "status": null, "seed": null, "meas_level": 2, "meas_return": null, "header": {"qubit_labels": [["q", 0], ["q", 1], ["q", 2], ["q", 3], ["q", 4]], "n_qubits": 5, "qreg_sizes": [["q", 5]], "clbit_labels": [["c", 0], ["c", 1], ["c", 2]], "memory_slots": 3, "creg_sizes": [["c", 3]], "name": "circuit-656565", "global_phase": 0.0, "metadata": {}}, "data": {"counts": {"0x0": 2041, "0x1": 583, "0x2": 514, "0x3": 174, "0x4": 353, "0x5": 270, "0x6": 81, "0x7": 80}, "snapshots": null, "memory": null, "statevector": null, "unitary": null}}, {"shots": 4096, "success": true, "status": null, "seed": null, "meas_level": 2, "meas_return": null, "header": {"qubit_labels": [["q", 0], ["q", 1], ["q", 2], ["q", 3], ["q", 4]], "n_qubits": 5, "qreg_sizes": [["q", 5]], "clbit_labels": [["c", 0], ["c", 1], ["c", 2]], "memory_slots": 3, "creg_sizes": [["c", 3]], "name": "circuit-657930", "global_phase": 0.0, "metadata": {}}, "data": {"counts": {"0x0": 416, "0x1": 493, "0x2": 605, "0x3": 416, "0x4": 593, "0x5": 377, "0x6": 396, "0x7": 800}, "snapshots": null, "memory": null, "statevector": null, "unitary": null}}, {"shots": 4096, "success": true, "status": null, "seed": null, "meas_level": 2, "meas_return": null, "header": {"qubit_labels": [["q", 0], ["q", 1], ["q", 2], ["q", 3], ["q", 4]], "n_qubits": 5, "qreg_sizes": [["q", 5]], "clbit_labels": [["c", 0], ["c", 1], ["c", 2]], "memory_slots": 3, "creg_sizes": [["c", 3]], "name": "circuit-657931", "global_phase": 0.0, "metadata": {}}, "data": {"counts": {"0x0": 1861, "0x1": 509, "0x2": 644, "0x3": 323, "0x4": 298, "0x5": 223, "0x6": 133, "0x7": 105}, "snapshots": null, "memory": null, "statevector": null, "unitary": null}}, {"shots": 4096, "success": true, "status": null, "seed": null, "meas_level": 2, "meas_return": null, "header": {"qubit_labels": [["q", 0], ["q", 1], ["q", 2], ["q", 3], ["q", 4]], "n_qubits": 5, "qreg_sizes": [["q", 5]], "clbit_labels": [["c", 0], ["c", 1], ["c", 2]], "memory_slots": 3, "creg_sizes": [["c", 3]], "name": "circuit-659430", "global_phase": 0.0, "metadata": {}}, "data": {"counts": {"0x0": 406, "0x1": 610, "0x2": 728, "0x3": 432, "0x4": 814, "0x5": 325, "0x6": 364, "0x7": 417}, "snapshots": null, "memory": null, "statevector": null, "unitary": null}}, {"shots": 4096, "success": true, "status": null, "seed": null, "meas_level": 2, "meas_return": null, "header": {"qubit_labels": [["q", 0], ["q", 1], ["q", 2], ["q", 3], ["q", 4]], "n_qubits": 5, "qreg_sizes": [["q", 5]], "clbit_labels": [["c", 0], ["c", 1], ["c", 2]], "memory_slots": 3, "creg_sizes": [["c", 3]], "name": "circuit-659431", "global_phase": 0.0, "metadata": {}}, "data": {"counts": {"0x0": 1654, "0x1": 471, "0x2": 997, "0x3": 226, "0x4": 285, "0x5": 192, "0x6": 185, "0x7": 86}, "snapshots": null, "memory": null, "statevector": null, "unitary": null}}, {"shots": 4096, "success": true, "status": null, "seed": null, "meas_level": 2, "meas_return": null, "header": {"qubit_labels": [["q", 0], ["q", 1], ["q", 2], ["q", 3], ["q", 4]], "n_qubits": 5, "qreg_sizes": [["q", 5]], "clbit_labels": [["c", 0], ["c", 1], ["c", 2]], "memory_slots": 3, "creg_sizes": [["c", 3]], "name": "circuit-661039", "global_phase": 0.0, "metadata": {}}, "data": {"counts": {"0x0": 393, "0x1": 652, "0x2": 685, "0x3": 412, "0x4": 518, "0x5": 337, "0x6": 479, "0x7": 620}, "snapshots": null, "memory": null, "statevector": null, "unitary": null}}, {"shots": 4096, "success": true, "status": null, "seed": null, "meas_level": 2, "meas_return": null, "header": {"qubit_labels": [["q", 0], ["q", 1], ["q", 2], ["q", 3], ["q", 4]], "n_qubits": 5, "qreg_sizes": [["q", 5]], "clbit_labels": [["c", 0], ["c", 1], ["c", 2]], "memory_slots": 3, "creg_sizes": [["c", 3]], "name": "circuit-661040", "global_phase": 0.0, "metadata": {}}, "data": {"counts": {"0x0": 1906, "0x1": 477, "0x2": 557, "0x3": 173, "0x4": 472, "0x5": 294, "0x6": 139, "0x7": 78}, "snapshots": null, "memory": null, "statevector": null, "unitary": null}}, {"shots": 4096, "success": true, "status": null, "seed": null, "meas_level": 2, "meas_return": null, "header": {"qubit_labels": [["q", 0], ["q", 1], ["q", 2], ["q", 3], ["q", 4]], "n_qubits": 5, "qreg_sizes": [["q", 5]], "clbit_labels": [["c", 0], ["c", 1], ["c", 2]], "memory_slots": 3, "creg_sizes": [["c", 3]], "name": "circuit-662831", "global_phase": 0.0, "metadata": {}}, "data": {"counts": {"0x0": 588, "0x1": 828, "0x2": 433, "0x3": 480, "0x4": 473, "0x5": 553, "0x6": 399, "0x7": 342}, "snapshots": null, "memory": null, "statevector": null, "unitary": null}}, {"shots": 4096, "success": true, "status": null, "seed": null, "meas_level": 2, "meas_return": null, "header": {"qubit_labels": [["q", 0], ["q", 1], ["q", 2], ["q", 3], ["q", 4]], "n_qubits": 5, "qreg_sizes": [["q", 5]], "clbit_labels": [["c", 0], ["c", 1], ["c", 2]], "memory_slots": 3, "creg_sizes": [["c", 3]], "name": "circuit-662832", "global_phase": 0.0, "metadata": {}}, "data": {"counts": {"0x0": 1878, "0x1": 387, "0x2": 624, "0x3": 147, "0x4": 489, "0x5": 314, "0x6": 164, "0x7": 93}, "snapshots": null, "memory": null, "statevector": null, "unitary": null}}, {"shots": 4096, "success": true, "status": null, "seed": null, "meas_level": 2, "meas_return": null, "header": {"qubit_labels": [["q", 0], ["q", 1], ["q", 2], ["q", 3], ["q", 4]], "n_qubits": 5, "qreg_sizes": [["q", 5]], "clbit_labels": [["c", 0], ["c", 1], ["c", 2]], "memory_slots": 3, "creg_sizes": [["c", 3]], "name": "circuit-664725", "global_phase": 0.0, "metadata": {}}, "data": {"counts": {"0x0": 535, "0x1": 469, "0x2": 521, "0x3": 522, "0x4": 566, "0x5": 495, "0x6": 470, "0x7": 518}, "snapshots": null, "memory": null, "statevector": null, "unitary": null}}, {"shots": 4096, "success": true, "status": null, "seed": null, "meas_level": 2, "meas_return": null, "header": {"qubit_labels": [["q", 0], ["q", 1], ["q", 2], ["q", 3], ["q", 4]], "n_qubits": 5, "qreg_sizes": [["q", 5]], "clbit_labels": [["c", 0], ["c", 1], ["c", 2]], "memory_slots": 3, "creg_sizes": [["c", 3]], "name": "circuit-664726", "global_phase": 0.0, "metadata": {}}, "data": {"counts": {"0x0": 1527, "0x1": 514, "0x2": 459, "0x3": 215, "0x4": 661, "0x5": 364, "0x6": 231, "0x7": 125}, "snapshots": null, "memory": null, "statevector": null, "unitary": null}}, {"shots": 4096, "success": true, "status": null, "seed": null, "meas_level": 2, "meas_return": null, "header": {"qubit_labels": [["q", 0], ["q", 1], ["q", 2], ["q", 3], ["q", 4]], "n_qubits": 5, "qreg_sizes": [["q", 5]], "clbit_labels": [["c", 0], ["c", 1], ["c", 2]], "memory_slots": 3, "creg_sizes": [["c", 3]], "name": "circuit-666763", "global_phase": 0.0, "metadata": {}}, "data": {"counts": {"0x0": 412, "0x1": 539, "0x2": 440, "0x3": 512, "0x4": 423, "0x5": 422, "0x6": 937, "0x7": 411}, "snapshots": null, "memory": null, "statevector": null, "unitary": null}}, {"shots": 4096, "success": true, "status": null, "seed": null, "meas_level": 2, "meas_return": null, "header": {"qubit_labels": [["q", 0], ["q", 1], ["q", 2], ["q", 3], ["q", 4]], "n_qubits": 5, "qreg_sizes": [["q", 5]], "clbit_labels": [["c", 0], ["c", 1], ["c", 2]], "memory_slots": 3, "creg_sizes": [["c", 3]], "name": "circuit-666764", "global_phase": 0.0, "metadata": {}}, "data": {"counts": {"0x0": 977, "0x1": 352, "0x2": 1489, "0x3": 359, "0x4": 231, "0x5": 192, "0x6": 282, "0x7": 214}, "snapshots": null, "memory": null, "statevector": null, "unitary": null}}, {"shots": 4096, "success": true, "status": null, "seed": null, "meas_level": 2, "meas_return": null, "header": {"qubit_labels": [["q", 0], ["q", 1], ["q", 2], ["q", 3], ["q", 4]], "n_qubits": 5, "qreg_sizes": [["q", 5]], "clbit_labels": [["c", 0], ["c", 1], ["c", 2]], "memory_slots": 3, "creg_sizes": [["c", 3]], "name": "circuit-668936", "global_phase": 0.0, "metadata": {}}, "data": {"counts": {"0x0": 613, "0x1": 489, "0x2": 481, "0x3": 658, "0x4": 459, "0x5": 387, "0x6": 471, "0x7": 538}, "snapshots": null, "memory": null, "statevector": null, "unitary": null}}, {"shots": 4096, "success": true, "status": null, "seed": null, "meas_level": 2, "meas_return": null, "header": {"qubit_labels": [["q", 0], ["q", 1], ["q", 2], ["q", 3], ["q", 4]], "n_qubits": 5, "qreg_sizes": [["q", 5]], "clbit_labels": [["c", 0], ["c", 1], ["c", 2]], "memory_slots": 3, "creg_sizes": [["c", 3]], "name": "circuit-668937", "global_phase": 0.0, "metadata": {}}, "data": {"counts": {"0x0": 542, "0x1": 722, "0x2": 735, "0x3": 905, "0x4": 340, "0x5": 325, "0x6": 194, "0x7": 333}, "snapshots": null, "memory": null, "statevector": null, "unitary": null}}, {"shots": 4096, "success": true, "status": null, "seed": null, "meas_level": 2, "meas_return": null, "header": {"qubit_labels": [["q", 0], ["q", 1], ["q", 2], ["q", 3], ["q", 4]], "n_qubits": 5, "qreg_sizes": [["q", 5]], "clbit_labels": [["c", 0], ["c", 1], ["c", 2]], "memory_slots": 3, "creg_sizes": [["c", 3]], "name": "circuit-671297", "global_phase": 0.0, "metadata": {}}, "data": {"counts": {"0x0": 454, "0x1": 422, "0x2": 443, "0x3": 724, "0x4": 475, "0x5": 449, "0x6": 697, "0x7": 432}, "snapshots": null, "memory": null, "statevector": null, "unitary": null}}, {"shots": 4096, "success": true, "status": null, "seed": null, "meas_level": 2, "meas_return": null, "header": {"qubit_labels": [["q", 0], ["q", 1], ["q", 2], ["q", 3], ["q", 4]], "n_qubits": 5, "qreg_sizes": [["q", 5]], "clbit_labels": [["c", 0], ["c", 1], ["c", 2]], "memory_slots": 3, "creg_sizes": [["c", 3]], "name": "circuit-671298", "global_phase": 0.0, "metadata": {}}, "data": {"counts": {"0x0": 562, "0x1": 810, "0x2": 532, "0x3": 956, "0x4": 236, "0x5": 370, "0x6": 213, "0x7": 417}, "snapshots": null, "memory": null, "statevector": null, "unitary": null}}, {"shots": 4096, "success": true, "status": null, "seed": null, "meas_level": 2, "meas_return": null, "header": {"qubit_labels": [["q", 0], ["q", 1], ["q", 2], ["q", 3], ["q", 4]], "n_qubits": 5, "qreg_sizes": [["q", 5]], "clbit_labels": [["c", 0], ["c", 1], ["c", 2]], "memory_slots": 3, "creg_sizes": [["c", 3]], "name": "circuit-673799", "global_phase": 0.0, "metadata": {}}, "data": {"counts": {"0x0": 543, "0x1": 396, "0x2": 470, "0x3": 657, "0x4": 387, "0x5": 484, "0x6": 734, "0x7": 425}, "snapshots": null, "memory": null, "statevector": null, "unitary": null}}, {"shots": 4096, "success": true, "status": null, "seed": null, "meas_level": 2, "meas_return": null, "header": {"qubit_labels": [["q", 0], ["q", 1], ["q", 2], ["q", 3], ["q", 4]], "n_qubits": 5, "qreg_sizes": [["q", 5]], "clbit_labels": [["c", 0], ["c", 1], ["c", 2]], "memory_slots": 3, "creg_sizes": [["c", 3]], "name": "circuit-673800", "global_phase": 0.0, "metadata": {}}, "data": {"counts": {"0x0": 684, "0x1": 542, "0x2": 1295, "0x3": 496, "0x4": 222, "0x5": 283, "0x6": 305, "0x7": 269}, "snapshots": null, "memory": null, "statevector": null, "unitary": null}}, {"shots": 4096, "success": true, "status": null, "seed": null, "meas_level": 2, "meas_return": null, "header": {"qubit_labels": [["q", 0], ["q", 1], ["q", 2], ["q", 3], ["q", 4]], "n_qubits": 5, "qreg_sizes": [["q", 5]], "clbit_labels": [["c", 0], ["c", 1], ["c", 2]], "memory_slots": 3, "creg_sizes": [["c", 3]], "name": "circuit-676376", "global_phase": 0.0, "metadata": {}}, "data": {"counts": {"0x0": 623, "0x1": 555, "0x2": 489, "0x3": 529, "0x4": 369, "0x5": 532, "0x6": 497, "0x7": 502}, "snapshots": null, "memory": null, "statevector": null, "unitary": null}}, {"shots": 4096, "success": true, "status": null, "seed": null, "meas_level": 2, "meas_return": null, "header": {"qubit_labels": [["q", 0], ["q", 1], ["q", 2], ["q", 3], ["q", 4]], "n_qubits": 5, "qreg_sizes": [["q", 5]], "clbit_labels": [["c", 0], ["c", 1], ["c", 2]], "memory_slots": 3, "creg_sizes": [["c", 3]], "name": "circuit-676377", "global_phase": 0.0, "metadata": {}}, "data": {"counts": {"0x0": 1101, "0x1": 548, "0x2": 870, "0x3": 392, "0x4": 311, "0x5": 364, "0x6": 261, "0x7": 249}, "snapshots": null, "memory": null, "statevector": null, "unitary": null}}, {"shots": 4096, "success": true, "status": null, "seed": null, "meas_level": 2, "meas_return": null, "header": {"qubit_labels": [["q", 0], ["q", 1], ["q", 2], ["q", 3], ["q", 4]], "n_qubits": 5, "qreg_sizes": [["q", 5]], "clbit_labels": [["c", 0], ["c", 1], ["c", 2]], "memory_slots": 3, "creg_sizes": [["c", 3]], "name": "circuit-679067", "global_phase": 0.0, "metadata": {}}, "data": {"counts": {"0x0": 456, "0x1": 749, "0x2": 433, "0x3": 492, "0x4": 452, "0x5": 550, "0x6": 473, "0x7": 491}, "snapshots": null, "memory": null, "statevector": null, "unitary": null}}, {"shots": 4096, "success": true, "status": null, "seed": null, "meas_level": 2, "meas_return": null, "header": {"qubit_labels": [["q", 0], ["q", 1], ["q", 2], ["q", 3], ["q", 4]], "n_qubits": 5, "qreg_sizes": [["q", 5]], "clbit_labels": [["c", 0], ["c", 1], ["c", 2]], "memory_slots": 3, "creg_sizes": [["c", 3]], "name": "circuit-679068", "global_phase": 0.0, "metadata": {}}, "data": {"counts": {"0x0": 905, "0x1": 562, "0x2": 1002, "0x3": 469, "0x4": 268, "0x5": 301, "0x6": 304, "0x7": 285}, "snapshots": null, "memory": null, "statevector": null, "unitary": null}}, {"shots": 4096, "success": true, "status": null, "seed": null, "meas_level": 2, "meas_return": null, "header": {"qubit_labels": [["q", 0], ["q", 1], ["q", 2], ["q", 3], ["q", 4]], "n_qubits": 5, "qreg_sizes": [["q", 5]], "clbit_labels": [["c", 0], ["c", 1], ["c", 2]], "memory_slots": 3, "creg_sizes": [["c", 3]], "name": "circuit-681973", "global_phase": 0.0, "metadata": {}}, "data": {"counts": {"0x0": 490, "0x1": 456, "0x2": 497, "0x3": 550, "0x4": 491, "0x5": 482, "0x6": 637, "0x7": 493}, "snapshots": null, "memory": null, "statevector": null, "unitary": null}}, {"shots": 4096, "success": true, "status": null, "seed": null, "meas_level": 2, "meas_return": null, "header": {"qubit_labels": [["q", 0], ["q", 1], ["q", 2], ["q", 3], ["q", 4]], "n_qubits": 5, "qreg_sizes": [["q", 5]], "clbit_labels": [["c", 0], ["c", 1], ["c", 2]], "memory_slots": 3, "creg_sizes": [["c", 3]], "name": "circuit-681974", "global_phase": 0.0, "metadata": {}}, "data": {"counts": {"0x0": 638, "0x1": 592, "0x2": 908, "0x3": 608, "0x4": 247, "0x5": 312, "0x6": 359, "0x7": 432}, "snapshots": null, "memory": null, "statevector": null, "unitary": null}}, {"shots": 4096, "success": true, "status": null, "seed": null, "meas_level": 2, "meas_return": null, "header": {"qubit_labels": [["q", 0], ["q", 1], ["q", 2], ["q", 3], ["q", 4]], "n_qubits": 5, "qreg_sizes": [["q", 5]], "clbit_labels": [["c", 0], ["c", 1], ["c", 2]], "memory_slots": 3, "creg_sizes": [["c", 3]], "name": "circuit-685068", "global_phase": 0.0, "metadata": {}}, "data": {"counts": {"0x0": 1059, "0x1": 189, "0x2": 190, "0x3": 711, "0x4": 194, "0x5": 988, "0x6": 621, "0x7": 144}, "snapshots": null, "memory": null, "statevector": null, "unitary": null}}, {"shots": 4096, "success": true, "status": null, "seed": null, "meas_level": 2, "meas_return": null, "header": {"qubit_labels": [["q", 0], ["q", 1], ["q", 2], ["q", 3], ["q", 4]], "n_qubits": 5, "qreg_sizes": [["q", 5]], "clbit_labels": [["c", 0], ["c", 1], ["c", 2]], "memory_slots": 3, "creg_sizes": [["c", 3]], "name": "circuit-685069", "global_phase": 0.0, "metadata": {}}, "data": {"counts": {"0x0": 2896, "0x1": 392, "0x2": 400, "0x3": 54, "0x4": 188, "0x5": 121, "0x6": 35, "0x7": 10}, "snapshots": null, "memory": null, "statevector": null, "unitary": null}}, {"shots": 4096, "success": true, "status": null, "seed": null, "meas_level": 2, "meas_return": null, "header": {"qubit_labels": [["q", 0], ["q", 1], ["q", 2], ["q", 3], ["q", 4]], "n_qubits": 5, "qreg_sizes": [["q", 5]], "clbit_labels": [["c", 0], ["c", 1], ["c", 2]], "memory_slots": 3, "creg_sizes": [["c", 3]], "name": "circuit-685422", "global_phase": 0.0, "metadata": {}}, "data": {"counts": {"0x0": 616, "0x1": 209, "0x2": 398, "0x3": 723, "0x4": 241, "0x5": 767, "0x6": 983, "0x7": 159}, "snapshots": null, "memory": null, "statevector": null, "unitary": null}}, {"shots": 4096, "success": true, "status": null, "seed": null, "meas_level": 2, "meas_return": null, "header": {"qubit_labels": [["q", 0], ["q", 1], ["q", 2], ["q", 3], ["q", 4]], "n_qubits": 5, "qreg_sizes": [["q", 5]], "clbit_labels": [["c", 0], ["c", 1], ["c", 2]], "memory_slots": 3, "creg_sizes": [["c", 3]], "name": "circuit-685423", "global_phase": 0.0, "metadata": {}}, "data": {"counts": {"0x0": 3240, "0x1": 211, "0x2": 347, "0x3": 30, "0x4": 191, "0x5": 55, "0x6": 15, "0x7": 7}, "snapshots": null, "memory": null, "statevector": null, "unitary": null}}, {"shots": 4096, "success": true, "status": null, "seed": null, "meas_level": 2, "meas_return": null, "header": {"qubit_labels": [["q", 0], ["q", 1], ["q", 2], ["q", 3], ["q", 4]], "n_qubits": 5, "qreg_sizes": [["q", 5]], "clbit_labels": [["c", 0], ["c", 1], ["c", 2]], "memory_slots": 3, "creg_sizes": [["c", 3]], "name": "circuit-685923", "global_phase": 0.0, "metadata": {}}, "data": {"counts": {"0x0": 569, "0x1": 397, "0x2": 507, "0x3": 716, "0x4": 250, "0x5": 443, "0x6": 808, "0x7": 406}, "snapshots": null, "memory": null, "statevector": null, "unitary": null}}, {"shots": 4096, "success": true, "status": null, "seed": null, "meas_level": 2, "meas_return": null, "header": {"qubit_labels": [["q", 0], ["q", 1], ["q", 2], ["q", 3], ["q", 4]], "n_qubits": 5, "qreg_sizes": [["q", 5]], "clbit_labels": [["c", 0], ["c", 1], ["c", 2]], "memory_slots": 3, "creg_sizes": [["c", 3]], "name": "circuit-685924", "global_phase": 0.0, "metadata": {}}, "data": {"counts": {"0x0": 2997, "0x1": 309, "0x2": 377, "0x3": 73, "0x4": 214, "0x5": 87, "0x6": 27, "0x7": 12}, "snapshots": null, "memory": null, "statevector": null, "unitary": null}}, {"shots": 4096, "success": true, "status": null, "seed": null, "meas_level": 2, "meas_return": null, "header": {"qubit_labels": [["q", 0], ["q", 1], ["q", 2], ["q", 3], ["q", 4]], "n_qubits": 5, "qreg_sizes": [["q", 5]], "clbit_labels": [["c", 0], ["c", 1], ["c", 2]], "memory_slots": 3, "creg_sizes": [["c", 3]], "name": "circuit-686545", "global_phase": 0.0, "metadata": {}}, "data": {"counts": {"0x0": 305, "0x1": 308, "0x2": 527, "0x3": 850, "0x4": 486, "0x5": 327, "0x6": 809, "0x7": 484}, "snapshots": null, "memory": null, "statevector": null, "unitary": null}}, {"shots": 4096, "success": true, "status": null, "seed": null, "meas_level": 2, "meas_return": null, "header": {"qubit_labels": [["q", 0], ["q", 1], ["q", 2], ["q", 3], ["q", 4]], "n_qubits": 5, "qreg_sizes": [["q", 5]], "clbit_labels": [["c", 0], ["c", 1], ["c", 2]], "memory_slots": 3, "creg_sizes": [["c", 3]], "name": "circuit-686546", "global_phase": 0.0, "metadata": {}}, "data": {"counts": {"0x0": 1666, "0x1": 1035, "0x2": 472, "0x3": 278, "0x4": 307, "0x5": 210, "0x6": 75, "0x7": 53}, "snapshots": null, "memory": null, "statevector": null, "unitary": null}}, {"shots": 4096, "success": true, "status": null, "seed": null, "meas_level": 2, "meas_return": null, "header": {"qubit_labels": [["q", 0], ["q", 1], ["q", 2], ["q", 3], ["q", 4]], "n_qubits": 5, "qreg_sizes": [["q", 5]], "clbit_labels": [["c", 0], ["c", 1], ["c", 2]], "memory_slots": 3, "creg_sizes": [["c", 3]], "name": "circuit-687307", "global_phase": 0.0, "metadata": {}}, "data": {"counts": {"0x0": 264, "0x1": 587, "0x2": 582, "0x3": 602, "0x4": 493, "0x5": 224, "0x6": 772, "0x7": 572}, "snapshots": null, "memory": null, "statevector": null, "unitary": null}}, {"shots": 4096, "success": true, "status": null, "seed": null, "meas_level": 2, "meas_return": null, "header": {"qubit_labels": [["q", 0], ["q", 1], ["q", 2], ["q", 3], ["q", 4]], "n_qubits": 5, "qreg_sizes": [["q", 5]], "clbit_labels": [["c", 0], ["c", 1], ["c", 2]], "memory_slots": 3, "creg_sizes": [["c", 3]], "name": "circuit-687308", "global_phase": 0.0, "metadata": {}}, "data": {"counts": {"0x0": 2562, "0x1": 348, "0x2": 538, "0x3": 93, "0x4": 302, "0x5": 135, "0x6": 65, "0x7": 53}, "snapshots": null, "memory": null, "statevector": null, "unitary": null}}, {"shots": 4096, "success": true, "status": null, "seed": null, "meas_level": 2, "meas_return": null, "header": {"qubit_labels": [["q", 0], ["q", 1], ["q", 2], ["q", 3], ["q", 4]], "n_qubits": 5, "qreg_sizes": [["q", 5]], "clbit_labels": [["c", 0], ["c", 1], ["c", 2]], "memory_slots": 3, "creg_sizes": [["c", 3]], "name": "circuit-688183", "global_phase": 0.0, "metadata": {}}, "data": {"counts": {"0x0": 445, "0x1": 613, "0x2": 495, "0x3": 557, "0x4": 618, "0x5": 376, "0x6": 363, "0x7": 629}, "snapshots": null, "memory": null, "statevector": null, "unitary": null}}, {"shots": 4096, "success": true, "status": null, "seed": null, "meas_level": 2, "meas_return": null, "header": {"qubit_labels": [["q", 0], ["q", 1], ["q", 2], ["q", 3], ["q", 4]], "n_qubits": 5, "qreg_sizes": [["q", 5]], "clbit_labels": [["c", 0], ["c", 1], ["c", 2]], "memory_slots": 3, "creg_sizes": [["c", 3]], "name": "circuit-688184", "global_phase": 0.0, "metadata": {}}, "data": {"counts": {"0x0": 2264, "0x1": 493, "0x2": 595, "0x3": 166, "0x4": 277, "0x5": 158, "0x6": 84, "0x7": 59}, "snapshots": null, "memory": null, "statevector": null, "unitary": null}}, {"shots": 4096, "success": true, "status": null, "seed": null, "meas_level": 2, "meas_return": null, "header": {"qubit_labels": [["q", 0], ["q", 1], ["q", 2], ["q", 3], ["q", 4]], "n_qubits": 5, "qreg_sizes": [["q", 5]], "clbit_labels": [["c", 0], ["c", 1], ["c", 2]], "memory_slots": 3, "creg_sizes": [["c", 3]], "name": "circuit-689228", "global_phase": 0.0, "metadata": {}}, "data": {"counts": {"0x0": 363, "0x1": 537, "0x2": 758, "0x3": 371, "0x4": 761, "0x5": 292, "0x6": 313, "0x7": 701}, "snapshots": null, "memory": null, "statevector": null, "unitary": null}}, {"shots": 4096, "success": true, "status": null, "seed": null, "meas_level": 2, "meas_return": null, "header": {"qubit_labels": [["q", 0], ["q", 1], ["q", 2], ["q", 3], ["q", 4]], "n_qubits": 5, "qreg_sizes": [["q", 5]], "clbit_labels": [["c", 0], ["c", 1], ["c", 2]], "memory_slots": 3, "creg_sizes": [["c", 3]], "name": "circuit-689229", "global_phase": 0.0, "metadata": {}}, "data": {"counts": {"0x0": 1825, "0x1": 470, "0x2": 954, "0x3": 187, "0x4": 270, "0x5": 197, "0x6": 106, "0x7": 87}, "snapshots": null, "memory": null, "statevector": null, "unitary": null}}, {"shots": 4096, "success": true, "status": null, "seed": null, "meas_level": 2, "meas_return": null, "header": {"qubit_labels": [["q", 0], ["q", 1], ["q", 2], ["q", 3], ["q", 4]], "n_qubits": 5, "qreg_sizes": [["q", 5]], "clbit_labels": [["c", 0], ["c", 1], ["c", 2]], "memory_slots": 3, "creg_sizes": [["c", 3]], "name": "circuit-690419", "global_phase": 0.0, "metadata": {}}, "data": {"counts": {"0x0": 324, "0x1": 454, "0x2": 937, "0x3": 489, "0x4": 497, "0x5": 298, "0x6": 308, "0x7": 789}, "snapshots": null, "memory": null, "statevector": null, "unitary": null}}, {"shots": 4096, "success": true, "status": null, "seed": null, "meas_level": 2, "meas_return": null, "header": {"qubit_labels": [["q", 0], ["q", 1], ["q", 2], ["q", 3], ["q", 4]], "n_qubits": 5, "qreg_sizes": [["q", 5]], "clbit_labels": [["c", 0], ["c", 1], ["c", 2]], "memory_slots": 3, "creg_sizes": [["c", 3]], "name": "circuit-690420", "global_phase": 0.0, "metadata": {}}, "data": {"counts": {"0x0": 2042, "0x1": 493, "0x2": 541, "0x3": 245, "0x4": 323, "0x5": 253, "0x6": 88, "0x7": 111}, "snapshots": null, "memory": null, "statevector": null, "unitary": null}}, {"shots": 4096, "success": true, "status": null, "seed": null, "meas_level": 2, "meas_return": null, "header": {"qubit_labels": [["q", 0], ["q", 1], ["q", 2], ["q", 3], ["q", 4]], "n_qubits": 5, "qreg_sizes": [["q", 5]], "clbit_labels": [["c", 0], ["c", 1], ["c", 2]], "memory_slots": 3, "creg_sizes": [["c", 3]], "name": "circuit-691774", "global_phase": 0.0, "metadata": {}}, "data": {"counts": {"0x0": 387, "0x1": 598, "0x2": 708, "0x3": 368, "0x4": 707, "0x5": 355, "0x6": 372, "0x7": 601}, "snapshots": null, "memory": null, "statevector": null, "unitary": null}}, {"shots": 4096, "success": true, "status": null, "seed": null, "meas_level": 2, "meas_return": null, "header": {"qubit_labels": [["q", 0], ["q", 1], ["q", 2], ["q", 3], ["q", 4]], "n_qubits": 5, "qreg_sizes": [["q", 5]], "clbit_labels": [["c", 0], ["c", 1], ["c", 2]], "memory_slots": 3, "creg_sizes": [["c", 3]], "name": "circuit-691775", "global_phase": 0.0, "metadata": {}}, "data": {"counts": {"0x0": 1843, "0x1": 417, "0x2": 844, "0x3": 188, "0x4": 310, "0x5": 252, "0x6": 136, "0x7": 106}, "snapshots": null, "memory": null, "statevector": null, "unitary": null}}, {"shots": 4096, "success": true, "status": null, "seed": null, "meas_level": 2, "meas_return": null, "header": {"qubit_labels": [["q", 0], ["q", 1], ["q", 2], ["q", 3], ["q", 4]], "n_qubits": 5, "qreg_sizes": [["q", 5]], "clbit_labels": [["c", 0], ["c", 1], ["c", 2]], "memory_slots": 3, "creg_sizes": [["c", 3]], "name": "circuit-693274", "global_phase": 0.0, "metadata": {}}, "data": {"counts": {"0x0": 484, "0x1": 535, "0x2": 773, "0x3": 419, "0x4": 501, "0x5": 319, "0x6": 387, "0x7": 678}, "snapshots": null, "memory": null, "statevector": null, "unitary": null}}, {"shots": 4096, "success": true, "status": null, "seed": null, "meas_level": 2, "meas_return": null, "header": {"qubit_labels": [["q", 0], ["q", 1], ["q", 2], ["q", 3], ["q", 4]], "n_qubits": 5, "qreg_sizes": [["q", 5]], "clbit_labels": [["c", 0], ["c", 1], ["c", 2]], "memory_slots": 3, "creg_sizes": [["c", 3]], "name": "circuit-693275", "global_phase": 0.0, "metadata": {}}, "data": {"counts": {"0x0": 986, "0x1": 650, "0x2": 865, "0x3": 708, "0x4": 206, "0x5": 301, "0x6": 159, "0x7": 221}, "snapshots": null, "memory": null, "statevector": null, "unitary": null}}], "error": null}