{"backend_name": "ibmq_manila", "backend_version": "1.0.35", "qobj_id": "09e55af4-303a-411c-8afc-049cd5ed99b8", "job_id": "62ebd254cb37f773669bd03d", "date": "2022-08-04T15:24:30Z", "success": true, "status": "Successful completion", "execution_id": "360dcbee-1409-11ed-9fb7-bc97e15b08d0", "time_taken": 129.68484663963318, "header": {"backend_name": "ibmq_manila", "backend_version": "1.0.35"}, "results": [{"shots": 4096, "success": true, "status": null, "seed": null, "meas_level": 2, "meas_return": null, "header": {"qubit_labels": [["q", 0], ["q", 1], ["q", 2], ["q", 3], ["q", 4]], "n_qubits": 5, "qreg_sizes": [["q", 5]], "clbit_labels": [["c", 0], ["c", 1], ["c", 2]], "memory_slots": 3, "creg_sizes": [["c", 3]], "name": "circuit-2964844", "global_phase": 0.0, "metadata": {}}, "data": {"counts": {"0x0": 961, "0x1": 166, "0x2": 170, "0x3": 889, "0x4": 175, "0x5": 837, "0x6": 771, "0x7": 127}, "snapshots": null, "memory": null, "statevector": null, "unitary": null}}, {"shots": 4096, "success": true, "status": null, "seed": null, "meas_level": 2, "meas_return": null, "header": {"qubit_labels": [["q", 0], ["q", 1], ["q", 2], ["q", 3], ["q", 4]], "n_qubits": 5, "qreg_sizes": [["q", 5]], "clbit_labels": [["c", 0], ["c", 1], ["c", 2]], "memory_slots": 3, "creg_sizes": [["c", 3]], "name": "circuit-2964845", "global_phase": 0.0, "metadata": {}}, "data": {"counts": {"0x0": 3771, "0x1": 79, "0x2": 95, "0x3": 5, "0x4": 93, "0x5": 46, "0x6": 6, "0x7": 1}, "snapshots": null, "memory": null, "statevector": null, "unitary": null}}, {"shots": 4096, "success": true, "status": null, "seed": null, "meas_level": 2, "meas_return": null, "header": {"qubit_labels": [["q", 0], ["q", 1], ["q", 2], ["q", 3], ["q", 4]], "n_qubits": 5, "qreg_sizes": [["q", 5]], "clbit_labels": [["c", 0], ["c", 1], ["c", 2]], "memory_slots": 3, "creg_sizes": [["c", 3]], "name": "circuit-2965172", "global_phase": 0.0, "metadata": {}}, "data": {"counts": {"0x0": 934, "0x1": 340, "0x2": 270, "0x3": 827, "0x4": 353, "0x5": 592, "0x6": 549, "0x7": 231}, "snapshots": null, "memory": null, "statevector": null, "unitary": null}}, {"shots": 4096, "success": true, "status": null, "seed": null, "meas_level": 2, "meas_return": null, "header": {"qubit_labels": [["q", 0], ["q", 1], ["q", 2], ["q", 3], ["q", 4]], "n_qubits": 5, "qreg_sizes": [["q", 5]], "clbit_labels": [["c", 0], ["c", 1], ["c", 2]], "memory_slots": 3, "creg_sizes": [["c", 3]], "name": "circuit-2965173", "global_phase": 0.0, "metadata": {}}, "data": {"counts": {"0x0": 3379, "0x1": 147, "0x2": 125, "0x3": 5, "0x4": 395, "0x5": 32, "0x6": 11, "0x7": 2}, "snapshots": null, "memory": null, "statevector": null, "unitary": null}}, {"shots": 4096, "success": true, "status": null, "seed": null, "meas_level": 2, "meas_return": null, "header": {"qubit_labels": [["q", 0], ["q", 1], ["q", 2], ["q", 3], ["q", 4]], "n_qubits": 5, "qreg_sizes": [["q", 5]], "clbit_labels": [["c", 0], ["c", 1], ["c", 2]], "memory_slots": 3, "creg_sizes": [["c", 3]], "name": "circuit-2965654", "global_phase": 0.0, "metadata": {}}, "data": {"counts": {"0x0": 892, "0x1": 366, "0x2": 336, "0x3": 825, "0x4": 424, "0x5": 442, "0x6": 445, "0x7": 366}, "snapshots": null, "memory": null, "statevector": null, "unitary": null}}, {"shots": 4096, "success": true, "status": null, "seed": null, "meas_level": 2, "meas_return": null, "header": {"qubit_labels": [["q", 0], ["q", 1], ["q", 2], ["q", 3], ["q", 4]], "n_qubits": 5, "qreg_sizes": [["q", 5]], "clbit_labels": [["c", 0], ["c", 1], ["c", 2]], "memory_slots": 3, "creg_sizes": [["c", 3]], "name": "circuit-2965655", "global_phase": 0.0, "metadata": {}}, "data": {"counts": {"0x0": 3431, "0x1": 197, "0x2": 158, "0x3": 13, "0x4": 213, "0x5": 73, "0x6": 8, "0x7": 3}, "snapshots": null, "memory": null, "statevector": null, "unitary": null}}, {"shots": 4096, "success": true, "status": null, "seed": null, "meas_level": 2, "meas_return": null, "header": {"qubit_labels": [["q", 0], ["q", 1], ["q", 2], ["q", 3], ["q", 4]], "n_qubits": 5, "qreg_sizes": [["q", 5]], "clbit_labels": [["c", 0], ["c", 1], ["c", 2]], "memory_slots": 3, "creg_sizes": [["c", 3]], "name": "circuit-2966290", "global_phase": 0.0, "metadata": {}}, "data": {"counts": {"0x0": 575, "0x1": 526, "0x2": 434, "0x3": 321, "0x4": 627, "0x5": 414, "0x6": 466, "0x7": 733}, "snapshots": null, "memory": null, "statevector": null, "unitary": null}}, {"shots": 4096, "success": true, "status": null, "seed": null, "meas_level": 2, "meas_return": null, "header": {"qubit_labels": [["q", 0], ["q", 1], ["q", 2], ["q", 3], ["q", 4]], "n_qubits": 5, "qreg_sizes": [["q", 5]], "clbit_labels": [["c", 0], ["c", 1], ["c", 2]], "memory_slots": 3, "creg_sizes": [["c", 3]], "name": "circuit-2966291", "global_phase": 0.0, "metadata": {}}, "data": {"counts": {"0x0": 2698, "0x1": 175, "0x2": 162, "0x3": 26, "0x4": 906, "0x5": 86, "0x6": 38, "0x7": 5}, "snapshots": null, "memory": null, "statevector": null, "unitary": null}}, {"shots": 4096, "success": true, "status": null, "seed": null, "meas_level": 2, "meas_return": null, "header": {"qubit_labels": [["q", 0], ["q", 1], ["q", 2], ["q", 3], ["q", 4]], "n_qubits": 5, "qreg_sizes": [["q", 5]], "clbit_labels": [["c", 0], ["c", 1], ["c", 2]], "memory_slots": 3, "creg_sizes": [["c", 3]], "name": "circuit-2967054", "global_phase": 0.0, "metadata": {}}, "data": {"counts": {"0x0": 538, "0x1": 462, "0x2": 681, "0x3": 303, "0x4": 643, "0x5": 492, "0x6": 435, "0x7": 542}, "snapshots": null, "memory": null, "statevector": null, "unitary": null}}, {"shots": 4096, "success": true, "status": null, "seed": null, "meas_level": 2, "meas_return": null, "header": {"qubit_labels": [["q", 0], ["q", 1], ["q", 2], ["q", 3], ["q", 4]], "n_qubits": 5, "qreg_sizes": [["q", 5]], "clbit_labels": [["c", 0], ["c", 1], ["c", 2]], "memory_slots": 3, "creg_sizes": [["c", 3]], "name": "circuit-2967055", "global_phase": 0.0, "metadata": {}}, "data": {"counts": {"0x0": 1935, "0x1": 204, "0x2": 132, "0x3": 16, "0x4": 1545, "0x5": 133, "0x6": 119, "0x7": 12}, "snapshots": null, "memory": null, "statevector": null, "unitary": null}}, {"shots": 4096, "success": true, "status": null, "seed": null, "meas_level": 2, "meas_return": null, "header": {"qubit_labels": [["q", 0], ["q", 1], ["q", 2], ["q", 3], ["q", 4]], "n_qubits": 5, "qreg_sizes": [["q", 5]], "clbit_labels": [["c", 0], ["c", 1], ["c", 2]], "memory_slots": 3, "creg_sizes": [["c", 3]], "name": "circuit-2967978", "global_phase": 0.0, "metadata": {}}, "data": {"counts": {"0x0": 301, "0x1": 851, "0x2": 677, "0x3": 228, "0x4": 766, "0x5": 406, "0x6": 264, "0x7": 603}, "snapshots": null, "memory": null, "statevector": null, "unitary": null}}, {"shots": 4096, "success": true, "status": null, "seed": null, "meas_level": 2, "meas_return": null, "header": {"qubit_labels": [["q", 0], ["q", 1], ["q", 2], ["q", 3], ["q", 4]], "n_qubits": 5, "qreg_sizes": [["q", 5]], "clbit_labels": [["c", 0], ["c", 1], ["c", 2]], "memory_slots": 3, "creg_sizes": [["c", 3]], "name": "circuit-2967979", "global_phase": 0.0, "metadata": {}}, "data": {"counts": {"0x0": 2537, "0x1": 238, "0x2": 238, "0x3": 25, "0x4": 748, "0x5": 210, "0x6": 83, "0x7": 17}, "snapshots": null, "memory": null, "statevector": null, "unitary": null}}, {"shots": 4096, "success": true, "status": null, "seed": null, "meas_level": 2, "meas_return": null, "header": {"qubit_labels": [["q", 0], ["q", 1], ["q", 2], ["q", 3], ["q", 4]], "n_qubits": 5, "qreg_sizes": [["q", 5]], "clbit_labels": [["c", 0], ["c", 1], ["c", 2]], "memory_slots": 3, "creg_sizes": [["c", 3]], "name": "circuit-2969026", "global_phase": 0.0, "metadata": {}}, "data": {"counts": {"0x0": 326, "0x1": 695, "0x2": 627, "0x3": 231, "0x4": 946, "0x5": 255, "0x6": 250, "0x7": 766}, "snapshots": null, "memory": null, "statevector": null, "unitary": null}}, {"shots": 4096, "success": true, "status": null, "seed": null, "meas_level": 2, "meas_return": null, "header": {"qubit_labels": [["q", 0], ["q", 1], ["q", 2], ["q", 3], ["q", 4]], "n_qubits": 5, "qreg_sizes": [["q", 5]], "clbit_labels": [["c", 0], ["c", 1], ["c", 2]], "memory_slots": 3, "creg_sizes": [["c", 3]], "name": "circuit-2969027", "global_phase": 0.0, "metadata": {}}, "data": {"counts": {"0x0": 2337, "0x1": 345, "0x2": 227, "0x3": 28, "0x4": 926, "0x5": 148, "0x6": 69, "0x7": 16}, "snapshots": null, "memory": null, "statevector": null, "unitary": null}}, {"shots": 4096, "success": true, "status": null, "seed": null, "meas_level": 2, "meas_return": null, "header": {"qubit_labels": [["q", 0], ["q", 1], ["q", 2], ["q", 3], ["q", 4]], "n_qubits": 5, "qreg_sizes": [["q", 5]], "clbit_labels": [["c", 0], ["c", 1], ["c", 2]], "memory_slots": 3, "creg_sizes": [["c", 3]], "name": "circuit-2970230", "global_phase": 0.0, "metadata": {}}, "data": {"counts": {"0x0": 338, "0x1": 741, "0x2": 742, "0x3": 211, "0x4": 885, "0x5": 254, "0x6": 275, "0x7": 650}, "snapshots": null, "memory": null, "statevector": null, "unitary": null}}, {"shots": 4096, "success": true, "status": null, "seed": null, "meas_level": 2, "meas_return": null, "header": {"qubit_labels": [["q", 0], ["q", 1], ["q", 2], ["q", 3], ["q", 4]], "n_qubits": 5, "qreg_sizes": [["q", 5]], "clbit_labels": [["c", 0], ["c", 1], ["c", 2]], "memory_slots": 3, "creg_sizes": [["c", 3]], "name": "circuit-2970231", "global_phase": 0.0, "metadata": {}}, "data": {"counts": {"0x0": 2271, "0x1": 248, "0x2": 229, "0x3": 46, "0x4": 954, "0x5": 209, "0x6": 103, "0x7": 36}, "snapshots": null, "memory": null, "statevector": null, "unitary": null}}, {"shots": 4096, "success": true, "status": null, "seed": null, "meas_level": 2, "meas_return": null, "header": {"qubit_labels": [["q", 0], ["q", 1], ["q", 2], ["q", 3], ["q", 4]], "n_qubits": 5, "qreg_sizes": [["q", 5]], "clbit_labels": [["c", 0], ["c", 1], ["c", 2]], "memory_slots": 3, "creg_sizes": [["c", 3]], "name": "circuit-2971573", "global_phase": 0.0, "metadata": {}}, "data": {"counts": {"0x0": 314, "0x1": 747, "0x2": 798, "0x3": 284, "0x4": 748, "0x5": 283, "0x6": 300, "0x7": 622}, "snapshots": null, "memory": null, "statevector": null, "unitary": null}}, {"shots": 4096, "success": true, "status": null, "seed": null, "meas_level": 2, "meas_return": null, "header": {"qubit_labels": [["q", 0], ["q", 1], ["q", 2], ["q", 3], ["q", 4]], "n_qubits": 5, "qreg_sizes": [["q", 5]], "clbit_labels": [["c", 0], ["c", 1], ["c", 2]], "memory_slots": 3, "creg_sizes": [["c", 3]], "name": "circuit-2971574", "global_phase": 0.0, "metadata": {}}, "data": {"counts": {"0x0": 1305, "0x1": 241, "0x2": 192, "0x3": 28, "0x4": 1792, "0x5": 254, "0x6": 250, "0x7": 34}, "snapshots": null, "memory": null, "statevector": null, "unitary": null}}, {"shots": 4096, "success": true, "status": null, "seed": null, "meas_level": 2, "meas_return": null, "header": {"qubit_labels": [["q", 0], ["q", 1], ["q", 2], ["q", 3], ["q", 4]], "n_qubits": 5, "qreg_sizes": [["q", 5]], "clbit_labels": [["c", 0], ["c", 1], ["c", 2]], "memory_slots": 3, "creg_sizes": [["c", 3]], "name": "circuit-2973097", "global_phase": 0.0, "metadata": {}}, "data": {"counts": {"0x0": 443, "0x1": 657, "0x2": 598, "0x3": 400, "0x4": 619, "0x5": 387, "0x6": 439, "0x7": 553}, "snapshots": null, "memory": null, "statevector": null, "unitary": null}}, {"shots": 4096, "success": true, "status": null, "seed": null, "meas_level": 2, "meas_return": null, "header": {"qubit_labels": [["q", 0], ["q", 1], ["q", 2], ["q", 3], ["q", 4]], "n_qubits": 5, "qreg_sizes": [["q", 5]], "clbit_labels": [["c", 0], ["c", 1], ["c", 2]], "memory_slots": 3, "creg_sizes": [["c", 3]], "name": "circuit-2973098", "global_phase": 0.0, "metadata": {}}, "data": {"counts": {"0x0": 1067, "0x1": 206, "0x2": 141, "0x3": 39, "0x4": 1959, "0x5": 344, "0x6": 283, "0x7": 57}, "snapshots": null, "memory": null, "statevector": null, "unitary": null}}, {"shots": 4096, "success": true, "status": null, "seed": null, "meas_level": 2, "meas_return": null, "header": {"qubit_labels": [["q", 0], ["q", 1], ["q", 2], ["q", 3], ["q", 4]], "n_qubits": 5, "qreg_sizes": [["q", 5]], "clbit_labels": [["c", 0], ["c", 1], ["c", 2]], "memory_slots": 3, "creg_sizes": [["c", 3]], "name": "circuit-2974720", "global_phase": 0.0, "metadata": {}}, "data": {"counts": {"0x0": 419, "0x1": 780, "0x2": 457, "0x3": 470, "0x4": 666, "0x5": 350, "0x6": 426, "0x7": 528}, "snapshots": null, "memory": null, "statevector": null, "unitary": null}}, {"shots": 4096, "success": true, "status": null, "seed": null, "meas_level": 2, "meas_return": null, "header": {"qubit_labels": [["q", 0], ["q", 1], ["q", 2], ["q", 3], ["q", 4]], "n_qubits": 5, "qreg_sizes": [["q", 5]], "clbit_labels": [["c", 0], ["c", 1], ["c", 2]], "memory_slots": 3, "creg_sizes": [["c", 3]], "name": "circuit-2974721", "global_phase": 0.0, "metadata": {}}, "data": {"counts": {"0x0": 1132, "0x1": 244, "0x2": 177, "0x3": 51, "0x4": 1728, "0x5": 398, "0x6": 305, "0x7": 61}, "snapshots": null, "memory": null, "statevector": null, "unitary": null}}, {"shots": 4096, "success": true, "status": null, "seed": null, "meas_level": 2, "meas_return": null, "header": {"qubit_labels": [["q", 0], ["q", 1], ["q", 2], ["q", 3], ["q", 4]], "n_qubits": 5, "qreg_sizes": [["q", 5]], "clbit_labels": [["c", 0], ["c", 1], ["c", 2]], "memory_slots": 3, "creg_sizes": [["c", 3]], "name": "circuit-2976478", "global_phase": 0.0, "metadata": {}}, "data": {"counts": {"0x0": 617, "0x1": 688, "0x2": 600, "0x3": 510, "0x4": 306, "0x5": 506, "0x6": 555, "0x7": 314}, "snapshots": null, "memory": null, "statevector": null, "unitary": null}}, {"shots": 4096, "success": true, "status": null, "seed": null, "meas_level": 2, "meas_return": null, "header": {"qubit_labels": [["q", 0], ["q", 1], ["q", 2], ["q", 3], ["q", 4]], "n_qubits": 5, "qreg_sizes": [["q", 5]], "clbit_labels": [["c", 0], ["c", 1], ["c", 2]], "memory_slots": 3, "creg_sizes": [["c", 3]], "name": "circuit-2976479", "global_phase": 0.0, "metadata": {}}, "data": {"counts": {"0x0": 902, "0x1": 267, "0x2": 159, "0x3": 44, "0x4": 1872, "0x5": 407, "0x6": 368, "0x7": 77}, "snapshots": null, "memory": null, "statevector": null, "unitary": null}}, {"shots": 4096, "success": true, "status": null, "seed": null, "meas_level": 2, "meas_return": null, "header": {"qubit_labels": [["q", 0], ["q", 1], ["q", 2], ["q", 3], ["q", 4]], "n_qubits": 5, "qreg_sizes": [["q", 5]], "clbit_labels": [["c", 0], ["c", 1], ["c", 2]], "memory_slots": 3, "creg_sizes": [["c", 3]], "name": "circuit-2978400", "global_phase": 0.0, "metadata": {}}, "data": {"counts": {"0x0": 913, "0x1": 439, "0x2": 337, "0x3": 818, "0x4": 446, "0x5": 364, "0x6": 464, "0x7": 315}, "snapshots": null, "memory": null, "statevector": null, "unitary": null}}, {"shots": 4096, "success": true, "status": null, "seed": null, "meas_level": 2, "meas_return": null, "header": {"qubit_labels": [["q", 0], ["q", 1], ["q", 2], ["q", 3], ["q", 4]], "n_qubits": 5, "qreg_sizes": [["q", 5]], "clbit_labels": [["c", 0], ["c", 1], ["c", 2]], "memory_slots": 3, "creg_sizes": [["c", 3]], "name": "circuit-2978401", "global_phase": 0.0, "metadata": {}}, "data": {"counts": {"0x0": 909, "0x1": 272, "0x2": 160, "0x3": 46, "0x4": 1994, "0x5": 343, "0x6": 303, "0x7": 69}, "snapshots": null, "memory": null, "statevector": null, "unitary": null}}, {"shots": 4096, "success": true, "status": null, "seed": null, "meas_level": 2, "meas_return": null, "header": {"qubit_labels": [["q", 0], ["q", 1], ["q", 2], ["q", 3], ["q", 4]], "n_qubits": 5, "qreg_sizes": [["q", 5]], "clbit_labels": [["c", 0], ["c", 1], ["c", 2]], "memory_slots": 3, "creg_sizes": [["c", 3]], "name": "circuit-2980412", "global_phase": 0.0, "metadata": {}}, "data": {"counts": {"0x0": 753, "0x1": 320, "0x2": 360, "0x3": 513, "0x4": 471, "0x5": 620, "0x6": 692, "0x7": 367}, "snapshots": null, "memory": null, "statevector": null, "unitary": null}}, {"shots": 4096, "success": true, "status": null, "seed": null, "meas_level": 2, "meas_return": null, "header": {"qubit_labels": [["q", 0], ["q", 1], ["q", 2], ["q", 3], ["q", 4]], "n_qubits": 5, "qreg_sizes": [["q", 5]], "clbit_labels": [["c", 0], ["c", 1], ["c", 2]], "memory_slots": 3, "creg_sizes": [["c", 3]], "name": "circuit-2980413", "global_phase": 0.0, "metadata": {}}, "data": {"counts": {"0x0": 569, "0x1": 235, "0x2": 141, "0x3": 51, "0x4": 2034, "0x5": 544, "0x6": 437, "0x7": 85}, "snapshots": null, "memory": null, "statevector": null, "unitary": null}}, {"shots": 4096, "success": true, "status": null, "seed": null, "meas_level": 2, "meas_return": null, "header": {"qubit_labels": [["q", 0], ["q", 1], ["q", 2], ["q", 3], ["q", 4]], "n_qubits": 5, "qreg_sizes": [["q", 5]], "clbit_labels": [["c", 0], ["c", 1], ["c", 2]], "memory_slots": 3, "creg_sizes": [["c", 3]], "name": "circuit-2982629", "global_phase": 0.0, "metadata": {}}, "data": {"counts": {"0x0": 923, "0x1": 435, "0x2": 375, "0x3": 609, "0x4": 414, "0x5": 441, "0x6": 581, "0x7": 318}, "snapshots": null, "memory": null, "statevector": null, "unitary": null}}, {"shots": 4096, "success": true, "status": null, "seed": null, "meas_level": 2, "meas_return": null, "header": {"qubit_labels": [["q", 0], ["q", 1], ["q", 2], ["q", 3], ["q", 4]], "n_qubits": 5, "qreg_sizes": [["q", 5]], "clbit_labels": [["c", 0], ["c", 1], ["c", 2]], "memory_slots": 3, "creg_sizes": [["c", 3]], "name": "circuit-2982630", "global_phase": 0.0, "metadata": {}}, "data": {"counts": {"0x0": 615, "0x1": 213, "0x2": 139, "0x3": 51, "0x4": 2086, "0x5": 477, "0x6": 415, "0x7": 100}, "snapshots": null, "memory": null, "statevector": null, "unitary": null}}, {"shots": 4096, "success": true, "status": null, "seed": null, "meas_level": 2, "meas_return": null, "header": {"qubit_labels": [["q", 0], ["q", 1], ["q", 2], ["q", 3], ["q", 4]], "n_qubits": 5, "qreg_sizes": [["q", 5]], "clbit_labels": [["c", 0], ["c", 1], ["c", 2]], "memory_slots": 3, "creg_sizes": [["c", 3]], "name": "circuit-2984930", "global_phase": 0.0, "metadata": {}}, "data": {"counts": {"0x0": 644, "0x1": 369, "0x2": 338, "0x3": 486, "0x4": 450, "0x5": 725, "0x6": 749, "0x7": 335}, "snapshots": null, "memory": null, "statevector": null, "unitary": null}}, {"shots": 4096, "success": true, "status": null, "seed": null, "meas_level": 2, "meas_return": null, "header": {"qubit_labels": [["q", 0], ["q", 1], ["q", 2], ["q", 3], ["q", 4]], "n_qubits": 5, "qreg_sizes": [["q", 5]], "clbit_labels": [["c", 0], ["c", 1], ["c", 2]], "memory_slots": 3, "creg_sizes": [["c", 3]], "name": "circuit-2984931", "global_phase": 0.0, "metadata": {}}, "data": {"counts": {"0x0": 597, "0x1": 297, "0x2": 152, "0x3": 70, "0x4": 1696, "0x5": 684, "0x6": 451, "0x7": 149}, "snapshots": null, "memory": null, "statevector": null, "unitary": null}}, {"shots": 4096, "success": true, "status": null, "seed": null, "meas_level": 2, "meas_return": null, "header": {"qubit_labels": [["q", 0], ["q", 1], ["q", 2], ["q", 3], ["q", 4]], "n_qubits": 5, "qreg_sizes": [["q", 5]], "clbit_labels": [["c", 0], ["c", 1], ["c", 2]], "memory_slots": 3, "creg_sizes": [["c", 3]], "name": "circuit-2987467", "global_phase": 0.0, "metadata": {}}, "data": {"counts": {"0x0": 541, "0x1": 441, "0x2": 441, "0x3": 554, "0x4": 523, "0x5": 570, "0x6": 650, "0x7": 376}, "snapshots": null, "memory": null, "statevector": null, "unitary": null}}, {"shots": 4096, "success": true, "status": null, "seed": null, "meas_level": 2, "meas_return": null, "header": {"qubit_labels": [["q", 0], ["q", 1], ["q", 2], ["q", 3], ["q", 4]], "n_qubits": 5, "qreg_sizes": [["q", 5]], "clbit_labels": [["c", 0], ["c", 1], ["c", 2]], "memory_slots": 3, "creg_sizes": [["c", 3]], "name": "circuit-2987468", "global_phase": 0.0, "metadata": {}}, "data": {"counts": {"0x0": 662, "0x1": 243, "0x2": 157, "0x3": 69, "0x4": 1811, "0x5": 581, "0x6": 460, "0x7": 113}, "snapshots": null, "memory": null, "statevector": null, "unitary": null}}, {"shots": 4096, "success": true, "status": null, "seed": null, "meas_level": 2, "meas_return": null, "header": {"qubit_labels": [["q", 0], ["q", 1], ["q", 2], ["q", 3], ["q", 4]], "n_qubits": 5, "qreg_sizes": [["q", 5]], "clbit_labels": [["c", 0], ["c", 1], ["c", 2]], "memory_slots": 3, "creg_sizes": [["c", 3]], "name": "circuit-2990098", "global_phase": 0.0, "metadata": {}}, "data": {"counts": {"0x0": 564, "0x1": 418, "0x2": 502, "0x3": 581, "0x4": 508, "0x5": 482, "0x6": 530, "0x7": 511}, "snapshots": null, "memory": null, "statevector": null, "unitary": null}}, {"shots": 4096, "success": true, "status": null, "seed": null, "meas_level": 2, "meas_return": null, "header": {"qubit_labels": [["q", 0], ["q", 1], ["q", 2], ["q", 3], ["q", 4]], "n_qubits": 5, "qreg_sizes": [["q", 5]], "clbit_labels": [["c", 0], ["c", 1], ["c", 2]], "memory_slots": 3, "creg_sizes": [["c", 3]], "name": "circuit-2990099", "global_phase": 0.0, "metadata": {}}, "data": {"counts": {"0x0": 638, "0x1": 349, "0x2": 173, "0x3": 65, "0x4": 1664, "0x5": 623, "0x6": 443, "0x7": 141}, "snapshots": null, "memory": null, "statevector": null, "unitary": null}}, {"shots": 4096, "success": true, "status": null, "seed": null, "meas_level": 2, "meas_return": null, "header": {"qubit_labels": [["q", 0], ["q", 1], ["q", 2], ["q", 3], ["q", 4]], "n_qubits": 5, "qreg_sizes": [["q", 5]], "clbit_labels": [["c", 0], ["c", 1], ["c", 2]], "memory_slots": 3, "creg_sizes": [["c", 3]], "name": "circuit-2992864", "global_phase": 0.0, "metadata": {}}, "data": {"counts": {"0x0": 704, "0x1": 416, "0x2": 362, "0x3": 668, "0x4": 584, "0x5": 511, "0x6": 426, "0x7": 425}, "snapshots": null, "memory": null, "statevector": null, "unitary": null}}, {"shots": 4096, "success": true, "status": null, "seed": null, "meas_level": 2, "meas_return": null, "header": {"qubit_labels": [["q", 0], ["q", 1], ["q", 2], ["q", 3], ["q", 4]], "n_qubits": 5, "qreg_sizes": [["q", 5]], "clbit_labels": [["c", 0], ["c", 1], ["c", 2]], "memory_slots": 3, "creg_sizes": [["c", 3]], "name": "circuit-2992865", "global_phase": 0.0, "metadata": {}}, "data": {"counts": {"0x0": 789, "0x1": 304, "0x2": 185, "0x3": 65, "0x4": 1637, "0x5": 525, "0x6": 477, "0x7": 114}, "snapshots": null, "memory": null, "statevector": null, "unitary": null}}, {"shots": 4096, "success": true, "status": null, "seed": null, "meas_level": 2, "meas_return": null, "header": {"qubit_labels": [["q", 0], ["q", 1], ["q", 2], ["q", 3], ["q", 4]], "n_qubits": 5, "qreg_sizes": [["q", 5]], "clbit_labels": [["c", 0], ["c", 1], ["c", 2]], "memory_slots": 3, "creg_sizes": [["c", 3]], "name": "circuit-2995787", "global_phase": 0.0, "metadata": {}}, "data": {"counts": {"0x0": 628, "0x1": 652, "0x2": 593, "0x3": 395, "0x4": 640, "0x5": 329, "0x6": 393, "0x7": 466}, "snapshots": null, "memory": null, "statevector": null, "unitary": null}}, {"shots": 4096, "success": true, "status": null, "seed": null, "meas_level": 2, "meas_return": null, "header": {"qubit_labels": [["q", 0], ["q", 1], ["q", 2], ["q", 3], ["q", 4]], "n_qubits": 5, "qreg_sizes": [["q", 5]], "clbit_labels": [["c", 0], ["c", 1], ["c", 2]], "memory_slots": 3, "creg_sizes": [["c", 3]], "name": "circuit-2995788", "global_phase": 0.0, "metadata": {}}, "data": {"counts": {"0x0": 551, "0x1": 301, "0x2": 191, "0x3": 87, "0x4": 1694, "0x5": 530, "0x6": 608, "0x7": 134}, "snapshots": null, "memory": null, "statevector": null, "unitary": null}}, {"shots": 4096, "success": true, "status": null, "seed": null, "meas_level": 2, "meas_return": null, "header": {"qubit_labels": [["q", 0], ["q", 1], ["q", 2], ["q", 3], ["q", 4]], "n_qubits": 5, "qreg_sizes": [["q", 5]], "clbit_labels": [["c", 0], ["c", 1], ["c", 2]], "memory_slots": 3, "creg_sizes": [["c", 3]], "name": "circuit-2998754", "global_phase": 0.0, "metadata": {}}, "data": {"counts": {"0x0": 1009, "0x1": 190, "0x2": 205, "0x3": 756, "0x4": 164, "0x5": 886, "0x6": 796, "0x7": 90}, "snapshots": null, "memory": null, "statevector": null, "unitary": null}}, {"shots": 4096, "success": true, "status": null, "seed": null, "meas_level": 2, "meas_return": null, "header": {"qubit_labels": [["q", 0], ["q", 1], ["q", 2], ["q", 3], ["q", 4]], "n_qubits": 5, "qreg_sizes": [["q", 5]], "clbit_labels": [["c", 0], ["c", 1], ["c", 2]], "memory_slots": 3, "creg_sizes": [["c", 3]], "name": "circuit-2998755", "global_phase": 0.0, "metadata": {}}, "data": {"counts": {"0x0": 3721, "0x1": 85, "0x2": 104, "0x3": 3, "0x4": 131, "0x5": 49, "0x6": 1, "0x7": 2}, "snapshots": null, "memory": null, "statevector": null, "unitary": null}}, {"shots": 4096, "success": true, "status": null, "seed": null, "meas_level": 2, "meas_return": null, "header": {"qubit_labels": [["q", 0], ["q", 1], ["q", 2], ["q", 3], ["q", 4]], "n_qubits": 5, "qreg_sizes": [["q", 5]], "clbit_labels": [["c", 0], ["c", 1], ["c", 2]], "memory_slots": 3, "creg_sizes": [["c", 3]], "name": "circuit-2999079", "global_phase": 0.0, "metadata": {}}, "data": {"counts": {"0x0": 1397, "0x1": 242, "0x2": 236, "0x3": 1056, "0x4": 229, "0x5": 348, "0x6": 347, "0x7": 241}, "snapshots": null, "memory": null, "statevector": null, "unitary": null}}, {"shots": 4096, "success": true, "status": null, "seed": null, "meas_level": 2, "meas_return": null, "header": {"qubit_labels": [["q", 0], ["q", 1], ["q", 2], ["q", 3], ["q", 4]], "n_qubits": 5, "qreg_sizes": [["q", 5]], "clbit_labels": [["c", 0], ["c", 1], ["c", 2]], "memory_slots": 3, "creg_sizes": [["c", 3]], "name": "circuit-2999080", "global_phase": 0.0, "metadata": {}}, "data": {"counts": {"0x0": 3567, "0x1": 196, "0x2": 135, "0x3": 6, "0x4": 159, "0x5": 21, "0x6": 11, "0x7": 1}, "snapshots": null, "memory": null, "statevector": null, "unitary": null}}, {"shots": 4096, "success": true, "status": null, "seed": null, "meas_level": 2, "meas_return": null, "header": {"qubit_labels": [["q", 0], ["q", 1], ["q", 2], ["q", 3], ["q", 4]], "n_qubits": 5, "qreg_sizes": [["q", 5]], "clbit_labels": [["c", 0], ["c", 1], ["c", 2]], "memory_slots": 3, "creg_sizes": [["c", 3]], "name": "circuit-2999594", "global_phase": 0.0, "metadata": {}}, "data": {"counts": {"0x0": 791, "0x1": 395, "0x2": 393, "0x3": 541, "0x4": 513, "0x5": 615, "0x6": 420, "0x7": 428}, "snapshots": null, "memory": null, "statevector": null, "unitary": null}}, {"shots": 4096, "success": true, "status": null, "seed": null, "meas_level": 2, "meas_return": null, "header": {"qubit_labels": [["q", 0], ["q", 1], ["q", 2], ["q", 3], ["q", 4]], "n_qubits": 5, "qreg_sizes": [["q", 5]], "clbit_labels": [["c", 0], ["c", 1], ["c", 2]], "memory_slots": 3, "creg_sizes": [["c", 3]], "name": "circuit-2999595", "global_phase": 0.0, "metadata": {}}, "data": {"counts": {"0x0": 3149, "0x1": 185, "0x2": 127, "0x3": 15, "0x4": 540, "0x5": 53, "0x6": 23, "0x7": 4}, "snapshots": null, "memory": null, "statevector": null, "unitary": null}}, {"shots": 4096, "success": true, "status": null, "seed": null, "meas_level": 2, "meas_return": null, "header": {"qubit_labels": [["q", 0], ["q", 1], ["q", 2], ["q", 3], ["q", 4]], "n_qubits": 5, "qreg_sizes": [["q", 5]], "clbit_labels": [["c", 0], ["c", 1], ["c", 2]], "memory_slots": 3, "creg_sizes": [["c", 3]], "name": "circuit-3000205", "global_phase": 0.0, "metadata": {}}, "data": {"counts": {"0x0": 674, "0x1": 370, "0x2": 457, "0x3": 404, "0x4": 664, "0x5": 565, "0x6": 477, "0x7": 485}, "snapshots": null, "memory": null, "statevector": null, "unitary": null}}, {"shots": 4096, "success": true, "status": null, "seed": null, "meas_level": 2, "meas_return": null, "header": {"qubit_labels": [["q", 0], ["q", 1], ["q", 2], ["q", 3], ["q", 4]], "n_qubits": 5, "qreg_sizes": [["q", 5]], "clbit_labels": [["c", 0], ["c", 1], ["c", 2]], "memory_slots": 3, "creg_sizes": [["c", 3]], "name": "circuit-3000206", "global_phase": 0.0, "metadata": {}}, "data": {"counts": {"0x0": 3011, "0x1": 161, "0x2": 174, "0x3": 16, "0x4": 645, "0x5": 54, "0x6": 33, "0x7": 2}, "snapshots": null, "memory": null, "statevector": null, "unitary": null}}, {"shots": 4096, "success": true, "status": null, "seed": null, "meas_level": 2, "meas_return": null, "header": {"qubit_labels": [["q", 0], ["q", 1], ["q", 2], ["q", 3], ["q", 4]], "n_qubits": 5, "qreg_sizes": [["q", 5]], "clbit_labels": [["c", 0], ["c", 1], ["c", 2]], "memory_slots": 3, "creg_sizes": [["c", 3]], "name": "circuit-3000981", "global_phase": 0.0, "metadata": {}}, "data": {"counts": {"0x0": 497, "0x1": 473, "0x2": 408, "0x3": 369, "0x4": 596, "0x5": 813, "0x6": 480, "0x7": 460}, "snapshots": null, "memory": null, "statevector": null, "unitary": null}}, {"shots": 4096, "success": true, "status": null, "seed": null, "meas_level": 2, "meas_return": null, "header": {"qubit_labels": [["q", 0], ["q", 1], ["q", 2], ["q", 3], ["q", 4]], "n_qubits": 5, "qreg_sizes": [["q", 5]], "clbit_labels": [["c", 0], ["c", 1], ["c", 2]], "memory_slots": 3, "creg_sizes": [["c", 3]], "name": "circuit-3000982", "global_phase": 0.0, "metadata": {}}, "data": {"counts": {"0x0": 2115, "0x1": 185, "0x2": 170, "0x3": 13, "0x4": 1312, "0x5": 177, "0x6": 112, "0x7": 12}, "snapshots": null, "memory": null, "statevector": null, "unitary": null}}, {"shots": 4096, "success": true, "status": null, "seed": null, "meas_level": 2, "meas_return": null, "header": {"qubit_labels": [["q", 0], ["q", 1], ["q", 2], ["q", 3], ["q", 4]], "n_qubits": 5, "qreg_sizes": [["q", 5]], "clbit_labels": [["c", 0], ["c", 1], ["c", 2]], "memory_slots": 3, "creg_sizes": [["c", 3]], "name": "circuit-3001935", "global_phase": 0.0, "metadata": {}}, "data": {"counts": {"0x0": 269, "0x1": 819, "0x2": 643, "0x3": 170, "0x4": 750, "0x5": 405, "0x6": 316, "0x7": 724}, "snapshots": null, "memory": null, "statevector": null, "unitary": null}}, {"shots": 4096, "success": true, "status": null, "seed": null, "meas_level": 2, "meas_return": null, "header": {"qubit_labels": [["q", 0], ["q", 1], ["q", 2], ["q", 3], ["q", 4]], "n_qubits": 5, "qreg_sizes": [["q", 5]], "clbit_labels": [["c", 0], ["c", 1], ["c", 2]], "memory_slots": 3, "creg_sizes": [["c", 3]], "name": "circuit-3001936", "global_phase": 0.0, "metadata": {}}, "data": {"counts": {"0x0": 2315, "0x1": 368, "0x2": 194, "0x3": 26, "0x4": 933, "0x5": 165, "0x6": 78, "0x7": 17}, "snapshots": null, "memory": null, "statevector": null, "unitary": null}}, {"shots": 4096, "success": true, "status": null, "seed": null, "meas_level": 2, "meas_return": null, "header": {"qubit_labels": [["q", 0], ["q", 1], ["q", 2], ["q", 3], ["q", 4]], "n_qubits": 5, "qreg_sizes": [["q", 5]], "clbit_labels": [["c", 0], ["c", 1], ["c", 2]], "memory_slots": 3, "creg_sizes": [["c", 3]], "name": "circuit-3003028", "global_phase": 0.0, "metadata": {}}, "data": {"counts": {"0x0": 368, "0x1": 686, "0x2": 797, "0x3": 285, "0x4": 755, "0x5": 229, "0x6": 253, "0x7": 723}, "snapshots": null, "memory": null, "statevector": null, "unitary": null}}, {"shots": 4096, "success": true, "status": null, "seed": null, "meas_level": 2, "meas_return": null, "header": {"qubit_labels": [["q", 0], ["q", 1], ["q", 2], ["q", 3], ["q", 4]], "n_qubits": 5, "qreg_sizes": [["q", 5]], "clbit_labels": [["c", 0], ["c", 1], ["c", 2]], "memory_slots": 3, "creg_sizes": [["c", 3]], "name": "circuit-3003029", "global_phase": 0.0, "metadata": {}}, "data": {"counts": {"0x0": 2069, "0x1": 248, "0x2": 221, "0x3": 17, "0x4": 1171, "0x5": 210, "0x6": 125, "0x7": 35}, "snapshots": null, "memory": null, "statevector": null, "unitary": null}}, {"shots": 4096, "success": true, "status": null, "seed": null, "meas_level": 2, "meas_return": null, "header": {"qubit_labels": [["q", 0], ["q", 1], ["q", 2], ["q", 3], ["q", 4]], "n_qubits": 5, "qreg_sizes": [["q", 5]], "clbit_labels": [["c", 0], ["c", 1], ["c", 2]], "memory_slots": 3, "creg_sizes": [["c", 3]], "name": "circuit-3004230", "global_phase": 0.0, "metadata": {}}, "data": {"counts": {"0x0": 348, "0x1": 727, "0x2": 658, "0x3": 272, "0x4": 763, "0x5": 289, "0x6": 423, "0x7": 616}, "snapshots": null, "memory": null, "statevector": null, "unitary": null}}, {"shots": 4096, "success": true, "status": null, "seed": null, "meas_level": 2, "meas_return": null, "header": {"qubit_labels": [["q", 0], ["q", 1], ["q", 2], ["q", 3], ["q", 4]], "n_qubits": 5, "qreg_sizes": [["q", 5]], "clbit_labels": [["c", 0], ["c", 1], ["c", 2]], "memory_slots": 3, "creg_sizes": [["c", 3]], "name": "circuit-3004231", "global_phase": 0.0, "metadata": {}}, "data": {"counts": {"0x0": 2457, "0x1": 334, "0x2": 283, "0x3": 37, "0x4": 732, "0x5": 150, "0x6": 82, "0x7": 21}, "snapshots": null, "memory": null, "statevector": null, "unitary": null}}, {"shots": 4096, "success": true, "status": null, "seed": null, "meas_level": 2, "meas_return": null, "header": {"qubit_labels": [["q", 0], ["q", 1], ["q", 2], ["q", 3], ["q", 4]], "n_qubits": 5, "qreg_sizes": [["q", 5]], "clbit_labels": [["c", 0], ["c", 1], ["c", 2]], "memory_slots": 3, "creg_sizes": [["c", 3]], "name": "circuit-3005591", "global_phase": 0.0, "metadata": {}}, "data": {"counts": {"0x0": 309, "0x1": 466, "0x2": 444, "0x3": 320, "0x4": 916, "0x5": 366, "0x6": 433, "0x7": 842}, "snapshots": null, "memory": null, "statevector": null, "unitary": null}}, {"shots": 4096, "success": true, "status": null, "seed": null, "meas_level": 2, "meas_return": null, "header": {"qubit_labels": [["q", 0], ["q", 1], ["q", 2], ["q", 3], ["q", 4]], "n_qubits": 5, "qreg_sizes": [["q", 5]], "clbit_labels": [["c", 0], ["c", 1], ["c", 2]], "memory_slots": 3, "creg_sizes": [["c", 3]], "name": "circuit-3005592", "global_phase": 0.0, "metadata": {}}, "data": {"counts": {"0x0": 1624, "0x1": 295, "0x2": 169, "0x3": 34, "0x4": 1474, "0x5": 293, "0x6": 178, "0x7": 29}, "snapshots": null, "memory": null, "statevector": null, "unitary": null}}, {"shots": 4096, "success": true, "status": null, "seed": null, "meas_level": 2, "meas_return": null, "header": {"qubit_labels": [["q", 0], ["q", 1], ["q", 2], ["q", 3], ["q", 4]], "n_qubits": 5, "qreg_sizes": [["q", 5]], "clbit_labels": [["c", 0], ["c", 1], ["c", 2]], "memory_slots": 3, "creg_sizes": [["c", 3]], "name": "circuit-3007055", "global_phase": 0.0, "metadata": {}}, "data": {"counts": {"0x0": 459, "0x1": 619, "0x2": 659, "0x3": 374, "0x4": 741, "0x5": 307, "0x6": 442, "0x7": 495}, "snapshots": null, "memory": null, "statevector": null, "unitary": null}}, {"shots": 4096, "success": true, "status": null, "seed": null, "meas_level": 2, "meas_return": null, "header": {"qubit_labels": [["q", 0], ["q", 1], ["q", 2], ["q", 3], ["q", 4]], "n_qubits": 5, "qreg_sizes": [["q", 5]], "clbit_labels": [["c", 0], ["c", 1], ["c", 2]], "memory_slots": 3, "creg_sizes": [["c", 3]], "name": "circuit-3007056", "global_phase": 0.0, "metadata": {}}, "data": {"counts": {"0x0": 957, "0x1": 201, "0x2": 155, "0x3": 32, "0x4": 2103, "0x5": 297, "0x6": 298, "0x7": 53}, "snapshots": null, "memory": null, "statevector": null, "unitary": null}}, {"shots": 4096, "success": true, "status": null, "seed": null, "meas_level": 2, "meas_return": null, "header": {"qubit_labels": [["q", 0], ["q", 1], ["q", 2], ["q", 3], ["q", 4]], "n_qubits": 5, "qreg_sizes": [["q", 5]], "clbit_labels": [["c", 0], ["c", 1], ["c", 2]], "memory_slots": 3, "creg_sizes": [["c", 3]], "name": "circuit-3008648", "global_phase": 0.0, "metadata": {}}, "data": {"counts": {"0x0": 419, "0x1": 441, "0x2": 467, "0x3": 480, "0x4": 780, "0x5": 424, "0x6": 393, "0x7": 692}, "snapshots": null, "memory": null, "statevector": null, "unitary": null}}, {"shots": 4096, "success": true, "status": null, "seed": null, "meas_level": 2, "meas_return": null, "header": {"qubit_labels": [["q", 0], ["q", 1], ["q", 2], ["q", 3], ["q", 4]], "n_qubits": 5, "qreg_sizes": [["q", 5]], "clbit_labels": [["c", 0], ["c", 1], ["c", 2]], "memory_slots": 3, "creg_sizes": [["c", 3]], "name": "circuit-3008649", "global_phase": 0.0, "metadata": {}}, "data": {"counts": {"0x0": 1559, "0x1": 257, "0x2": 224, "0x3": 49, "0x4": 1482, "0x5": 271, "0x6": 214, "0x7": 40}, "snapshots": null, "memory": null, "statevector": null, "unitary": null}}, {"shots": 4096, "success": true, "status": null, "seed": null, "meas_level": 2, "meas_return": null, "header": {"qubit_labels": [["q", 0], ["q", 1], ["q", 2], ["q", 3], ["q", 4]], "n_qubits": 5, "qreg_sizes": [["q", 5]], "clbit_labels": [["c", 0], ["c", 1], ["c", 2]], "memory_slots": 3, "creg_sizes": [["c", 3]], "name": "circuit-3010434", "global_phase": 0.0, "metadata": {}}, "data": {"counts": {"0x0": 504, "0x1": 801, "0x2": 683, "0x3": 660, "0x4": 370, "0x5": 400, "0x6": 391, "0x7": 287}, "snapshots": null, "memory": null, "statevector": null, "unitary": null}}, {"shots": 4096, "success": true, "status": null, "seed": null, "meas_level": 2, "meas_return": null, "header": {"qubit_labels": [["q", 0], ["q", 1], ["q", 2], ["q", 3], ["q", 4]], "n_qubits": 5, "qreg_sizes": [["q", 5]], "clbit_labels": [["c", 0], ["c", 1], ["c", 2]], "memory_slots": 3, "creg_sizes": [["c", 3]], "name": "circuit-3010435", "global_phase": 0.0, "metadata": {}}, "data": {"counts": {"0x0": 703, "0x1": 234, "0x2": 127, "0x3": 30, "0x4": 2114, "0x5": 430, "0x6": 370, "0x7": 88}, "snapshots": null, "memory": null, "statevector": null, "unitary": null}}, {"shots": 4096, "success": true, "status": null, "seed": null, "meas_level": 2, "meas_return": null, "header": {"qubit_labels": [["q", 0], ["q", 1], ["q", 2], ["q", 3], ["q", 4]], "n_qubits": 5, "qreg_sizes": [["q", 5]], "clbit_labels": [["c", 0], ["c", 1], ["c", 2]], "memory_slots": 3, "creg_sizes": [["c", 3]], "name": "circuit-3012374", "global_phase": 0.0, "metadata": {}}, "data": {"counts": {"0x0": 879, "0x1": 313, "0x2": 351, "0x3": 922, "0x4": 448, "0x5": 411, "0x6": 366, "0x7": 406}, "snapshots": null, "memory": null, "statevector": null, "unitary": null}}, {"shots": 4096, "success": true, "status": null, "seed": null, "meas_level": 2, "meas_return": null, "header": {"qubit_labels": [["q", 0], ["q", 1], ["q", 2], ["q", 3], ["q", 4]], "n_qubits": 5, "qreg_sizes": [["q", 5]], "clbit_labels": [["c", 0], ["c", 1], ["c", 2]], "memory_slots": 3, "creg_sizes": [["c", 3]], "name": "circuit-3012375", "global_phase": 0.0, "metadata": {}}, "data": {"counts": {"0x0": 708, "0x1": 231, "0x2": 99, "0x3": 54, "0x4": 2095, "0x5": 474, "0x6": 362, "0x7": 73}, "snapshots": null, "memory": null, "statevector": null, "unitary": null}}, {"shots": 4096, "success": true, "status": null, "seed": null, "meas_level": 2, "meas_return": null, "header": {"qubit_labels": [["q", 0], ["q", 1], ["q", 2], ["q", 3], ["q", 4]], "n_qubits": 5, "qreg_sizes": [["q", 5]], "clbit_labels": [["c", 0], ["c", 1], ["c", 2]], "memory_slots": 3, "creg_sizes": [["c", 3]], "name": "circuit-3014458", "global_phase": 0.0, "metadata": {}}, "data": {"counts": {"0x0": 764, "0x1": 398, "0x2": 323, "0x3": 525, "0x4": 419, "0x5": 657, "0x6": 677, "0x7": 333}, "snapshots": null, "memory": null, "statevector": null, "unitary": null}}, {"shots": 4096, "success": true, "status": null, "seed": null, "meas_level": 2, "meas_return": null, "header": {"qubit_labels": [["q", 0], ["q", 1], ["q", 2], ["q", 3], ["q", 4]], "n_qubits": 5, "qreg_sizes": [["q", 5]], "clbit_labels": [["c", 0], ["c", 1], ["c", 2]], "memory_slots": 3, "creg_sizes": [["c", 3]], "name": "circuit-3014459", "global_phase": 0.0, "metadata": {}}, "data": {"counts": {"0x0": 522, "0x1": 202, "0x2": 106, "0x3": 49, "0x4": 2040, "0x5": 689, "0x6": 381, "0x7": 107}, "snapshots": null, "memory": null, "statevector": null, "unitary": null}}, {"shots": 4096, "success": true, "status": null, "seed": null, "meas_level": 2, "meas_return": null, "header": {"qubit_labels": [["q", 0], ["q", 1], ["q", 2], ["q", 3], ["q", 4]], "n_qubits": 5, "qreg_sizes": [["q", 5]], "clbit_labels": [["c", 0], ["c", 1], ["c", 2]], "memory_slots": 3, "creg_sizes": [["c", 3]], "name": "circuit-3016659", "global_phase": 0.0, "metadata": {}}, "data": {"counts": {"0x0": 887, "0x1": 318, "0x2": 341, "0x3": 665, "0x4": 467, "0x5": 424, "0x6": 617, "0x7": 377}, "snapshots": null, "memory": null, "statevector": null, "unitary": null}}, {"shots": 4096, "success": true, "status": null, "seed": null, "meas_level": 2, "meas_return": null, "header": {"qubit_labels": [["q", 0], ["q", 1], ["q", 2], ["q", 3], ["q", 4]], "n_qubits": 5, "qreg_sizes": [["q", 5]], "clbit_labels": [["c", 0], ["c", 1], ["c", 2]], "memory_slots": 3, "creg_sizes": [["c", 3]], "name": "circuit-3016660", "global_phase": 0.0, "metadata": {}}, "data": {"counts": {"0x0": 674, "0x1": 319, "0x2": 128, "0x3": 68, "0x4": 1935, "0x5": 436, "0x6": 443, "0x7": 93}, "snapshots": null, "memory": null, "statevector": null, "unitary": null}}, {"shots": 4096, "success": true, "status": null, "seed": null, "meas_level": 2, "meas_return": null, "header": {"qubit_labels": [["q", 0], ["q", 1], ["q", 2], ["q", 3], ["q", 4]], "n_qubits": 5, "qreg_sizes": [["q", 5]], "clbit_labels": [["c", 0], ["c", 1], ["c", 2]], "memory_slots": 3, "creg_sizes": [["c", 3]], "name": "circuit-3019014", "global_phase": 0.0, "metadata": {}}, "data": {"counts": {"0x0": 800, "0x1": 352, "0x2": 416, "0x3": 549, "0x4": 480, "0x5": 510, "0x6": 621, "0x7": 368}, "snapshots": null, "memory": null, "statevector": null, "unitary": null}}, {"shots": 4096, "success": true, "status": null, "seed": null, "meas_level": 2, "meas_return": null, "header": {"qubit_labels": [["q", 0], ["q", 1], ["q", 2], ["q", 3], ["q", 4]], "n_qubits": 5, "qreg_sizes": [["q", 5]], "clbit_labels": [["c", 0], ["c", 1], ["c", 2]], "memory_slots": 3, "creg_sizes": [["c", 3]], "name": "circuit-3019015", "global_phase": 0.0, "metadata": {}}, "data": {"counts": {"0x0": 944, "0x1": 265, "0x2": 229, "0x3": 76, "0x4": 1758, "0x5": 351, "0x6": 387, "0x7": 86}, "snapshots": null, "memory": null, "statevector": null, "unitary": null}}, {"shots": 4096, "success": true, "status": null, "seed": null, "meas_level": 2, "meas_return": null, "header": {"qubit_labels": [["q", 0], ["q", 1], ["q", 2], ["q", 3], ["q", 4]], "n_qubits": 5, "qreg_sizes": [["q", 5]], "clbit_labels": [["c", 0], ["c", 1], ["c", 2]], "memory_slots": 3, "creg_sizes": [["c", 3]], "name": "circuit-3021475", "global_phase": 0.0, "metadata": {}}, "data": {"counts": {"0x0": 621, "0x1": 364, "0x2": 407, "0x3": 571, "0x4": 432, "0x5": 659, "0x6": 731, "0x7": 311}, "snapshots": null, "memory": null, "statevector": null, "unitary": null}}, {"shots": 4096, "success": true, "status": null, "seed": null, "meas_level": 2, "meas_return": null, "header": {"qubit_labels": [["q", 0], ["q", 1], ["q", 2], ["q", 3], ["q", 4]], "n_qubits": 5, "qreg_sizes": [["q", 5]], "clbit_labels": [["c", 0], ["c", 1], ["c", 2]], "memory_slots": 3, "creg_sizes": [["c", 3]], "name": "circuit-3021476", "global_phase": 0.0, "metadata": {}}, "data": {"counts": {"0x0": 864, "0x1": 237, "0x2": 288, "0x3": 85, "0x4": 1668, "0x5": 351, "0x6": 496, "0x7": 107}, "snapshots": null, "memory": null, "statevector": null, "unitary": null}}, {"shots": 4096, "success": true, "status": null, "seed": null, "meas_level": 2, "meas_return": null, "header": {"qubit_labels": [["q", 0], ["q", 1], ["q", 2], ["q", 3], ["q", 4]], "n_qubits": 5, "qreg_sizes": [["q", 5]], "clbit_labels": [["c", 0], ["c", 1], ["c", 2]], "memory_slots": 3, "creg_sizes": [["c", 3]], "name": "circuit-3024114", "global_phase": 0.0, "metadata": {}}, "data": {"counts": {"0x0": 609, "0x1": 673, "0x2": 585, "0x3": 509, "0x4": 494, "0x5": 419, "0x6": 422, "0x7": 385}, "snapshots": null, "memory": null, "statevector": null, "unitary": null}}, {"shots": 4096, "success": true, "status": null, "seed": null, "meas_level": 2, "meas_return": null, "header": {"qubit_labels": [["q", 0], ["q", 1], ["q", 2], ["q", 3], ["q", 4]], "n_qubits": 5, "qreg_sizes": [["q", 5]], "clbit_labels": [["c", 0], ["c", 1], ["c", 2]], "memory_slots": 3, "creg_sizes": [["c", 3]], "name": "circuit-3024115", "global_phase": 0.0, "metadata": {}}, "data": {"counts": {"0x0": 582, "0x1": 325, "0x2": 150, "0x3": 84, "0x4": 1653, "0x5": 712, "0x6": 413, "0x7": 177}, "snapshots": null, "memory": null, "statevector": null, "unitary": null}}, {"shots": 4096, "success": true, "status": null, "seed": null, "meas_level": 2, "meas_return": null, "header": {"qubit_labels": [["q", 0], ["q", 1], ["q", 2], ["q", 3], ["q", 4]], "n_qubits": 5, "qreg_sizes": [["q", 5]], "clbit_labels": [["c", 0], ["c", 1], ["c", 2]], "memory_slots": 3, "creg_sizes": [["c", 3]], "name": "circuit-3026873", "global_phase": 0.0, "metadata": {}}, "data": {"counts": {"0x0": 588, "0x1": 556, "0x2": 486, "0x3": 462, "0x4": 653, "0x5": 414, "0x6": 419, "0x7": 518}, "snapshots": null, "memory": null, "statevector": null, "unitary": null}}, {"shots": 4096, "success": true, "status": null, "seed": null, "meas_level": 2, "meas_return": null, "header": {"qubit_labels": [["q", 0], ["q", 1], ["q", 2], ["q", 3], ["q", 4]], "n_qubits": 5, "qreg_sizes": [["q", 5]], "clbit_labels": [["c", 0], ["c", 1], ["c", 2]], "memory_slots": 3, "creg_sizes": [["c", 3]], "name": "circuit-3026874", "global_phase": 0.0, "metadata": {}}, "data": {"counts": {"0x0": 656, "0x1": 270, "0x2": 168, "0x3": 88, "0x4": 1818, "0x5": 469, "0x6": 499, "0x7": 128}, "snapshots": null, "memory": null, "statevector": null, "unitary": null}}, {"shots": 4096, "success": true, "status": null, "seed": null, "meas_level": 2, "meas_return": null, "header": {"qubit_labels": [["q", 0], ["q", 1], ["q", 2], ["q", 3], ["q", 4]], "n_qubits": 5, "qreg_sizes": [["q", 5]], "clbit_labels": [["c", 0], ["c", 1], ["c", 2]], "memory_slots": 3, "creg_sizes": [["c", 3]], "name": "circuit-3029738", "global_phase": 0.0, "metadata": {}}, "data": {"counts": {"0x0": 514, "0x1": 796, "0x2": 615, "0x3": 413, "0x4": 484, "0x5": 438, "0x6": 375, "0x7": 461}, "snapshots": null, "memory": null, "statevector": null, "unitary": null}}, {"shots": 4096, "success": true, "status": null, "seed": null, "meas_level": 2, "meas_return": null, "header": {"qubit_labels": [["q", 0], ["q", 1], ["q", 2], ["q", 3], ["q", 4]], "n_qubits": 5, "qreg_sizes": [["q", 5]], "clbit_labels": [["c", 0], ["c", 1], ["c", 2]], "memory_slots": 3, "creg_sizes": [["c", 3]], "name": "circuit-3029739", "global_phase": 0.0, "metadata": {}}, "data": {"counts": {"0x0": 1021, "0x1": 352, "0x2": 329, "0x3": 141, "0x4": 1319, "0x5": 361, "0x6": 438, "0x7": 135}, "snapshots": null, "memory": null, "statevector": null, "unitary": null}}, {"shots": 4096, "success": true, "status": null, "seed": null, "meas_level": 2, "meas_return": null, "header": {"qubit_labels": [["q", 0], ["q", 1], ["q", 2], ["q", 3], ["q", 4]], "n_qubits": 5, "qreg_sizes": [["q", 5]], "clbit_labels": [["c", 0], ["c", 1], ["c", 2]], "memory_slots": 3, "creg_sizes": [["c", 3]], "name": "circuit-3032821", "global_phase": 0.0, "metadata": {}}, "data": {"counts": {"0x0": 1211, "0x1": 195, "0x2": 203, "0x3": 942, "0x4": 172, "0x5": 666, "0x6": 609, "0x7": 98}, "snapshots": null, "memory": null, "statevector": null, "unitary": null}}, {"shots": 4096, "success": true, "status": null, "seed": null, "meas_level": 2, "meas_return": null, "header": {"qubit_labels": [["q", 0], ["q", 1], ["q", 2], ["q", 3], ["q", 4]], "n_qubits": 5, "qreg_sizes": [["q", 5]], "clbit_labels": [["c", 0], ["c", 1], ["c", 2]], "memory_slots": 3, "creg_sizes": [["c", 3]], "name": "circuit-3032822", "global_phase": 0.0, "metadata": {}}, "data": {"counts": {"0x0": 3699, "0x1": 69, "0x2": 111, "0x3": 4, "0x4": 159, "0x5": 49, "0x6": 5}, "snapshots": null, "memory": null, "statevector": null, "unitary": null}}, {"shots": 4096, "success": true, "status": null, "seed": null, "meas_level": 2, "meas_return": null, "header": {"qubit_labels": [["q", 0], ["q", 1], ["q", 2], ["q", 3], ["q", 4]], "n_qubits": 5, "qreg_sizes": [["q", 5]], "clbit_labels": [["c", 0], ["c", 1], ["c", 2]], "memory_slots": 3, "creg_sizes": [["c", 3]], "name": "circuit-3033172", "global_phase": 0.0, "metadata": {}}, "data": {"counts": {"0x0": 1311, "0x1": 350, "0x2": 346, "0x3": 1057, "0x4": 159, "0x5": 397, "0x6": 317, "0x7": 159}, "snapshots": null, "memory": null, "statevector": null, "unitary": null}}, {"shots": 4096, "success": true, "status": null, "seed": null, "meas_level": 2, "meas_return": null, "header": {"qubit_labels": [["q", 0], ["q", 1], ["q", 2], ["q", 3], ["q", 4]], "n_qubits": 5, "qreg_sizes": [["q", 5]], "clbit_labels": [["c", 0], ["c", 1], ["c", 2]], "memory_slots": 3, "creg_sizes": [["c", 3]], "name": "circuit-3033173", "global_phase": 0.0, "metadata": {}}, "data": {"counts": {"0x0": 3548, "0x1": 141, "0x2": 147, "0x3": 12, "0x4": 218, "0x5": 21, "0x6": 8, "0x7": 1}, "snapshots": null, "memory": null, "statevector": null, "unitary": null}}, {"shots": 4096, "success": true, "status": null, "seed": null, "meas_level": 2, "meas_return": null, "header": {"qubit_labels": [["q", 0], ["q", 1], ["q", 2], ["q", 3], ["q", 4]], "n_qubits": 5, "qreg_sizes": [["q", 5]], "clbit_labels": [["c", 0], ["c", 1], ["c", 2]], "memory_slots": 3, "creg_sizes": [["c", 3]], "name": "circuit-3033688", "global_phase": 0.0, "metadata": {}}, "data": {"counts": {"0x0": 1037, "0x1": 302, "0x2": 381, "0x3": 796, "0x4": 413, "0x5": 332, "0x6": 475, "0x7": 360}, "snapshots": null, "memory": null, "statevector": null, "unitary": null}}, {"shots": 4096, "success": true, "status": null, "seed": null, "meas_level": 2, "meas_return": null, "header": {"qubit_labels": [["q", 0], ["q", 1], ["q", 2], ["q", 3], ["q", 4]], "n_qubits": 5, "qreg_sizes": [["q", 5]], "clbit_labels": [["c", 0], ["c", 1], ["c", 2]], "memory_slots": 3, "creg_sizes": [["c", 3]], "name": "circuit-3033689", "global_phase": 0.0, "metadata": {}}, "data": {"counts": {"0x0": 3067, "0x1": 128, "0x2": 138, "0x3": 10, "0x4": 647, "0x5": 67, "0x6": 36, "0x7": 3}, "snapshots": null, "memory": null, "statevector": null, "unitary": null}}, {"shots": 4096, "success": true, "status": null, "seed": null, "meas_level": 2, "meas_return": null, "header": {"qubit_labels": [["q", 0], ["q", 1], ["q", 2], ["q", 3], ["q", 4]], "n_qubits": 5, "qreg_sizes": [["q", 5]], "clbit_labels": [["c", 0], ["c", 1], ["c", 2]], "memory_slots": 3, "creg_sizes": [["c", 3]], "name": "circuit-3034309", "global_phase": 0.0, "metadata": {}}, "data": {"counts": {"0x0": 787, "0x1": 459, "0x2": 363, "0x3": 549, "0x4": 729, "0x5": 290, "0x6": 283, "0x7": 636}, "snapshots": null, "memory": null, "statevector": null, "unitary": null}}, {"shots": 4096, "success": true, "status": null, "seed": null, "meas_level": 2, "meas_return": null, "header": {"qubit_labels": [["q", 0], ["q", 1], ["q", 2], ["q", 3], ["q", 4]], "n_qubits": 5, "qreg_sizes": [["q", 5]], "clbit_labels": [["c", 0], ["c", 1], ["c", 2]], "memory_slots": 3, "creg_sizes": [["c", 3]], "name": "circuit-3034310", "global_phase": 0.0, "metadata": {}}, "data": {"counts": {"0x0": 2409, "0x1": 213, "0x2": 128, "0x3": 9, "0x4": 1120, "0x5": 128, "0x6": 79, "0x7": 10}, "snapshots": null, "memory": null, "statevector": null, "unitary": null}}, {"shots": 4096, "success": true, "status": null, "seed": null, "meas_level": 2, "meas_return": null, "header": {"qubit_labels": [["q", 0], ["q", 1], ["q", 2], ["q", 3], ["q", 4]], "n_qubits": 5, "qreg_sizes": [["q", 5]], "clbit_labels": [["c", 0], ["c", 1], ["c", 2]], "memory_slots": 3, "creg_sizes": [["c", 3]], "name": "circuit-3035074", "global_phase": 0.0, "metadata": {}}, "data": {"counts": {"0x0": 595, "0x1": 576, "0x2": 503, "0x3": 355, "0x4": 704, "0x5": 437, "0x6": 355, "0x7": 571}, "snapshots": null, "memory": null, "statevector": null, "unitary": null}}, {"shots": 4096, "success": true, "status": null, "seed": null, "meas_level": 2, "meas_return": null, "header": {"qubit_labels": [["q", 0], ["q", 1], ["q", 2], ["q", 3], ["q", 4]], "n_qubits": 5, "qreg_sizes": [["q", 5]], "clbit_labels": [["c", 0], ["c", 1], ["c", 2]], "memory_slots": 3, "creg_sizes": [["c", 3]], "name": "circuit-3035075", "global_phase": 0.0, "metadata": {}}, "data": {"counts": {"0x0": 2599, "0x1": 211, "0x2": 197, "0x3": 29, "0x4": 866, "0x5": 117, "0x6": 57, "0x7": 20}, "snapshots": null, "memory": null, "statevector": null, "unitary": null}}, {"shots": 4096, "success": true, "status": null, "seed": null, "meas_level": 2, "meas_return": null, "header": {"qubit_labels": [["q", 0], ["q", 1], ["q", 2], ["q", 3], ["q", 4]], "n_qubits": 5, "qreg_sizes": [["q", 5]], "clbit_labels": [["c", 0], ["c", 1], ["c", 2]], "memory_slots": 3, "creg_sizes": [["c", 3]], "name": "circuit-3036016", "global_phase": 0.0, "metadata": {}}, "data": {"counts": {"0x0": 310, "0x1": 672, "0x2": 601, "0x3": 201, "0x4": 993, "0x5": 331, "0x6": 329, "0x7": 659}, "snapshots": null, "memory": null, "statevector": null, "unitary": null}}, {"shots": 4096, "success": true, "status": null, "seed": null, "meas_level": 2, "meas_return": null, "header": {"qubit_labels": [["q", 0], ["q", 1], ["q", 2], ["q", 3], ["q", 4]], "n_qubits": 5, "qreg_sizes": [["q", 5]], "clbit_labels": [["c", 0], ["c", 1], ["c", 2]], "memory_slots": 3, "creg_sizes": [["c", 3]], "name": "circuit-3036017", "global_phase": 0.0, "metadata": {}}, "data": {"counts": {"0x0": 1955, "0x1": 185, "0x2": 185, "0x3": 19, "0x4": 1426, "0x5": 173, "0x6": 135, "0x7": 18}, "snapshots": null, "memory": null, "statevector": null, "unitary": null}}, {"shots": 4096, "success": true, "status": null, "seed": null, "meas_level": 2, "meas_return": null, "header": {"qubit_labels": [["q", 0], ["q", 1], ["q", 2], ["q", 3], ["q", 4]], "n_qubits": 5, "qreg_sizes": [["q", 5]], "clbit_labels": [["c", 0], ["c", 1], ["c", 2]], "memory_slots": 3, "creg_sizes": [["c", 3]], "name": "circuit-3037106", "global_phase": 0.0, "metadata": {}}, "data": {"counts": {"0x0": 316, "0x1": 573, "0x2": 577, "0x3": 259, "0x4": 958, "0x5": 260, "0x6": 265, "0x7": 888}, "snapshots": null, "memory": null, "statevector": null, "unitary": null}}, {"shots": 4096, "success": true, "status": null, "seed": null, "meas_level": 2, "meas_return": null, "header": {"qubit_labels": [["q", 0], ["q", 1], ["q", 2], ["q", 3], ["q", 4]], "n_qubits": 5, "qreg_sizes": [["q", 5]], "clbit_labels": [["c", 0], ["c", 1], ["c", 2]], "memory_slots": 3, "creg_sizes": [["c", 3]], "name": "circuit-3037107", "global_phase": 0.0, "metadata": {}}, "data": {"counts": {"0x0": 1490, "0x1": 165, "0x2": 147, "0x3": 20, "0x4": 1856, "0x5": 212, "0x6": 166, "0x7": 40}, "snapshots": null, "memory": null, "statevector": null, "unitary": null}}, {"shots": 4096, "success": true, "status": null, "seed": null, "meas_level": 2, "meas_return": null, "header": {"qubit_labels": [["q", 0], ["q", 1], ["q", 2], ["q", 3], ["q", 4]], "n_qubits": 5, "qreg_sizes": [["q", 5]], "clbit_labels": [["c", 0], ["c", 1], ["c", 2]], "memory_slots": 3, "creg_sizes": [["c", 3]], "name": "circuit-3038330", "global_phase": 0.0, "metadata": {}}, "data": {"counts": {"0x0": 353, "0x1": 889, "0x2": 781, "0x3": 249, "0x4": 665, "0x5": 230, "0x6": 268, "0x7": 661}, "snapshots": null, "memory": null, "statevector": null, "unitary": null}}, {"shots": 4096, "success": true, "status": null, "seed": null, "meas_level": 2, "meas_return": null, "header": {"qubit_labels": [["q", 0], ["q", 1], ["q", 2], ["q", 3], ["q", 4]], "n_qubits": 5, "qreg_sizes": [["q", 5]], "clbit_labels": [["c", 0], ["c", 1], ["c", 2]], "memory_slots": 3, "creg_sizes": [["c", 3]], "name": "circuit-3038331", "global_phase": 0.0, "metadata": {}}, "data": {"counts": {"0x0": 2076, "0x1": 363, "0x2": 325, "0x3": 69, "0x4": 918, "0x5": 201, "0x6": 110, "0x7": 34}, "snapshots": null, "memory": null, "statevector": null, "unitary": null}}, {"shots": 4096, "success": true, "status": null, "seed": null, "meas_level": 2, "meas_return": null, "header": {"qubit_labels": [["q", 0], ["q", 1], ["q", 2], ["q", 3], ["q", 4]], "n_qubits": 5, "qreg_sizes": [["q", 5]], "clbit_labels": [["c", 0], ["c", 1], ["c", 2]], "memory_slots": 3, "creg_sizes": [["c", 3]], "name": "circuit-3039706", "global_phase": 0.0, "metadata": {}}, "data": {"counts": {"0x0": 320, "0x1": 375, "0x2": 417, "0x3": 286, "0x4": 1230, "0x5": 352, "0x6": 372, "0x7": 744}, "snapshots": null, "memory": null, "statevector": null, "unitary": null}}, {"shots": 4096, "success": true, "status": null, "seed": null, "meas_level": 2, "meas_return": null, "header": {"qubit_labels": [["q", 0], ["q", 1], ["q", 2], ["q", 3], ["q", 4]], "n_qubits": 5, "qreg_sizes": [["q", 5]], "clbit_labels": [["c", 0], ["c", 1], ["c", 2]], "memory_slots": 3, "creg_sizes": [["c", 3]], "name": "circuit-3039707", "global_phase": 0.0, "metadata": {}}, "data": {"counts": {"0x0": 2119, "0x1": 338, "0x2": 267, "0x3": 39, "0x4": 971, "0x5": 206, "0x6": 127, "0x7": 29}, "snapshots": null, "memory": null, "statevector": null, "unitary": null}}, {"shots": 4096, "success": true, "status": null, "seed": null, "meas_level": 2, "meas_return": null, "header": {"qubit_labels": [["q", 0], ["q", 1], ["q", 2], ["q", 3], ["q", 4]], "n_qubits": 5, "qreg_sizes": [["q", 5]], "clbit_labels": [["c", 0], ["c", 1], ["c", 2]], "memory_slots": 3, "creg_sizes": [["c", 3]], "name": "circuit-3041183", "global_phase": 0.0, "metadata": {}}, "data": {"counts": {"0x0": 565, "0x1": 701, "0x2": 486, "0x3": 418, "0x4": 796, "0x5": 302, "0x6": 263, "0x7": 565}, "snapshots": null, "memory": null, "statevector": null, "unitary": null}}, {"shots": 4096, "success": true, "status": null, "seed": null, "meas_level": 2, "meas_return": null, "header": {"qubit_labels": [["q", 0], ["q", 1], ["q", 2], ["q", 3], ["q", 4]], "n_qubits": 5, "qreg_sizes": [["q", 5]], "clbit_labels": [["c", 0], ["c", 1], ["c", 2]], "memory_slots": 3, "creg_sizes": [["c", 3]], "name": "circuit-3041184", "global_phase": 0.0, "metadata": {}}, "data": {"counts": {"0x0": 2170, "0x1": 359, "0x2": 293, "0x3": 52, "0x4": 871, "0x5": 196, "0x6": 120, "0x7": 35}, "snapshots": null, "memory": null, "statevector": null, "unitary": null}}], "error": null}