{"backend_name": "ibmq_manila", "backend_version": "1.0.35", "qobj_id": "c23406bc-4bd5-4162-b3ec-175becc8b684", "job_id": "62ebd26137734843f4ab65cc", "date": "2022-08-04T15:26:44Z", "success": true, "status": "Successful completion", "execution_id": "89c0b8aa-1409-11ed-9fb7-bc97e15b08d0", "time_taken": 133.03214263916016, "header": {"backend_name": "ibmq_manila", "backend_version": "1.0.35"}, "results": [{"shots": 4096, "success": true, "status": null, "seed": null, "meas_level": 2, "meas_return": null, "header": {"qubit_labels": [["q", 0], ["q", 1], ["q", 2], ["q", 3], ["q", 4]], "n_qubits": 5, "qreg_sizes": [["q", 5]], "clbit_labels": [["c", 0], ["c", 1], ["c", 2]], "memory_slots": 3, "creg_sizes": [["c", 3]], "name": "circuit-3042802", "global_phase": 0.0, "metadata": {}}, "data": {"counts": {"0x0": 485, "0x1": 616, "0x2": 470, "0x3": 692, "0x4": 607, "0x5": 379, "0x6": 294, "0x7": 553}, "snapshots": null, "memory": null, "statevector": null, "unitary": null}}, {"shots": 4096, "success": true, "status": null, "seed": null, "meas_level": 2, "meas_return": null, "header": {"qubit_labels": [["q", 0], ["q", 1], ["q", 2], ["q", 3], ["q", 4]], "n_qubits": 5, "qreg_sizes": [["q", 5]], "clbit_labels": [["c", 0], ["c", 1], ["c", 2]], "memory_slots": 3, "creg_sizes": [["c", 3]], "name": "circuit-3042803", "global_phase": 0.0, "metadata": {}}, "data": {"counts": {"0x0": 1480, "0x1": 351, "0x2": 243, "0x3": 41, "0x4": 1462, "0x5": 239, "0x6": 229, "0x7": 51}, "snapshots": null, "memory": null, "statevector": null, "unitary": null}}, {"shots": 4096, "success": true, "status": null, "seed": null, "meas_level": 2, "meas_return": null, "header": {"qubit_labels": [["q", 0], ["q", 1], ["q", 2], ["q", 3], ["q", 4]], "n_qubits": 5, "qreg_sizes": [["q", 5]], "clbit_labels": [["c", 0], ["c", 1], ["c", 2]], "memory_slots": 3, "creg_sizes": [["c", 3]], "name": "circuit-3044596", "global_phase": 0.0, "metadata": {}}, "data": {"counts": {"0x0": 536, "0x1": 641, "0x2": 495, "0x3": 578, "0x4": 531, "0x5": 474, "0x6": 457, "0x7": 384}, "snapshots": null, "memory": null, "statevector": null, "unitary": null}}, {"shots": 4096, "success": true, "status": null, "seed": null, "meas_level": 2, "meas_return": null, "header": {"qubit_labels": [["q", 0], ["q", 1], ["q", 2], ["q", 3], ["q", 4]], "n_qubits": 5, "qreg_sizes": [["q", 5]], "clbit_labels": [["c", 0], ["c", 1], ["c", 2]], "memory_slots": 3, "creg_sizes": [["c", 3]], "name": "circuit-3044597", "global_phase": 0.0, "metadata": {}}, "data": {"counts": {"0x0": 1167, "0x1": 202, "0x2": 168, "0x3": 39, "0x4": 1909, "0x5": 251, "0x6": 317, "0x7": 43}, "snapshots": null, "memory": null, "statevector": null, "unitary": null}}, {"shots": 4096, "success": true, "status": null, "seed": null, "meas_level": 2, "meas_return": null, "header": {"qubit_labels": [["q", 0], ["q", 1], ["q", 2], ["q", 3], ["q", 4]], "n_qubits": 5, "qreg_sizes": [["q", 5]], "clbit_labels": [["c", 0], ["c", 1], ["c", 2]], "memory_slots": 3, "creg_sizes": [["c", 3]], "name": "circuit-3046511", "global_phase": 0.0, "metadata": {}}, "data": {"counts": {"0x0": 750, "0x1": 354, "0x2": 408, "0x3": 772, "0x4": 558, "0x5": 466, "0x6": 445, "0x7": 343}, "snapshots": null, "memory": null, "statevector": null, "unitary": null}}, {"shots": 4096, "success": true, "status": null, "seed": null, "meas_level": 2, "meas_return": null, "header": {"qubit_labels": [["q", 0], ["q", 1], ["q", 2], ["q", 3], ["q", 4]], "n_qubits": 5, "qreg_sizes": [["q", 5]], "clbit_labels": [["c", 0], ["c", 1], ["c", 2]], "memory_slots": 3, "creg_sizes": [["c", 3]], "name": "circuit-3046512", "global_phase": 0.0, "metadata": {}}, "data": {"counts": {"0x0": 1078, "0x1": 268, "0x2": 185, "0x3": 52, "0x4": 1711, "0x5": 401, "0x6": 316, "0x7": 85}, "snapshots": null, "memory": null, "statevector": null, "unitary": null}}, {"shots": 4096, "success": true, "status": null, "seed": null, "meas_level": 2, "meas_return": null, "header": {"qubit_labels": [["q", 0], ["q", 1], ["q", 2], ["q", 3], ["q", 4]], "n_qubits": 5, "qreg_sizes": [["q", 5]], "clbit_labels": [["c", 0], ["c", 1], ["c", 2]], "memory_slots": 3, "creg_sizes": [["c", 3]], "name": "circuit-3048557", "global_phase": 0.0, "metadata": {}}, "data": {"counts": {"0x0": 534, "0x1": 382, "0x2": 371, "0x3": 453, "0x4": 429, "0x5": 716, "0x6": 902, "0x7": 309}, "snapshots": null, "memory": null, "statevector": null, "unitary": null}}, {"shots": 4096, "success": true, "status": null, "seed": null, "meas_level": 2, "meas_return": null, "header": {"qubit_labels": [["q", 0], ["q", 1], ["q", 2], ["q", 3], ["q", 4]], "n_qubits": 5, "qreg_sizes": [["q", 5]], "clbit_labels": [["c", 0], ["c", 1], ["c", 2]], "memory_slots": 3, "creg_sizes": [["c", 3]], "name": "circuit-3048558", "global_phase": 0.0, "metadata": {}}, "data": {"counts": {"0x0": 873, "0x1": 297, "0x2": 166, "0x3": 70, "0x4": 1779, "0x5": 462, "0x6": 366, "0x7": 83}, "snapshots": null, "memory": null, "statevector": null, "unitary": null}}, {"shots": 4096, "success": true, "status": null, "seed": null, "meas_level": 2, "meas_return": null, "header": {"qubit_labels": [["q", 0], ["q", 1], ["q", 2], ["q", 3], ["q", 4]], "n_qubits": 5, "qreg_sizes": [["q", 5]], "clbit_labels": [["c", 0], ["c", 1], ["c", 2]], "memory_slots": 3, "creg_sizes": [["c", 3]], "name": "circuit-3050751", "global_phase": 0.0, "metadata": {}}, "data": {"counts": {"0x0": 642, "0x1": 371, "0x2": 326, "0x3": 460, "0x4": 450, "0x5": 714, "0x6": 768, "0x7": 365}, "snapshots": null, "memory": null, "statevector": null, "unitary": null}}, {"shots": 4096, "success": true, "status": null, "seed": null, "meas_level": 2, "meas_return": null, "header": {"qubit_labels": [["q", 0], ["q", 1], ["q", 2], ["q", 3], ["q", 4]], "n_qubits": 5, "qreg_sizes": [["q", 5]], "clbit_labels": [["c", 0], ["c", 1], ["c", 2]], "memory_slots": 3, "creg_sizes": [["c", 3]], "name": "circuit-3050752", "global_phase": 0.0, "metadata": {}}, "data": {"counts": {"0x0": 1239, "0x1": 353, "0x2": 351, "0x3": 69, "0x4": 1289, "0x5": 373, "0x6": 323, "0x7": 99}, "snapshots": null, "memory": null, "statevector": null, "unitary": null}}, {"shots": 4096, "success": true, "status": null, "seed": null, "meas_level": 2, "meas_return": null, "header": {"qubit_labels": [["q", 0], ["q", 1], ["q", 2], ["q", 3], ["q", 4]], "n_qubits": 5, "qreg_sizes": [["q", 5]], "clbit_labels": [["c", 0], ["c", 1], ["c", 2]], "memory_slots": 3, "creg_sizes": [["c", 3]], "name": "circuit-3053131", "global_phase": 0.0, "metadata": {}}, "data": {"counts": {"0x0": 640, "0x1": 394, "0x2": 393, "0x3": 675, "0x4": 389, "0x5": 598, "0x6": 649, "0x7": 358}, "snapshots": null, "memory": null, "statevector": null, "unitary": null}}, {"shots": 4096, "success": true, "status": null, "seed": null, "meas_level": 2, "meas_return": null, "header": {"qubit_labels": [["q", 0], ["q", 1], ["q", 2], ["q", 3], ["q", 4]], "n_qubits": 5, "qreg_sizes": [["q", 5]], "clbit_labels": [["c", 0], ["c", 1], ["c", 2]], "memory_slots": 3, "creg_sizes": [["c", 3]], "name": "circuit-3053132", "global_phase": 0.0, "metadata": {}}, "data": {"counts": {"0x0": 1091, "0x1": 335, "0x2": 221, "0x3": 70, "0x4": 1532, "0x5": 431, "0x6": 330, "0x7": 86}, "snapshots": null, "memory": null, "statevector": null, "unitary": null}}, {"shots": 4096, "success": true, "status": null, "seed": null, "meas_level": 2, "meas_return": null, "header": {"qubit_labels": [["q", 0], ["q", 1], ["q", 2], ["q", 3], ["q", 4]], "n_qubits": 5, "qreg_sizes": [["q", 5]], "clbit_labels": [["c", 0], ["c", 1], ["c", 2]], "memory_slots": 3, "creg_sizes": [["c", 3]], "name": "circuit-3055568", "global_phase": 0.0, "metadata": {}}, "data": {"counts": {"0x0": 620, "0x1": 428, "0x2": 460, "0x3": 603, "0x4": 482, "0x5": 486, "0x6": 570, "0x7": 447}, "snapshots": null, "memory": null, "statevector": null, "unitary": null}}, {"shots": 4096, "success": true, "status": null, "seed": null, "meas_level": 2, "meas_return": null, "header": {"qubit_labels": [["q", 0], ["q", 1], ["q", 2], ["q", 3], ["q", 4]], "n_qubits": 5, "qreg_sizes": [["q", 5]], "clbit_labels": [["c", 0], ["c", 1], ["c", 2]], "memory_slots": 3, "creg_sizes": [["c", 3]], "name": "circuit-3055569", "global_phase": 0.0, "metadata": {}}, "data": {"counts": {"0x0": 661, "0x1": 387, "0x2": 153, "0x3": 109, "0x4": 1850, "0x5": 364, "0x6": 475, "0x7": 97}, "snapshots": null, "memory": null, "statevector": null, "unitary": null}}, {"shots": 4096, "success": true, "status": null, "seed": null, "meas_level": 2, "meas_return": null, "header": {"qubit_labels": [["q", 0], ["q", 1], ["q", 2], ["q", 3], ["q", 4]], "n_qubits": 5, "qreg_sizes": [["q", 5]], "clbit_labels": [["c", 0], ["c", 1], ["c", 2]], "memory_slots": 3, "creg_sizes": [["c", 3]], "name": "circuit-3058107", "global_phase": 0.0, "metadata": {}}, "data": {"counts": {"0x0": 526, "0x1": 376, "0x2": 379, "0x3": 537, "0x4": 576, "0x5": 617, "0x6": 655, "0x7": 430}, "snapshots": null, "memory": null, "statevector": null, "unitary": null}}, {"shots": 4096, "success": true, "status": null, "seed": null, "meas_level": 2, "meas_return": null, "header": {"qubit_labels": [["q", 0], ["q", 1], ["q", 2], ["q", 3], ["q", 4]], "n_qubits": 5, "qreg_sizes": [["q", 5]], "clbit_labels": [["c", 0], ["c", 1], ["c", 2]], "memory_slots": 3, "creg_sizes": [["c", 3]], "name": "circuit-3058108", "global_phase": 0.0, "metadata": {}}, "data": {"counts": {"0x0": 615, "0x1": 275, "0x2": 210, "0x3": 85, "0x4": 1621, "0x5": 506, "0x6": 633, "0x7": 151}, "snapshots": null, "memory": null, "statevector": null, "unitary": null}}, {"shots": 4096, "success": true, "status": null, "seed": null, "meas_level": 2, "meas_return": null, "header": {"qubit_labels": [["q", 0], ["q", 1], ["q", 2], ["q", 3], ["q", 4]], "n_qubits": 5, "qreg_sizes": [["q", 5]], "clbit_labels": [["c", 0], ["c", 1], ["c", 2]], "memory_slots": 3, "creg_sizes": [["c", 3]], "name": "circuit-3060855", "global_phase": 0.0, "metadata": {}}, "data": {"counts": {"0x0": 558, "0x1": 646, "0x2": 594, "0x3": 482, "0x4": 499, "0x5": 438, "0x6": 399, "0x7": 480}, "snapshots": null, "memory": null, "statevector": null, "unitary": null}}, {"shots": 4096, "success": true, "status": null, "seed": null, "meas_level": 2, "meas_return": null, "header": {"qubit_labels": [["q", 0], ["q", 1], ["q", 2], ["q", 3], ["q", 4]], "n_qubits": 5, "qreg_sizes": [["q", 5]], "clbit_labels": [["c", 0], ["c", 1], ["c", 2]], "memory_slots": 3, "creg_sizes": [["c", 3]], "name": "circuit-3060856", "global_phase": 0.0, "metadata": {}}, "data": {"counts": {"0x0": 1127, "0x1": 352, "0x2": 327, "0x3": 99, "0x4": 1308, "0x5": 412, "0x6": 374, "0x7": 97}, "snapshots": null, "memory": null, "statevector": null, "unitary": null}}, {"shots": 4096, "success": true, "status": null, "seed": null, "meas_level": 2, "meas_return": null, "header": {"qubit_labels": [["q", 0], ["q", 1], ["q", 2], ["q", 3], ["q", 4]], "n_qubits": 5, "qreg_sizes": [["q", 5]], "clbit_labels": [["c", 0], ["c", 1], ["c", 2]], "memory_slots": 3, "creg_sizes": [["c", 3]], "name": "circuit-3063802", "global_phase": 0.0, "metadata": {}}, "data": {"counts": {"0x0": 584, "0x1": 508, "0x2": 394, "0x3": 596, "0x4": 552, "0x5": 410, "0x6": 384, "0x7": 668}, "snapshots": null, "memory": null, "statevector": null, "unitary": null}}, {"shots": 4096, "success": true, "status": null, "seed": null, "meas_level": 2, "meas_return": null, "header": {"qubit_labels": [["q", 0], ["q", 1], ["q", 2], ["q", 3], ["q", 4]], "n_qubits": 5, "qreg_sizes": [["q", 5]], "clbit_labels": [["c", 0], ["c", 1], ["c", 2]], "memory_slots": 3, "creg_sizes": [["c", 3]], "name": "circuit-3063803", "global_phase": 0.0, "metadata": {}}, "data": {"counts": {"0x0": 676, "0x1": 368, "0x2": 232, "0x3": 123, "0x4": 1519, "0x5": 478, "0x6": 555, "0x7": 145}, "snapshots": null, "memory": null, "statevector": null, "unitary": null}}, {"shots": 4096, "success": true, "status": null, "seed": null, "meas_level": 2, "meas_return": null, "header": {"qubit_labels": [["q", 0], ["q", 1], ["q", 2], ["q", 3], ["q", 4]], "n_qubits": 5, "qreg_sizes": [["q", 5]], "clbit_labels": [["c", 0], ["c", 1], ["c", 2]], "memory_slots": 3, "creg_sizes": [["c", 3]], "name": "circuit-3066832", "global_phase": 0.0, "metadata": {}}, "data": {"counts": {"0x0": 1263, "0x1": 146, "0x2": 189, "0x3": 836, "0x4": 199, "0x5": 690, "0x6": 631, "0x7": 142}, "snapshots": null, "memory": null, "statevector": null, "unitary": null}}, {"shots": 4096, "success": true, "status": null, "seed": null, "meas_level": 2, "meas_return": null, "header": {"qubit_labels": [["q", 0], ["q", 1], ["q", 2], ["q", 3], ["q", 4]], "n_qubits": 5, "qreg_sizes": [["q", 5]], "clbit_labels": [["c", 0], ["c", 1], ["c", 2]], "memory_slots": 3, "creg_sizes": [["c", 3]], "name": "circuit-3066833", "global_phase": 0.0, "metadata": {}}, "data": {"counts": {"0x0": 3721, "0x1": 96, "0x2": 100, "0x4": 122, "0x5": 52, "0x6": 4, "0x7": 1}, "snapshots": null, "memory": null, "statevector": null, "unitary": null}}, {"shots": 4096, "success": true, "status": null, "seed": null, "meas_level": 2, "meas_return": null, "header": {"qubit_labels": [["q", 0], ["q", 1], ["q", 2], ["q", 3], ["q", 4]], "n_qubits": 5, "qreg_sizes": [["q", 5]], "clbit_labels": [["c", 0], ["c", 1], ["c", 2]], "memory_slots": 3, "creg_sizes": [["c", 3]], "name": "circuit-3067181", "global_phase": 0.0, "metadata": {}}, "data": {"counts": {"0x0": 1061, "0x1": 320, "0x2": 332, "0x3": 799, "0x4": 287, "0x5": 586, "0x6": 455, "0x7": 256}, "snapshots": null, "memory": null, "statevector": null, "unitary": null}}, {"shots": 4096, "success": true, "status": null, "seed": null, "meas_level": 2, "meas_return": null, "header": {"qubit_labels": [["q", 0], ["q", 1], ["q", 2], ["q", 3], ["q", 4]], "n_qubits": 5, "qreg_sizes": [["q", 5]], "clbit_labels": [["c", 0], ["c", 1], ["c", 2]], "memory_slots": 3, "creg_sizes": [["c", 3]], "name": "circuit-3067182", "global_phase": 0.0, "metadata": {}}, "data": {"counts": {"0x0": 3606, "0x1": 180, "0x2": 129, "0x3": 8, "0x4": 147, "0x5": 17, "0x6": 7, "0x7": 2}, "snapshots": null, "memory": null, "statevector": null, "unitary": null}}, {"shots": 4096, "success": true, "status": null, "seed": null, "meas_level": 2, "meas_return": null, "header": {"qubit_labels": [["q", 0], ["q", 1], ["q", 2], ["q", 3], ["q", 4]], "n_qubits": 5, "qreg_sizes": [["q", 5]], "clbit_labels": [["c", 0], ["c", 1], ["c", 2]], "memory_slots": 3, "creg_sizes": [["c", 3]], "name": "circuit-3067682", "global_phase": 0.0, "metadata": {}}, "data": {"counts": {"0x0": 1018, "0x1": 487, "0x2": 465, "0x3": 697, "0x4": 318, "0x5": 397, "0x6": 442, "0x7": 272}, "snapshots": null, "memory": null, "statevector": null, "unitary": null}}, {"shots": 4096, "success": true, "status": null, "seed": null, "meas_level": 2, "meas_return": null, "header": {"qubit_labels": [["q", 0], ["q", 1], ["q", 2], ["q", 3], ["q", 4]], "n_qubits": 5, "qreg_sizes": [["q", 5]], "clbit_labels": [["c", 0], ["c", 1], ["c", 2]], "memory_slots": 3, "creg_sizes": [["c", 3]], "name": "circuit-3067683", "global_phase": 0.0, "metadata": {}}, "data": {"counts": {"0x0": 3080, "0x1": 174, "0x2": 133, "0x3": 12, "0x4": 604, "0x5": 69, "0x6": 23, "0x7": 1}, "snapshots": null, "memory": null, "statevector": null, "unitary": null}}, {"shots": 4096, "success": true, "status": null, "seed": null, "meas_level": 2, "meas_return": null, "header": {"qubit_labels": [["q", 0], ["q", 1], ["q", 2], ["q", 3], ["q", 4]], "n_qubits": 5, "qreg_sizes": [["q", 5]], "clbit_labels": [["c", 0], ["c", 1], ["c", 2]], "memory_slots": 3, "creg_sizes": [["c", 3]], "name": "circuit-3068267", "global_phase": 0.0, "metadata": {}}, "data": {"counts": {"0x0": 739, "0x1": 381, "0x2": 345, "0x3": 552, "0x4": 645, "0x5": 525, "0x6": 410, "0x7": 499}, "snapshots": null, "memory": null, "statevector": null, "unitary": null}}, {"shots": 4096, "success": true, "status": null, "seed": null, "meas_level": 2, "meas_return": null, "header": {"qubit_labels": [["q", 0], ["q", 1], ["q", 2], ["q", 3], ["q", 4]], "n_qubits": 5, "qreg_sizes": [["q", 5]], "clbit_labels": [["c", 0], ["c", 1], ["c", 2]], "memory_slots": 3, "creg_sizes": [["c", 3]], "name": "circuit-3068268", "global_phase": 0.0, "metadata": {}}, "data": {"counts": {"0x0": 3090, "0x1": 146, "0x2": 177, "0x3": 10, "0x4": 568, "0x5": 74, "0x6": 26, "0x7": 5}, "snapshots": null, "memory": null, "statevector": null, "unitary": null}}, {"shots": 4096, "success": true, "status": null, "seed": null, "meas_level": 2, "meas_return": null, "header": {"qubit_labels": [["q", 0], ["q", 1], ["q", 2], ["q", 3], ["q", 4]], "n_qubits": 5, "qreg_sizes": [["q", 5]], "clbit_labels": [["c", 0], ["c", 1], ["c", 2]], "memory_slots": 3, "creg_sizes": [["c", 3]], "name": "circuit-3069023", "global_phase": 0.0, "metadata": {}}, "data": {"counts": {"0x0": 338, "0x1": 649, "0x2": 680, "0x3": 233, "0x4": 904, "0x5": 345, "0x6": 388, "0x7": 559}, "snapshots": null, "memory": null, "statevector": null, "unitary": null}}, {"shots": 4096, "success": true, "status": null, "seed": null, "meas_level": 2, "meas_return": null, "header": {"qubit_labels": [["q", 0], ["q", 1], ["q", 2], ["q", 3], ["q", 4]], "n_qubits": 5, "qreg_sizes": [["q", 5]], "clbit_labels": [["c", 0], ["c", 1], ["c", 2]], "memory_slots": 3, "creg_sizes": [["c", 3]], "name": "circuit-3069024", "global_phase": 0.0, "metadata": {}}, "data": {"counts": {"0x0": 2689, "0x1": 238, "0x2": 188, "0x3": 12, "0x4": 735, "0x5": 166, "0x6": 56, "0x7": 12}, "snapshots": null, "memory": null, "statevector": null, "unitary": null}}, {"shots": 4096, "success": true, "status": null, "seed": null, "meas_level": 2, "meas_return": null, "header": {"qubit_labels": [["q", 0], ["q", 1], ["q", 2], ["q", 3], ["q", 4]], "n_qubits": 5, "qreg_sizes": [["q", 5]], "clbit_labels": [["c", 0], ["c", 1], ["c", 2]], "memory_slots": 3, "creg_sizes": [["c", 3]], "name": "circuit-3069934", "global_phase": 0.0, "metadata": {}}, "data": {"counts": {"0x0": 357, "0x1": 937, "0x2": 918, "0x3": 215, "0x4": 501, "0x5": 280, "0x6": 246, "0x7": 642}, "snapshots": null, "memory": null, "statevector": null, "unitary": null}}, {"shots": 4096, "success": true, "status": null, "seed": null, "meas_level": 2, "meas_return": null, "header": {"qubit_labels": [["q", 0], ["q", 1], ["q", 2], ["q", 3], ["q", 4]], "n_qubits": 5, "qreg_sizes": [["q", 5]], "clbit_labels": [["c", 0], ["c", 1], ["c", 2]], "memory_slots": 3, "creg_sizes": [["c", 3]], "name": "circuit-3069935", "global_phase": 0.0, "metadata": {}}, "data": {"counts": {"0x0": 2470, "0x1": 222, "0x2": 238, "0x3": 21, "0x4": 908, "0x5": 132, "0x6": 89, "0x7": 16}, "snapshots": null, "memory": null, "statevector": null, "unitary": null}}, {"shots": 4096, "success": true, "status": null, "seed": null, "meas_level": 2, "meas_return": null, "header": {"qubit_labels": [["q", 0], ["q", 1], ["q", 2], ["q", 3], ["q", 4]], "n_qubits": 5, "qreg_sizes": [["q", 5]], "clbit_labels": [["c", 0], ["c", 1], ["c", 2]], "memory_slots": 3, "creg_sizes": [["c", 3]], "name": "circuit-3070964", "global_phase": 0.0, "metadata": {}}, "data": {"counts": {"0x0": 333, "0x1": 718, "0x2": 465, "0x3": 209, "0x4": 966, "0x5": 478, "0x6": 341, "0x7": 586}, "snapshots": null, "memory": null, "statevector": null, "unitary": null}}, {"shots": 4096, "success": true, "status": null, "seed": null, "meas_level": 2, "meas_return": null, "header": {"qubit_labels": [["q", 0], ["q", 1], ["q", 2], ["q", 3], ["q", 4]], "n_qubits": 5, "qreg_sizes": [["q", 5]], "clbit_labels": [["c", 0], ["c", 1], ["c", 2]], "memory_slots": 3, "creg_sizes": [["c", 3]], "name": "circuit-3070965", "global_phase": 0.0, "metadata": {}}, "data": {"counts": {"0x0": 2456, "0x1": 273, "0x2": 223, "0x3": 27, "0x4": 821, "0x5": 200, "0x6": 82, "0x7": 14}, "snapshots": null, "memory": null, "statevector": null, "unitary": null}}, {"shots": 4096, "success": true, "status": null, "seed": null, "meas_level": 2, "meas_return": null, "header": {"qubit_labels": [["q", 0], ["q", 1], ["q", 2], ["q", 3], ["q", 4]], "n_qubits": 5, "qreg_sizes": [["q", 5]], "clbit_labels": [["c", 0], ["c", 1], ["c", 2]], "memory_slots": 3, "creg_sizes": [["c", 3]], "name": "circuit-3072108", "global_phase": 0.0, "metadata": {}}, "data": {"counts": {"0x0": 301, "0x1": 683, "0x2": 615, "0x3": 267, "0x4": 846, "0x5": 274, "0x6": 301, "0x7": 809}, "snapshots": null, "memory": null, "statevector": null, "unitary": null}}, {"shots": 4096, "success": true, "status": null, "seed": null, "meas_level": 2, "meas_return": null, "header": {"qubit_labels": [["q", 0], ["q", 1], ["q", 2], ["q", 3], ["q", 4]], "n_qubits": 5, "qreg_sizes": [["q", 5]], "clbit_labels": [["c", 0], ["c", 1], ["c", 2]], "memory_slots": 3, "creg_sizes": [["c", 3]], "name": "circuit-3072109", "global_phase": 0.0, "metadata": {}}, "data": {"counts": {"0x0": 1701, "0x1": 262, "0x2": 235, "0x3": 25, "0x4": 1449, "0x5": 181, "0x6": 216, "0x7": 27}, "snapshots": null, "memory": null, "statevector": null, "unitary": null}}, {"shots": 4096, "success": true, "status": null, "seed": null, "meas_level": 2, "meas_return": null, "header": {"qubit_labels": [["q", 0], ["q", 1], ["q", 2], ["q", 3], ["q", 4]], "n_qubits": 5, "qreg_sizes": [["q", 5]], "clbit_labels": [["c", 0], ["c", 1], ["c", 2]], "memory_slots": 3, "creg_sizes": [["c", 3]], "name": "circuit-3073457", "global_phase": 0.0, "metadata": {}}, "data": {"counts": {"0x0": 384, "0x1": 664, "0x2": 786, "0x3": 308, "0x4": 671, "0x5": 344, "0x6": 354, "0x7": 585}, "snapshots": null, "memory": null, "statevector": null, "unitary": null}}, {"shots": 4096, "success": true, "status": null, "seed": null, "meas_level": 2, "meas_return": null, "header": {"qubit_labels": [["q", 0], ["q", 1], ["q", 2], ["q", 3], ["q", 4]], "n_qubits": 5, "qreg_sizes": [["q", 5]], "clbit_labels": [["c", 0], ["c", 1], ["c", 2]], "memory_slots": 3, "creg_sizes": [["c", 3]], "name": "circuit-3073458", "global_phase": 0.0, "metadata": {}}, "data": {"counts": {"0x0": 1386, "0x1": 211, "0x2": 202, "0x3": 29, "0x4": 1756, "0x5": 188, "0x6": 268, "0x7": 56}, "snapshots": null, "memory": null, "statevector": null, "unitary": null}}, {"shots": 4096, "success": true, "status": null, "seed": null, "meas_level": 2, "meas_return": null, "header": {"qubit_labels": [["q", 0], ["q", 1], ["q", 2], ["q", 3], ["q", 4]], "n_qubits": 5, "qreg_sizes": [["q", 5]], "clbit_labels": [["c", 0], ["c", 1], ["c", 2]], "memory_slots": 3, "creg_sizes": [["c", 3]], "name": "circuit-3074942", "global_phase": 0.0, "metadata": {}}, "data": {"counts": {"0x0": 415, "0x1": 690, "0x2": 680, "0x3": 465, "0x4": 545, "0x5": 361, "0x6": 411, "0x7": 529}, "snapshots": null, "memory": null, "statevector": null, "unitary": null}}, {"shots": 4096, "success": true, "status": null, "seed": null, "meas_level": 2, "meas_return": null, "header": {"qubit_labels": [["q", 0], ["q", 1], ["q", 2], ["q", 3], ["q", 4]], "n_qubits": 5, "qreg_sizes": [["q", 5]], "clbit_labels": [["c", 0], ["c", 1], ["c", 2]], "memory_slots": 3, "creg_sizes": [["c", 3]], "name": "circuit-3074943", "global_phase": 0.0, "metadata": {}}, "data": {"counts": {"0x0": 1097, "0x1": 218, "0x2": 134, "0x3": 45, "0x4": 1973, "0x5": 308, "0x6": 276, "0x7": 45}, "snapshots": null, "memory": null, "statevector": null, "unitary": null}}, {"shots": 4096, "success": true, "status": null, "seed": null, "meas_level": 2, "meas_return": null, "header": {"qubit_labels": [["q", 0], ["q", 1], ["q", 2], ["q", 3], ["q", 4]], "n_qubits": 5, "qreg_sizes": [["q", 5]], "clbit_labels": [["c", 0], ["c", 1], ["c", 2]], "memory_slots": 3, "creg_sizes": [["c", 3]], "name": "circuit-3076536", "global_phase": 0.0, "metadata": {}}, "data": {"counts": {"0x0": 551, "0x1": 444, "0x2": 457, "0x3": 478, "0x4": 690, "0x5": 425, "0x6": 482, "0x7": 569}, "snapshots": null, "memory": null, "statevector": null, "unitary": null}}, {"shots": 4096, "success": true, "status": null, "seed": null, "meas_level": 2, "meas_return": null, "header": {"qubit_labels": [["q", 0], ["q", 1], ["q", 2], ["q", 3], ["q", 4]], "n_qubits": 5, "qreg_sizes": [["q", 5]], "clbit_labels": [["c", 0], ["c", 1], ["c", 2]], "memory_slots": 3, "creg_sizes": [["c", 3]], "name": "circuit-3076537", "global_phase": 0.0, "metadata": {}}, "data": {"counts": {"0x0": 1534, "0x1": 442, "0x2": 287, "0x3": 68, "0x4": 1194, "0x5": 275, "0x6": 243, "0x7": 53}, "snapshots": null, "memory": null, "statevector": null, "unitary": null}}, {"shots": 4096, "success": true, "status": null, "seed": null, "meas_level": 2, "meas_return": null, "header": {"qubit_labels": [["q", 0], ["q", 1], ["q", 2], ["q", 3], ["q", 4]], "n_qubits": 5, "qreg_sizes": [["q", 5]], "clbit_labels": [["c", 0], ["c", 1], ["c", 2]], "memory_slots": 3, "creg_sizes": [["c", 3]], "name": "circuit-3078298", "global_phase": 0.0, "metadata": {}}, "data": {"counts": {"0x0": 723, "0x1": 422, "0x2": 358, "0x3": 763, "0x4": 505, "0x5": 489, "0x6": 447, "0x7": 389}, "snapshots": null, "memory": null, "statevector": null, "unitary": null}}, {"shots": 4096, "success": true, "status": null, "seed": null, "meas_level": 2, "meas_return": null, "header": {"qubit_labels": [["q", 0], ["q", 1], ["q", 2], ["q", 3], ["q", 4]], "n_qubits": 5, "qreg_sizes": [["q", 5]], "clbit_labels": [["c", 0], ["c", 1], ["c", 2]], "memory_slots": 3, "creg_sizes": [["c", 3]], "name": "circuit-3078299", "global_phase": 0.0, "metadata": {}}, "data": {"counts": {"0x0": 713, "0x1": 163, "0x2": 127, "0x3": 36, "0x4": 2251, "0x5": 385, "0x6": 344, "0x7": 77}, "snapshots": null, "memory": null, "statevector": null, "unitary": null}}, {"shots": 4096, "success": true, "status": null, "seed": null, "meas_level": 2, "meas_return": null, "header": {"qubit_labels": [["q", 0], ["q", 1], ["q", 2], ["q", 3], ["q", 4]], "n_qubits": 5, "qreg_sizes": [["q", 5]], "clbit_labels": [["c", 0], ["c", 1], ["c", 2]], "memory_slots": 3, "creg_sizes": [["c", 3]], "name": "circuit-3080190", "global_phase": 0.0, "metadata": {}}, "data": {"counts": {"0x0": 737, "0x1": 326, "0x2": 347, "0x3": 678, "0x4": 422, "0x5": 598, "0x6": 691, "0x7": 297}, "snapshots": null, "memory": null, "statevector": null, "unitary": null}}, {"shots": 4096, "success": true, "status": null, "seed": null, "meas_level": 2, "meas_return": null, "header": {"qubit_labels": [["q", 0], ["q", 1], ["q", 2], ["q", 3], ["q", 4]], "n_qubits": 5, "qreg_sizes": [["q", 5]], "clbit_labels": [["c", 0], ["c", 1], ["c", 2]], "memory_slots": 3, "creg_sizes": [["c", 3]], "name": "circuit-3080191", "global_phase": 0.0, "metadata": {}}, "data": {"counts": {"0x0": 1501, "0x1": 513, "0x2": 289, "0x3": 65, "0x4": 1146, "0x5": 290, "0x6": 215, "0x7": 77}, "snapshots": null, "memory": null, "statevector": null, "unitary": null}}, {"shots": 4096, "success": true, "status": null, "seed": null, "meas_level": 2, "meas_return": null, "header": {"qubit_labels": [["q", 0], ["q", 1], ["q", 2], ["q", 3], ["q", 4]], "n_qubits": 5, "qreg_sizes": [["q", 5]], "clbit_labels": [["c", 0], ["c", 1], ["c", 2]], "memory_slots": 3, "creg_sizes": [["c", 3]], "name": "circuit-3082246", "global_phase": 0.0, "metadata": {}}, "data": {"counts": {"0x0": 715, "0x1": 399, "0x2": 429, "0x3": 704, "0x4": 336, "0x5": 534, "0x6": 682, "0x7": 297}, "snapshots": null, "memory": null, "statevector": null, "unitary": null}}, {"shots": 4096, "success": true, "status": null, "seed": null, "meas_level": 2, "meas_return": null, "header": {"qubit_labels": [["q", 0], ["q", 1], ["q", 2], ["q", 3], ["q", 4]], "n_qubits": 5, "qreg_sizes": [["q", 5]], "clbit_labels": [["c", 0], ["c", 1], ["c", 2]], "memory_slots": 3, "creg_sizes": [["c", 3]], "name": "circuit-3082247", "global_phase": 0.0, "metadata": {}}, "data": {"counts": {"0x0": 516, "0x1": 204, "0x2": 113, "0x3": 28, "0x4": 2214, "0x5": 420, "0x6": 511, "0x7": 90}, "snapshots": null, "memory": null, "statevector": null, "unitary": null}}, {"shots": 4096, "success": true, "status": null, "seed": null, "meas_level": 2, "meas_return": null, "header": {"qubit_labels": [["q", 0], ["q", 1], ["q", 2], ["q", 3], ["q", 4]], "n_qubits": 5, "qreg_sizes": [["q", 5]], "clbit_labels": [["c", 0], ["c", 1], ["c", 2]], "memory_slots": 3, "creg_sizes": [["c", 3]], "name": "circuit-3084397", "global_phase": 0.0, "metadata": {}}, "data": {"counts": {"0x0": 649, "0x1": 343, "0x2": 336, "0x3": 567, "0x4": 414, "0x5": 649, "0x6": 758, "0x7": 380}, "snapshots": null, "memory": null, "statevector": null, "unitary": null}}, {"shots": 4096, "success": true, "status": null, "seed": null, "meas_level": 2, "meas_return": null, "header": {"qubit_labels": [["q", 0], ["q", 1], ["q", 2], ["q", 3], ["q", 4]], "n_qubits": 5, "qreg_sizes": [["q", 5]], "clbit_labels": [["c", 0], ["c", 1], ["c", 2]], "memory_slots": 3, "creg_sizes": [["c", 3]], "name": "circuit-3084398", "global_phase": 0.0, "metadata": {}}, "data": {"counts": {"0x0": 501, "0x1": 245, "0x2": 119, "0x3": 50, "0x4": 2079, "0x5": 590, "0x6": 382, "0x7": 130}, "snapshots": null, "memory": null, "statevector": null, "unitary": null}}, {"shots": 4096, "success": true, "status": null, "seed": null, "meas_level": 2, "meas_return": null, "header": {"qubit_labels": [["q", 0], ["q", 1], ["q", 2], ["q", 3], ["q", 4]], "n_qubits": 5, "qreg_sizes": [["q", 5]], "clbit_labels": [["c", 0], ["c", 1], ["c", 2]], "memory_slots": 3, "creg_sizes": [["c", 3]], "name": "circuit-3086687", "global_phase": 0.0, "metadata": {}}, "data": {"counts": {"0x0": 652, "0x1": 392, "0x2": 445, "0x3": 451, "0x4": 447, "0x5": 628, "0x6": 757, "0x7": 324}, "snapshots": null, "memory": null, "statevector": null, "unitary": null}}, {"shots": 4096, "success": true, "status": null, "seed": null, "meas_level": 2, "meas_return": null, "header": {"qubit_labels": [["q", 0], ["q", 1], ["q", 2], ["q", 3], ["q", 4]], "n_qubits": 5, "qreg_sizes": [["q", 5]], "clbit_labels": [["c", 0], ["c", 1], ["c", 2]], "memory_slots": 3, "creg_sizes": [["c", 3]], "name": "circuit-3086688", "global_phase": 0.0, "metadata": {}}, "data": {"counts": {"0x0": 620, "0x1": 314, "0x2": 169, "0x3": 67, "0x4": 1945, "0x5": 460, "0x6": 423, "0x7": 98}, "snapshots": null, "memory": null, "statevector": null, "unitary": null}}, {"shots": 4096, "success": true, "status": null, "seed": null, "meas_level": 2, "meas_return": null, "header": {"qubit_labels": [["q", 0], ["q", 1], ["q", 2], ["q", 3], ["q", 4]], "n_qubits": 5, "qreg_sizes": [["q", 5]], "clbit_labels": [["c", 0], ["c", 1], ["c", 2]], "memory_slots": 3, "creg_sizes": [["c", 3]], "name": "circuit-3089146", "global_phase": 0.0, "metadata": {}}, "data": {"counts": {"0x0": 660, "0x1": 444, "0x2": 374, "0x3": 707, "0x4": 469, "0x5": 468, "0x6": 588, "0x7": 386}, "snapshots": null, "memory": null, "statevector": null, "unitary": null}}, {"shots": 4096, "success": true, "status": null, "seed": null, "meas_level": 2, "meas_return": null, "header": {"qubit_labels": [["q", 0], ["q", 1], ["q", 2], ["q", 3], ["q", 4]], "n_qubits": 5, "qreg_sizes": [["q", 5]], "clbit_labels": [["c", 0], ["c", 1], ["c", 2]], "memory_slots": 3, "creg_sizes": [["c", 3]], "name": "circuit-3089147", "global_phase": 0.0, "metadata": {}}, "data": {"counts": {"0x0": 686, "0x1": 234, "0x2": 188, "0x3": 91, "0x4": 1884, "0x5": 425, "0x6": 469, "0x7": 119}, "snapshots": null, "memory": null, "statevector": null, "unitary": null}}, {"shots": 4096, "success": true, "status": null, "seed": null, "meas_level": 2, "meas_return": null, "header": {"qubit_labels": [["q", 0], ["q", 1], ["q", 2], ["q", 3], ["q", 4]], "n_qubits": 5, "qreg_sizes": [["q", 5]], "clbit_labels": [["c", 0], ["c", 1], ["c", 2]], "memory_slots": 3, "creg_sizes": [["c", 3]], "name": "circuit-3091724", "global_phase": 0.0, "metadata": {}}, "data": {"counts": {"0x0": 611, "0x1": 431, "0x2": 511, "0x3": 704, "0x4": 421, "0x5": 598, "0x6": 479, "0x7": 341}, "snapshots": null, "memory": null, "statevector": null, "unitary": null}}, {"shots": 4096, "success": true, "status": null, "seed": null, "meas_level": 2, "meas_return": null, "header": {"qubit_labels": [["q", 0], ["q", 1], ["q", 2], ["q", 3], ["q", 4]], "n_qubits": 5, "qreg_sizes": [["q", 5]], "clbit_labels": [["c", 0], ["c", 1], ["c", 2]], "memory_slots": 3, "creg_sizes": [["c", 3]], "name": "circuit-3091725", "global_phase": 0.0, "metadata": {}}, "data": {"counts": {"0x0": 525, "0x1": 274, "0x2": 169, "0x3": 71, "0x4": 1669, "0x5": 751, "0x6": 456, "0x7": 181}, "snapshots": null, "memory": null, "statevector": null, "unitary": null}}, {"shots": 4096, "success": true, "status": null, "seed": null, "meas_level": 2, "meas_return": null, "header": {"qubit_labels": [["q", 0], ["q", 1], ["q", 2], ["q", 3], ["q", 4]], "n_qubits": 5, "qreg_sizes": [["q", 5]], "clbit_labels": [["c", 0], ["c", 1], ["c", 2]], "memory_slots": 3, "creg_sizes": [["c", 3]], "name": "circuit-3094433", "global_phase": 0.0, "metadata": {}}, "data": {"counts": {"0x0": 714, "0x1": 401, "0x2": 435, "0x3": 700, "0x4": 524, "0x5": 419, "0x6": 377, "0x7": 526}, "snapshots": null, "memory": null, "statevector": null, "unitary": null}}, {"shots": 4096, "success": true, "status": null, "seed": null, "meas_level": 2, "meas_return": null, "header": {"qubit_labels": [["q", 0], ["q", 1], ["q", 2], ["q", 3], ["q", 4]], "n_qubits": 5, "qreg_sizes": [["q", 5]], "clbit_labels": [["c", 0], ["c", 1], ["c", 2]], "memory_slots": 3, "creg_sizes": [["c", 3]], "name": "circuit-3094434", "global_phase": 0.0, "metadata": {}}, "data": {"counts": {"0x0": 693, "0x1": 216, "0x2": 190, "0x3": 93, "0x4": 1797, "0x5": 442, "0x6": 531, "0x7": 134}, "snapshots": null, "memory": null, "statevector": null, "unitary": null}}, {"shots": 4096, "success": true, "status": null, "seed": null, "meas_level": 2, "meas_return": null, "header": {"qubit_labels": [["q", 0], ["q", 1], ["q", 2], ["q", 3], ["q", 4]], "n_qubits": 5, "qreg_sizes": [["q", 5]], "clbit_labels": [["c", 0], ["c", 1], ["c", 2]], "memory_slots": 3, "creg_sizes": [["c", 3]], "name": "circuit-3097384", "global_phase": 0.0, "metadata": {}}, "data": {"counts": {"0x0": 581, "0x1": 626, "0x2": 445, "0x3": 543, "0x4": 656, "0x5": 379, "0x6": 400, "0x7": 466}, "snapshots": null, "memory": null, "statevector": null, "unitary": null}}, {"shots": 4096, "success": true, "status": null, "seed": null, "meas_level": 2, "meas_return": null, "header": {"qubit_labels": [["q", 0], ["q", 1], ["q", 2], ["q", 3], ["q", 4]], "n_qubits": 5, "qreg_sizes": [["q", 5]], "clbit_labels": [["c", 0], ["c", 1], ["c", 2]], "memory_slots": 3, "creg_sizes": [["c", 3]], "name": "circuit-3097385", "global_phase": 0.0, "metadata": {}}, "data": {"counts": {"0x0": 719, "0x1": 307, "0x2": 235, "0x3": 86, "0x4": 1362, "0x5": 766, "0x6": 441, "0x7": 180}, "snapshots": null, "memory": null, "statevector": null, "unitary": null}}, {"shots": 4096, "success": true, "status": null, "seed": null, "meas_level": 2, "meas_return": null, "header": {"qubit_labels": [["q", 0], ["q", 1], ["q", 2], ["q", 3], ["q", 4]], "n_qubits": 5, "qreg_sizes": [["q", 5]], "clbit_labels": [["c", 0], ["c", 1], ["c", 2]], "memory_slots": 3, "creg_sizes": [["c", 3]], "name": "circuit-3100420", "global_phase": 0.0, "metadata": {}}, "data": {"counts": {"0x0": 1055, "0x1": 175, "0x2": 202, "0x3": 902, "0x4": 152, "0x5": 699, "0x6": 804, "0x7": 107}, "snapshots": null, "memory": null, "statevector": null, "unitary": null}}, {"shots": 4096, "success": true, "status": null, "seed": null, "meas_level": 2, "meas_return": null, "header": {"qubit_labels": [["q", 0], ["q", 1], ["q", 2], ["q", 3], ["q", 4]], "n_qubits": 5, "qreg_sizes": [["q", 5]], "clbit_labels": [["c", 0], ["c", 1], ["c", 2]], "memory_slots": 3, "creg_sizes": [["c", 3]], "name": "circuit-3100421", "global_phase": 0.0, "metadata": {}}, "data": {"counts": {"0x0": 3745, "0x1": 93, "0x2": 103, "0x3": 1, "0x4": 100, "0x5": 45, "0x6": 6, "0x7": 3}, "snapshots": null, "memory": null, "statevector": null, "unitary": null}}, {"shots": 4096, "success": true, "status": null, "seed": null, "meas_level": 2, "meas_return": null, "header": {"qubit_labels": [["q", 0], ["q", 1], ["q", 2], ["q", 3], ["q", 4]], "n_qubits": 5, "qreg_sizes": [["q", 5]], "clbit_labels": [["c", 0], ["c", 1], ["c", 2]], "memory_slots": 3, "creg_sizes": [["c", 3]], "name": "circuit-3100752", "global_phase": 0.0, "metadata": {}}, "data": {"counts": {"0x0": 1193, "0x1": 409, "0x2": 317, "0x3": 798, "0x4": 198, "0x5": 547, "0x6": 495, "0x7": 139}, "snapshots": null, "memory": null, "statevector": null, "unitary": null}}, {"shots": 4096, "success": true, "status": null, "seed": null, "meas_level": 2, "meas_return": null, "header": {"qubit_labels": [["q", 0], ["q", 1], ["q", 2], ["q", 3], ["q", 4]], "n_qubits": 5, "qreg_sizes": [["q", 5]], "clbit_labels": [["c", 0], ["c", 1], ["c", 2]], "memory_slots": 3, "creg_sizes": [["c", 3]], "name": "circuit-3100753", "global_phase": 0.0, "metadata": {}}, "data": {"counts": {"0x0": 3515, "0x1": 130, "0x2": 117, "0x3": 9, "0x4": 264, "0x5": 45, "0x6": 11, "0x7": 5}, "snapshots": null, "memory": null, "statevector": null, "unitary": null}}, {"shots": 4096, "success": true, "status": null, "seed": null, "meas_level": 2, "meas_return": null, "header": {"qubit_labels": [["q", 0], ["q", 1], ["q", 2], ["q", 3], ["q", 4]], "n_qubits": 5, "qreg_sizes": [["q", 5]], "clbit_labels": [["c", 0], ["c", 1], ["c", 2]], "memory_slots": 3, "creg_sizes": [["c", 3]], "name": "circuit-3101251", "global_phase": 0.0, "metadata": {}}, "data": {"counts": {"0x0": 915, "0x1": 295, "0x2": 306, "0x3": 722, "0x4": 670, "0x5": 438, "0x6": 353, "0x7": 397}, "snapshots": null, "memory": null, "statevector": null, "unitary": null}}, {"shots": 4096, "success": true, "status": null, "seed": null, "meas_level": 2, "meas_return": null, "header": {"qubit_labels": [["q", 0], ["q", 1], ["q", 2], ["q", 3], ["q", 4]], "n_qubits": 5, "qreg_sizes": [["q", 5]], "clbit_labels": [["c", 0], ["c", 1], ["c", 2]], "memory_slots": 3, "creg_sizes": [["c", 3]], "name": "circuit-3101252", "global_phase": 0.0, "metadata": {}}, "data": {"counts": {"0x0": 2824, "0x1": 112, "0x2": 130, "0x3": 10, "0x4": 890, "0x5": 96, "0x6": 31, "0x7": 3}, "snapshots": null, "memory": null, "statevector": null, "unitary": null}}, {"shots": 4096, "success": true, "status": null, "seed": null, "meas_level": 2, "meas_return": null, "header": {"qubit_labels": [["q", 0], ["q", 1], ["q", 2], ["q", 3], ["q", 4]], "n_qubits": 5, "qreg_sizes": [["q", 5]], "clbit_labels": [["c", 0], ["c", 1], ["c", 2]], "memory_slots": 3, "creg_sizes": [["c", 3]], "name": "circuit-3101877", "global_phase": 0.0, "metadata": {}}, "data": {"counts": {"0x0": 531, "0x1": 401, "0x2": 467, "0x3": 430, "0x4": 679, "0x5": 460, "0x6": 455, "0x7": 673}, "snapshots": null, "memory": null, "statevector": null, "unitary": null}}, {"shots": 4096, "success": true, "status": null, "seed": null, "meas_level": 2, "meas_return": null, "header": {"qubit_labels": [["q", 0], ["q", 1], ["q", 2], ["q", 3], ["q", 4]], "n_qubits": 5, "qreg_sizes": [["q", 5]], "clbit_labels": [["c", 0], ["c", 1], ["c", 2]], "memory_slots": 3, "creg_sizes": [["c", 3]], "name": "circuit-3101878", "global_phase": 0.0, "metadata": {}}, "data": {"counts": {"0x0": 2365, "0x1": 155, "0x2": 133, "0x3": 16, "0x4": 1249, "0x5": 89, "0x6": 78, "0x7": 11}, "snapshots": null, "memory": null, "statevector": null, "unitary": null}}, {"shots": 4096, "success": true, "status": null, "seed": null, "meas_level": 2, "meas_return": null, "header": {"qubit_labels": [["q", 0], ["q", 1], ["q", 2], ["q", 3], ["q", 4]], "n_qubits": 5, "qreg_sizes": [["q", 5]], "clbit_labels": [["c", 0], ["c", 1], ["c", 2]], "memory_slots": 3, "creg_sizes": [["c", 3]], "name": "circuit-3102641", "global_phase": 0.0, "metadata": {}}, "data": {"counts": {"0x0": 363, "0x1": 498, "0x2": 656, "0x3": 263, "0x4": 736, "0x5": 556, "0x6": 508, "0x7": 516}, "snapshots": null, "memory": null, "statevector": null, "unitary": null}}, {"shots": 4096, "success": true, "status": null, "seed": null, "meas_level": 2, "meas_return": null, "header": {"qubit_labels": [["q", 0], ["q", 1], ["q", 2], ["q", 3], ["q", 4]], "n_qubits": 5, "qreg_sizes": [["q", 5]], "clbit_labels": [["c", 0], ["c", 1], ["c", 2]], "memory_slots": 3, "creg_sizes": [["c", 3]], "name": "circuit-3102642", "global_phase": 0.0, "metadata": {}}, "data": {"counts": {"0x0": 2689, "0x1": 183, "0x2": 150, "0x3": 13, "0x4": 829, "0x5": 164, "0x6": 55, "0x7": 13}, "snapshots": null, "memory": null, "statevector": null, "unitary": null}}, {"shots": 4096, "success": true, "status": null, "seed": null, "meas_level": 2, "meas_return": null, "header": {"qubit_labels": [["q", 0], ["q", 1], ["q", 2], ["q", 3], ["q", 4]], "n_qubits": 5, "qreg_sizes": [["q", 5]], "clbit_labels": [["c", 0], ["c", 1], ["c", 2]], "memory_slots": 3, "creg_sizes": [["c", 3]], "name": "circuit-3103545", "global_phase": 0.0, "metadata": {}}, "data": {"counts": {"0x0": 393, "0x1": 799, "0x2": 761, "0x3": 245, "0x4": 786, "0x5": 282, "0x6": 247, "0x7": 583}, "snapshots": null, "memory": null, "statevector": null, "unitary": null}}, {"shots": 4096, "success": true, "status": null, "seed": null, "meas_level": 2, "meas_return": null, "header": {"qubit_labels": [["q", 0], ["q", 1], ["q", 2], ["q", 3], ["q", 4]], "n_qubits": 5, "qreg_sizes": [["q", 5]], "clbit_labels": [["c", 0], ["c", 1], ["c", 2]], "memory_slots": 3, "creg_sizes": [["c", 3]], "name": "circuit-3103546", "global_phase": 0.0, "metadata": {}}, "data": {"counts": {"0x0": 1949, "0x1": 295, "0x2": 199, "0x3": 24, "0x4": 1339, "0x5": 154, "0x6": 120, "0x7": 16}, "snapshots": null, "memory": null, "statevector": null, "unitary": null}}, {"shots": 4096, "success": true, "status": null, "seed": null, "meas_level": 2, "meas_return": null, "header": {"qubit_labels": [["q", 0], ["q", 1], ["q", 2], ["q", 3], ["q", 4]], "n_qubits": 5, "qreg_sizes": [["q", 5]], "clbit_labels": [["c", 0], ["c", 1], ["c", 2]], "memory_slots": 3, "creg_sizes": [["c", 3]], "name": "circuit-3104606", "global_phase": 0.0, "metadata": {}}, "data": {"counts": {"0x0": 300, "0x1": 738, "0x2": 716, "0x3": 214, "0x4": 946, "0x5": 249, "0x6": 266, "0x7": 667}, "snapshots": null, "memory": null, "statevector": null, "unitary": null}}, {"shots": 4096, "success": true, "status": null, "seed": null, "meas_level": 2, "meas_return": null, "header": {"qubit_labels": [["q", 0], ["q", 1], ["q", 2], ["q", 3], ["q", 4]], "n_qubits": 5, "qreg_sizes": [["q", 5]], "clbit_labels": [["c", 0], ["c", 1], ["c", 2]], "memory_slots": 3, "creg_sizes": [["c", 3]], "name": "circuit-3104607", "global_phase": 0.0, "metadata": {}}, "data": {"counts": {"0x0": 2310, "0x1": 273, "0x2": 233, "0x3": 31, "0x4": 911, "0x5": 235, "0x6": 84, "0x7": 19}, "snapshots": null, "memory": null, "statevector": null, "unitary": null}}, {"shots": 4096, "success": true, "status": null, "seed": null, "meas_level": 2, "meas_return": null, "header": {"qubit_labels": [["q", 0], ["q", 1], ["q", 2], ["q", 3], ["q", 4]], "n_qubits": 5, "qreg_sizes": [["q", 5]], "clbit_labels": [["c", 0], ["c", 1], ["c", 2]], "memory_slots": 3, "creg_sizes": [["c", 3]], "name": "circuit-3105741", "global_phase": 0.0, "metadata": {}}, "data": {"counts": {"0x0": 353, "0x1": 628, "0x2": 616, "0x3": 253, "0x4": 958, "0x5": 249, "0x6": 315, "0x7": 724}, "snapshots": null, "memory": null, "statevector": null, "unitary": null}}, {"shots": 4096, "success": true, "status": null, "seed": null, "meas_level": 2, "meas_return": null, "header": {"qubit_labels": [["q", 0], ["q", 1], ["q", 2], ["q", 3], ["q", 4]], "n_qubits": 5, "qreg_sizes": [["q", 5]], "clbit_labels": [["c", 0], ["c", 1], ["c", 2]], "memory_slots": 3, "creg_sizes": [["c", 3]], "name": "circuit-3105742", "global_phase": 0.0, "metadata": {}}, "data": {"counts": {"0x0": 1854, "0x1": 251, "0x2": 219, "0x3": 29, "0x4": 1290, "0x5": 276, "0x6": 148, "0x7": 29}, "snapshots": null, "memory": null, "statevector": null, "unitary": null}}, {"shots": 4096, "success": true, "status": null, "seed": null, "meas_level": 2, "meas_return": null, "header": {"qubit_labels": [["q", 0], ["q", 1], ["q", 2], ["q", 3], ["q", 4]], "n_qubits": 5, "qreg_sizes": [["q", 5]], "clbit_labels": [["c", 0], ["c", 1], ["c", 2]], "memory_slots": 3, "creg_sizes": [["c", 3]], "name": "circuit-3107081", "global_phase": 0.0, "metadata": {}}, "data": {"counts": {"0x0": 354, "0x1": 557, "0x2": 509, "0x3": 323, "0x4": 1021, "0x5": 287, "0x6": 312, "0x7": 733}, "snapshots": null, "memory": null, "statevector": null, "unitary": null}}, {"shots": 4096, "success": true, "status": null, "seed": null, "meas_level": 2, "meas_return": null, "header": {"qubit_labels": [["q", 0], ["q", 1], ["q", 2], ["q", 3], ["q", 4]], "n_qubits": 5, "qreg_sizes": [["q", 5]], "clbit_labels": [["c", 0], ["c", 1], ["c", 2]], "memory_slots": 3, "creg_sizes": [["c", 3]], "name": "circuit-3107082", "global_phase": 0.0, "metadata": {}}, "data": {"counts": {"0x0": 1920, "0x1": 329, "0x2": 218, "0x3": 49, "0x4": 1178, "0x5": 241, "0x6": 125, "0x7": 36}, "snapshots": null, "memory": null, "statevector": null, "unitary": null}}, {"shots": 4096, "success": true, "status": null, "seed": null, "meas_level": 2, "meas_return": null, "header": {"qubit_labels": [["q", 0], ["q", 1], ["q", 2], ["q", 3], ["q", 4]], "n_qubits": 5, "qreg_sizes": [["q", 5]], "clbit_labels": [["c", 0], ["c", 1], ["c", 2]], "memory_slots": 3, "creg_sizes": [["c", 3]], "name": "circuit-3108607", "global_phase": 0.0, "metadata": {}}, "data": {"counts": {"0x0": 511, "0x1": 771, "0x2": 707, "0x3": 328, "0x4": 473, "0x5": 383, "0x6": 541, "0x7": 382}, "snapshots": null, "memory": null, "statevector": null, "unitary": null}}, {"shots": 4096, "success": true, "status": null, "seed": null, "meas_level": 2, "meas_return": null, "header": {"qubit_labels": [["q", 0], ["q", 1], ["q", 2], ["q", 3], ["q", 4]], "n_qubits": 5, "qreg_sizes": [["q", 5]], "clbit_labels": [["c", 0], ["c", 1], ["c", 2]], "memory_slots": 3, "creg_sizes": [["c", 3]], "name": "circuit-3108608", "global_phase": 0.0, "metadata": {}}, "data": {"counts": {"0x0": 1808, "0x1": 267, "0x2": 248, "0x3": 26, "0x4": 1316, "0x5": 215, "0x6": 182, "0x7": 34}, "snapshots": null, "memory": null, "statevector": null, "unitary": null}}, {"shots": 4096, "success": true, "status": null, "seed": null, "meas_level": 2, "meas_return": null, "header": {"qubit_labels": [["q", 0], ["q", 1], ["q", 2], ["q", 3], ["q", 4]], "n_qubits": 5, "qreg_sizes": [["q", 5]], "clbit_labels": [["c", 0], ["c", 1], ["c", 2]], "memory_slots": 3, "creg_sizes": [["c", 3]], "name": "circuit-3110217", "global_phase": 0.0, "metadata": {}}, "data": {"counts": {"0x0": 325, "0x1": 507, "0x2": 415, "0x3": 327, "0x4": 653, "0x5": 668, "0x6": 705, "0x7": 496}, "snapshots": null, "memory": null, "statevector": null, "unitary": null}}, {"shots": 4096, "success": true, "status": null, "seed": null, "meas_level": 2, "meas_return": null, "header": {"qubit_labels": [["q", 0], ["q", 1], ["q", 2], ["q", 3], ["q", 4]], "n_qubits": 5, "qreg_sizes": [["q", 5]], "clbit_labels": [["c", 0], ["c", 1], ["c", 2]], "memory_slots": 3, "creg_sizes": [["c", 3]], "name": "circuit-3110218", "global_phase": 0.0, "metadata": {}}, "data": {"counts": {"0x0": 1016, "0x1": 411, "0x2": 173, "0x3": 69, "0x4": 1705, "0x5": 419, "0x6": 252, "0x7": 51}, "snapshots": null, "memory": null, "statevector": null, "unitary": null}}, {"shots": 4096, "success": true, "status": null, "seed": null, "meas_level": 2, "meas_return": null, "header": {"qubit_labels": [["q", 0], ["q", 1], ["q", 2], ["q", 3], ["q", 4]], "n_qubits": 5, "qreg_sizes": [["q", 5]], "clbit_labels": [["c", 0], ["c", 1], ["c", 2]], "memory_slots": 3, "creg_sizes": [["c", 3]], "name": "circuit-3111992", "global_phase": 0.0, "metadata": {}}, "data": {"counts": {"0x0": 807, "0x1": 426, "0x2": 463, "0x3": 930, "0x4": 390, "0x5": 356, "0x6": 381, "0x7": 343}, "snapshots": null, "memory": null, "statevector": null, "unitary": null}}, {"shots": 4096, "success": true, "status": null, "seed": null, "meas_level": 2, "meas_return": null, "header": {"qubit_labels": [["q", 0], ["q", 1], ["q", 2], ["q", 3], ["q", 4]], "n_qubits": 5, "qreg_sizes": [["q", 5]], "clbit_labels": [["c", 0], ["c", 1], ["c", 2]], "memory_slots": 3, "creg_sizes": [["c", 3]], "name": "circuit-3111993", "global_phase": 0.0, "metadata": {}}, "data": {"counts": {"0x0": 1143, "0x1": 239, "0x2": 168, "0x3": 31, "0x4": 1844, "0x5": 317, "0x6": 301, "0x7": 53}, "snapshots": null, "memory": null, "statevector": null, "unitary": null}}, {"shots": 4096, "success": true, "status": null, "seed": null, "meas_level": 2, "meas_return": null, "header": {"qubit_labels": [["q", 0], ["q", 1], ["q", 2], ["q", 3], ["q", 4]], "n_qubits": 5, "qreg_sizes": [["q", 5]], "clbit_labels": [["c", 0], ["c", 1], ["c", 2]], "memory_slots": 3, "creg_sizes": [["c", 3]], "name": "circuit-3113907", "global_phase": 0.0, "metadata": {}}, "data": {"counts": {"0x0": 659, "0x1": 382, "0x2": 406, "0x3": 602, "0x4": 528, "0x5": 556, "0x6": 599, "0x7": 364}, "snapshots": null, "memory": null, "statevector": null, "unitary": null}}, {"shots": 4096, "success": true, "status": null, "seed": null, "meas_level": 2, "meas_return": null, "header": {"qubit_labels": [["q", 0], ["q", 1], ["q", 2], ["q", 3], ["q", 4]], "n_qubits": 5, "qreg_sizes": [["q", 5]], "clbit_labels": [["c", 0], ["c", 1], ["c", 2]], "memory_slots": 3, "creg_sizes": [["c", 3]], "name": "circuit-3113908", "global_phase": 0.0, "metadata": {}}, "data": {"counts": {"0x0": 1335, "0x1": 435, "0x2": 220, "0x3": 80, "0x4": 1234, "0x5": 474, "0x6": 231, "0x7": 87}, "snapshots": null, "memory": null, "statevector": null, "unitary": null}}, {"shots": 4096, "success": true, "status": null, "seed": null, "meas_level": 2, "meas_return": null, "header": {"qubit_labels": [["q", 0], ["q", 1], ["q", 2], ["q", 3], ["q", 4]], "n_qubits": 5, "qreg_sizes": [["q", 5]], "clbit_labels": [["c", 0], ["c", 1], ["c", 2]], "memory_slots": 3, "creg_sizes": [["c", 3]], "name": "circuit-3115941", "global_phase": 0.0, "metadata": {}}, "data": {"counts": {"0x0": 540, "0x1": 413, "0x2": 376, "0x3": 479, "0x4": 584, "0x5": 609, "0x6": 759, "0x7": 336}, "snapshots": null, "memory": null, "statevector": null, "unitary": null}}, {"shots": 4096, "success": true, "status": null, "seed": null, "meas_level": 2, "meas_return": null, "header": {"qubit_labels": [["q", 0], ["q", 1], ["q", 2], ["q", 3], ["q", 4]], "n_qubits": 5, "qreg_sizes": [["q", 5]], "clbit_labels": [["c", 0], ["c", 1], ["c", 2]], "memory_slots": 3, "creg_sizes": [["c", 3]], "name": "circuit-3115942", "global_phase": 0.0, "metadata": {}}, "data": {"counts": {"0x0": 1014, "0x1": 316, "0x2": 172, "0x3": 80, "0x4": 1690, "0x5": 367, "0x6": 360, "0x7": 97}, "snapshots": null, "memory": null, "statevector": null, "unitary": null}}, {"shots": 4096, "success": true, "status": null, "seed": null, "meas_level": 2, "meas_return": null, "header": {"qubit_labels": [["q", 0], ["q", 1], ["q", 2], ["q", 3], ["q", 4]], "n_qubits": 5, "qreg_sizes": [["q", 5]], "clbit_labels": [["c", 0], ["c", 1], ["c", 2]], "memory_slots": 3, "creg_sizes": [["c", 3]], "name": "circuit-3118145", "global_phase": 0.0, "metadata": {}}, "data": {"counts": {"0x0": 708, "0x1": 364, "0x2": 348, "0x3": 753, "0x4": 409, "0x5": 564, "0x6": 601, "0x7": 349}, "snapshots": null, "memory": null, "statevector": null, "unitary": null}}, {"shots": 4096, "success": true, "status": null, "seed": null, "meas_level": 2, "meas_return": null, "header": {"qubit_labels": [["q", 0], ["q", 1], ["q", 2], ["q", 3], ["q", 4]], "n_qubits": 5, "qreg_sizes": [["q", 5]], "clbit_labels": [["c", 0], ["c", 1], ["c", 2]], "memory_slots": 3, "creg_sizes": [["c", 3]], "name": "circuit-3118146", "global_phase": 0.0, "metadata": {}}, "data": {"counts": {"0x0": 1177, "0x1": 342, "0x2": 242, "0x3": 82, "0x4": 1466, "0x5": 431, "0x6": 261, "0x7": 95}, "snapshots": null, "memory": null, "statevector": null, "unitary": null}}, {"shots": 4096, "success": true, "status": null, "seed": null, "meas_level": 2, "meas_return": null, "header": {"qubit_labels": [["q", 0], ["q", 1], ["q", 2], ["q", 3], ["q", 4]], "n_qubits": 5, "qreg_sizes": [["q", 5]], "clbit_labels": [["c", 0], ["c", 1], ["c", 2]], "memory_slots": 3, "creg_sizes": [["c", 3]], "name": "circuit-3120493", "global_phase": 0.0, "metadata": {}}, "data": {"counts": {"0x0": 617, "0x1": 426, "0x2": 421, "0x3": 563, "0x4": 383, "0x5": 603, "0x6": 743, "0x7": 340}, "snapshots": null, "memory": null, "statevector": null, "unitary": null}}, {"shots": 4096, "success": true, "status": null, "seed": null, "meas_level": 2, "meas_return": null, "header": {"qubit_labels": [["q", 0], ["q", 1], ["q", 2], ["q", 3], ["q", 4]], "n_qubits": 5, "qreg_sizes": [["q", 5]], "clbit_labels": [["c", 0], ["c", 1], ["c", 2]], "memory_slots": 3, "creg_sizes": [["c", 3]], "name": "circuit-3120494", "global_phase": 0.0, "metadata": {}}, "data": {"counts": {"0x0": 626, "0x1": 272, "0x2": 156, "0x3": 64, "0x4": 1858, "0x5": 459, "0x6": 548, "0x7": 113}, "snapshots": null, "memory": null, "statevector": null, "unitary": null}}, {"shots": 4096, "success": true, "status": null, "seed": null, "meas_level": 2, "meas_return": null, "header": {"qubit_labels": [["q", 0], ["q", 1], ["q", 2], ["q", 3], ["q", 4]], "n_qubits": 5, "qreg_sizes": [["q", 5]], "clbit_labels": [["c", 0], ["c", 1], ["c", 2]], "memory_slots": 3, "creg_sizes": [["c", 3]], "name": "circuit-3122959", "global_phase": 0.0, "metadata": {}}, "data": {"counts": {"0x0": 556, "0x1": 424, "0x2": 386, "0x3": 632, "0x4": 512, "0x5": 562, "0x6": 474, "0x7": 550}, "snapshots": null, "memory": null, "statevector": null, "unitary": null}}, {"shots": 4096, "success": true, "status": null, "seed": null, "meas_level": 2, "meas_return": null, "header": {"qubit_labels": [["q", 0], ["q", 1], ["q", 2], ["q", 3], ["q", 4]], "n_qubits": 5, "qreg_sizes": [["q", 5]], "clbit_labels": [["c", 0], ["c", 1], ["c", 2]], "memory_slots": 3, "creg_sizes": [["c", 3]], "name": "circuit-3122960", "global_phase": 0.0, "metadata": {}}, "data": {"counts": {"0x0": 606, "0x1": 390, "0x2": 145, "0x3": 110, "0x4": 1565, "0x5": 667, "0x6": 421, "0x7": 192}, "snapshots": null, "memory": null, "statevector": null, "unitary": null}}, {"shots": 4096, "success": true, "status": null, "seed": null, "meas_level": 2, "meas_return": null, "header": {"qubit_labels": [["q", 0], ["q", 1], ["q", 2], ["q", 3], ["q", 4]], "n_qubits": 5, "qreg_sizes": [["q", 5]], "clbit_labels": [["c", 0], ["c", 1], ["c", 2]], "memory_slots": 3, "creg_sizes": [["c", 3]], "name": "circuit-3125563", "global_phase": 0.0, "metadata": {}}, "data": {"counts": {"0x0": 790, "0x1": 460, "0x2": 537, "0x3": 538, "0x4": 499, "0x5": 429, "0x6": 408, "0x7": 435}, "snapshots": null, "memory": null, "statevector": null, "unitary": null}}, {"shots": 4096, "success": true, "status": null, "seed": null, "meas_level": 2, "meas_return": null, "header": {"qubit_labels": [["q", 0], ["q", 1], ["q", 2], ["q", 3], ["q", 4]], "n_qubits": 5, "qreg_sizes": [["q", 5]], "clbit_labels": [["c", 0], ["c", 1], ["c", 2]], "memory_slots": 3, "creg_sizes": [["c", 3]], "name": "circuit-3125564", "global_phase": 0.0, "metadata": {}}, "data": {"counts": {"0x0": 527, "0x1": 288, "0x2": 207, "0x3": 79, "0x4": 1517, "0x5": 712, "0x6": 576, "0x7": 190}, "snapshots": null, "memory": null, "statevector": null, "unitary": null}}, {"shots": 4096, "success": true, "status": null, "seed": null, "meas_level": 2, "meas_return": null, "header": {"qubit_labels": [["q", 0], ["q", 1], ["q", 2], ["q", 3], ["q", 4]], "n_qubits": 5, "qreg_sizes": [["q", 5]], "clbit_labels": [["c", 0], ["c", 1], ["c", 2]], "memory_slots": 3, "creg_sizes": [["c", 3]], "name": "circuit-3128326", "global_phase": 0.0, "metadata": {}}, "data": {"counts": {"0x0": 634, "0x1": 546, "0x2": 486, "0x3": 629, "0x4": 485, "0x5": 467, "0x6": 491, "0x7": 358}, "snapshots": null, "memory": null, "statevector": null, "unitary": null}}, {"shots": 4096, "success": true, "status": null, "seed": null, "meas_level": 2, "meas_return": null, "header": {"qubit_labels": [["q", 0], ["q", 1], ["q", 2], ["q", 3], ["q", 4]], "n_qubits": 5, "qreg_sizes": [["q", 5]], "clbit_labels": [["c", 0], ["c", 1], ["c", 2]], "memory_slots": 3, "creg_sizes": [["c", 3]], "name": "circuit-3128327", "global_phase": 0.0, "metadata": {}}, "data": {"counts": {"0x0": 765, "0x1": 336, "0x2": 232, "0x3": 101, "0x4": 1536, "0x5": 476, "0x6": 534, "0x7": 116}, "snapshots": null, "memory": null, "statevector": null, "unitary": null}}, {"shots": 4096, "success": true, "status": null, "seed": null, "meas_level": 2, "meas_return": null, "header": {"qubit_labels": [["q", 0], ["q", 1], ["q", 2], ["q", 3], ["q", 4]], "n_qubits": 5, "qreg_sizes": [["q", 5]], "clbit_labels": [["c", 0], ["c", 1], ["c", 2]], "memory_slots": 3, "creg_sizes": [["c", 3]], "name": "circuit-3131214", "global_phase": 0.0, "metadata": {}}, "data": {"counts": {"0x0": 517, "0x1": 432, "0x2": 530, "0x3": 483, "0x4": 732, "0x5": 455, "0x6": 468, "0x7": 479}, "snapshots": null, "memory": null, "statevector": null, "unitary": null}}, {"shots": 4096, "success": true, "status": null, "seed": null, "meas_level": 2, "meas_return": null, "header": {"qubit_labels": [["q", 0], ["q", 1], ["q", 2], ["q", 3], ["q", 4]], "n_qubits": 5, "qreg_sizes": [["q", 5]], "clbit_labels": [["c", 0], ["c", 1], ["c", 2]], "memory_slots": 3, "creg_sizes": [["c", 3]], "name": "circuit-3131215", "global_phase": 0.0, "metadata": {}}, "data": {"counts": {"0x0": 614, "0x1": 307, "0x2": 181, "0x3": 90, "0x4": 1467, "0x5": 725, "0x6": 518, "0x7": 194}, "snapshots": null, "memory": null, "statevector": null, "unitary": null}}], "error": null}