{"backend_name": "ibmq_quito", "backend_version": "1.1.33", "qobj_id": "73f3219e-4a4c-410d-964e-ddb7b642b31c", "job_id": "62e1835c85270c935fbaff4f", "date": "2022-07-27T18:32:43Z", "success": true, "status": "Successful completion", "execution_id": "2e7fe2ca-0dda-11ed-986f-b02628f7f59e", "time_taken": 134.17080426216125, "header": {"backend_name": "ibmq_quito", "backend_version": "1.1.33"}, "results": [{"shots": 4096, "success": true, "status": null, "seed": null, "meas_level": 2, "meas_return": null, "header": {"qubit_labels": [["q", 0], ["q", 1], ["q", 2], ["q", 3], ["q", 4]], "n_qubits": 5, "qreg_sizes": [["q", 5]], "clbit_labels": [["c", 0], ["c", 1], ["c", 2]], "memory_slots": 3, "creg_sizes": [["c", 3]], "name": "circuit-864773", "global_phase": 0.785398163397458, "metadata": {}}, "data": {"counts": {"0x0": 352, "0x1": 681, "0x2": 588, "0x3": 352, "0x4": 660, "0x5": 388, "0x6": 332, "0x7": 743}, "snapshots": null, "memory": null, "statevector": null, "unitary": null}}, {"shots": 4096, "success": true, "status": null, "seed": null, "meas_level": 2, "meas_return": null, "header": {"qubit_labels": [["q", 0], ["q", 1], ["q", 2], ["q", 3], ["q", 4]], "n_qubits": 5, "qreg_sizes": [["q", 5]], "clbit_labels": [["c", 0], ["c", 1], ["c", 2]], "memory_slots": 3, "creg_sizes": [["c", 3]], "name": "circuit-864774", "global_phase": 1.5707963267949232, "metadata": {}}, "data": {"counts": {"0x0": 2516, "0x1": 362, "0x2": 568, "0x3": 78, "0x4": 304, "0x5": 165, "0x6": 65, "0x7": 38}, "snapshots": null, "memory": null, "statevector": null, "unitary": null}}, {"shots": 4096, "success": true, "status": null, "seed": null, "meas_level": 2, "meas_return": null, "header": {"qubit_labels": [["q", 0], ["q", 1], ["q", 2], ["q", 3], ["q", 4]], "n_qubits": 5, "qreg_sizes": [["q", 5]], "clbit_labels": [["c", 0], ["c", 1], ["c", 2]], "memory_slots": 3, "creg_sizes": [["c", 3]], "name": "circuit-866502", "global_phase": 5.4977871437821495, "metadata": {}}, "data": {"counts": {"0x0": 472, "0x1": 699, "0x2": 643, "0x3": 504, "0x4": 558, "0x5": 363, "0x6": 393, "0x7": 464}, "snapshots": null, "memory": null, "statevector": null, "unitary": null}}, {"shots": 4096, "success": true, "status": null, "seed": null, "meas_level": 2, "meas_return": null, "header": {"qubit_labels": [["q", 0], ["q", 1], ["q", 2], ["q", 3], ["q", 4]], "n_qubits": 5, "qreg_sizes": [["q", 5]], "clbit_labels": [["c", 0], ["c", 1], ["c", 2]], "memory_slots": 3, "creg_sizes": [["c", 3]], "name": "circuit-866503", "global_phase": 3.1415926535898215, "metadata": {}}, "data": {"counts": {"0x0": 2332, "0x1": 382, "0x2": 641, "0x3": 100, "0x4": 311, "0x5": 190, "0x6": 77, "0x7": 63}, "snapshots": null, "memory": null, "statevector": null, "unitary": null}}, {"shots": 4096, "success": true, "status": null, "seed": null, "meas_level": 2, "meas_return": null, "header": {"qubit_labels": [["q", 0], ["q", 1], ["q", 2], ["q", 3], ["q", 4]], "n_qubits": 5, "qreg_sizes": [["q", 5]], "clbit_labels": [["c", 0], ["c", 1], ["c", 2]], "memory_slots": 3, "creg_sizes": [["c", 3]], "name": "circuit-868469", "global_phase": 0.7853981633974545, "metadata": {}}, "data": {"counts": {"0x0": 467, "0x1": 503, "0x2": 450, "0x3": 541, "0x4": 464, "0x5": 547, "0x6": 736, "0x7": 388}, "snapshots": null, "memory": null, "statevector": null, "unitary": null}}, {"shots": 4096, "success": true, "status": null, "seed": null, "meas_level": 2, "meas_return": null, "header": {"qubit_labels": [["q", 0], ["q", 1], ["q", 2], ["q", 3], ["q", 4]], "n_qubits": 5, "qreg_sizes": [["q", 5]], "clbit_labels": [["c", 0], ["c", 1], ["c", 2]], "memory_slots": 3, "creg_sizes": [["c", 3]], "name": "circuit-868470", "global_phase": 3.552713678800501e-14, "metadata": {}}, "data": {"counts": {"0x0": 2194, "0x1": 410, "0x2": 757, "0x3": 102, "0x4": 298, "0x5": 170, "0x6": 106, "0x7": 59}, "snapshots": null, "memory": null, "statevector": null, "unitary": null}}, {"shots": 4096, "success": true, "status": null, "seed": null, "meas_level": 2, "meas_return": null, "header": {"qubit_labels": [["q", 0], ["q", 1], ["q", 2], ["q", 3], ["q", 4]], "n_qubits": 5, "qreg_sizes": [["q", 5]], "clbit_labels": [["c", 0], ["c", 1], ["c", 2]], "memory_slots": 3, "creg_sizes": [["c", 3]], "name": "circuit-870548", "global_phase": 2.35619449019235, "metadata": {}}, "data": {"counts": {"0x0": 680, "0x1": 433, "0x2": 373, "0x3": 624, "0x4": 492, "0x5": 493, "0x6": 501, "0x7": 500}, "snapshots": null, "memory": null, "statevector": null, "unitary": null}}, {"shots": 4096, "success": true, "status": null, "seed": null, "meas_level": 2, "meas_return": null, "header": {"qubit_labels": [["q", 0], ["q", 1], ["q", 2], ["q", 3], ["q", 4]], "n_qubits": 5, "qreg_sizes": [["q", 5]], "clbit_labels": [["c", 0], ["c", 1], ["c", 2]], "memory_slots": 3, "creg_sizes": [["c", 3]], "name": "circuit-870549", "global_phase": 4.712388980384725, "metadata": {}}, "data": {"counts": {"0x0": 2099, "0x1": 453, "0x2": 676, "0x3": 172, "0x4": 280, "0x5": 208, "0x6": 106, "0x7": 102}, "snapshots": null, "memory": null, "statevector": null, "unitary": null}}, {"shots": 4096, "success": true, "status": null, "seed": null, "meas_level": 2, "meas_return": null, "header": {"qubit_labels": [["q", 0], ["q", 1], ["q", 2], ["q", 3], ["q", 4]], "n_qubits": 5, "qreg_sizes": [["q", 5]], "clbit_labels": [["c", 0], ["c", 1], ["c", 2]], "memory_slots": 3, "creg_sizes": [["c", 3]], "name": "circuit-872712", "global_phase": 3.9269908169872547, "metadata": {}}, "data": {"counts": {"0x0": 751, "0x1": 398, "0x2": 504, "0x3": 655, "0x4": 355, "0x5": 580, "0x6": 504, "0x7": 349}, "snapshots": null, "memory": null, "statevector": null, "unitary": null}}, {"shots": 4096, "success": true, "status": null, "seed": null, "meas_level": 2, "meas_return": null, "header": {"qubit_labels": [["q", 0], ["q", 1], ["q", 2], ["q", 3], ["q", 4]], "n_qubits": 5, "qreg_sizes": [["q", 5]], "clbit_labels": [["c", 0], ["c", 1], ["c", 2]], "memory_slots": 3, "creg_sizes": [["c", 3]], "name": "circuit-872713", "global_phase": 4.712388980384727, "metadata": {}}, "data": {"counts": {"0x0": 2078, "0x1": 370, "0x2": 832, "0x3": 140, "0x4": 288, "0x5": 189, "0x6": 108, "0x7": 91}, "snapshots": null, "memory": null, "statevector": null, "unitary": null}}, {"shots": 4096, "success": true, "status": null, "seed": null, "meas_level": 2, "meas_return": null, "header": {"qubit_labels": [["q", 0], ["q", 1], ["q", 2], ["q", 3], ["q", 4]], "n_qubits": 5, "qreg_sizes": [["q", 5]], "clbit_labels": [["c", 0], ["c", 1], ["c", 2]], "memory_slots": 3, "creg_sizes": [["c", 3]], "name": "circuit-875053", "global_phase": 5.497787143782158, "metadata": {}}, "data": {"counts": {"0x0": 585, "0x1": 372, "0x2": 415, "0x3": 682, "0x4": 465, "0x5": 606, "0x6": 595, "0x7": 376}, "snapshots": null, "memory": null, "statevector": null, "unitary": null}}, {"shots": 4096, "success": true, "status": null, "seed": null, "meas_level": 2, "meas_return": null, "header": {"qubit_labels": [["q", 0], ["q", 1], ["q", 2], ["q", 3], ["q", 4]], "n_qubits": 5, "qreg_sizes": [["q", 5]], "clbit_labels": [["c", 0], ["c", 1], ["c", 2]], "memory_slots": 3, "creg_sizes": [["c", 3]], "name": "circuit-875054", "global_phase": 3.141592653589833, "metadata": {}}, "data": {"counts": {"0x0": 1955, "0x1": 360, "0x2": 809, "0x3": 179, "0x4": 361, "0x5": 212, "0x6": 135, "0x7": 85}, "snapshots": null, "memory": null, "statevector": null, "unitary": null}}, {"shots": 4096, "success": true, "status": null, "seed": null, "meas_level": 2, "meas_return": null, "header": {"qubit_labels": [["q", 0], ["q", 1], ["q", 2], ["q", 3], ["q", 4]], "n_qubits": 5, "qreg_sizes": [["q", 5]], "clbit_labels": [["c", 0], ["c", 1], ["c", 2]], "memory_slots": 3, "creg_sizes": [["c", 3]], "name": "circuit-877509", "global_phase": 3.9269908169872405, "metadata": {}}, "data": {"counts": {"0x0": 633, "0x1": 418, "0x2": 357, "0x3": 700, "0x4": 446, "0x5": 516, "0x6": 687, "0x7": 339}, "snapshots": null, "memory": null, "statevector": null, "unitary": null}}, {"shots": 4096, "success": true, "status": null, "seed": null, "meas_level": 2, "meas_return": null, "header": {"qubit_labels": [["q", 0], ["q", 1], ["q", 2], ["q", 3], ["q", 4]], "n_qubits": 5, "qreg_sizes": [["q", 5]], "clbit_labels": [["c", 0], ["c", 1], ["c", 2]], "memory_slots": 3, "creg_sizes": [["c", 3]], "name": "circuit-877510", "global_phase": 3.141592653589825, "metadata": {}}, "data": {"counts": {"0x0": 1926, "0x1": 389, "0x2": 823, "0x3": 199, "0x4": 351, "0x5": 136, "0x6": 161, "0x7": 111}, "snapshots": null, "memory": null, "statevector": null, "unitary": null}}, {"shots": 4096, "success": true, "status": null, "seed": null, "meas_level": 2, "meas_return": null, "header": {"qubit_labels": [["q", 0], ["q", 1], ["q", 2], ["q", 3], ["q", 4]], "n_qubits": 5, "qreg_sizes": [["q", 5]], "clbit_labels": [["c", 0], ["c", 1], ["c", 2]], "memory_slots": 3, "creg_sizes": [["c", 3]], "name": "circuit-880151", "global_phase": 5.497787143782159, "metadata": {}}, "data": {"counts": {"0x0": 721, "0x1": 396, "0x2": 401, "0x3": 580, "0x4": 424, "0x5": 571, "0x6": 619, "0x7": 384}, "snapshots": null, "memory": null, "statevector": null, "unitary": null}}, {"shots": 4096, "success": true, "status": null, "seed": null, "meas_level": 2, "meas_return": null, "header": {"qubit_labels": [["q", 0], ["q", 1], ["q", 2], ["q", 3], ["q", 4]], "n_qubits": 5, "qreg_sizes": [["q", 5]], "clbit_labels": [["c", 0], ["c", 1], ["c", 2]], "memory_slots": 3, "creg_sizes": [["c", 3]], "name": "circuit-880152", "global_phase": 3.1415926535898357, "metadata": {}}, "data": {"counts": {"0x0": 1665, "0x1": 520, "0x2": 833, "0x3": 195, "0x4": 326, "0x5": 271, "0x6": 150, "0x7": 136}, "snapshots": null, "memory": null, "statevector": null, "unitary": null}}, {"shots": 4096, "success": true, "status": null, "seed": null, "meas_level": 2, "meas_return": null, "header": {"qubit_labels": [["q", 0], ["q", 1], ["q", 2], ["q", 3], ["q", 4]], "n_qubits": 5, "qreg_sizes": [["q", 5]], "clbit_labels": [["c", 0], ["c", 1], ["c", 2]], "memory_slots": 3, "creg_sizes": [["c", 3]], "name": "circuit-882925", "global_phase": 5.497787143782155, "metadata": {}}, "data": {"counts": {"0x0": 581, "0x1": 522, "0x2": 446, "0x3": 553, "0x4": 452, "0x5": 628, "0x6": 558, "0x7": 356}, "snapshots": null, "memory": null, "statevector": null, "unitary": null}}, {"shots": 4096, "success": true, "status": null, "seed": null, "meas_level": 2, "meas_return": null, "header": {"qubit_labels": [["q", 0], ["q", 1], ["q", 2], ["q", 3], ["q", 4]], "n_qubits": 5, "qreg_sizes": [["q", 5]], "clbit_labels": [["c", 0], ["c", 1], ["c", 2]], "memory_slots": 3, "creg_sizes": [["c", 3]], "name": "circuit-882926", "global_phase": 4.712388980384733, "metadata": {}}, "data": {"counts": {"0x0": 1769, "0x1": 424, "0x2": 867, "0x3": 207, "0x4": 338, "0x5": 209, "0x6": 180, "0x7": 102}, "snapshots": null, "memory": null, "statevector": null, "unitary": null}}, {"shots": 4096, "success": true, "status": null, "seed": null, "meas_level": 2, "meas_return": null, "header": {"qubit_labels": [["q", 0], ["q", 1], ["q", 2], ["q", 3], ["q", 4]], "n_qubits": 5, "qreg_sizes": [["q", 5]], "clbit_labels": [["c", 0], ["c", 1], ["c", 2]], "memory_slots": 3, "creg_sizes": [["c", 3]], "name": "circuit-885826", "global_phase": 2.3561944901923644, "metadata": {}}, "data": {"counts": {"0x0": 521, "0x1": 506, "0x2": 378, "0x3": 516, "0x4": 514, "0x5": 669, "0x6": 479, "0x7": 513}, "snapshots": null, "memory": null, "statevector": null, "unitary": null}}, {"shots": 4096, "success": true, "status": null, "seed": null, "meas_level": 2, "meas_return": null, "header": {"qubit_labels": [["q", 0], ["q", 1], ["q", 2], ["q", 3], ["q", 4]], "n_qubits": 5, "qreg_sizes": [["q", 5]], "clbit_labels": [["c", 0], ["c", 1], ["c", 2]], "memory_slots": 3, "creg_sizes": [["c", 3]], "name": "circuit-885827", "global_phase": 4.7123889803847385, "metadata": {}}, "data": {"counts": {"0x0": 1705, "0x1": 412, "0x2": 952, "0x3": 189, "0x4": 308, "0x5": 218, "0x6": 183, "0x7": 129}, "snapshots": null, "memory": null, "statevector": null, "unitary": null}}, {"shots": 4096, "success": true, "status": null, "seed": null, "meas_level": 2, "meas_return": null, "header": {"qubit_labels": [["q", 0], ["q", 1], ["q", 2], ["q", 3], ["q", 4]], "n_qubits": 5, "qreg_sizes": [["q", 5]], "clbit_labels": [["c", 0], ["c", 1], ["c", 2]], "memory_slots": 3, "creg_sizes": [["c", 3]], "name": "circuit-888889", "global_phase": 2.356194490192345, "metadata": {}}, "data": {"counts": {"0x0": 996, "0x1": 208, "0x2": 172, "0x3": 933, "0x4": 182, "0x5": 755, "0x6": 738, "0x7": 112}, "snapshots": null, "memory": null, "statevector": null, "unitary": null}}, {"shots": 4096, "success": true, "status": null, "seed": null, "meas_level": 2, "meas_return": null, "header": {"qubit_labels": [["q", 0], ["q", 1], ["q", 2], ["q", 3], ["q", 4]], "n_qubits": 5, "qreg_sizes": [["q", 5]], "clbit_labels": [["c", 0], ["c", 1], ["c", 2]], "memory_slots": 3, "creg_sizes": [["c", 3]], "name": "circuit-888890", "global_phase": 3.1415926535897967, "metadata": {}}, "data": {"counts": {"0x0": 3643, "0x1": 111, "0x2": 110, "0x3": 3, "0x4": 196, "0x5": 25, "0x6": 7, "0x7": 1}, "snapshots": null, "memory": null, "statevector": null, "unitary": null}}, {"shots": 4096, "success": true, "status": null, "seed": null, "meas_level": 2, "meas_return": null, "header": {"qubit_labels": [["q", 0], ["q", 1], ["q", 2], ["q", 3], ["q", 4]], "n_qubits": 5, "qreg_sizes": [["q", 5]], "clbit_labels": [["c", 0], ["c", 1], ["c", 2]], "memory_slots": 3, "creg_sizes": [["c", 3]], "name": "circuit-889243", "global_phase": 5.497787143782138, "metadata": {}}, "data": {"counts": {"0x0": 804, "0x1": 300, "0x2": 254, "0x3": 710, "0x4": 277, "0x5": 719, "0x6": 782, "0x7": 250}, "snapshots": null, "memory": null, "statevector": null, "unitary": null}}, {"shots": 4096, "success": true, "status": null, "seed": null, "meas_level": 2, "meas_return": null, "header": {"qubit_labels": [["q", 0], ["q", 1], ["q", 2], ["q", 3], ["q", 4]], "n_qubits": 5, "qreg_sizes": [["q", 5]], "clbit_labels": [["c", 0], ["c", 1], ["c", 2]], "memory_slots": 3, "creg_sizes": [["c", 3]], "name": "circuit-889244", "global_phase": 3.552713678800501e-15, "metadata": {}}, "data": {"counts": {"0x0": 3440, "0x1": 175, "0x2": 158, "0x3": 13, "0x4": 196, "0x5": 100, "0x6": 7, "0x7": 7}, "snapshots": null, "memory": null, "statevector": null, "unitary": null}}, {"shots": 4096, "success": true, "status": null, "seed": null, "meas_level": 2, "meas_return": null, "header": {"qubit_labels": [["q", 0], ["q", 1], ["q", 2], ["q", 3], ["q", 4]], "n_qubits": 5, "qreg_sizes": [["q", 5]], "clbit_labels": [["c", 0], ["c", 1], ["c", 2]], "memory_slots": 3, "creg_sizes": [["c", 3]], "name": "circuit-889730", "global_phase": 0.7853981633974456, "metadata": {}}, "data": {"counts": {"0x0": 795, "0x1": 428, "0x2": 359, "0x3": 628, "0x4": 328, "0x5": 699, "0x6": 553, "0x7": 306}, "snapshots": null, "memory": null, "statevector": null, "unitary": null}}, {"shots": 4096, "success": true, "status": null, "seed": null, "meas_level": 2, "meas_return": null, "header": {"qubit_labels": [["q", 0], ["q", 1], ["q", 2], ["q", 3], ["q", 4]], "n_qubits": 5, "qreg_sizes": [["q", 5]], "clbit_labels": [["c", 0], ["c", 1], ["c", 2]], "memory_slots": 3, "creg_sizes": [["c", 3]], "name": "circuit-889731", "global_phase": 3.1415926535898007, "metadata": {}}, "data": {"counts": {"0x0": 3281, "0x1": 149, "0x2": 276, "0x3": 17, "0x4": 189, "0x5": 151, "0x6": 23, "0x7": 10}, "snapshots": null, "memory": null, "statevector": null, "unitary": null}}, {"shots": 4096, "success": true, "status": null, "seed": null, "meas_level": 2, "meas_return": null, "header": {"qubit_labels": [["q", 0], ["q", 1], ["q", 2], ["q", 3], ["q", 4]], "n_qubits": 5, "qreg_sizes": [["q", 5]], "clbit_labels": [["c", 0], ["c", 1], ["c", 2]], "memory_slots": 3, "creg_sizes": [["c", 3]], "name": "circuit-890370", "global_phase": 2.3561944901923484, "metadata": {}}, "data": {"counts": {"0x0": 606, "0x1": 498, "0x2": 556, "0x3": 542, "0x4": 486, "0x5": 608, "0x6": 539, "0x7": 261}, "snapshots": null, "memory": null, "statevector": null, "unitary": null}}, {"shots": 4096, "success": true, "status": null, "seed": null, "meas_level": 2, "meas_return": null, "header": {"qubit_labels": [["q", 0], ["q", 1], ["q", 2], ["q", 3], ["q", 4]], "n_qubits": 5, "qreg_sizes": [["q", 5]], "clbit_labels": [["c", 0], ["c", 1], ["c", 2]], "memory_slots": 3, "creg_sizes": [["c", 3]], "name": "circuit-890371", "global_phase": 1.5987211554602254e-14, "metadata": {}}, "data": {"counts": {"0x0": 3119, "0x1": 181, "0x2": 357, "0x3": 30, "0x4": 289, "0x5": 86, "0x6": 27, "0x7": 7}, "snapshots": null, "memory": null, "statevector": null, "unitary": null}}, {"shots": 4096, "success": true, "status": null, "seed": null, "meas_level": 2, "meas_return": null, "header": {"qubit_labels": [["q", 0], ["q", 1], ["q", 2], ["q", 3], ["q", 4]], "n_qubits": 5, "qreg_sizes": [["q", 5]], "clbit_labels": [["c", 0], ["c", 1], ["c", 2]], "memory_slots": 3, "creg_sizes": [["c", 3]], "name": "circuit-891131", "global_phase": 5.497787143782142, "metadata": {}}, "data": {"counts": {"0x0": 625, "0x1": 538, "0x2": 567, "0x3": 466, "0x4": 570, "0x5": 457, "0x6": 468, "0x7": 405}, "snapshots": null, "memory": null, "statevector": null, "unitary": null}}, {"shots": 4096, "success": true, "status": null, "seed": null, "meas_level": 2, "meas_return": null, "header": {"qubit_labels": [["q", 0], ["q", 1], ["q", 2], ["q", 3], ["q", 4]], "n_qubits": 5, "qreg_sizes": [["q", 5]], "clbit_labels": [["c", 0], ["c", 1], ["c", 2]], "memory_slots": 3, "creg_sizes": [["c", 3]], "name": "circuit-891132", "global_phase": 3.1415926535898073, "metadata": {}}, "data": {"counts": {"0x0": 3031, "0x1": 253, "0x2": 363, "0x3": 30, "0x4": 218, "0x5": 147, "0x6": 33, "0x7": 21}, "snapshots": null, "memory": null, "statevector": null, "unitary": null}}, {"shots": 4096, "success": true, "status": null, "seed": null, "meas_level": 2, "meas_return": null, "header": {"qubit_labels": [["q", 0], ["q", 1], ["q", 2], ["q", 3], ["q", 4]], "n_qubits": 5, "qreg_sizes": [["q", 5]], "clbit_labels": [["c", 0], ["c", 1], ["c", 2]], "memory_slots": 3, "creg_sizes": [["c", 3]], "name": "circuit-892024", "global_phase": 5.49778714378214, "metadata": {}}, "data": {"counts": {"0x0": 423, "0x1": 683, "0x2": 753, "0x3": 368, "0x4": 651, "0x5": 425, "0x6": 296, "0x7": 497}, "snapshots": null, "memory": null, "statevector": null, "unitary": null}}, {"shots": 4096, "success": true, "status": null, "seed": null, "meas_level": 2, "meas_return": null, "header": {"qubit_labels": [["q", 0], ["q", 1], ["q", 2], ["q", 3], ["q", 4]], "n_qubits": 5, "qreg_sizes": [["q", 5]], "clbit_labels": [["c", 0], ["c", 1], ["c", 2]], "memory_slots": 3, "creg_sizes": [["c", 3]], "name": "circuit-892025", "global_phase": 3.141592653589804, "metadata": {}}, "data": {"counts": {"0x0": 2974, "0x1": 295, "0x2": 355, "0x3": 44, "0x4": 289, "0x5": 91, "0x6": 31, "0x7": 17}, "snapshots": null, "memory": null, "statevector": null, "unitary": null}}, {"shots": 4096, "success": true, "status": null, "seed": null, "meas_level": 2, "meas_return": null, "header": {"qubit_labels": [["q", 0], ["q", 1], ["q", 2], ["q", 3], ["q", 4]], "n_qubits": 5, "qreg_sizes": [["q", 5]], "clbit_labels": [["c", 0], ["c", 1], ["c", 2]], "memory_slots": 3, "creg_sizes": [["c", 3]], "name": "circuit-893072", "global_phase": 5.497787143782144, "metadata": {}}, "data": {"counts": {"0x0": 367, "0x1": 731, "0x2": 786, "0x3": 256, "0x4": 768, "0x5": 287, "0x6": 292, "0x7": 609}, "snapshots": null, "memory": null, "statevector": null, "unitary": null}}, {"shots": 4096, "success": true, "status": null, "seed": null, "meas_level": 2, "meas_return": null, "header": {"qubit_labels": [["q", 0], ["q", 1], ["q", 2], ["q", 3], ["q", 4]], "n_qubits": 5, "qreg_sizes": [["q", 5]], "clbit_labels": [["c", 0], ["c", 1], ["c", 2]], "memory_slots": 3, "creg_sizes": [["c", 3]], "name": "circuit-893073", "global_phase": 1.5707963267949205, "metadata": {}}, "data": {"counts": {"0x0": 2813, "0x1": 258, "0x2": 439, "0x3": 47, "0x4": 298, "0x5": 171, "0x6": 41, "0x7": 29}, "snapshots": null, "memory": null, "statevector": null, "unitary": null}}, {"shots": 4096, "success": true, "status": null, "seed": null, "meas_level": 2, "meas_return": null, "header": {"qubit_labels": [["q", 0], ["q", 1], ["q", 2], ["q", 3], ["q", 4]], "n_qubits": 5, "qreg_sizes": [["q", 5]], "clbit_labels": [["c", 0], ["c", 1], ["c", 2]], "memory_slots": 3, "creg_sizes": [["c", 3]], "name": "circuit-894271", "global_phase": 5.49778714378215, "metadata": {}}, "data": {"counts": {"0x0": 374, "0x1": 713, "0x2": 850, "0x3": 248, "0x4": 713, "0x5": 300, "0x6": 297, "0x7": 601}, "snapshots": null, "memory": null, "statevector": null, "unitary": null}}, {"shots": 4096, "success": true, "status": null, "seed": null, "meas_level": 2, "meas_return": null, "header": {"qubit_labels": [["q", 0], ["q", 1], ["q", 2], ["q", 3], ["q", 4]], "n_qubits": 5, "qreg_sizes": [["q", 5]], "clbit_labels": [["c", 0], ["c", 1], ["c", 2]], "memory_slots": 3, "creg_sizes": [["c", 3]], "name": "circuit-894272", "global_phase": 3.1415926535898144, "metadata": {}}, "data": {"counts": {"0x0": 2786, "0x1": 272, "0x2": 477, "0x3": 50, "0x4": 274, "0x5": 156, "0x6": 53, "0x7": 28}, "snapshots": null, "memory": null, "statevector": null, "unitary": null}}, {"shots": 4096, "success": true, "status": null, "seed": null, "meas_level": 2, "meas_return": null, "header": {"qubit_labels": [["q", 0], ["q", 1], ["q", 2], ["q", 3], ["q", 4]], "n_qubits": 5, "qreg_sizes": [["q", 5]], "clbit_labels": [["c", 0], ["c", 1], ["c", 2]], "memory_slots": 3, "creg_sizes": [["c", 3]], "name": "circuit-895651", "global_phase": 5.497787143782147, "metadata": {}}, "data": {"counts": {"0x0": 325, "0x1": 814, "0x2": 514, "0x3": 298, "0x4": 805, "0x5": 305, "0x6": 305, "0x7": 730}, "snapshots": null, "memory": null, "statevector": null, "unitary": null}}, {"shots": 4096, "success": true, "status": null, "seed": null, "meas_level": 2, "meas_return": null, "header": {"qubit_labels": [["q", 0], ["q", 1], ["q", 2], ["q", 3], ["q", 4]], "n_qubits": 5, "qreg_sizes": [["q", 5]], "clbit_labels": [["c", 0], ["c", 1], ["c", 2]], "memory_slots": 3, "creg_sizes": [["c", 3]], "name": "circuit-895652", "global_phase": 3.1415926535898078, "metadata": {}}, "data": {"counts": {"0x0": 2597, "0x1": 379, "0x2": 464, "0x3": 75, "0x4": 341, "0x5": 150, "0x6": 60, "0x7": 30}, "snapshots": null, "memory": null, "statevector": null, "unitary": null}}, {"shots": 4096, "success": true, "status": null, "seed": null, "meas_level": 2, "meas_return": null, "header": {"qubit_labels": [["q", 0], ["q", 1], ["q", 2], ["q", 3], ["q", 4]], "n_qubits": 5, "qreg_sizes": [["q", 5]], "clbit_labels": [["c", 0], ["c", 1], ["c", 2]], "memory_slots": 3, "creg_sizes": [["c", 3]], "name": "circuit-897122", "global_phase": 5.49778714378215, "metadata": {}}, "data": {"counts": {"0x0": 335, "0x1": 765, "0x2": 731, "0x3": 320, "0x4": 582, "0x5": 396, "0x6": 444, "0x7": 523}, "snapshots": null, "memory": null, "statevector": null, "unitary": null}}, {"shots": 4096, "success": true, "status": null, "seed": null, "meas_level": 2, "meas_return": null, "header": {"qubit_labels": [["q", 0], ["q", 1], ["q", 2], ["q", 3], ["q", 4]], "n_qubits": 5, "qreg_sizes": [["q", 5]], "clbit_labels": [["c", 0], ["c", 1], ["c", 2]], "memory_slots": 3, "creg_sizes": [["c", 3]], "name": "circuit-897123", "global_phase": 1.5707963267949214, "metadata": {}}, "data": {"counts": {"0x0": 2544, "0x1": 321, "0x2": 581, "0x3": 78, "0x4": 319, "0x5": 129, "0x6": 77, "0x7": 47}, "snapshots": null, "memory": null, "statevector": null, "unitary": null}}, {"shots": 4096, "success": true, "status": null, "seed": null, "meas_level": 2, "meas_return": null, "header": {"qubit_labels": [["q", 0], ["q", 1], ["q", 2], ["q", 3], ["q", 4]], "n_qubits": 5, "qreg_sizes": [["q", 5]], "clbit_labels": [["c", 0], ["c", 1], ["c", 2]], "memory_slots": 3, "creg_sizes": [["c", 3]], "name": "circuit-898775", "global_phase": 5.49778714378215, "metadata": {}}, "data": {"counts": {"0x0": 383, "0x1": 453, "0x2": 674, "0x3": 317, "0x4": 821, "0x5": 316, "0x6": 357, "0x7": 775}, "snapshots": null, "memory": null, "statevector": null, "unitary": null}}, {"shots": 4096, "success": true, "status": null, "seed": null, "meas_level": 2, "meas_return": null, "header": {"qubit_labels": [["q", 0], ["q", 1], ["q", 2], ["q", 3], ["q", 4]], "n_qubits": 5, "qreg_sizes": [["q", 5]], "clbit_labels": [["c", 0], ["c", 1], ["c", 2]], "memory_slots": 3, "creg_sizes": [["c", 3]], "name": "circuit-898776", "global_phase": 4.712388980384716, "metadata": {}}, "data": {"counts": {"0x0": 2418, "0x1": 385, "0x2": 610, "0x3": 87, "0x4": 284, "0x5": 197, "0x6": 61, "0x7": 54}, "snapshots": null, "memory": null, "statevector": null, "unitary": null}}, {"shots": 4096, "success": true, "status": null, "seed": null, "meas_level": 2, "meas_return": null, "header": {"qubit_labels": [["q", 0], ["q", 1], ["q", 2], ["q", 3], ["q", 4]], "n_qubits": 5, "qreg_sizes": [["q", 5]], "clbit_labels": [["c", 0], ["c", 1], ["c", 2]], "memory_slots": 3, "creg_sizes": [["c", 3]], "name": "circuit-900533", "global_phase": 2.3561944901923617, "metadata": {}}, "data": {"counts": {"0x0": 494, "0x1": 640, "0x2": 549, "0x3": 436, "0x4": 596, "0x5": 440, "0x6": 421, "0x7": 520}, "snapshots": null, "memory": null, "statevector": null, "unitary": null}}, {"shots": 4096, "success": true, "status": null, "seed": null, "meas_level": 2, "meas_return": null, "header": {"qubit_labels": [["q", 0], ["q", 1], ["q", 2], ["q", 3], ["q", 4]], "n_qubits": 5, "qreg_sizes": [["q", 5]], "clbit_labels": [["c", 0], ["c", 1], ["c", 2]], "memory_slots": 3, "creg_sizes": [["c", 3]], "name": "circuit-900534", "global_phase": 4.7123889803847145, "metadata": {}}, "data": {"counts": {"0x0": 2288, "0x1": 368, "0x2": 660, "0x3": 113, "0x4": 316, "0x5": 204, "0x6": 81, "0x7": 66}, "snapshots": null, "memory": null, "statevector": null, "unitary": null}}, {"shots": 4096, "success": true, "status": null, "seed": null, "meas_level": 2, "meas_return": null, "header": {"qubit_labels": [["q", 0], ["q", 1], ["q", 2], ["q", 3], ["q", 4]], "n_qubits": 5, "qreg_sizes": [["q", 5]], "clbit_labels": [["c", 0], ["c", 1], ["c", 2]], "memory_slots": 3, "creg_sizes": [["c", 3]], "name": "circuit-902381", "global_phase": 2.35619449019236, "metadata": {}}, "data": {"counts": {"0x0": 547, "0x1": 508, "0x2": 422, "0x3": 588, "0x4": 577, "0x5": 472, "0x6": 473, "0x7": 509}, "snapshots": null, "memory": null, "statevector": null, "unitary": null}}, {"shots": 4096, "success": true, "status": null, "seed": null, "meas_level": 2, "meas_return": null, "header": {"qubit_labels": [["q", 0], ["q", 1], ["q", 2], ["q", 3], ["q", 4]], "n_qubits": 5, "qreg_sizes": [["q", 5]], "clbit_labels": [["c", 0], ["c", 1], ["c", 2]], "memory_slots": 3, "creg_sizes": [["c", 3]], "name": "circuit-902382", "global_phase": 4.712388980384714, "metadata": {}}, "data": {"counts": {"0x0": 2043, "0x1": 423, "0x2": 645, "0x3": 140, "0x4": 381, "0x5": 265, "0x6": 107, "0x7": 92}, "snapshots": null, "memory": null, "statevector": null, "unitary": null}}, {"shots": 4096, "success": true, "status": null, "seed": null, "meas_level": 2, "meas_return": null, "header": {"qubit_labels": [["q", 0], ["q", 1], ["q", 2], ["q", 3], ["q", 4]], "n_qubits": 5, "qreg_sizes": [["q", 5]], "clbit_labels": [["c", 0], ["c", 1], ["c", 2]], "memory_slots": 3, "creg_sizes": [["c", 3]], "name": "circuit-904405", "global_phase": 5.497787143782148, "metadata": {}}, "data": {"counts": {"0x0": 721, "0x1": 516, "0x2": 523, "0x3": 512, "0x4": 447, "0x5": 475, "0x6": 490, "0x7": 412}, "snapshots": null, "memory": null, "statevector": null, "unitary": null}}, {"shots": 4096, "success": true, "status": null, "seed": null, "meas_level": 2, "meas_return": null, "header": {"qubit_labels": [["q", 0], ["q", 1], ["q", 2], ["q", 3], ["q", 4]], "n_qubits": 5, "qreg_sizes": [["q", 5]], "clbit_labels": [["c", 0], ["c", 1], ["c", 2]], "memory_slots": 3, "creg_sizes": [["c", 3]], "name": "circuit-904406", "global_phase": 1.5707963267949339, "metadata": {}}, "data": {"counts": {"0x0": 2100, "0x1": 464, "0x2": 715, "0x3": 125, "0x4": 288, "0x5": 208, "0x6": 118, "0x7": 78}, "snapshots": null, "memory": null, "statevector": null, "unitary": null}}, {"shots": 4096, "success": true, "status": null, "seed": null, "meas_level": 2, "meas_return": null, "header": {"qubit_labels": [["q", 0], ["q", 1], ["q", 2], ["q", 3], ["q", 4]], "n_qubits": 5, "qreg_sizes": [["q", 5]], "clbit_labels": [["c", 0], ["c", 1], ["c", 2]], "memory_slots": 3, "creg_sizes": [["c", 3]], "name": "circuit-906588", "global_phase": 0.7853981633974509, "metadata": {}}, "data": {"counts": {"0x0": 672, "0x1": 429, "0x2": 373, "0x3": 647, "0x4": 447, "0x5": 565, "0x6": 587, "0x7": 376}, "snapshots": null, "memory": null, "statevector": null, "unitary": null}}, {"shots": 4096, "success": true, "status": null, "seed": null, "meas_level": 2, "meas_return": null, "header": {"qubit_labels": [["q", 0], ["q", 1], ["q", 2], ["q", 3], ["q", 4]], "n_qubits": 5, "qreg_sizes": [["q", 5]], "clbit_labels": [["c", 0], ["c", 1], ["c", 2]], "memory_slots": 3, "creg_sizes": [["c", 3]], "name": "circuit-906589", "global_phase": 1.5707963267949294, "metadata": {}}, "data": {"counts": {"0x0": 2108, "0x1": 373, "0x2": 737, "0x3": 133, "0x4": 330, "0x5": 203, "0x6": 123, "0x7": 89}, "snapshots": null, "memory": null, "statevector": null, "unitary": null}}, {"shots": 4096, "success": true, "status": null, "seed": null, "meas_level": 2, "meas_return": null, "header": {"qubit_labels": [["q", 0], ["q", 1], ["q", 2], ["q", 3], ["q", 4]], "n_qubits": 5, "qreg_sizes": [["q", 5]], "clbit_labels": [["c", 0], ["c", 1], ["c", 2]], "memory_slots": 3, "creg_sizes": [["c", 3]], "name": "circuit-908942", "global_phase": 2.3561944901923626, "metadata": {}}, "data": {"counts": {"0x0": 643, "0x1": 393, "0x2": 400, "0x3": 631, "0x4": 498, "0x5": 502, "0x6": 678, "0x7": 351}, "snapshots": null, "memory": null, "statevector": null, "unitary": null}}, {"shots": 4096, "success": true, "status": null, "seed": null, "meas_level": 2, "meas_return": null, "header": {"qubit_labels": [["q", 0], ["q", 1], ["q", 2], ["q", 3], ["q", 4]], "n_qubits": 5, "qreg_sizes": [["q", 5]], "clbit_labels": [["c", 0], ["c", 1], ["c", 2]], "memory_slots": 3, "creg_sizes": [["c", 3]], "name": "circuit-908943", "global_phase": 3.730349362740526e-14, "metadata": {}}, "data": {"counts": {"0x0": 1821, "0x1": 532, "0x2": 705, "0x3": 264, "0x4": 299, "0x5": 228, "0x6": 144, "0x7": 103}, "snapshots": null, "memory": null, "statevector": null, "unitary": null}}, {"shots": 4096, "success": true, "status": null, "seed": null, "meas_level": 2, "meas_return": null, "header": {"qubit_labels": [["q", 0], ["q", 1], ["q", 2], ["q", 3], ["q", 4]], "n_qubits": 5, "qreg_sizes": [["q", 5]], "clbit_labels": [["c", 0], ["c", 1], ["c", 2]], "memory_slots": 3, "creg_sizes": [["c", 3]], "name": "circuit-911360", "global_phase": 3.926990816987262, "metadata": {}}, "data": {"counts": {"0x0": 661, "0x1": 448, "0x2": 382, "0x3": 515, "0x4": 475, "0x5": 679, "0x6": 557, "0x7": 379}, "snapshots": null, "memory": null, "statevector": null, "unitary": null}}, {"shots": 4096, "success": true, "status": null, "seed": null, "meas_level": 2, "meas_return": null, "header": {"qubit_labels": [["q", 0], ["q", 1], ["q", 2], ["q", 3], ["q", 4]], "n_qubits": 5, "qreg_sizes": [["q", 5]], "clbit_labels": [["c", 0], ["c", 1], ["c", 2]], "memory_slots": 3, "creg_sizes": [["c", 3]], "name": "circuit-911361", "global_phase": 3.1415926535898375, "metadata": {}}, "data": {"counts": {"0x0": 1733, "0x1": 399, "0x2": 808, "0x3": 164, "0x4": 332, "0x5": 336, "0x6": 162, "0x7": 162}, "snapshots": null, "memory": null, "statevector": null, "unitary": null}}, {"shots": 4096, "success": true, "status": null, "seed": null, "meas_level": 2, "meas_return": null, "header": {"qubit_labels": [["q", 0], ["q", 1], ["q", 2], ["q", 3], ["q", 4]], "n_qubits": 5, "qreg_sizes": [["q", 5]], "clbit_labels": [["c", 0], ["c", 1], ["c", 2]], "memory_slots": 3, "creg_sizes": [["c", 3]], "name": "circuit-913967", "global_phase": 2.35619449019236, "metadata": {}}, "data": {"counts": {"0x0": 699, "0x1": 396, "0x2": 346, "0x3": 458, "0x4": 435, "0x5": 692, "0x6": 714, "0x7": 356}, "snapshots": null, "memory": null, "statevector": null, "unitary": null}}, {"shots": 4096, "success": true, "status": null, "seed": null, "meas_level": 2, "meas_return": null, "header": {"qubit_labels": [["q", 0], ["q", 1], ["q", 2], ["q", 3], ["q", 4]], "n_qubits": 5, "qreg_sizes": [["q", 5]], "clbit_labels": [["c", 0], ["c", 1], ["c", 2]], "memory_slots": 3, "creg_sizes": [["c", 3]], "name": "circuit-913968", "global_phase": 1.570796326794948, "metadata": {}}, "data": {"counts": {"0x0": 1714, "0x1": 453, "0x2": 887, "0x3": 208, "0x4": 342, "0x5": 215, "0x6": 177, "0x7": 100}, "snapshots": null, "memory": null, "statevector": null, "unitary": null}}, {"shots": 4096, "success": true, "status": null, "seed": null, "meas_level": 2, "meas_return": null, "header": {"qubit_labels": [["q", 0], ["q", 1], ["q", 2], ["q", 3], ["q", 4]], "n_qubits": 5, "qreg_sizes": [["q", 5]], "clbit_labels": [["c", 0], ["c", 1], ["c", 2]], "memory_slots": 3, "creg_sizes": [["c", 3]], "name": "circuit-916718", "global_phase": 3.92699081698727, "metadata": {}}, "data": {"counts": {"0x0": 566, "0x1": 421, "0x2": 376, "0x3": 543, "0x4": 512, "0x5": 623, "0x6": 581, "0x7": 474}, "snapshots": null, "memory": null, "statevector": null, "unitary": null}}, {"shots": 4096, "success": true, "status": null, "seed": null, "meas_level": 2, "meas_return": null, "header": {"qubit_labels": [["q", 0], ["q", 1], ["q", 2], ["q", 3], ["q", 4]], "n_qubits": 5, "qreg_sizes": [["q", 5]], "clbit_labels": [["c", 0], ["c", 1], ["c", 2]], "memory_slots": 3, "creg_sizes": [["c", 3]], "name": "circuit-916719", "global_phase": 3.1415926535898313, "metadata": {}}, "data": {"counts": {"0x0": 1724, "0x1": 481, "0x2": 874, "0x3": 212, "0x4": 315, "0x5": 200, "0x6": 181, "0x7": 109}, "snapshots": null, "memory": null, "statevector": null, "unitary": null}}, {"shots": 4096, "success": true, "status": null, "seed": null, "meas_level": 2, "meas_return": null, "header": {"qubit_labels": [["q", 0], ["q", 1], ["q", 2], ["q", 3], ["q", 4]], "n_qubits": 5, "qreg_sizes": [["q", 5]], "clbit_labels": [["c", 0], ["c", 1], ["c", 2]], "memory_slots": 3, "creg_sizes": [["c", 3]], "name": "circuit-919586", "global_phase": 0.7853981633974652, "metadata": {}}, "data": {"counts": {"0x0": 619, "0x1": 435, "0x2": 425, "0x3": 525, "0x4": 493, "0x5": 555, "0x6": 670, "0x7": 374}, "snapshots": null, "memory": null, "statevector": null, "unitary": null}}, {"shots": 4096, "success": true, "status": null, "seed": null, "meas_level": 2, "meas_return": null, "header": {"qubit_labels": [["q", 0], ["q", 1], ["q", 2], ["q", 3], ["q", 4]], "n_qubits": 5, "qreg_sizes": [["q", 5]], "clbit_labels": [["c", 0], ["c", 1], ["c", 2]], "memory_slots": 3, "creg_sizes": [["c", 3]], "name": "circuit-919587", "global_phase": 3.1415926535898437, "metadata": {}}, "data": {"counts": {"0x0": 1510, "0x1": 507, "0x2": 912, "0x3": 226, "0x4": 352, "0x5": 244, "0x6": 208, "0x7": 137}, "snapshots": null, "memory": null, "statevector": null, "unitary": null}}, {"shots": 4096, "success": true, "status": null, "seed": null, "meas_level": 2, "meas_return": null, "header": {"qubit_labels": [["q", 0], ["q", 1], ["q", 2], ["q", 3], ["q", 4]], "n_qubits": 5, "qreg_sizes": [["q", 5]], "clbit_labels": [["c", 0], ["c", 1], ["c", 2]], "memory_slots": 3, "creg_sizes": [["c", 3]], "name": "circuit-922569", "global_phase": 0.7853981633974474, "metadata": {}}, "data": {"counts": {"0x0": 788, "0x1": 215, "0x2": 220, "0x3": 752, "0x4": 239, "0x5": 830, "0x6": 934, "0x7": 118}, "snapshots": null, "memory": null, "statevector": null, "unitary": null}}, {"shots": 4096, "success": true, "status": null, "seed": null, "meas_level": 2, "meas_return": null, "header": {"qubit_labels": [["q", 0], ["q", 1], ["q", 2], ["q", 3], ["q", 4]], "n_qubits": 5, "qreg_sizes": [["q", 5]], "clbit_labels": [["c", 0], ["c", 1], ["c", 2]], "memory_slots": 3, "creg_sizes": [["c", 3]], "name": "circuit-922570", "global_phase": 1.5707963267948992, "metadata": {}}, "data": {"counts": {"0x0": 3577, "0x1": 123, "0x2": 123, "0x3": 6, "0x4": 221, "0x5": 31, "0x6": 15}, "snapshots": null, "memory": null, "statevector": null, "unitary": null}}, {"shots": 4096, "success": true, "status": null, "seed": null, "meas_level": 2, "meas_return": null, "header": {"qubit_labels": [["q", 0], ["q", 1], ["q", 2], ["q", 3], ["q", 4]], "n_qubits": 5, "qreg_sizes": [["q", 5]], "clbit_labels": [["c", 0], ["c", 1], ["c", 2]], "memory_slots": 3, "creg_sizes": [["c", 3]], "name": "circuit-922914", "global_phase": 2.3561944901923457, "metadata": {}}, "data": {"counts": {"0x0": 751, "0x1": 295, "0x2": 270, "0x3": 572, "0x4": 234, "0x5": 876, "0x6": 894, "0x7": 204}, "snapshots": null, "memory": null, "statevector": null, "unitary": null}}, {"shots": 4096, "success": true, "status": null, "seed": null, "meas_level": 2, "meas_return": null, "header": {"qubit_labels": [["q", 0], ["q", 1], ["q", 2], ["q", 3], ["q", 4]], "n_qubits": 5, "qreg_sizes": [["q", 5]], "clbit_labels": [["c", 0], ["c", 1], ["c", 2]], "memory_slots": 3, "creg_sizes": [["c", 3]], "name": "circuit-922915", "global_phase": 1.7763568394002505e-15, "metadata": {}}, "data": {"counts": {"0x0": 3441, "0x1": 142, "0x2": 205, "0x3": 7, "0x4": 187, "0x5": 89, "0x6": 17, "0x7": 8}, "snapshots": null, "memory": null, "statevector": null, "unitary": null}}, {"shots": 4096, "success": true, "status": null, "seed": null, "meas_level": 2, "meas_return": null, "header": {"qubit_labels": [["q", 0], ["q", 1], ["q", 2], ["q", 3], ["q", 4]], "n_qubits": 5, "qreg_sizes": [["q", 5]], "clbit_labels": [["c", 0], ["c", 1], ["c", 2]], "memory_slots": 3, "creg_sizes": [["c", 3]], "name": "circuit-923419", "global_phase": 5.497787143782137, "metadata": {}}, "data": {"counts": {"0x0": 624, "0x1": 382, "0x2": 376, "0x3": 624, "0x4": 431, "0x5": 594, "0x6": 752, "0x7": 313}, "snapshots": null, "memory": null, "statevector": null, "unitary": null}}, {"shots": 4096, "success": true, "status": null, "seed": null, "meas_level": 2, "meas_return": null, "header": {"qubit_labels": [["q", 0], ["q", 1], ["q", 2], ["q", 3], ["q", 4]], "n_qubits": 5, "qreg_sizes": [["q", 5]], "clbit_labels": [["c", 0], ["c", 1], ["c", 2]], "memory_slots": 3, "creg_sizes": [["c", 3]], "name": "circuit-923420", "global_phase": 4.7123889803847, "metadata": {}}, "data": {"counts": {"0x0": 3368, "0x1": 171, "0x2": 223, "0x3": 30, "0x4": 230, "0x5": 58, "0x6": 15, "0x7": 1}, "snapshots": null, "memory": null, "statevector": null, "unitary": null}}, {"shots": 4096, "success": true, "status": null, "seed": null, "meas_level": 2, "meas_return": null, "header": {"qubit_labels": [["q", 0], ["q", 1], ["q", 2], ["q", 3], ["q", 4]], "n_qubits": 5, "qreg_sizes": [["q", 5]], "clbit_labels": [["c", 0], ["c", 1], ["c", 2]], "memory_slots": 3, "creg_sizes": [["c", 3]], "name": "circuit-924064", "global_phase": 3.926990816987237, "metadata": {}}, "data": {"counts": {"0x0": 730, "0x1": 395, "0x2": 396, "0x3": 548, "0x4": 367, "0x5": 599, "0x6": 664, "0x7": 397}, "snapshots": null, "memory": null, "statevector": null, "unitary": null}}, {"shots": 4096, "success": true, "status": null, "seed": null, "meas_level": 2, "meas_return": null, "header": {"qubit_labels": [["q", 0], ["q", 1], ["q", 2], ["q", 3], ["q", 4]], "n_qubits": 5, "qreg_sizes": [["q", 5]], "clbit_labels": [["c", 0], ["c", 1], ["c", 2]], "memory_slots": 3, "creg_sizes": [["c", 3]], "name": "circuit-924065", "global_phase": 1.5707963267949072, "metadata": {}}, "data": {"counts": {"0x0": 3241, "0x1": 177, "0x2": 304, "0x3": 21, "0x4": 255, "0x5": 60, "0x6": 27, "0x7": 11}, "snapshots": null, "memory": null, "statevector": null, "unitary": null}}, {"shots": 4096, "success": true, "status": null, "seed": null, "meas_level": 2, "meas_return": null, "header": {"qubit_labels": [["q", 0], ["q", 1], ["q", 2], ["q", 3], ["q", 4]], "n_qubits": 5, "qreg_sizes": [["q", 5]], "clbit_labels": [["c", 0], ["c", 1], ["c", 2]], "memory_slots": 3, "creg_sizes": [["c", 3]], "name": "circuit-924823", "global_phase": 0.7853981633974509, "metadata": {}}, "data": {"counts": {"0x0": 603, "0x1": 607, "0x2": 608, "0x3": 339, "0x4": 543, "0x5": 482, "0x6": 497, "0x7": 417}, "snapshots": null, "memory": null, "statevector": null, "unitary": null}}, {"shots": 4096, "success": true, "status": null, "seed": null, "meas_level": 2, "meas_return": null, "header": {"qubit_labels": [["q", 0], ["q", 1], ["q", 2], ["q", 3], ["q", 4]], "n_qubits": 5, "qreg_sizes": [["q", 5]], "clbit_labels": [["c", 0], ["c", 1], ["c", 2]], "memory_slots": 3, "creg_sizes": [["c", 3]], "name": "circuit-924824", "global_phase": 4.712388980384702, "metadata": {}}, "data": {"counts": {"0x0": 3062, "0x1": 218, "0x2": 359, "0x3": 43, "0x4": 264, "0x5": 102, "0x6": 37, "0x7": 11}, "snapshots": null, "memory": null, "statevector": null, "unitary": null}}, {"shots": 4096, "success": true, "status": null, "seed": null, "meas_level": 2, "meas_return": null, "header": {"qubit_labels": [["q", 0], ["q", 1], ["q", 2], ["q", 3], ["q", 4]], "n_qubits": 5, "qreg_sizes": [["q", 5]], "clbit_labels": [["c", 0], ["c", 1], ["c", 2]], "memory_slots": 3, "creg_sizes": [["c", 3]], "name": "circuit-925717", "global_phase": 3.926990816987251, "metadata": {}}, "data": {"counts": {"0x0": 455, "0x1": 579, "0x2": 658, "0x3": 370, "0x4": 712, "0x5": 454, "0x6": 307, "0x7": 561}, "snapshots": null, "memory": null, "statevector": null, "unitary": null}}, {"shots": 4096, "success": true, "status": null, "seed": null, "meas_level": 2, "meas_return": null, "header": {"qubit_labels": [["q", 0], ["q", 1], ["q", 2], ["q", 3], ["q", 4]], "n_qubits": 5, "qreg_sizes": [["q", 5]], "clbit_labels": [["c", 0], ["c", 1], ["c", 2]], "memory_slots": 3, "creg_sizes": [["c", 3]], "name": "circuit-925718", "global_phase": 1.7763568394002505e-14, "metadata": {}}, "data": {"counts": {"0x0": 2887, "0x1": 270, "0x2": 453, "0x3": 41, "0x4": 311, "0x5": 83, "0x6": 36, "0x7": 15}, "snapshots": null, "memory": null, "statevector": null, "unitary": null}}, {"shots": 4096, "success": true, "status": null, "seed": null, "meas_level": 2, "meas_return": null, "header": {"qubit_labels": [["q", 0], ["q", 1], ["q", 2], ["q", 3], ["q", 4]], "n_qubits": 5, "qreg_sizes": [["q", 5]], "clbit_labels": [["c", 0], ["c", 1], ["c", 2]], "memory_slots": 3, "creg_sizes": [["c", 3]], "name": "circuit-926788", "global_phase": 0.785398163397458, "metadata": {}}, "data": {"counts": {"0x0": 356, "0x1": 694, "0x2": 722, "0x3": 285, "0x4": 738, "0x5": 330, "0x6": 332, "0x7": 639}, "snapshots": null, "memory": null, "statevector": null, "unitary": null}}, {"shots": 4096, "success": true, "status": null, "seed": null, "meas_level": 2, "meas_return": null, "header": {"qubit_labels": [["q", 0], ["q", 1], ["q", 2], ["q", 3], ["q", 4]], "n_qubits": 5, "qreg_sizes": [["q", 5]], "clbit_labels": [["c", 0], ["c", 1], ["c", 2]], "memory_slots": 3, "creg_sizes": [["c", 3]], "name": "circuit-926789", "global_phase": 3.14159265358981, "metadata": {}}, "data": {"counts": {"0x0": 2805, "0x1": 277, "0x2": 424, "0x3": 48, "0x4": 310, "0x5": 159, "0x6": 44, "0x7": 29}, "snapshots": null, "memory": null, "statevector": null, "unitary": null}}, {"shots": 4096, "success": true, "status": null, "seed": null, "meas_level": 2, "meas_return": null, "header": {"qubit_labels": [["q", 0], ["q", 1], ["q", 2], ["q", 3], ["q", 4]], "n_qubits": 5, "qreg_sizes": [["q", 5]], "clbit_labels": [["c", 0], ["c", 1], ["c", 2]], "memory_slots": 3, "creg_sizes": [["c", 3]], "name": "circuit-927984", "global_phase": 0.7853981633974563, "metadata": {}}, "data": {"counts": {"0x0": 387, "0x1": 708, "0x2": 744, "0x3": 297, "0x4": 659, "0x5": 306, "0x6": 322, "0x7": 673}, "snapshots": null, "memory": null, "statevector": null, "unitary": null}}, {"shots": 4096, "success": true, "status": null, "seed": null, "meas_level": 2, "meas_return": null, "header": {"qubit_labels": [["q", 0], ["q", 1], ["q", 2], ["q", 3], ["q", 4]], "n_qubits": 5, "qreg_sizes": [["q", 5]], "clbit_labels": [["c", 0], ["c", 1], ["c", 2]], "memory_slots": 3, "creg_sizes": [["c", 3]], "name": "circuit-927985", "global_phase": 3.14159265358981, "metadata": {}}, "data": {"counts": {"0x0": 2746, "0x1": 339, "0x2": 458, "0x3": 51, "0x4": 257, "0x5": 172, "0x6": 36, "0x7": 37}, "snapshots": null, "memory": null, "statevector": null, "unitary": null}}, {"shots": 4096, "success": true, "status": null, "seed": null, "meas_level": 2, "meas_return": null, "header": {"qubit_labels": [["q", 0], ["q", 1], ["q", 2], ["q", 3], ["q", 4]], "n_qubits": 5, "qreg_sizes": [["q", 5]], "clbit_labels": [["c", 0], ["c", 1], ["c", 2]], "memory_slots": 3, "creg_sizes": [["c", 3]], "name": "circuit-929324", "global_phase": 3.9269908169872547, "metadata": {}}, "data": {"counts": {"0x0": 392, "0x1": 722, "0x2": 798, "0x3": 278, "0x4": 789, "0x5": 326, "0x6": 313, "0x7": 478}, "snapshots": null, "memory": null, "statevector": null, "unitary": null}}, {"shots": 4096, "success": true, "status": null, "seed": null, "meas_level": 2, "meas_return": null, "header": {"qubit_labels": [["q", 0], ["q", 1], ["q", 2], ["q", 3], ["q", 4]], "n_qubits": 5, "qreg_sizes": [["q", 5]], "clbit_labels": [["c", 0], ["c", 1], ["c", 2]], "memory_slots": 3, "creg_sizes": [["c", 3]], "name": "circuit-929325", "global_phase": 3.1415926535898135, "metadata": {}}, "data": {"counts": {"0x0": 2723, "0x1": 315, "0x2": 433, "0x3": 58, "0x4": 307, "0x5": 168, "0x6": 58, "0x7": 34}, "snapshots": null, "memory": null, "statevector": null, "unitary": null}}, {"shots": 4096, "success": true, "status": null, "seed": null, "meas_level": 2, "meas_return": null, "header": {"qubit_labels": [["q", 0], ["q", 1], ["q", 2], ["q", 3], ["q", 4]], "n_qubits": 5, "qreg_sizes": [["q", 5]], "clbit_labels": [["c", 0], ["c", 1], ["c", 2]], "memory_slots": 3, "creg_sizes": [["c", 3]], "name": "circuit-930844", "global_phase": 5.497787143782144, "metadata": {}}, "data": {"counts": {"0x0": 350, "0x1": 591, "0x2": 892, "0x3": 313, "0x4": 704, "0x5": 324, "0x6": 328, "0x7": 594}, "snapshots": null, "memory": null, "statevector": null, "unitary": null}}, {"shots": 4096, "success": true, "status": null, "seed": null, "meas_level": 2, "meas_return": null, "header": {"qubit_labels": [["q", 0], ["q", 1], ["q", 2], ["q", 3], ["q", 4]], "n_qubits": 5, "qreg_sizes": [["q", 5]], "clbit_labels": [["c", 0], ["c", 1], ["c", 2]], "memory_slots": 3, "creg_sizes": [["c", 3]], "name": "circuit-930845", "global_phase": 3.1415926535898304, "metadata": {}}, "data": {"counts": {"0x0": 2606, "0x1": 333, "0x2": 510, "0x3": 76, "0x4": 288, "0x5": 182, "0x6": 65, "0x7": 36}, "snapshots": null, "memory": null, "statevector": null, "unitary": null}}, {"shots": 4096, "success": true, "status": null, "seed": null, "meas_level": 2, "meas_return": null, "header": {"qubit_labels": [["q", 0], ["q", 1], ["q", 2], ["q", 3], ["q", 4]], "n_qubits": 5, "qreg_sizes": [["q", 5]], "clbit_labels": [["c", 0], ["c", 1], ["c", 2]], "memory_slots": 3, "creg_sizes": [["c", 3]], "name": "circuit-932442", "global_phase": 3.9269908169872503, "metadata": {}}, "data": {"counts": {"0x0": 366, "0x1": 590, "0x2": 504, "0x3": 379, "0x4": 711, "0x5": 448, "0x6": 425, "0x7": 673}, "snapshots": null, "memory": null, "statevector": null, "unitary": null}}, {"shots": 4096, "success": true, "status": null, "seed": null, "meas_level": 2, "meas_return": null, "header": {"qubit_labels": [["q", 0], ["q", 1], ["q", 2], ["q", 3], ["q", 4]], "n_qubits": 5, "qreg_sizes": [["q", 5]], "clbit_labels": [["c", 0], ["c", 1], ["c", 2]], "memory_slots": 3, "creg_sizes": [["c", 3]], "name": "circuit-932443", "global_phase": 4.712388980384715, "metadata": {}}, "data": {"counts": {"0x0": 2413, "0x1": 331, "0x2": 603, "0x3": 87, "0x4": 305, "0x5": 216, "0x6": 75, "0x7": 66}, "snapshots": null, "memory": null, "statevector": null, "unitary": null}}, {"shots": 4096, "success": true, "status": null, "seed": null, "meas_level": 2, "meas_return": null, "header": {"qubit_labels": [["q", 0], ["q", 1], ["q", 2], ["q", 3], ["q", 4]], "n_qubits": 5, "qreg_sizes": [["q", 5]], "clbit_labels": [["c", 0], ["c", 1], ["c", 2]], "memory_slots": 3, "creg_sizes": [["c", 3]], "name": "circuit-934186", "global_phase": 3.9269908169872423, "metadata": {}}, "data": {"counts": {"0x0": 525, "0x1": 708, "0x2": 652, "0x3": 427, "0x4": 559, "0x5": 334, "0x6": 406, "0x7": 485}, "snapshots": null, "memory": null, "statevector": null, "unitary": null}}, {"shots": 4096, "success": true, "status": null, "seed": null, "meas_level": 2, "meas_return": null, "header": {"qubit_labels": [["q", 0], ["q", 1], ["q", 2], ["q", 3], ["q", 4]], "n_qubits": 5, "qreg_sizes": [["q", 5]], "clbit_labels": [["c", 0], ["c", 1], ["c", 2]], "memory_slots": 3, "creg_sizes": [["c", 3]], "name": "circuit-934187", "global_phase": 3.1415926535898215, "metadata": {}}, "data": {"counts": {"0x0": 2285, "0x1": 448, "0x2": 605, "0x3": 118, "0x4": 306, "0x5": 202, "0x6": 79, "0x7": 53}, "snapshots": null, "memory": null, "statevector": null, "unitary": null}}, {"shots": 4096, "success": true, "status": null, "seed": null, "meas_level": 2, "meas_return": null, "header": {"qubit_labels": [["q", 0], ["q", 1], ["q", 2], ["q", 3], ["q", 4]], "n_qubits": 5, "qreg_sizes": [["q", 5]], "clbit_labels": [["c", 0], ["c", 1], ["c", 2]], "memory_slots": 3, "creg_sizes": [["c", 3]], "name": "circuit-936068", "global_phase": 5.497787143782142, "metadata": {}}, "data": {"counts": {"0x0": 609, "0x1": 430, "0x2": 482, "0x3": 594, "0x4": 403, "0x5": 662, "0x6": 424, "0x7": 492}, "snapshots": null, "memory": null, "statevector": null, "unitary": null}}, {"shots": 4096, "success": true, "status": null, "seed": null, "meas_level": 2, "meas_return": null, "header": {"qubit_labels": [["q", 0], ["q", 1], ["q", 2], ["q", 3], ["q", 4]], "n_qubits": 5, "qreg_sizes": [["q", 5]], "clbit_labels": [["c", 0], ["c", 1], ["c", 2]], "memory_slots": 3, "creg_sizes": [["c", 3]], "name": "circuit-936069", "global_phase": 4.712388980384732, "metadata": {}}, "data": {"counts": {"0x0": 2237, "0x1": 338, "0x2": 697, "0x3": 131, "0x4": 357, "0x5": 181, "0x6": 87, "0x7": 68}, "snapshots": null, "memory": null, "statevector": null, "unitary": null}}, {"shots": 4096, "success": true, "status": null, "seed": null, "meas_level": 2, "meas_return": null, "header": {"qubit_labels": [["q", 0], ["q", 1], ["q", 2], ["q", 3], ["q", 4]], "n_qubits": 5, "qreg_sizes": [["q", 5]], "clbit_labels": [["c", 0], ["c", 1], ["c", 2]], "memory_slots": 3, "creg_sizes": [["c", 3]], "name": "circuit-938100", "global_phase": 2.35619449019235, "metadata": {}}, "data": {"counts": {"0x0": 621, "0x1": 447, "0x2": 528, "0x3": 613, "0x4": 496, "0x5": 452, "0x6": 513, "0x7": 426}, "snapshots": null, "memory": null, "statevector": null, "unitary": null}}, {"shots": 4096, "success": true, "status": null, "seed": null, "meas_level": 2, "meas_return": null, "header": {"qubit_labels": [["q", 0], ["q", 1], ["q", 2], ["q", 3], ["q", 4]], "n_qubits": 5, "qreg_sizes": [["q", 5]], "clbit_labels": [["c", 0], ["c", 1], ["c", 2]], "memory_slots": 3, "creg_sizes": [["c", 3]], "name": "circuit-938101", "global_phase": 3.141592653589823, "metadata": {}}, "data": {"counts": {"0x0": 2215, "0x1": 416, "0x2": 653, "0x3": 132, "0x4": 330, "0x5": 191, "0x6": 106, "0x7": 53}, "snapshots": null, "memory": null, "statevector": null, "unitary": null}}, {"shots": 4096, "success": true, "status": null, "seed": null, "meas_level": 2, "meas_return": null, "header": {"qubit_labels": [["q", 0], ["q", 1], ["q", 2], ["q", 3], ["q", 4]], "n_qubits": 5, "qreg_sizes": [["q", 5]], "clbit_labels": [["c", 0], ["c", 1], ["c", 2]], "memory_slots": 3, "creg_sizes": [["c", 3]], "name": "circuit-940275", "global_phase": 0.7853981633974687, "metadata": {}}, "data": {"counts": {"0x0": 711, "0x1": 434, "0x2": 427, "0x3": 628, "0x4": 411, "0x5": 499, "0x6": 602, "0x7": 384}, "snapshots": null, "memory": null, "statevector": null, "unitary": null}}, {"shots": 4096, "success": true, "status": null, "seed": null, "meas_level": 2, "meas_return": null, "header": {"qubit_labels": [["q", 0], ["q", 1], ["q", 2], ["q", 3], ["q", 4]], "n_qubits": 5, "qreg_sizes": [["q", 5]], "clbit_labels": [["c", 0], ["c", 1], ["c", 2]], "memory_slots": 3, "creg_sizes": [["c", 3]], "name": "circuit-940276", "global_phase": 4.712388980384727, "metadata": {}}, "data": {"counts": {"0x0": 1948, "0x1": 419, "0x2": 797, "0x3": 162, "0x4": 356, "0x5": 202, "0x6": 131, "0x7": 81}, "snapshots": null, "memory": null, "statevector": null, "unitary": null}}, {"shots": 4096, "success": true, "status": null, "seed": null, "meas_level": 2, "meas_return": null, "header": {"qubit_labels": [["q", 0], ["q", 1], ["q", 2], ["q", 3], ["q", 4]], "n_qubits": 5, "qreg_sizes": [["q", 5]], "clbit_labels": [["c", 0], ["c", 1], ["c", 2]], "memory_slots": 3, "creg_sizes": [["c", 3]], "name": "circuit-942606", "global_phase": 5.497787143782156, "metadata": {}}, "data": {"counts": {"0x0": 577, "0x1": 362, "0x2": 390, "0x3": 676, "0x4": 467, "0x5": 541, "0x6": 706, "0x7": 377}, "snapshots": null, "memory": null, "statevector": null, "unitary": null}}, {"shots": 4096, "success": true, "status": null, "seed": null, "meas_level": 2, "meas_return": null, "header": {"qubit_labels": [["q", 0], ["q", 1], ["q", 2], ["q", 3], ["q", 4]], "n_qubits": 5, "qreg_sizes": [["q", 5]], "clbit_labels": [["c", 0], ["c", 1], ["c", 2]], "memory_slots": 3, "creg_sizes": [["c", 3]], "name": "circuit-942607", "global_phase": 4.263256414560601e-14, "metadata": {}}, "data": {"counts": {"0x0": 1937, "0x1": 385, "0x2": 756, "0x3": 171, "0x4": 336, "0x5": 274, "0x6": 114, "0x7": 123}, "snapshots": null, "memory": null, "statevector": null, "unitary": null}}, {"shots": 4096, "success": true, "status": null, "seed": null, "meas_level": 2, "meas_return": null, "header": {"qubit_labels": [["q", 0], ["q", 1], ["q", 2], ["q", 3], ["q", 4]], "n_qubits": 5, "qreg_sizes": [["q", 5]], "clbit_labels": [["c", 0], ["c", 1], ["c", 2]], "memory_slots": 3, "creg_sizes": [["c", 3]], "name": "circuit-945068", "global_phase": 2.356194490192377, "metadata": {}}, "data": {"counts": {"0x0": 701, "0x1": 415, "0x2": 416, "0x3": 646, "0x4": 374, "0x5": 662, "0x6": 556, "0x7": 326}, "snapshots": null, "memory": null, "statevector": null, "unitary": null}}, {"shots": 4096, "success": true, "status": null, "seed": null, "meas_level": 2, "meas_return": null, "header": {"qubit_labels": [["q", 0], ["q", 1], ["q", 2], ["q", 3], ["q", 4]], "n_qubits": 5, "qreg_sizes": [["q", 5]], "clbit_labels": [["c", 0], ["c", 1], ["c", 2]], "memory_slots": 3, "creg_sizes": [["c", 3]], "name": "circuit-945069", "global_phase": 3.907985046680551e-14, "metadata": {}}, "data": {"counts": {"0x0": 1798, "0x1": 486, "0x2": 829, "0x3": 201, "0x4": 329, "0x5": 201, "0x6": 143, "0x7": 109}, "snapshots": null, "memory": null, "statevector": null, "unitary": null}}, {"shots": 4096, "success": true, "status": null, "seed": null, "meas_level": 2, "meas_return": null, "header": {"qubit_labels": [["q", 0], ["q", 1], ["q", 2], ["q", 3], ["q", 4]], "n_qubits": 5, "qreg_sizes": [["q", 5]], "clbit_labels": [["c", 0], ["c", 1], ["c", 2]], "memory_slots": 3, "creg_sizes": [["c", 3]], "name": "circuit-947657", "global_phase": 0.7853981633974687, "metadata": {}}, "data": {"counts": {"0x0": 617, "0x1": 436, "0x2": 418, "0x3": 667, "0x4": 371, "0x5": 654, "0x6": 589, "0x7": 344}, "snapshots": null, "memory": null, "statevector": null, "unitary": null}}, {"shots": 4096, "success": true, "status": null, "seed": null, "meas_level": 2, "meas_return": null, "header": {"qubit_labels": [["q", 0], ["q", 1], ["q", 2], ["q", 3], ["q", 4]], "n_qubits": 5, "qreg_sizes": [["q", 5]], "clbit_labels": [["c", 0], ["c", 1], ["c", 2]], "memory_slots": 3, "creg_sizes": [["c", 3]], "name": "circuit-947658", "global_phase": 1.5707963267949454, "metadata": {}}, "data": {"counts": {"0x0": 1812, "0x1": 428, "0x2": 780, "0x3": 211, "0x4": 327, "0x5": 274, "0x6": 138, "0x7": 126}, "snapshots": null, "memory": null, "statevector": null, "unitary": null}}, {"shots": 4096, "success": true, "status": null, "seed": null, "meas_level": 2, "meas_return": null, "header": {"qubit_labels": [["q", 0], ["q", 1], ["q", 2], ["q", 3], ["q", 4]], "n_qubits": 5, "qreg_sizes": [["q", 5]], "clbit_labels": [["c", 0], ["c", 1], ["c", 2]], "memory_slots": 3, "creg_sizes": [["c", 3]], "name": "circuit-950403", "global_phase": 0.7853981633974705, "metadata": {}}, "data": {"counts": {"0x0": 666, "0x1": 371, "0x2": 435, "0x3": 813, "0x4": 378, "0x5": 476, "0x6": 550, "0x7": 407}, "snapshots": null, "memory": null, "statevector": null, "unitary": null}}, {"shots": 4096, "success": true, "status": null, "seed": null, "meas_level": 2, "meas_return": null, "header": {"qubit_labels": [["q", 0], ["q", 1], ["q", 2], ["q", 3], ["q", 4]], "n_qubits": 5, "qreg_sizes": [["q", 5]], "clbit_labels": [["c", 0], ["c", 1], ["c", 2]], "memory_slots": 3, "creg_sizes": [["c", 3]], "name": "circuit-950404", "global_phase": 1.5707963267949543, "metadata": {}}, "data": {"counts": {"0x0": 1808, "0x1": 420, "0x2": 902, "0x3": 207, "0x4": 306, "0x5": 193, "0x6": 160, "0x7": 100}, "snapshots": null, "memory": null, "statevector": null, "unitary": null}}, {"shots": 4096, "success": true, "status": null, "seed": null, "meas_level": 2, "meas_return": null, "header": {"qubit_labels": [["q", 0], ["q", 1], ["q", 2], ["q", 3], ["q", 4]], "n_qubits": 5, "qreg_sizes": [["q", 5]], "clbit_labels": [["c", 0], ["c", 1], ["c", 2]], "memory_slots": 3, "creg_sizes": [["c", 3]], "name": "circuit-953367", "global_phase": 0.7853981633974563, "metadata": {}}, "data": {"counts": {"0x0": 641, "0x1": 408, "0x2": 466, "0x3": 484, "0x4": 503, "0x5": 504, "0x6": 671, "0x7": 419}, "snapshots": null, "memory": null, "statevector": null, "unitary": null}}, {"shots": 4096, "success": true, "status": null, "seed": null, "meas_level": 2, "meas_return": null, "header": {"qubit_labels": [["q", 0], ["q", 1], ["q", 2], ["q", 3], ["q", 4]], "n_qubits": 5, "qreg_sizes": [["q", 5]], "clbit_labels": [["c", 0], ["c", 1], ["c", 2]], "memory_slots": 3, "creg_sizes": [["c", 3]], "name": "circuit-953368", "global_phase": 3.141592653589845, "metadata": {}}, "data": {"counts": {"0x0": 1669, "0x1": 405, "0x2": 816, "0x3": 191, "0x4": 373, "0x5": 308, "0x6": 186, "0x7": 148}, "snapshots": null, "memory": null, "statevector": null, "unitary": null}}], "error": null}