{"backend_name": "ibmq_manila", "backend_version": "1.0.35", "qobj_id": "2652361a-035f-4ba7-8443-8cee4901c8c4", "job_id": "62e83089ac90f77d3fc861e3", "date": "2022-08-01T20:33:50Z", "success": true, "status": "Successful completion", "execution_id": "e64492dc-11d8-11ed-be18-bc97e15b08d0", "time_taken": 133.23171067237854, "header": {"backend_name": "ibmq_manila", "backend_version": "1.0.35"}, "results": [{"shots": 4096, "success": true, "status": null, "seed": null, "meas_level": 2, "meas_return": null, "header": {"qubit_labels": [["q", 0], ["q", 1], ["q", 2], ["q", 3], ["q", 4]], "n_qubits": 5, "qreg_sizes": [["q", 5]], "clbit_labels": [["c", 0], ["c", 1], ["c", 2]], "memory_slots": 3, "creg_sizes": [["c", 3]], "name": "circuit-2873209", "global_phase": 0.0, "metadata": {}}, "data": {"counts": {"0x0": 578, "0x1": 423, "0x2": 506, "0x3": 511, "0x4": 581, "0x5": 451, "0x6": 565, "0x7": 481}, "snapshots": null, "memory": null, "statevector": null, "unitary": null}}, {"shots": 4096, "success": true, "status": null, "seed": null, "meas_level": 2, "meas_return": null, "header": {"qubit_labels": [["q", 0], ["q", 1], ["q", 2], ["q", 3], ["q", 4]], "n_qubits": 5, "qreg_sizes": [["q", 5]], "clbit_labels": [["c", 0], ["c", 1], ["c", 2]], "memory_slots": 3, "creg_sizes": [["c", 3]], "name": "circuit-2873210", "global_phase": 0.0, "metadata": {}}, "data": {"counts": {"0x0": 1732, "0x1": 759, "0x2": 308, "0x3": 120, "0x4": 610, "0x5": 383, "0x6": 113, "0x7": 71}, "snapshots": null, "memory": null, "statevector": null, "unitary": null}}, {"shots": 4096, "success": true, "status": null, "seed": null, "meas_level": 2, "meas_return": null, "header": {"qubit_labels": [["q", 0], ["q", 1], ["q", 2], ["q", 3], ["q", 4]], "n_qubits": 5, "qreg_sizes": [["q", 5]], "clbit_labels": [["c", 0], ["c", 1], ["c", 2]], "memory_slots": 3, "creg_sizes": [["c", 3]], "name": "circuit-2874964", "global_phase": 0.0, "metadata": {}}, "data": {"counts": {"0x0": 565, "0x1": 473, "0x2": 540, "0x3": 524, "0x4": 514, "0x5": 472, "0x6": 607, "0x7": 401}, "snapshots": null, "memory": null, "statevector": null, "unitary": null}}, {"shots": 4096, "success": true, "status": null, "seed": null, "meas_level": 2, "meas_return": null, "header": {"qubit_labels": [["q", 0], ["q", 1], ["q", 2], ["q", 3], ["q", 4]], "n_qubits": 5, "qreg_sizes": [["q", 5]], "clbit_labels": [["c", 0], ["c", 1], ["c", 2]], "memory_slots": 3, "creg_sizes": [["c", 3]], "name": "circuit-2874965", "global_phase": 0.0, "metadata": {}}, "data": {"counts": {"0x0": 1733, "0x1": 787, "0x2": 288, "0x3": 143, "0x4": 607, "0x5": 358, "0x6": 107, "0x7": 73}, "snapshots": null, "memory": null, "statevector": null, "unitary": null}}, {"shots": 4096, "success": true, "status": null, "seed": null, "meas_level": 2, "meas_return": null, "header": {"qubit_labels": [["q", 0], ["q", 1], ["q", 2], ["q", 3], ["q", 4]], "n_qubits": 5, "qreg_sizes": [["q", 5]], "clbit_labels": [["c", 0], ["c", 1], ["c", 2]], "memory_slots": 3, "creg_sizes": [["c", 3]], "name": "circuit-2876843", "global_phase": 0.0, "metadata": {}}, "data": {"counts": {"0x0": 588, "0x1": 523, "0x2": 487, "0x3": 521, "0x4": 568, "0x5": 488, "0x6": 549, "0x7": 372}, "snapshots": null, "memory": null, "statevector": null, "unitary": null}}, {"shots": 4096, "success": true, "status": null, "seed": null, "meas_level": 2, "meas_return": null, "header": {"qubit_labels": [["q", 0], ["q", 1], ["q", 2], ["q", 3], ["q", 4]], "n_qubits": 5, "qreg_sizes": [["q", 5]], "clbit_labels": [["c", 0], ["c", 1], ["c", 2]], "memory_slots": 3, "creg_sizes": [["c", 3]], "name": "circuit-2876844", "global_phase": 0.0, "metadata": {}}, "data": {"counts": {"0x0": 1599, "0x1": 757, "0x2": 326, "0x3": 169, "0x4": 600, "0x5": 417, "0x6": 148, "0x7": 80}, "snapshots": null, "memory": null, "statevector": null, "unitary": null}}, {"shots": 4096, "success": true, "status": null, "seed": null, "meas_level": 2, "meas_return": null, "header": {"qubit_labels": [["q", 0], ["q", 1], ["q", 2], ["q", 3], ["q", 4]], "n_qubits": 5, "qreg_sizes": [["q", 5]], "clbit_labels": [["c", 0], ["c", 1], ["c", 2]], "memory_slots": 3, "creg_sizes": [["c", 3]], "name": "circuit-2878856", "global_phase": 0.0, "metadata": {}}, "data": {"counts": {"0x0": 535, "0x1": 433, "0x2": 502, "0x3": 584, "0x4": 592, "0x5": 550, "0x6": 512, "0x7": 388}, "snapshots": null, "memory": null, "statevector": null, "unitary": null}}, {"shots": 4096, "success": true, "status": null, "seed": null, "meas_level": 2, "meas_return": null, "header": {"qubit_labels": [["q", 0], ["q", 1], ["q", 2], ["q", 3], ["q", 4]], "n_qubits": 5, "qreg_sizes": [["q", 5]], "clbit_labels": [["c", 0], ["c", 1], ["c", 2]], "memory_slots": 3, "creg_sizes": [["c", 3]], "name": "circuit-2878857", "global_phase": 0.0, "metadata": {}}, "data": {"counts": {"0x0": 1463, "0x1": 820, "0x2": 357, "0x3": 179, "0x4": 585, "0x5": 435, "0x6": 155, "0x7": 102}, "snapshots": null, "memory": null, "statevector": null, "unitary": null}}, {"shots": 4096, "success": true, "status": null, "seed": null, "meas_level": 2, "meas_return": null, "header": {"qubit_labels": [["q", 0], ["q", 1], ["q", 2], ["q", 3], ["q", 4]], "n_qubits": 5, "qreg_sizes": [["q", 5]], "clbit_labels": [["c", 0], ["c", 1], ["c", 2]], "memory_slots": 3, "creg_sizes": [["c", 3]], "name": "circuit-2881077", "global_phase": 0.0, "metadata": {}}, "data": {"counts": {"0x0": 587, "0x1": 483, "0x2": 514, "0x3": 537, "0x4": 543, "0x5": 556, "0x6": 517, "0x7": 359}, "snapshots": null, "memory": null, "statevector": null, "unitary": null}}, {"shots": 4096, "success": true, "status": null, "seed": null, "meas_level": 2, "meas_return": null, "header": {"qubit_labels": [["q", 0], ["q", 1], ["q", 2], ["q", 3], ["q", 4]], "n_qubits": 5, "qreg_sizes": [["q", 5]], "clbit_labels": [["c", 0], ["c", 1], ["c", 2]], "memory_slots": 3, "creg_sizes": [["c", 3]], "name": "circuit-2881078", "global_phase": 0.0, "metadata": {}}, "data": {"counts": {"0x0": 1529, "0x1": 773, "0x2": 306, "0x3": 165, "0x4": 606, "0x5": 466, "0x6": 145, "0x7": 106}, "snapshots": null, "memory": null, "statevector": null, "unitary": null}}, {"shots": 4096, "success": true, "status": null, "seed": null, "meas_level": 2, "meas_return": null, "header": {"qubit_labels": [["q", 0], ["q", 1], ["q", 2], ["q", 3], ["q", 4]], "n_qubits": 5, "qreg_sizes": [["q", 5]], "clbit_labels": [["c", 0], ["c", 1], ["c", 2]], "memory_slots": 3, "creg_sizes": [["c", 3]], "name": "circuit-2883408", "global_phase": 0.0, "metadata": {}}, "data": {"counts": {"0x0": 572, "0x1": 523, "0x2": 474, "0x3": 540, "0x4": 564, "0x5": 434, "0x6": 527, "0x7": 462}, "snapshots": null, "memory": null, "statevector": null, "unitary": null}}, {"shots": 4096, "success": true, "status": null, "seed": null, "meas_level": 2, "meas_return": null, "header": {"qubit_labels": [["q", 0], ["q", 1], ["q", 2], ["q", 3], ["q", 4]], "n_qubits": 5, "qreg_sizes": [["q", 5]], "clbit_labels": [["c", 0], ["c", 1], ["c", 2]], "memory_slots": 3, "creg_sizes": [["c", 3]], "name": "circuit-2883409", "global_phase": 0.0, "metadata": {}}, "data": {"counts": {"0x0": 1449, "0x1": 897, "0x2": 274, "0x3": 210, "0x4": 601, "0x5": 447, "0x6": 121, "0x7": 97}, "snapshots": null, "memory": null, "statevector": null, "unitary": null}}, {"shots": 4096, "success": true, "status": null, "seed": null, "meas_level": 2, "meas_return": null, "header": {"qubit_labels": [["q", 0], ["q", 1], ["q", 2], ["q", 3], ["q", 4]], "n_qubits": 5, "qreg_sizes": [["q", 5]], "clbit_labels": [["c", 0], ["c", 1], ["c", 2]], "memory_slots": 3, "creg_sizes": [["c", 3]], "name": "circuit-2885930", "global_phase": 0.0, "metadata": {}}, "data": {"counts": {"0x0": 509, "0x1": 504, "0x2": 542, "0x3": 473, "0x4": 569, "0x5": 446, "0x6": 624, "0x7": 429}, "snapshots": null, "memory": null, "statevector": null, "unitary": null}}, {"shots": 4096, "success": true, "status": null, "seed": null, "meas_level": 2, "meas_return": null, "header": {"qubit_labels": [["q", 0], ["q", 1], ["q", 2], ["q", 3], ["q", 4]], "n_qubits": 5, "qreg_sizes": [["q", 5]], "clbit_labels": [["c", 0], ["c", 1], ["c", 2]], "memory_slots": 3, "creg_sizes": [["c", 3]], "name": "circuit-2885931", "global_phase": 0.0, "metadata": {}}, "data": {"counts": {"0x0": 1203, "0x1": 936, "0x2": 332, "0x3": 211, "0x4": 579, "0x5": 525, "0x6": 176, "0x7": 134}, "snapshots": null, "memory": null, "statevector": null, "unitary": null}}, {"shots": 4096, "success": true, "status": null, "seed": null, "meas_level": 2, "meas_return": null, "header": {"qubit_labels": [["q", 0], ["q", 1], ["q", 2], ["q", 3], ["q", 4]], "n_qubits": 5, "qreg_sizes": [["q", 5]], "clbit_labels": [["c", 0], ["c", 1], ["c", 2]], "memory_slots": 3, "creg_sizes": [["c", 3]], "name": "circuit-2888567", "global_phase": 0.0, "metadata": {}}, "data": {"counts": {"0x0": 552, "0x1": 558, "0x2": 508, "0x3": 496, "0x4": 523, "0x5": 444, "0x6": 572, "0x7": 443}, "snapshots": null, "memory": null, "statevector": null, "unitary": null}}, {"shots": 4096, "success": true, "status": null, "seed": null, "meas_level": 2, "meas_return": null, "header": {"qubit_labels": [["q", 0], ["q", 1], ["q", 2], ["q", 3], ["q", 4]], "n_qubits": 5, "qreg_sizes": [["q", 5]], "clbit_labels": [["c", 0], ["c", 1], ["c", 2]], "memory_slots": 3, "creg_sizes": [["c", 3]], "name": "circuit-2888568", "global_phase": 0.0, "metadata": {}}, "data": {"counts": {"0x0": 1283, "0x1": 781, "0x2": 398, "0x3": 240, "0x4": 629, "0x5": 443, "0x6": 180, "0x7": 142}, "snapshots": null, "memory": null, "statevector": null, "unitary": null}}, {"shots": 4096, "success": true, "status": null, "seed": null, "meas_level": 2, "meas_return": null, "header": {"qubit_labels": [["q", 0], ["q", 1], ["q", 2], ["q", 3], ["q", 4]], "n_qubits": 5, "qreg_sizes": [["q", 5]], "clbit_labels": [["c", 0], ["c", 1], ["c", 2]], "memory_slots": 3, "creg_sizes": [["c", 3]], "name": "circuit-2891261", "global_phase": 0.0, "metadata": {}}, "data": {"counts": {"0x0": 552, "0x1": 597, "0x2": 546, "0x3": 465, "0x4": 564, "0x5": 426, "0x6": 495, "0x7": 451}, "snapshots": null, "memory": null, "statevector": null, "unitary": null}}, {"shots": 4096, "success": true, "status": null, "seed": null, "meas_level": 2, "meas_return": null, "header": {"qubit_labels": [["q", 0], ["q", 1], ["q", 2], ["q", 3], ["q", 4]], "n_qubits": 5, "qreg_sizes": [["q", 5]], "clbit_labels": [["c", 0], ["c", 1], ["c", 2]], "memory_slots": 3, "creg_sizes": [["c", 3]], "name": "circuit-2891262", "global_phase": 0.0, "metadata": {}}, "data": {"counts": {"0x0": 1108, "0x1": 888, "0x2": 373, "0x3": 245, "0x4": 642, "0x5": 517, "0x6": 188, "0x7": 135}, "snapshots": null, "memory": null, "statevector": null, "unitary": null}}, {"shots": 4096, "success": true, "status": null, "seed": null, "meas_level": 2, "meas_return": null, "header": {"qubit_labels": [["q", 0], ["q", 1], ["q", 2], ["q", 3], ["q", 4]], "n_qubits": 5, "qreg_sizes": [["q", 5]], "clbit_labels": [["c", 0], ["c", 1], ["c", 2]], "memory_slots": 3, "creg_sizes": [["c", 3]], "name": "circuit-2894149", "global_phase": 0.0, "metadata": {}}, "data": {"counts": {"0x0": 569, "0x1": 466, "0x2": 521, "0x3": 497, "0x4": 619, "0x5": 409, "0x6": 553, "0x7": 462}, "snapshots": null, "memory": null, "statevector": null, "unitary": null}}, {"shots": 4096, "success": true, "status": null, "seed": null, "meas_level": 2, "meas_return": null, "header": {"qubit_labels": [["q", 0], ["q", 1], ["q", 2], ["q", 3], ["q", 4]], "n_qubits": 5, "qreg_sizes": [["q", 5]], "clbit_labels": [["c", 0], ["c", 1], ["c", 2]], "memory_slots": 3, "creg_sizes": [["c", 3]], "name": "circuit-2894150", "global_phase": 0.0, "metadata": {}}, "data": {"counts": {"0x0": 1265, "0x1": 753, "0x2": 411, "0x3": 199, "0x4": 642, "0x5": 504, "0x6": 186, "0x7": 136}, "snapshots": null, "memory": null, "statevector": null, "unitary": null}}, {"shots": 4096, "success": true, "status": null, "seed": null, "meas_level": 2, "meas_return": null, "header": {"qubit_labels": [["q", 0], ["q", 1], ["q", 2], ["q", 3], ["q", 4]], "n_qubits": 5, "qreg_sizes": [["q", 5]], "clbit_labels": [["c", 0], ["c", 1], ["c", 2]], "memory_slots": 3, "creg_sizes": [["c", 3]], "name": "circuit-2897192", "global_phase": 0.0, "metadata": {}}, "data": {"counts": {"0x0": 828, "0x1": 163, "0x2": 313, "0x3": 801, "0x4": 270, "0x5": 636, "0x6": 901, "0x7": 184}, "snapshots": null, "memory": null, "statevector": null, "unitary": null}}, {"shots": 4096, "success": true, "status": null, "seed": null, "meas_level": 2, "meas_return": null, "header": {"qubit_labels": [["q", 0], ["q", 1], ["q", 2], ["q", 3], ["q", 4]], "n_qubits": 5, "qreg_sizes": [["q", 5]], "clbit_labels": [["c", 0], ["c", 1], ["c", 2]], "memory_slots": 3, "creg_sizes": [["c", 3]], "name": "circuit-2897193", "global_phase": 0.0, "metadata": {}}, "data": {"counts": {"0x0": 3474, "0x1": 246, "0x2": 129, "0x3": 10, "0x4": 182, "0x5": 52, "0x6": 3}, "snapshots": null, "memory": null, "statevector": null, "unitary": null}}, {"shots": 4096, "success": true, "status": null, "seed": null, "meas_level": 2, "meas_return": null, "header": {"qubit_labels": [["q", 0], ["q", 1], ["q", 2], ["q", 3], ["q", 4]], "n_qubits": 5, "qreg_sizes": [["q", 5]], "clbit_labels": [["c", 0], ["c", 1], ["c", 2]], "memory_slots": 3, "creg_sizes": [["c", 3]], "name": "circuit-2897547", "global_phase": 0.0, "metadata": {}}, "data": {"counts": {"0x0": 861, "0x1": 348, "0x2": 362, "0x3": 477, "0x4": 417, "0x5": 726, "0x6": 674, "0x7": 231}, "snapshots": null, "memory": null, "statevector": null, "unitary": null}}, {"shots": 4096, "success": true, "status": null, "seed": null, "meas_level": 2, "meas_return": null, "header": {"qubit_labels": [["q", 0], ["q", 1], ["q", 2], ["q", 3], ["q", 4]], "n_qubits": 5, "qreg_sizes": [["q", 5]], "clbit_labels": [["c", 0], ["c", 1], ["c", 2]], "memory_slots": 3, "creg_sizes": [["c", 3]], "name": "circuit-2897548", "global_phase": 0.0, "metadata": {}}, "data": {"counts": {"0x0": 3232, "0x1": 294, "0x2": 146, "0x3": 14, "0x4": 238, "0x5": 152, "0x6": 11, "0x7": 9}, "snapshots": null, "memory": null, "statevector": null, "unitary": null}}, {"shots": 4096, "success": true, "status": null, "seed": null, "meas_level": 2, "meas_return": null, "header": {"qubit_labels": [["q", 0], ["q", 1], ["q", 2], ["q", 3], ["q", 4]], "n_qubits": 5, "qreg_sizes": [["q", 5]], "clbit_labels": [["c", 0], ["c", 1], ["c", 2]], "memory_slots": 3, "creg_sizes": [["c", 3]], "name": "circuit-2898041", "global_phase": 0.0, "metadata": {}}, "data": {"counts": {"0x0": 614, "0x1": 402, "0x2": 457, "0x3": 633, "0x4": 501, "0x5": 592, "0x6": 593, "0x7": 304}, "snapshots": null, "memory": null, "statevector": null, "unitary": null}}, {"shots": 4096, "success": true, "status": null, "seed": null, "meas_level": 2, "meas_return": null, "header": {"qubit_labels": [["q", 0], ["q", 1], ["q", 2], ["q", 3], ["q", 4]], "n_qubits": 5, "qreg_sizes": [["q", 5]], "clbit_labels": [["c", 0], ["c", 1], ["c", 2]], "memory_slots": 3, "creg_sizes": [["c", 3]], "name": "circuit-2898042", "global_phase": 0.0, "metadata": {}}, "data": {"counts": {"0x0": 3028, "0x1": 419, "0x2": 168, "0x3": 25, "0x4": 298, "0x5": 145, "0x6": 9, "0x7": 4}, "snapshots": null, "memory": null, "statevector": null, "unitary": null}}, {"shots": 4096, "success": true, "status": null, "seed": null, "meas_level": 2, "meas_return": null, "header": {"qubit_labels": [["q", 0], ["q", 1], ["q", 2], ["q", 3], ["q", 4]], "n_qubits": 5, "qreg_sizes": [["q", 5]], "clbit_labels": [["c", 0], ["c", 1], ["c", 2]], "memory_slots": 3, "creg_sizes": [["c", 3]], "name": "circuit-2898664", "global_phase": 0.0, "metadata": {}}, "data": {"counts": {"0x0": 619, "0x1": 542, "0x2": 551, "0x3": 377, "0x4": 616, "0x5": 492, "0x6": 469, "0x7": 430}, "snapshots": null, "memory": null, "statevector": null, "unitary": null}}, {"shots": 4096, "success": true, "status": null, "seed": null, "meas_level": 2, "meas_return": null, "header": {"qubit_labels": [["q", 0], ["q", 1], ["q", 2], ["q", 3], ["q", 4]], "n_qubits": 5, "qreg_sizes": [["q", 5]], "clbit_labels": [["c", 0], ["c", 1], ["c", 2]], "memory_slots": 3, "creg_sizes": [["c", 3]], "name": "circuit-2898665", "global_phase": 0.0, "metadata": {}}, "data": {"counts": {"0x0": 2817, "0x1": 464, "0x2": 199, "0x3": 29, "0x4": 346, "0x5": 211, "0x6": 19, "0x7": 11}, "snapshots": null, "memory": null, "statevector": null, "unitary": null}}, {"shots": 4096, "success": true, "status": null, "seed": null, "meas_level": 2, "meas_return": null, "header": {"qubit_labels": [["q", 0], ["q", 1], ["q", 2], ["q", 3], ["q", 4]], "n_qubits": 5, "qreg_sizes": [["q", 5]], "clbit_labels": [["c", 0], ["c", 1], ["c", 2]], "memory_slots": 3, "creg_sizes": [["c", 3]], "name": "circuit-2899404", "global_phase": 0.0, "metadata": {}}, "data": {"counts": {"0x0": 561, "0x1": 621, "0x2": 699, "0x3": 364, "0x4": 591, "0x5": 348, "0x6": 366, "0x7": 546}, "snapshots": null, "memory": null, "statevector": null, "unitary": null}}, {"shots": 4096, "success": true, "status": null, "seed": null, "meas_level": 2, "meas_return": null, "header": {"qubit_labels": [["q", 0], ["q", 1], ["q", 2], ["q", 3], ["q", 4]], "n_qubits": 5, "qreg_sizes": [["q", 5]], "clbit_labels": [["c", 0], ["c", 1], ["c", 2]], "memory_slots": 3, "creg_sizes": [["c", 3]], "name": "circuit-2899405", "global_phase": 0.0, "metadata": {}}, "data": {"counts": {"0x0": 2552, "0x1": 600, "0x2": 227, "0x3": 55, "0x4": 347, "0x5": 253, "0x6": 35, "0x7": 27}, "snapshots": null, "memory": null, "statevector": null, "unitary": null}}, {"shots": 4096, "success": true, "status": null, "seed": null, "meas_level": 2, "meas_return": null, "header": {"qubit_labels": [["q", 0], ["q", 1], ["q", 2], ["q", 3], ["q", 4]], "n_qubits": 5, "qreg_sizes": [["q", 5]], "clbit_labels": [["c", 0], ["c", 1], ["c", 2]], "memory_slots": 3, "creg_sizes": [["c", 3]], "name": "circuit-2900313", "global_phase": 0.0, "metadata": {}}, "data": {"counts": {"0x0": 470, "0x1": 568, "0x2": 541, "0x3": 293, "0x4": 826, "0x5": 455, "0x6": 378, "0x7": 565}, "snapshots": null, "memory": null, "statevector": null, "unitary": null}}, {"shots": 4096, "success": true, "status": null, "seed": null, "meas_level": 2, "meas_return": null, "header": {"qubit_labels": [["q", 0], ["q", 1], ["q", 2], ["q", 3], ["q", 4]], "n_qubits": 5, "qreg_sizes": [["q", 5]], "clbit_labels": [["c", 0], ["c", 1], ["c", 2]], "memory_slots": 3, "creg_sizes": [["c", 3]], "name": "circuit-2900314", "global_phase": 0.0, "metadata": {}}, "data": {"counts": {"0x0": 2433, "0x1": 609, "0x2": 215, "0x3": 76, "0x4": 436, "0x5": 249, "0x6": 32, "0x7": 46}, "snapshots": null, "memory": null, "statevector": null, "unitary": null}}, {"shots": 4096, "success": true, "status": null, "seed": null, "meas_level": 2, "meas_return": null, "header": {"qubit_labels": [["q", 0], ["q", 1], ["q", 2], ["q", 3], ["q", 4]], "n_qubits": 5, "qreg_sizes": [["q", 5]], "clbit_labels": [["c", 0], ["c", 1], ["c", 2]], "memory_slots": 3, "creg_sizes": [["c", 3]], "name": "circuit-2901368", "global_phase": 0.0, "metadata": {}}, "data": {"counts": {"0x0": 504, "0x1": 683, "0x2": 563, "0x3": 386, "0x4": 706, "0x5": 372, "0x6": 368, "0x7": 514}, "snapshots": null, "memory": null, "statevector": null, "unitary": null}}, {"shots": 4096, "success": true, "status": null, "seed": null, "meas_level": 2, "meas_return": null, "header": {"qubit_labels": [["q", 0], ["q", 1], ["q", 2], ["q", 3], ["q", 4]], "n_qubits": 5, "qreg_sizes": [["q", 5]], "clbit_labels": [["c", 0], ["c", 1], ["c", 2]], "memory_slots": 3, "creg_sizes": [["c", 3]], "name": "circuit-2901369", "global_phase": 0.0, "metadata": {}}, "data": {"counts": {"0x0": 2181, "0x1": 684, "0x2": 260, "0x3": 96, "0x4": 465, "0x5": 320, "0x6": 64, "0x7": 26}, "snapshots": null, "memory": null, "statevector": null, "unitary": null}}, {"shots": 4096, "success": true, "status": null, "seed": null, "meas_level": 2, "meas_return": null, "header": {"qubit_labels": [["q", 0], ["q", 1], ["q", 2], ["q", 3], ["q", 4]], "n_qubits": 5, "qreg_sizes": [["q", 5]], "clbit_labels": [["c", 0], ["c", 1], ["c", 2]], "memory_slots": 3, "creg_sizes": [["c", 3]], "name": "circuit-2902536", "global_phase": 0.0, "metadata": {}}, "data": {"counts": {"0x0": 545, "0x1": 549, "0x2": 561, "0x3": 308, "0x4": 745, "0x5": 396, "0x6": 428, "0x7": 564}, "snapshots": null, "memory": null, "statevector": null, "unitary": null}}, {"shots": 4096, "success": true, "status": null, "seed": null, "meas_level": 2, "meas_return": null, "header": {"qubit_labels": [["q", 0], ["q", 1], ["q", 2], ["q", 3], ["q", 4]], "n_qubits": 5, "qreg_sizes": [["q", 5]], "clbit_labels": [["c", 0], ["c", 1], ["c", 2]], "memory_slots": 3, "creg_sizes": [["c", 3]], "name": "circuit-2902537", "global_phase": 0.0, "metadata": {}}, "data": {"counts": {"0x0": 2148, "0x1": 674, "0x2": 236, "0x3": 104, "0x4": 490, "0x5": 342, "0x6": 62, "0x7": 40}, "snapshots": null, "memory": null, "statevector": null, "unitary": null}}, {"shots": 4096, "success": true, "status": null, "seed": null, "meas_level": 2, "meas_return": null, "header": {"qubit_labels": [["q", 0], ["q", 1], ["q", 2], ["q", 3], ["q", 4]], "n_qubits": 5, "qreg_sizes": [["q", 5]], "clbit_labels": [["c", 0], ["c", 1], ["c", 2]], "memory_slots": 3, "creg_sizes": [["c", 3]], "name": "circuit-2903865", "global_phase": 0.0, "metadata": {}}, "data": {"counts": {"0x0": 489, "0x1": 483, "0x2": 519, "0x3": 380, "0x4": 726, "0x5": 472, "0x6": 587, "0x7": 440}, "snapshots": null, "memory": null, "statevector": null, "unitary": null}}, {"shots": 4096, "success": true, "status": null, "seed": null, "meas_level": 2, "meas_return": null, "header": {"qubit_labels": [["q", 0], ["q", 1], ["q", 2], ["q", 3], ["q", 4]], "n_qubits": 5, "qreg_sizes": [["q", 5]], "clbit_labels": [["c", 0], ["c", 1], ["c", 2]], "memory_slots": 3, "creg_sizes": [["c", 3]], "name": "circuit-2903866", "global_phase": 0.0, "metadata": {}}, "data": {"counts": {"0x0": 2082, "0x1": 731, "0x2": 245, "0x3": 93, "0x4": 498, "0x5": 346, "0x6": 54, "0x7": 47}, "snapshots": null, "memory": null, "statevector": null, "unitary": null}}, {"shots": 4096, "success": true, "status": null, "seed": null, "meas_level": 2, "meas_return": null, "header": {"qubit_labels": [["q", 0], ["q", 1], ["q", 2], ["q", 3], ["q", 4]], "n_qubits": 5, "qreg_sizes": [["q", 5]], "clbit_labels": [["c", 0], ["c", 1], ["c", 2]], "memory_slots": 3, "creg_sizes": [["c", 3]], "name": "circuit-2905337", "global_phase": 0.0, "metadata": {}}, "data": {"counts": {"0x0": 588, "0x1": 494, "0x2": 576, "0x3": 481, "0x4": 684, "0x5": 456, "0x6": 416, "0x7": 401}, "snapshots": null, "memory": null, "statevector": null, "unitary": null}}, {"shots": 4096, "success": true, "status": null, "seed": null, "meas_level": 2, "meas_return": null, "header": {"qubit_labels": [["q", 0], ["q", 1], ["q", 2], ["q", 3], ["q", 4]], "n_qubits": 5, "qreg_sizes": [["q", 5]], "clbit_labels": [["c", 0], ["c", 1], ["c", 2]], "memory_slots": 3, "creg_sizes": [["c", 3]], "name": "circuit-2905338", "global_phase": 0.0, "metadata": {}}, "data": {"counts": {"0x0": 1889, "0x1": 841, "0x2": 257, "0x3": 102, "0x4": 508, "0x5": 369, "0x6": 81, "0x7": 49}, "snapshots": null, "memory": null, "statevector": null, "unitary": null}}, {"shots": 4096, "success": true, "status": null, "seed": null, "meas_level": 2, "meas_return": null, "header": {"qubit_labels": [["q", 0], ["q", 1], ["q", 2], ["q", 3], ["q", 4]], "n_qubits": 5, "qreg_sizes": [["q", 5]], "clbit_labels": [["c", 0], ["c", 1], ["c", 2]], "memory_slots": 3, "creg_sizes": [["c", 3]], "name": "circuit-2906990", "global_phase": 0.0, "metadata": {}}, "data": {"counts": {"0x0": 649, "0x1": 532, "0x2": 460, "0x3": 433, "0x4": 567, "0x5": 444, "0x6": 537, "0x7": 474}, "snapshots": null, "memory": null, "statevector": null, "unitary": null}}, {"shots": 4096, "success": true, "status": null, "seed": null, "meas_level": 2, "meas_return": null, "header": {"qubit_labels": [["q", 0], ["q", 1], ["q", 2], ["q", 3], ["q", 4]], "n_qubits": 5, "qreg_sizes": [["q", 5]], "clbit_labels": [["c", 0], ["c", 1], ["c", 2]], "memory_slots": 3, "creg_sizes": [["c", 3]], "name": "circuit-2906991", "global_phase": 0.0, "metadata": {}}, "data": {"counts": {"0x0": 1720, "0x1": 737, "0x2": 369, "0x3": 126, "0x4": 559, "0x5": 394, "0x6": 118, "0x7": 73}, "snapshots": null, "memory": null, "statevector": null, "unitary": null}}, {"shots": 4096, "success": true, "status": null, "seed": null, "meas_level": 2, "meas_return": null, "header": {"qubit_labels": [["q", 0], ["q", 1], ["q", 2], ["q", 3], ["q", 4]], "n_qubits": 5, "qreg_sizes": [["q", 5]], "clbit_labels": [["c", 0], ["c", 1], ["c", 2]], "memory_slots": 3, "creg_sizes": [["c", 3]], "name": "circuit-2908782", "global_phase": 0.0, "metadata": {}}, "data": {"counts": {"0x0": 535, "0x1": 477, "0x2": 465, "0x3": 467, "0x4": 597, "0x5": 642, "0x6": 538, "0x7": 375}, "snapshots": null, "memory": null, "statevector": null, "unitary": null}}, {"shots": 4096, "success": true, "status": null, "seed": null, "meas_level": 2, "meas_return": null, "header": {"qubit_labels": [["q", 0], ["q", 1], ["q", 2], ["q", 3], ["q", 4]], "n_qubits": 5, "qreg_sizes": [["q", 5]], "clbit_labels": [["c", 0], ["c", 1], ["c", 2]], "memory_slots": 3, "creg_sizes": [["c", 3]], "name": "circuit-2908783", "global_phase": 0.0, "metadata": {}}, "data": {"counts": {"0x0": 1684, "0x1": 823, "0x2": 281, "0x3": 139, "0x4": 566, "0x5": 410, "0x6": 114, "0x7": 79}, "snapshots": null, "memory": null, "statevector": null, "unitary": null}}, {"shots": 4096, "success": true, "status": null, "seed": null, "meas_level": 2, "meas_return": null, "header": {"qubit_labels": [["q", 0], ["q", 1], ["q", 2], ["q", 3], ["q", 4]], "n_qubits": 5, "qreg_sizes": [["q", 5]], "clbit_labels": [["c", 0], ["c", 1], ["c", 2]], "memory_slots": 3, "creg_sizes": [["c", 3]], "name": "circuit-2910661", "global_phase": 0.0, "metadata": {}}, "data": {"counts": {"0x0": 634, "0x1": 460, "0x2": 496, "0x3": 514, "0x4": 500, "0x5": 462, "0x6": 601, "0x7": 429}, "snapshots": null, "memory": null, "statevector": null, "unitary": null}}, {"shots": 4096, "success": true, "status": null, "seed": null, "meas_level": 2, "meas_return": null, "header": {"qubit_labels": [["q", 0], ["q", 1], ["q", 2], ["q", 3], ["q", 4]], "n_qubits": 5, "qreg_sizes": [["q", 5]], "clbit_labels": [["c", 0], ["c", 1], ["c", 2]], "memory_slots": 3, "creg_sizes": [["c", 3]], "name": "circuit-2910662", "global_phase": 0.0, "metadata": {}}, "data": {"counts": {"0x0": 1487, "0x1": 922, "0x2": 305, "0x3": 161, "0x4": 590, "0x5": 447, "0x6": 114, "0x7": 70}, "snapshots": null, "memory": null, "statevector": null, "unitary": null}}, {"shots": 4096, "success": true, "status": null, "seed": null, "meas_level": 2, "meas_return": null, "header": {"qubit_labels": [["q", 0], ["q", 1], ["q", 2], ["q", 3], ["q", 4]], "n_qubits": 5, "qreg_sizes": [["q", 5]], "clbit_labels": [["c", 0], ["c", 1], ["c", 2]], "memory_slots": 3, "creg_sizes": [["c", 3]], "name": "circuit-2912736", "global_phase": 0.0, "metadata": {}}, "data": {"counts": {"0x0": 698, "0x1": 428, "0x2": 504, "0x3": 563, "0x4": 493, "0x5": 412, "0x6": 564, "0x7": 434}, "snapshots": null, "memory": null, "statevector": null, "unitary": null}}, {"shots": 4096, "success": true, "status": null, "seed": null, "meas_level": 2, "meas_return": null, "header": {"qubit_labels": [["q", 0], ["q", 1], ["q", 2], ["q", 3], ["q", 4]], "n_qubits": 5, "qreg_sizes": [["q", 5]], "clbit_labels": [["c", 0], ["c", 1], ["c", 2]], "memory_slots": 3, "creg_sizes": [["c", 3]], "name": "circuit-2912737", "global_phase": 0.0, "metadata": {}}, "data": {"counts": {"0x0": 1543, "0x1": 792, "0x2": 341, "0x3": 157, "0x4": 581, "0x5": 453, "0x6": 114, "0x7": 115}, "snapshots": null, "memory": null, "statevector": null, "unitary": null}}, {"shots": 4096, "success": true, "status": null, "seed": null, "meas_level": 2, "meas_return": null, "header": {"qubit_labels": [["q", 0], ["q", 1], ["q", 2], ["q", 3], ["q", 4]], "n_qubits": 5, "qreg_sizes": [["q", 5]], "clbit_labels": [["c", 0], ["c", 1], ["c", 2]], "memory_slots": 3, "creg_sizes": [["c", 3]], "name": "circuit-2914886", "global_phase": 0.0, "metadata": {}}, "data": {"counts": {"0x0": 582, "0x1": 551, "0x2": 489, "0x3": 467, "0x4": 568, "0x5": 456, "0x6": 544, "0x7": 439}, "snapshots": null, "memory": null, "statevector": null, "unitary": null}}, {"shots": 4096, "success": true, "status": null, "seed": null, "meas_level": 2, "meas_return": null, "header": {"qubit_labels": [["q", 0], ["q", 1], ["q", 2], ["q", 3], ["q", 4]], "n_qubits": 5, "qreg_sizes": [["q", 5]], "clbit_labels": [["c", 0], ["c", 1], ["c", 2]], "memory_slots": 3, "creg_sizes": [["c", 3]], "name": "circuit-2914887", "global_phase": 0.0, "metadata": {}}, "data": {"counts": {"0x0": 1500, "0x1": 806, "0x2": 293, "0x3": 170, "0x4": 615, "0x5": 446, "0x6": 138, "0x7": 128}, "snapshots": null, "memory": null, "statevector": null, "unitary": null}}, {"shots": 4096, "success": true, "status": null, "seed": null, "meas_level": 2, "meas_return": null, "header": {"qubit_labels": [["q", 0], ["q", 1], ["q", 2], ["q", 3], ["q", 4]], "n_qubits": 5, "qreg_sizes": [["q", 5]], "clbit_labels": [["c", 0], ["c", 1], ["c", 2]], "memory_slots": 3, "creg_sizes": [["c", 3]], "name": "circuit-2917219", "global_phase": 0.0, "metadata": {}}, "data": {"counts": {"0x0": 627, "0x1": 512, "0x2": 525, "0x3": 437, "0x4": 543, "0x5": 515, "0x6": 522, "0x7": 415}, "snapshots": null, "memory": null, "statevector": null, "unitary": null}}, {"shots": 4096, "success": true, "status": null, "seed": null, "meas_level": 2, "meas_return": null, "header": {"qubit_labels": [["q", 0], ["q", 1], ["q", 2], ["q", 3], ["q", 4]], "n_qubits": 5, "qreg_sizes": [["q", 5]], "clbit_labels": [["c", 0], ["c", 1], ["c", 2]], "memory_slots": 3, "creg_sizes": [["c", 3]], "name": "circuit-2917220", "global_phase": 0.0, "metadata": {}}, "data": {"counts": {"0x0": 1372, "0x1": 877, "0x2": 340, "0x3": 187, "0x4": 601, "0x5": 471, "0x6": 152, "0x7": 96}, "snapshots": null, "memory": null, "statevector": null, "unitary": null}}, {"shots": 4096, "success": true, "status": null, "seed": null, "meas_level": 2, "meas_return": null, "header": {"qubit_labels": [["q", 0], ["q", 1], ["q", 2], ["q", 3], ["q", 4]], "n_qubits": 5, "qreg_sizes": [["q", 5]], "clbit_labels": [["c", 0], ["c", 1], ["c", 2]], "memory_slots": 3, "creg_sizes": [["c", 3]], "name": "circuit-2919677", "global_phase": 0.0, "metadata": {}}, "data": {"counts": {"0x0": 524, "0x1": 518, "0x2": 623, "0x3": 516, "0x4": 568, "0x5": 425, "0x6": 524, "0x7": 398}, "snapshots": null, "memory": null, "statevector": null, "unitary": null}}, {"shots": 4096, "success": true, "status": null, "seed": null, "meas_level": 2, "meas_return": null, "header": {"qubit_labels": [["q", 0], ["q", 1], ["q", 2], ["q", 3], ["q", 4]], "n_qubits": 5, "qreg_sizes": [["q", 5]], "clbit_labels": [["c", 0], ["c", 1], ["c", 2]], "memory_slots": 3, "creg_sizes": [["c", 3]], "name": "circuit-2919678", "global_phase": 0.0, "metadata": {}}, "data": {"counts": {"0x0": 1342, "0x1": 760, "0x2": 335, "0x3": 184, "0x4": 639, "0x5": 548, "0x6": 162, "0x7": 126}, "snapshots": null, "memory": null, "statevector": null, "unitary": null}}, {"shots": 4096, "success": true, "status": null, "seed": null, "meas_level": 2, "meas_return": null, "header": {"qubit_labels": [["q", 0], ["q", 1], ["q", 2], ["q", 3], ["q", 4]], "n_qubits": 5, "qreg_sizes": [["q", 5]], "clbit_labels": [["c", 0], ["c", 1], ["c", 2]], "memory_slots": 3, "creg_sizes": [["c", 3]], "name": "circuit-2922247", "global_phase": 0.0, "metadata": {}}, "data": {"counts": {"0x0": 520, "0x1": 538, "0x2": 534, "0x3": 518, "0x4": 563, "0x5": 464, "0x6": 518, "0x7": 441}, "snapshots": null, "memory": null, "statevector": null, "unitary": null}}, {"shots": 4096, "success": true, "status": null, "seed": null, "meas_level": 2, "meas_return": null, "header": {"qubit_labels": [["q", 0], ["q", 1], ["q", 2], ["q", 3], ["q", 4]], "n_qubits": 5, "qreg_sizes": [["q", 5]], "clbit_labels": [["c", 0], ["c", 1], ["c", 2]], "memory_slots": 3, "creg_sizes": [["c", 3]], "name": "circuit-2922248", "global_phase": 0.0, "metadata": {}}, "data": {"counts": {"0x0": 1298, "0x1": 760, "0x2": 351, "0x3": 239, "0x4": 598, "0x5": 522, "0x6": 182, "0x7": 146}, "snapshots": null, "memory": null, "statevector": null, "unitary": null}}, {"shots": 4096, "success": true, "status": null, "seed": null, "meas_level": 2, "meas_return": null, "header": {"qubit_labels": [["q", 0], ["q", 1], ["q", 2], ["q", 3], ["q", 4]], "n_qubits": 5, "qreg_sizes": [["q", 5]], "clbit_labels": [["c", 0], ["c", 1], ["c", 2]], "memory_slots": 3, "creg_sizes": [["c", 3]], "name": "circuit-2925036", "global_phase": 0.0, "metadata": {}}, "data": {"counts": {"0x0": 499, "0x1": 526, "0x2": 553, "0x3": 487, "0x4": 628, "0x5": 396, "0x6": 522, "0x7": 485}, "snapshots": null, "memory": null, "statevector": null, "unitary": null}}, {"shots": 4096, "success": true, "status": null, "seed": null, "meas_level": 2, "meas_return": null, "header": {"qubit_labels": [["q", 0], ["q", 1], ["q", 2], ["q", 3], ["q", 4]], "n_qubits": 5, "qreg_sizes": [["q", 5]], "clbit_labels": [["c", 0], ["c", 1], ["c", 2]], "memory_slots": 3, "creg_sizes": [["c", 3]], "name": "circuit-2925037", "global_phase": 0.0, "metadata": {}}, "data": {"counts": {"0x0": 1300, "0x1": 841, "0x2": 323, "0x3": 231, "0x4": 629, "0x5": 486, "0x6": 152, "0x7": 134}, "snapshots": null, "memory": null, "statevector": null, "unitary": null}}, {"shots": 4096, "success": true, "status": null, "seed": null, "meas_level": 2, "meas_return": null, "header": {"qubit_labels": [["q", 0], ["q", 1], ["q", 2], ["q", 3], ["q", 4]], "n_qubits": 5, "qreg_sizes": [["q", 5]], "clbit_labels": [["c", 0], ["c", 1], ["c", 2]], "memory_slots": 3, "creg_sizes": [["c", 3]], "name": "circuit-2927927", "global_phase": 0.0, "metadata": {}}, "data": {"counts": {"0x0": 544, "0x1": 513, "0x2": 555, "0x3": 454, "0x4": 588, "0x5": 456, "0x6": 555, "0x7": 431}, "snapshots": null, "memory": null, "statevector": null, "unitary": null}}, {"shots": 4096, "success": true, "status": null, "seed": null, "meas_level": 2, "meas_return": null, "header": {"qubit_labels": [["q", 0], ["q", 1], ["q", 2], ["q", 3], ["q", 4]], "n_qubits": 5, "qreg_sizes": [["q", 5]], "clbit_labels": [["c", 0], ["c", 1], ["c", 2]], "memory_slots": 3, "creg_sizes": [["c", 3]], "name": "circuit-2927928", "global_phase": 0.0, "metadata": {}}, "data": {"counts": {"0x0": 1102, "0x1": 805, "0x2": 392, "0x3": 247, "0x4": 644, "0x5": 521, "0x6": 213, "0x7": 172}, "snapshots": null, "memory": null, "statevector": null, "unitary": null}}, {"shots": 4096, "success": true, "status": null, "seed": null, "meas_level": 2, "meas_return": null, "header": {"qubit_labels": [["q", 0], ["q", 1], ["q", 2], ["q", 3], ["q", 4]], "n_qubits": 5, "qreg_sizes": [["q", 5]], "clbit_labels": [["c", 0], ["c", 1], ["c", 2]], "memory_slots": 3, "creg_sizes": [["c", 3]], "name": "circuit-2930956", "global_phase": 0.0, "metadata": {}}, "data": {"counts": {"0x0": 897, "0x1": 241, "0x2": 245, "0x3": 635, "0x4": 278, "0x5": 761, "0x6": 873, "0x7": 166}, "snapshots": null, "memory": null, "statevector": null, "unitary": null}}, {"shots": 4096, "success": true, "status": null, "seed": null, "meas_level": 2, "meas_return": null, "header": {"qubit_labels": [["q", 0], ["q", 1], ["q", 2], ["q", 3], ["q", 4]], "n_qubits": 5, "qreg_sizes": [["q", 5]], "clbit_labels": [["c", 0], ["c", 1], ["c", 2]], "memory_slots": 3, "creg_sizes": [["c", 3]], "name": "circuit-2930957", "global_phase": 0.0, "metadata": {}}, "data": {"counts": {"0x0": 3488, "0x1": 219, "0x2": 113, "0x3": 7, "0x4": 157, "0x5": 103, "0x6": 7, "0x7": 2}, "snapshots": null, "memory": null, "statevector": null, "unitary": null}}, {"shots": 4096, "success": true, "status": null, "seed": null, "meas_level": 2, "meas_return": null, "header": {"qubit_labels": [["q", 0], ["q", 1], ["q", 2], ["q", 3], ["q", 4]], "n_qubits": 5, "qreg_sizes": [["q", 5]], "clbit_labels": [["c", 0], ["c", 1], ["c", 2]], "memory_slots": 3, "creg_sizes": [["c", 3]], "name": "circuit-2931309", "global_phase": 0.0, "metadata": {}}, "data": {"counts": {"0x0": 851, "0x1": 276, "0x2": 358, "0x3": 575, "0x4": 355, "0x5": 606, "0x6": 840, "0x7": 235}, "snapshots": null, "memory": null, "statevector": null, "unitary": null}}, {"shots": 4096, "success": true, "status": null, "seed": null, "meas_level": 2, "meas_return": null, "header": {"qubit_labels": [["q", 0], ["q", 1], ["q", 2], ["q", 3], ["q", 4]], "n_qubits": 5, "qreg_sizes": [["q", 5]], "clbit_labels": [["c", 0], ["c", 1], ["c", 2]], "memory_slots": 3, "creg_sizes": [["c", 3]], "name": "circuit-2931310", "global_phase": 0.0, "metadata": {}}, "data": {"counts": {"0x0": 3254, "0x1": 299, "0x2": 144, "0x3": 14, "0x4": 234, "0x5": 134, "0x6": 12, "0x7": 5}, "snapshots": null, "memory": null, "statevector": null, "unitary": null}}, {"shots": 4096, "success": true, "status": null, "seed": null, "meas_level": 2, "meas_return": null, "header": {"qubit_labels": [["q", 0], ["q", 1], ["q", 2], ["q", 3], ["q", 4]], "n_qubits": 5, "qreg_sizes": [["q", 5]], "clbit_labels": [["c", 0], ["c", 1], ["c", 2]], "memory_slots": 3, "creg_sizes": [["c", 3]], "name": "circuit-2931795", "global_phase": 0.0, "metadata": {}}, "data": {"counts": {"0x0": 727, "0x1": 428, "0x2": 401, "0x3": 541, "0x4": 453, "0x5": 538, "0x6": 590, "0x7": 418}, "snapshots": null, "memory": null, "statevector": null, "unitary": null}}, {"shots": 4096, "success": true, "status": null, "seed": null, "meas_level": 2, "meas_return": null, "header": {"qubit_labels": [["q", 0], ["q", 1], ["q", 2], ["q", 3], ["q", 4]], "n_qubits": 5, "qreg_sizes": [["q", 5]], "clbit_labels": [["c", 0], ["c", 1], ["c", 2]], "memory_slots": 3, "creg_sizes": [["c", 3]], "name": "circuit-2931796", "global_phase": 0.0, "metadata": {}}, "data": {"counts": {"0x0": 3074, "0x1": 346, "0x2": 164, "0x3": 15, "0x4": 299, "0x5": 165, "0x6": 20, "0x7": 13}, "snapshots": null, "memory": null, "statevector": null, "unitary": null}}, {"shots": 4096, "success": true, "status": null, "seed": null, "meas_level": 2, "meas_return": null, "header": {"qubit_labels": [["q", 0], ["q", 1], ["q", 2], ["q", 3], ["q", 4]], "n_qubits": 5, "qreg_sizes": [["q", 5]], "clbit_labels": [["c", 0], ["c", 1], ["c", 2]], "memory_slots": 3, "creg_sizes": [["c", 3]], "name": "circuit-2932408", "global_phase": 0.0, "metadata": {}}, "data": {"counts": {"0x0": 623, "0x1": 576, "0x2": 601, "0x3": 485, "0x4": 538, "0x5": 396, "0x6": 434, "0x7": 443}, "snapshots": null, "memory": null, "statevector": null, "unitary": null}}, {"shots": 4096, "success": true, "status": null, "seed": null, "meas_level": 2, "meas_return": null, "header": {"qubit_labels": [["q", 0], ["q", 1], ["q", 2], ["q", 3], ["q", 4]], "n_qubits": 5, "qreg_sizes": [["q", 5]], "clbit_labels": [["c", 0], ["c", 1], ["c", 2]], "memory_slots": 3, "creg_sizes": [["c", 3]], "name": "circuit-2932409", "global_phase": 0.0, "metadata": {}}, "data": {"counts": {"0x0": 2787, "0x1": 498, "0x2": 170, "0x3": 37, "0x4": 334, "0x5": 235, "0x6": 23, "0x7": 12}, "snapshots": null, "memory": null, "statevector": null, "unitary": null}}, {"shots": 4096, "success": true, "status": null, "seed": null, "meas_level": 2, "meas_return": null, "header": {"qubit_labels": [["q", 0], ["q", 1], ["q", 2], ["q", 3], ["q", 4]], "n_qubits": 5, "qreg_sizes": [["q", 5]], "clbit_labels": [["c", 0], ["c", 1], ["c", 2]], "memory_slots": 3, "creg_sizes": [["c", 3]], "name": "circuit-2933176", "global_phase": 0.0, "metadata": {}}, "data": {"counts": {"0x0": 539, "0x1": 538, "0x2": 570, "0x3": 362, "0x4": 650, "0x5": 405, "0x6": 445, "0x7": 587}, "snapshots": null, "memory": null, "statevector": null, "unitary": null}}, {"shots": 4096, "success": true, "status": null, "seed": null, "meas_level": 2, "meas_return": null, "header": {"qubit_labels": [["q", 0], ["q", 1], ["q", 2], ["q", 3], ["q", 4]], "n_qubits": 5, "qreg_sizes": [["q", 5]], "clbit_labels": [["c", 0], ["c", 1], ["c", 2]], "memory_slots": 3, "creg_sizes": [["c", 3]], "name": "circuit-2933177", "global_phase": 0.0, "metadata": {}}, "data": {"counts": {"0x0": 2713, "0x1": 529, "0x2": 194, "0x3": 42, "0x4": 367, "0x5": 211, "0x6": 26, "0x7": 14}, "snapshots": null, "memory": null, "statevector": null, "unitary": null}}, {"shots": 4096, "success": true, "status": null, "seed": null, "meas_level": 2, "meas_return": null, "header": {"qubit_labels": [["q", 0], ["q", 1], ["q", 2], ["q", 3], ["q", 4]], "n_qubits": 5, "qreg_sizes": [["q", 5]], "clbit_labels": [["c", 0], ["c", 1], ["c", 2]], "memory_slots": 3, "creg_sizes": [["c", 3]], "name": "circuit-2934080", "global_phase": 0.0, "metadata": {}}, "data": {"counts": {"0x0": 551, "0x1": 622, "0x2": 686, "0x3": 354, "0x4": 601, "0x5": 392, "0x6": 424, "0x7": 466}, "snapshots": null, "memory": null, "statevector": null, "unitary": null}}, {"shots": 4096, "success": true, "status": null, "seed": null, "meas_level": 2, "meas_return": null, "header": {"qubit_labels": [["q", 0], ["q", 1], ["q", 2], ["q", 3], ["q", 4]], "n_qubits": 5, "qreg_sizes": [["q", 5]], "clbit_labels": [["c", 0], ["c", 1], ["c", 2]], "memory_slots": 3, "creg_sizes": [["c", 3]], "name": "circuit-2934081", "global_phase": 0.0, "metadata": {}}, "data": {"counts": {"0x0": 2416, "0x1": 579, "0x2": 227, "0x3": 70, "0x4": 473, "0x5": 270, "0x6": 35, "0x7": 26}, "snapshots": null, "memory": null, "statevector": null, "unitary": null}}, {"shots": 4096, "success": true, "status": null, "seed": null, "meas_level": 2, "meas_return": null, "header": {"qubit_labels": [["q", 0], ["q", 1], ["q", 2], ["q", 3], ["q", 4]], "n_qubits": 5, "qreg_sizes": [["q", 5]], "clbit_labels": [["c", 0], ["c", 1], ["c", 2]], "memory_slots": 3, "creg_sizes": [["c", 3]], "name": "circuit-2935144", "global_phase": 0.0, "metadata": {}}, "data": {"counts": {"0x0": 463, "0x1": 674, "0x2": 741, "0x3": 364, "0x4": 632, "0x5": 352, "0x6": 369, "0x7": 501}, "snapshots": null, "memory": null, "statevector": null, "unitary": null}}, {"shots": 4096, "success": true, "status": null, "seed": null, "meas_level": 2, "meas_return": null, "header": {"qubit_labels": [["q", 0], ["q", 1], ["q", 2], ["q", 3], ["q", 4]], "n_qubits": 5, "qreg_sizes": [["q", 5]], "clbit_labels": [["c", 0], ["c", 1], ["c", 2]], "memory_slots": 3, "creg_sizes": [["c", 3]], "name": "circuit-2935145", "global_phase": 0.0, "metadata": {}}, "data": {"counts": {"0x0": 2312, "0x1": 607, "0x2": 240, "0x3": 65, "0x4": 471, "0x5": 320, "0x6": 49, "0x7": 32}, "snapshots": null, "memory": null, "statevector": null, "unitary": null}}, {"shots": 4096, "success": true, "status": null, "seed": null, "meas_level": 2, "meas_return": null, "header": {"qubit_labels": [["q", 0], ["q", 1], ["q", 2], ["q", 3], ["q", 4]], "n_qubits": 5, "qreg_sizes": [["q", 5]], "clbit_labels": [["c", 0], ["c", 1], ["c", 2]], "memory_slots": 3, "creg_sizes": [["c", 3]], "name": "circuit-2936350", "global_phase": 0.0, "metadata": {}}, "data": {"counts": {"0x0": 477, "0x1": 567, "0x2": 738, "0x3": 400, "0x4": 640, "0x5": 404, "0x6": 402, "0x7": 468}, "snapshots": null, "memory": null, "statevector": null, "unitary": null}}, {"shots": 4096, "success": true, "status": null, "seed": null, "meas_level": 2, "meas_return": null, "header": {"qubit_labels": [["q", 0], ["q", 1], ["q", 2], ["q", 3], ["q", 4]], "n_qubits": 5, "qreg_sizes": [["q", 5]], "clbit_labels": [["c", 0], ["c", 1], ["c", 2]], "memory_slots": 3, "creg_sizes": [["c", 3]], "name": "circuit-2936351", "global_phase": 0.0, "metadata": {}}, "data": {"counts": {"0x0": 2037, "0x1": 766, "0x2": 211, "0x3": 86, "0x4": 559, "0x5": 342, "0x6": 51, "0x7": 44}, "snapshots": null, "memory": null, "statevector": null, "unitary": null}}, {"shots": 4096, "success": true, "status": null, "seed": null, "meas_level": 2, "meas_return": null, "header": {"qubit_labels": [["q", 0], ["q", 1], ["q", 2], ["q", 3], ["q", 4]], "n_qubits": 5, "qreg_sizes": [["q", 5]], "clbit_labels": [["c", 0], ["c", 1], ["c", 2]], "memory_slots": 3, "creg_sizes": [["c", 3]], "name": "circuit-2937686", "global_phase": 0.0, "metadata": {}}, "data": {"counts": {"0x0": 533, "0x1": 472, "0x2": 608, "0x3": 403, "0x4": 691, "0x5": 406, "0x6": 562, "0x7": 421}, "snapshots": null, "memory": null, "statevector": null, "unitary": null}}, {"shots": 4096, "success": true, "status": null, "seed": null, "meas_level": 2, "meas_return": null, "header": {"qubit_labels": [["q", 0], ["q", 1], ["q", 2], ["q", 3], ["q", 4]], "n_qubits": 5, "qreg_sizes": [["q", 5]], "clbit_labels": [["c", 0], ["c", 1], ["c", 2]], "memory_slots": 3, "creg_sizes": [["c", 3]], "name": "circuit-2937687", "global_phase": 0.0, "metadata": {}}, "data": {"counts": {"0x0": 1961, "0x1": 666, "0x2": 287, "0x3": 122, "0x4": 521, "0x5": 401, "0x6": 85, "0x7": 53}, "snapshots": null, "memory": null, "statevector": null, "unitary": null}}, {"shots": 4096, "success": true, "status": null, "seed": null, "meas_level": 2, "meas_return": null, "header": {"qubit_labels": [["q", 0], ["q", 1], ["q", 2], ["q", 3], ["q", 4]], "n_qubits": 5, "qreg_sizes": [["q", 5]], "clbit_labels": [["c", 0], ["c", 1], ["c", 2]], "memory_slots": 3, "creg_sizes": [["c", 3]], "name": "circuit-2939208", "global_phase": 0.0, "metadata": {}}, "data": {"counts": {"0x0": 589, "0x1": 515, "0x2": 489, "0x3": 445, "0x4": 635, "0x5": 469, "0x6": 553, "0x7": 401}, "snapshots": null, "memory": null, "statevector": null, "unitary": null}}, {"shots": 4096, "success": true, "status": null, "seed": null, "meas_level": 2, "meas_return": null, "header": {"qubit_labels": [["q", 0], ["q", 1], ["q", 2], ["q", 3], ["q", 4]], "n_qubits": 5, "qreg_sizes": [["q", 5]], "clbit_labels": [["c", 0], ["c", 1], ["c", 2]], "memory_slots": 3, "creg_sizes": [["c", 3]], "name": "circuit-2939209", "global_phase": 0.0, "metadata": {}}, "data": {"counts": {"0x0": 1956, "0x1": 670, "0x2": 251, "0x3": 99, "0x4": 602, "0x5": 377, "0x6": 88, "0x7": 53}, "snapshots": null, "memory": null, "statevector": null, "unitary": null}}, {"shots": 4096, "success": true, "status": null, "seed": null, "meas_level": 2, "meas_return": null, "header": {"qubit_labels": [["q", 0], ["q", 1], ["q", 2], ["q", 3], ["q", 4]], "n_qubits": 5, "qreg_sizes": [["q", 5]], "clbit_labels": [["c", 0], ["c", 1], ["c", 2]], "memory_slots": 3, "creg_sizes": [["c", 3]], "name": "circuit-2940785", "global_phase": 0.0, "metadata": {}}, "data": {"counts": {"0x0": 620, "0x1": 518, "0x2": 486, "0x3": 472, "0x4": 553, "0x5": 442, "0x6": 595, "0x7": 410}, "snapshots": null, "memory": null, "statevector": null, "unitary": null}}, {"shots": 4096, "success": true, "status": null, "seed": null, "meas_level": 2, "meas_return": null, "header": {"qubit_labels": [["q", 0], ["q", 1], ["q", 2], ["q", 3], ["q", 4]], "n_qubits": 5, "qreg_sizes": [["q", 5]], "clbit_labels": [["c", 0], ["c", 1], ["c", 2]], "memory_slots": 3, "creg_sizes": [["c", 3]], "name": "circuit-2940786", "global_phase": 0.0, "metadata": {}}, "data": {"counts": {"0x0": 1813, "0x1": 823, "0x2": 278, "0x3": 120, "0x4": 557, "0x5": 373, "0x6": 82, "0x7": 50}, "snapshots": null, "memory": null, "statevector": null, "unitary": null}}, {"shots": 4096, "success": true, "status": null, "seed": null, "meas_level": 2, "meas_return": null, "header": {"qubit_labels": [["q", 0], ["q", 1], ["q", 2], ["q", 3], ["q", 4]], "n_qubits": 5, "qreg_sizes": [["q", 5]], "clbit_labels": [["c", 0], ["c", 1], ["c", 2]], "memory_slots": 3, "creg_sizes": [["c", 3]], "name": "circuit-2942527", "global_phase": 0.0, "metadata": {}}, "data": {"counts": {"0x0": 620, "0x1": 441, "0x2": 469, "0x3": 617, "0x4": 511, "0x5": 443, "0x6": 581, "0x7": 414}, "snapshots": null, "memory": null, "statevector": null, "unitary": null}}, {"shots": 4096, "success": true, "status": null, "seed": null, "meas_level": 2, "meas_return": null, "header": {"qubit_labels": [["q", 0], ["q", 1], ["q", 2], ["q", 3], ["q", 4]], "n_qubits": 5, "qreg_sizes": [["q", 5]], "clbit_labels": [["c", 0], ["c", 1], ["c", 2]], "memory_slots": 3, "creg_sizes": [["c", 3]], "name": "circuit-2942528", "global_phase": 0.0, "metadata": {}}, "data": {"counts": {"0x0": 1771, "0x1": 708, "0x2": 312, "0x3": 118, "0x4": 573, "0x5": 417, "0x6": 126, "0x7": 71}, "snapshots": null, "memory": null, "statevector": null, "unitary": null}}, {"shots": 4096, "success": true, "status": null, "seed": null, "meas_level": 2, "meas_return": null, "header": {"qubit_labels": [["q", 0], ["q", 1], ["q", 2], ["q", 3], ["q", 4]], "n_qubits": 5, "qreg_sizes": [["q", 5]], "clbit_labels": [["c", 0], ["c", 1], ["c", 2]], "memory_slots": 3, "creg_sizes": [["c", 3]], "name": "circuit-2944477", "global_phase": 0.0, "metadata": {}}, "data": {"counts": {"0x0": 594, "0x1": 425, "0x2": 533, "0x3": 528, "0x4": 503, "0x5": 495, "0x6": 639, "0x7": 379}, "snapshots": null, "memory": null, "statevector": null, "unitary": null}}, {"shots": 4096, "success": true, "status": null, "seed": null, "meas_level": 2, "meas_return": null, "header": {"qubit_labels": [["q", 0], ["q", 1], ["q", 2], ["q", 3], ["q", 4]], "n_qubits": 5, "qreg_sizes": [["q", 5]], "clbit_labels": [["c", 0], ["c", 1], ["c", 2]], "memory_slots": 3, "creg_sizes": [["c", 3]], "name": "circuit-2944478", "global_phase": 0.0, "metadata": {}}, "data": {"counts": {"0x0": 1461, "0x1": 940, "0x2": 269, "0x3": 174, "0x4": 609, "0x5": 464, "0x6": 96, "0x7": 83}, "snapshots": null, "memory": null, "statevector": null, "unitary": null}}, {"shots": 4096, "success": true, "status": null, "seed": null, "meas_level": 2, "meas_return": null, "header": {"qubit_labels": [["q", 0], ["q", 1], ["q", 2], ["q", 3], ["q", 4]], "n_qubits": 5, "qreg_sizes": [["q", 5]], "clbit_labels": [["c", 0], ["c", 1], ["c", 2]], "memory_slots": 3, "creg_sizes": [["c", 3]], "name": "circuit-2946537", "global_phase": 0.0, "metadata": {}}, "data": {"counts": {"0x0": 689, "0x1": 488, "0x2": 467, "0x3": 523, "0x4": 532, "0x5": 514, "0x6": 505, "0x7": 378}, "snapshots": null, "memory": null, "statevector": null, "unitary": null}}, {"shots": 4096, "success": true, "status": null, "seed": null, "meas_level": 2, "meas_return": null, "header": {"qubit_labels": [["q", 0], ["q", 1], ["q", 2], ["q", 3], ["q", 4]], "n_qubits": 5, "qreg_sizes": [["q", 5]], "clbit_labels": [["c", 0], ["c", 1], ["c", 2]], "memory_slots": 3, "creg_sizes": [["c", 3]], "name": "circuit-2946538", "global_phase": 0.0, "metadata": {}}, "data": {"counts": {"0x0": 1548, "0x1": 783, "0x2": 329, "0x3": 178, "0x4": 590, "0x5": 440, "0x6": 157, "0x7": 71}, "snapshots": null, "memory": null, "statevector": null, "unitary": null}}, {"shots": 4096, "success": true, "status": null, "seed": null, "meas_level": 2, "meas_return": null, "header": {"qubit_labels": [["q", 0], ["q", 1], ["q", 2], ["q", 3], ["q", 4]], "n_qubits": 5, "qreg_sizes": [["q", 5]], "clbit_labels": [["c", 0], ["c", 1], ["c", 2]], "memory_slots": 3, "creg_sizes": [["c", 3]], "name": "circuit-2948700", "global_phase": 0.0, "metadata": {}}, "data": {"counts": {"0x0": 567, "0x1": 458, "0x2": 566, "0x3": 488, "0x4": 529, "0x5": 390, "0x6": 637, "0x7": 461}, "snapshots": null, "memory": null, "statevector": null, "unitary": null}}, {"shots": 4096, "success": true, "status": null, "seed": null, "meas_level": 2, "meas_return": null, "header": {"qubit_labels": [["q", 0], ["q", 1], ["q", 2], ["q", 3], ["q", 4]], "n_qubits": 5, "qreg_sizes": [["q", 5]], "clbit_labels": [["c", 0], ["c", 1], ["c", 2]], "memory_slots": 3, "creg_sizes": [["c", 3]], "name": "circuit-2948701", "global_phase": 0.0, "metadata": {}}, "data": {"counts": {"0x0": 1333, "0x1": 905, "0x2": 355, "0x3": 172, "0x4": 611, "0x5": 475, "0x6": 150, "0x7": 95}, "snapshots": null, "memory": null, "statevector": null, "unitary": null}}, {"shots": 4096, "success": true, "status": null, "seed": null, "meas_level": 2, "meas_return": null, "header": {"qubit_labels": [["q", 0], ["q", 1], ["q", 2], ["q", 3], ["q", 4]], "n_qubits": 5, "qreg_sizes": [["q", 5]], "clbit_labels": [["c", 0], ["c", 1], ["c", 2]], "memory_slots": 3, "creg_sizes": [["c", 3]], "name": "circuit-2951021", "global_phase": 0.0, "metadata": {}}, "data": {"counts": {"0x0": 619, "0x1": 497, "0x2": 504, "0x3": 556, "0x4": 555, "0x5": 501, "0x6": 466, "0x7": 398}, "snapshots": null, "memory": null, "statevector": null, "unitary": null}}, {"shots": 4096, "success": true, "status": null, "seed": null, "meas_level": 2, "meas_return": null, "header": {"qubit_labels": [["q", 0], ["q", 1], ["q", 2], ["q", 3], ["q", 4]], "n_qubits": 5, "qreg_sizes": [["q", 5]], "clbit_labels": [["c", 0], ["c", 1], ["c", 2]], "memory_slots": 3, "creg_sizes": [["c", 3]], "name": "circuit-2951022", "global_phase": 0.0, "metadata": {}}, "data": {"counts": {"0x0": 1328, "0x1": 873, "0x2": 334, "0x3": 211, "0x4": 587, "0x5": 487, "0x6": 142, "0x7": 134}, "snapshots": null, "memory": null, "statevector": null, "unitary": null}}, {"shots": 4096, "success": true, "status": null, "seed": null, "meas_level": 2, "meas_return": null, "header": {"qubit_labels": [["q", 0], ["q", 1], ["q", 2], ["q", 3], ["q", 4]], "n_qubits": 5, "qreg_sizes": [["q", 5]], "clbit_labels": [["c", 0], ["c", 1], ["c", 2]], "memory_slots": 3, "creg_sizes": [["c", 3]], "name": "circuit-2953513", "global_phase": 0.0, "metadata": {}}, "data": {"counts": {"0x0": 575, "0x1": 512, "0x2": 519, "0x3": 417, "0x4": 559, "0x5": 527, "0x6": 547, "0x7": 440}, "snapshots": null, "memory": null, "statevector": null, "unitary": null}}, {"shots": 4096, "success": true, "status": null, "seed": null, "meas_level": 2, "meas_return": null, "header": {"qubit_labels": [["q", 0], ["q", 1], ["q", 2], ["q", 3], ["q", 4]], "n_qubits": 5, "qreg_sizes": [["q", 5]], "clbit_labels": [["c", 0], ["c", 1], ["c", 2]], "memory_slots": 3, "creg_sizes": [["c", 3]], "name": "circuit-2953514", "global_phase": 0.0, "metadata": {}}, "data": {"counts": {"0x0": 1281, "0x1": 847, "0x2": 353, "0x3": 196, "0x4": 585, "0x5": 548, "0x6": 156, "0x7": 130}, "snapshots": null, "memory": null, "statevector": null, "unitary": null}}, {"shots": 4096, "success": true, "status": null, "seed": null, "meas_level": 2, "meas_return": null, "header": {"qubit_labels": [["q", 0], ["q", 1], ["q", 2], ["q", 3], ["q", 4]], "n_qubits": 5, "qreg_sizes": [["q", 5]], "clbit_labels": [["c", 0], ["c", 1], ["c", 2]], "memory_slots": 3, "creg_sizes": [["c", 3]], "name": "circuit-2956108", "global_phase": 0.0, "metadata": {}}, "data": {"counts": {"0x0": 527, "0x1": 486, "0x2": 513, "0x3": 507, "0x4": 629, "0x5": 475, "0x6": 517, "0x7": 442}, "snapshots": null, "memory": null, "statevector": null, "unitary": null}}, {"shots": 4096, "success": true, "status": null, "seed": null, "meas_level": 2, "meas_return": null, "header": {"qubit_labels": [["q", 0], ["q", 1], ["q", 2], ["q", 3], ["q", 4]], "n_qubits": 5, "qreg_sizes": [["q", 5]], "clbit_labels": [["c", 0], ["c", 1], ["c", 2]], "memory_slots": 3, "creg_sizes": [["c", 3]], "name": "circuit-2956109", "global_phase": 0.0, "metadata": {}}, "data": {"counts": {"0x0": 1339, "0x1": 765, "0x2": 340, "0x3": 229, "0x4": 610, "0x5": 499, "0x6": 167, "0x7": 147}, "snapshots": null, "memory": null, "statevector": null, "unitary": null}}, {"shots": 4096, "success": true, "status": null, "seed": null, "meas_level": 2, "meas_return": null, "header": {"qubit_labels": [["q", 0], ["q", 1], ["q", 2], ["q", 3], ["q", 4]], "n_qubits": 5, "qreg_sizes": [["q", 5]], "clbit_labels": [["c", 0], ["c", 1], ["c", 2]], "memory_slots": 3, "creg_sizes": [["c", 3]], "name": "circuit-2958838", "global_phase": 0.0, "metadata": {}}, "data": {"counts": {"0x0": 539, "0x1": 494, "0x2": 554, "0x3": 487, "0x4": 578, "0x5": 453, "0x6": 534, "0x7": 457}, "snapshots": null, "memory": null, "statevector": null, "unitary": null}}, {"shots": 4096, "success": true, "status": null, "seed": null, "meas_level": 2, "meas_return": null, "header": {"qubit_labels": [["q", 0], ["q", 1], ["q", 2], ["q", 3], ["q", 4]], "n_qubits": 5, "qreg_sizes": [["q", 5]], "clbit_labels": [["c", 0], ["c", 1], ["c", 2]], "memory_slots": 3, "creg_sizes": [["c", 3]], "name": "circuit-2958839", "global_phase": 0.0, "metadata": {}}, "data": {"counts": {"0x0": 1269, "0x1": 804, "0x2": 373, "0x3": 266, "0x4": 620, "0x5": 476, "0x6": 156, "0x7": 132}, "snapshots": null, "memory": null, "statevector": null, "unitary": null}}, {"shots": 4096, "success": true, "status": null, "seed": null, "meas_level": 2, "meas_return": null, "header": {"qubit_labels": [["q", 0], ["q", 1], ["q", 2], ["q", 3], ["q", 4]], "n_qubits": 5, "qreg_sizes": [["q", 5]], "clbit_labels": [["c", 0], ["c", 1], ["c", 2]], "memory_slots": 3, "creg_sizes": [["c", 3]], "name": "circuit-2961737", "global_phase": 0.0, "metadata": {}}, "data": {"counts": {"0x0": 540, "0x1": 577, "0x2": 545, "0x3": 477, "0x4": 568, "0x5": 427, "0x6": 531, "0x7": 431}, "snapshots": null, "memory": null, "statevector": null, "unitary": null}}, {"shots": 4096, "success": true, "status": null, "seed": null, "meas_level": 2, "meas_return": null, "header": {"qubit_labels": [["q", 0], ["q", 1], ["q", 2], ["q", 3], ["q", 4]], "n_qubits": 5, "qreg_sizes": [["q", 5]], "clbit_labels": [["c", 0], ["c", 1], ["c", 2]], "memory_slots": 3, "creg_sizes": [["c", 3]], "name": "circuit-2961738", "global_phase": 0.0, "metadata": {}}, "data": {"counts": {"0x0": 1258, "0x1": 761, "0x2": 413, "0x3": 246, "0x4": 618, "0x5": 480, "0x6": 202, "0x7": 118}, "snapshots": null, "memory": null, "statevector": null, "unitary": null}}], "error": null}