{"backend_name": "ibmq_quito", "backend_version": "1.1.33", "qobj_id": "5209df8c-e6f8-4621-844f-8256153b4c8b", "job_id": "62e1864dfb9fa12810a31ebf", "date": "2022-07-27T18:49:24Z", "success": true, "status": "Successful completion", "execution_id": "839c8cf2-0ddc-11ed-986f-b02628f7f59e", "time_taken": 137.69671154022217, "header": {"backend_name": "ibmq_quito", "backend_version": "1.1.33"}, "results": [{"shots": 4096, "success": true, "status": null, "seed": null, "meas_level": 2, "meas_return": null, "header": {"qubit_labels": [["q", 0], ["q", 1], ["q", 2], ["q", 3], ["q", 4]], "n_qubits": 5, "qreg_sizes": [["q", 5]], "clbit_labels": [["c", 0], ["c", 1], ["c", 2]], "memory_slots": 3, "creg_sizes": [["c", 3]], "name": "circuit-864773", "global_phase": 0.0, "metadata": {}}, "data": {"counts": {"0x0": 388, "0x1": 663, "0x2": 527, "0x3": 331, "0x4": 669, "0x5": 420, "0x6": 378, "0x7": 720}, "snapshots": null, "memory": null, "statevector": null, "unitary": null}}, {"shots": 4096, "success": true, "status": null, "seed": null, "meas_level": 2, "meas_return": null, "header": {"qubit_labels": [["q", 0], ["q", 1], ["q", 2], ["q", 3], ["q", 4]], "n_qubits": 5, "qreg_sizes": [["q", 5]], "clbit_labels": [["c", 0], ["c", 1], ["c", 2]], "memory_slots": 3, "creg_sizes": [["c", 3]], "name": "circuit-864774", "global_phase": 0.0, "metadata": {}}, "data": {"counts": {"0x0": 2152, "0x1": 382, "0x2": 404, "0x3": 52, "0x4": 630, "0x5": 293, "0x6": 121, "0x7": 62}, "snapshots": null, "memory": null, "statevector": null, "unitary": null}}, {"shots": 4096, "success": true, "status": null, "seed": null, "meas_level": 2, "meas_return": null, "header": {"qubit_labels": [["q", 0], ["q", 1], ["q", 2], ["q", 3], ["q", 4]], "n_qubits": 5, "qreg_sizes": [["q", 5]], "clbit_labels": [["c", 0], ["c", 1], ["c", 2]], "memory_slots": 3, "creg_sizes": [["c", 3]], "name": "circuit-866502", "global_phase": 0.0, "metadata": {}}, "data": {"counts": {"0x0": 489, "0x1": 715, "0x2": 651, "0x3": 516, "0x4": 483, "0x5": 405, "0x6": 431, "0x7": 406}, "snapshots": null, "memory": null, "statevector": null, "unitary": null}}, {"shots": 4096, "success": true, "status": null, "seed": null, "meas_level": 2, "meas_return": null, "header": {"qubit_labels": [["q", 0], ["q", 1], ["q", 2], ["q", 3], ["q", 4]], "n_qubits": 5, "qreg_sizes": [["q", 5]], "clbit_labels": [["c", 0], ["c", 1], ["c", 2]], "memory_slots": 3, "creg_sizes": [["c", 3]], "name": "circuit-866503", "global_phase": 0.0, "metadata": {}}, "data": {"counts": {"0x0": 2118, "0x1": 444, "0x2": 346, "0x3": 59, "0x4": 681, "0x5": 296, "0x6": 113, "0x7": 39}, "snapshots": null, "memory": null, "statevector": null, "unitary": null}}, {"shots": 4096, "success": true, "status": null, "seed": null, "meas_level": 2, "meas_return": null, "header": {"qubit_labels": [["q", 0], ["q", 1], ["q", 2], ["q", 3], ["q", 4]], "n_qubits": 5, "qreg_sizes": [["q", 5]], "clbit_labels": [["c", 0], ["c", 1], ["c", 2]], "memory_slots": 3, "creg_sizes": [["c", 3]], "name": "circuit-868469", "global_phase": 0.0, "metadata": {}}, "data": {"counts": {"0x0": 472, "0x1": 492, "0x2": 467, "0x3": 480, "0x4": 508, "0x5": 678, "0x6": 621, "0x7": 378}, "snapshots": null, "memory": null, "statevector": null, "unitary": null}}, {"shots": 4096, "success": true, "status": null, "seed": null, "meas_level": 2, "meas_return": null, "header": {"qubit_labels": [["q", 0], ["q", 1], ["q", 2], ["q", 3], ["q", 4]], "n_qubits": 5, "qreg_sizes": [["q", 5]], "clbit_labels": [["c", 0], ["c", 1], ["c", 2]], "memory_slots": 3, "creg_sizes": [["c", 3]], "name": "circuit-868470", "global_phase": 0.0, "metadata": {}}, "data": {"counts": {"0x0": 1978, "0x1": 448, "0x2": 417, "0x3": 78, "0x4": 559, "0x5": 450, "0x6": 99, "0x7": 67}, "snapshots": null, "memory": null, "statevector": null, "unitary": null}}, {"shots": 4096, "success": true, "status": null, "seed": null, "meas_level": 2, "meas_return": null, "header": {"qubit_labels": [["q", 0], ["q", 1], ["q", 2], ["q", 3], ["q", 4]], "n_qubits": 5, "qreg_sizes": [["q", 5]], "clbit_labels": [["c", 0], ["c", 1], ["c", 2]], "memory_slots": 3, "creg_sizes": [["c", 3]], "name": "circuit-870548", "global_phase": 0.0, "metadata": {}}, "data": {"counts": {"0x0": 744, "0x1": 407, "0x2": 436, "0x3": 560, "0x4": 494, "0x5": 541, "0x6": 520, "0x7": 394}, "snapshots": null, "memory": null, "statevector": null, "unitary": null}}, {"shots": 4096, "success": true, "status": null, "seed": null, "meas_level": 2, "meas_return": null, "header": {"qubit_labels": [["q", 0], ["q", 1], ["q", 2], ["q", 3], ["q", 4]], "n_qubits": 5, "qreg_sizes": [["q", 5]], "clbit_labels": [["c", 0], ["c", 1], ["c", 2]], "memory_slots": 3, "creg_sizes": [["c", 3]], "name": "circuit-870549", "global_phase": 0.0, "metadata": {}}, "data": {"counts": {"0x0": 1741, "0x1": 490, "0x2": 409, "0x3": 107, "0x4": 698, "0x5": 389, "0x6": 168, "0x7": 94}, "snapshots": null, "memory": null, "statevector": null, "unitary": null}}, {"shots": 4096, "success": true, "status": null, "seed": null, "meas_level": 2, "meas_return": null, "header": {"qubit_labels": [["q", 0], ["q", 1], ["q", 2], ["q", 3], ["q", 4]], "n_qubits": 5, "qreg_sizes": [["q", 5]], "clbit_labels": [["c", 0], ["c", 1], ["c", 2]], "memory_slots": 3, "creg_sizes": [["c", 3]], "name": "circuit-872712", "global_phase": 0.0, "metadata": {}}, "data": {"counts": {"0x0": 720, "0x1": 472, "0x2": 459, "0x3": 651, "0x4": 373, "0x5": 583, "0x6": 490, "0x7": 348}, "snapshots": null, "memory": null, "statevector": null, "unitary": null}}, {"shots": 4096, "success": true, "status": null, "seed": null, "meas_level": 2, "meas_return": null, "header": {"qubit_labels": [["q", 0], ["q", 1], ["q", 2], ["q", 3], ["q", 4]], "n_qubits": 5, "qreg_sizes": [["q", 5]], "clbit_labels": [["c", 0], ["c", 1], ["c", 2]], "memory_slots": 3, "creg_sizes": [["c", 3]], "name": "circuit-872713", "global_phase": 0.0, "metadata": {}}, "data": {"counts": {"0x0": 1995, "0x1": 454, "0x2": 415, "0x3": 94, "0x4": 565, "0x5": 366, "0x6": 120, "0x7": 87}, "snapshots": null, "memory": null, "statevector": null, "unitary": null}}, {"shots": 4096, "success": true, "status": null, "seed": null, "meas_level": 2, "meas_return": null, "header": {"qubit_labels": [["q", 0], ["q", 1], ["q", 2], ["q", 3], ["q", 4]], "n_qubits": 5, "qreg_sizes": [["q", 5]], "clbit_labels": [["c", 0], ["c", 1], ["c", 2]], "memory_slots": 3, "creg_sizes": [["c", 3]], "name": "circuit-875053", "global_phase": 0.0, "metadata": {}}, "data": {"counts": {"0x0": 613, "0x1": 417, "0x2": 374, "0x3": 599, "0x4": 527, "0x5": 600, "0x6": 573, "0x7": 393}, "snapshots": null, "memory": null, "statevector": null, "unitary": null}}, {"shots": 4096, "success": true, "status": null, "seed": null, "meas_level": 2, "meas_return": null, "header": {"qubit_labels": [["q", 0], ["q", 1], ["q", 2], ["q", 3], ["q", 4]], "n_qubits": 5, "qreg_sizes": [["q", 5]], "clbit_labels": [["c", 0], ["c", 1], ["c", 2]], "memory_slots": 3, "creg_sizes": [["c", 3]], "name": "circuit-875054", "global_phase": 0.0, "metadata": {}}, "data": {"counts": {"0x0": 1569, "0x1": 468, "0x2": 398, "0x3": 95, "0x4": 892, "0x5": 356, "0x6": 219, "0x7": 99}, "snapshots": null, "memory": null, "statevector": null, "unitary": null}}, {"shots": 4096, "success": true, "status": null, "seed": null, "meas_level": 2, "meas_return": null, "header": {"qubit_labels": [["q", 0], ["q", 1], ["q", 2], ["q", 3], ["q", 4]], "n_qubits": 5, "qreg_sizes": [["q", 5]], "clbit_labels": [["c", 0], ["c", 1], ["c", 2]], "memory_slots": 3, "creg_sizes": [["c", 3]], "name": "circuit-877509", "global_phase": 0.0, "metadata": {}}, "data": {"counts": {"0x0": 637, "0x1": 433, "0x2": 356, "0x3": 663, "0x4": 471, "0x5": 559, "0x6": 625, "0x7": 352}, "snapshots": null, "memory": null, "statevector": null, "unitary": null}}, {"shots": 4096, "success": true, "status": null, "seed": null, "meas_level": 2, "meas_return": null, "header": {"qubit_labels": [["q", 0], ["q", 1], ["q", 2], ["q", 3], ["q", 4]], "n_qubits": 5, "qreg_sizes": [["q", 5]], "clbit_labels": [["c", 0], ["c", 1], ["c", 2]], "memory_slots": 3, "creg_sizes": [["c", 3]], "name": "circuit-877510", "global_phase": 0.0, "metadata": {}}, "data": {"counts": {"0x0": 1687, "0x1": 426, "0x2": 429, "0x3": 119, "0x4": 799, "0x5": 318, "0x6": 231, "0x7": 87}, "snapshots": null, "memory": null, "statevector": null, "unitary": null}}, {"shots": 4096, "success": true, "status": null, "seed": null, "meas_level": 2, "meas_return": null, "header": {"qubit_labels": [["q", 0], ["q", 1], ["q", 2], ["q", 3], ["q", 4]], "n_qubits": 5, "qreg_sizes": [["q", 5]], "clbit_labels": [["c", 0], ["c", 1], ["c", 2]], "memory_slots": 3, "creg_sizes": [["c", 3]], "name": "circuit-880151", "global_phase": 0.0, "metadata": {}}, "data": {"counts": {"0x0": 776, "0x1": 362, "0x2": 412, "0x3": 524, "0x4": 458, "0x5": 583, "0x6": 571, "0x7": 410}, "snapshots": null, "memory": null, "statevector": null, "unitary": null}}, {"shots": 4096, "success": true, "status": null, "seed": null, "meas_level": 2, "meas_return": null, "header": {"qubit_labels": [["q", 0], ["q", 1], ["q", 2], ["q", 3], ["q", 4]], "n_qubits": 5, "qreg_sizes": [["q", 5]], "clbit_labels": [["c", 0], ["c", 1], ["c", 2]], "memory_slots": 3, "creg_sizes": [["c", 3]], "name": "circuit-880152", "global_phase": 0.0, "metadata": {}}, "data": {"counts": {"0x0": 1742, "0x1": 594, "0x2": 433, "0x3": 153, "0x4": 589, "0x5": 366, "0x6": 135, "0x7": 84}, "snapshots": null, "memory": null, "statevector": null, "unitary": null}}, {"shots": 4096, "success": true, "status": null, "seed": null, "meas_level": 2, "meas_return": null, "header": {"qubit_labels": [["q", 0], ["q", 1], ["q", 2], ["q", 3], ["q", 4]], "n_qubits": 5, "qreg_sizes": [["q", 5]], "clbit_labels": [["c", 0], ["c", 1], ["c", 2]], "memory_slots": 3, "creg_sizes": [["c", 3]], "name": "circuit-882925", "global_phase": 0.0, "metadata": {}}, "data": {"counts": {"0x0": 528, "0x1": 504, "0x2": 451, "0x3": 593, "0x4": 400, "0x5": 668, "0x6": 556, "0x7": 396}, "snapshots": null, "memory": null, "statevector": null, "unitary": null}}, {"shots": 4096, "success": true, "status": null, "seed": null, "meas_level": 2, "meas_return": null, "header": {"qubit_labels": [["q", 0], ["q", 1], ["q", 2], ["q", 3], ["q", 4]], "n_qubits": 5, "qreg_sizes": [["q", 5]], "clbit_labels": [["c", 0], ["c", 1], ["c", 2]], "memory_slots": 3, "creg_sizes": [["c", 3]], "name": "circuit-882926", "global_phase": 0.0, "metadata": {}}, "data": {"counts": {"0x0": 1739, "0x1": 481, "0x2": 486, "0x3": 106, "0x4": 630, "0x5": 386, "0x6": 163, "0x7": 105}, "snapshots": null, "memory": null, "statevector": null, "unitary": null}}, {"shots": 4096, "success": true, "status": null, "seed": null, "meas_level": 2, "meas_return": null, "header": {"qubit_labels": [["q", 0], ["q", 1], ["q", 2], ["q", 3], ["q", 4]], "n_qubits": 5, "qreg_sizes": [["q", 5]], "clbit_labels": [["c", 0], ["c", 1], ["c", 2]], "memory_slots": 3, "creg_sizes": [["c", 3]], "name": "circuit-885826", "global_phase": 0.0, "metadata": {}}, "data": {"counts": {"0x0": 486, "0x1": 509, "0x2": 402, "0x3": 439, "0x4": 532, "0x5": 710, "0x6": 497, "0x7": 521}, "snapshots": null, "memory": null, "statevector": null, "unitary": null}}, {"shots": 4096, "success": true, "status": null, "seed": null, "meas_level": 2, "meas_return": null, "header": {"qubit_labels": [["q", 0], ["q", 1], ["q", 2], ["q", 3], ["q", 4]], "n_qubits": 5, "qreg_sizes": [["q", 5]], "clbit_labels": [["c", 0], ["c", 1], ["c", 2]], "memory_slots": 3, "creg_sizes": [["c", 3]], "name": "circuit-885827", "global_phase": 0.0, "metadata": {}}, "data": {"counts": {"0x0": 1638, "0x1": 498, "0x2": 418, "0x3": 125, "0x4": 714, "0x5": 372, "0x6": 222, "0x7": 109}, "snapshots": null, "memory": null, "statevector": null, "unitary": null}}, {"shots": 4096, "success": true, "status": null, "seed": null, "meas_level": 2, "meas_return": null, "header": {"qubit_labels": [["q", 0], ["q", 1], ["q", 2], ["q", 3], ["q", 4]], "n_qubits": 5, "qreg_sizes": [["q", 5]], "clbit_labels": [["c", 0], ["c", 1], ["c", 2]], "memory_slots": 3, "creg_sizes": [["c", 3]], "name": "circuit-888889", "global_phase": 0.0, "metadata": {}}, "data": {"counts": {"0x0": 975, "0x1": 235, "0x2": 203, "0x3": 916, "0x4": 229, "0x5": 762, "0x6": 671, "0x7": 105}, "snapshots": null, "memory": null, "statevector": null, "unitary": null}}, {"shots": 4096, "success": true, "status": null, "seed": null, "meas_level": 2, "meas_return": null, "header": {"qubit_labels": [["q", 0], ["q", 1], ["q", 2], ["q", 3], ["q", 4]], "n_qubits": 5, "qreg_sizes": [["q", 5]], "clbit_labels": [["c", 0], ["c", 1], ["c", 2]], "memory_slots": 3, "creg_sizes": [["c", 3]], "name": "circuit-888890", "global_phase": 0.0, "metadata": {}}, "data": {"counts": {"0x0": 3618, "0x1": 117, "0x2": 95, "0x3": 5, "0x4": 247, "0x5": 12, "0x6": 2}, "snapshots": null, "memory": null, "statevector": null, "unitary": null}}, {"shots": 4096, "success": true, "status": null, "seed": null, "meas_level": 2, "meas_return": null, "header": {"qubit_labels": [["q", 0], ["q", 1], ["q", 2], ["q", 3], ["q", 4]], "n_qubits": 5, "qreg_sizes": [["q", 5]], "clbit_labels": [["c", 0], ["c", 1], ["c", 2]], "memory_slots": 3, "creg_sizes": [["c", 3]], "name": "circuit-889243", "global_phase": 0.0, "metadata": {}}, "data": {"counts": {"0x0": 780, "0x1": 370, "0x2": 257, "0x3": 625, "0x4": 329, "0x5": 745, "0x6": 796, "0x7": 194}, "snapshots": null, "memory": null, "statevector": null, "unitary": null}}, {"shots": 4096, "success": true, "status": null, "seed": null, "meas_level": 2, "meas_return": null, "header": {"qubit_labels": [["q", 0], ["q", 1], ["q", 2], ["q", 3], ["q", 4]], "n_qubits": 5, "qreg_sizes": [["q", 5]], "clbit_labels": [["c", 0], ["c", 1], ["c", 2]], "memory_slots": 3, "creg_sizes": [["c", 3]], "name": "circuit-889244", "global_phase": 0.0, "metadata": {}}, "data": {"counts": {"0x0": 3403, "0x1": 179, "0x2": 132, "0x3": 12, "0x4": 231, "0x5": 127, "0x6": 2, "0x7": 10}, "snapshots": null, "memory": null, "statevector": null, "unitary": null}}, {"shots": 4096, "success": true, "status": null, "seed": null, "meas_level": 2, "meas_return": null, "header": {"qubit_labels": [["q", 0], ["q", 1], ["q", 2], ["q", 3], ["q", 4]], "n_qubits": 5, "qreg_sizes": [["q", 5]], "clbit_labels": [["c", 0], ["c", 1], ["c", 2]], "memory_slots": 3, "creg_sizes": [["c", 3]], "name": "circuit-889730", "global_phase": 0.0, "metadata": {}}, "data": {"counts": {"0x0": 730, "0x1": 487, "0x2": 325, "0x3": 548, "0x4": 337, "0x5": 684, "0x6": 664, "0x7": 321}, "snapshots": null, "memory": null, "statevector": null, "unitary": null}}, {"shots": 4096, "success": true, "status": null, "seed": null, "meas_level": 2, "meas_return": null, "header": {"qubit_labels": [["q", 0], ["q", 1], ["q", 2], ["q", 3], ["q", 4]], "n_qubits": 5, "qreg_sizes": [["q", 5]], "clbit_labels": [["c", 0], ["c", 1], ["c", 2]], "memory_slots": 3, "creg_sizes": [["c", 3]], "name": "circuit-889731", "global_phase": 0.0, "metadata": {}}, "data": {"counts": {"0x0": 3137, "0x1": 188, "0x2": 184, "0x3": 12, "0x4": 316, "0x5": 223, "0x6": 17, "0x7": 19}, "snapshots": null, "memory": null, "statevector": null, "unitary": null}}, {"shots": 4096, "success": true, "status": null, "seed": null, "meas_level": 2, "meas_return": null, "header": {"qubit_labels": [["q", 0], ["q", 1], ["q", 2], ["q", 3], ["q", 4]], "n_qubits": 5, "qreg_sizes": [["q", 5]], "clbit_labels": [["c", 0], ["c", 1], ["c", 2]], "memory_slots": 3, "creg_sizes": [["c", 3]], "name": "circuit-890370", "global_phase": 0.0, "metadata": {}}, "data": {"counts": {"0x0": 676, "0x1": 504, "0x2": 535, "0x3": 479, "0x4": 509, "0x5": 572, "0x6": 524, "0x7": 297}, "snapshots": null, "memory": null, "statevector": null, "unitary": null}}, {"shots": 4096, "success": true, "status": null, "seed": null, "meas_level": 2, "meas_return": null, "header": {"qubit_labels": [["q", 0], ["q", 1], ["q", 2], ["q", 3], ["q", 4]], "n_qubits": 5, "qreg_sizes": [["q", 5]], "clbit_labels": [["c", 0], ["c", 1], ["c", 2]], "memory_slots": 3, "creg_sizes": [["c", 3]], "name": "circuit-890371", "global_phase": 0.0, "metadata": {}}, "data": {"counts": {"0x0": 3068, "0x1": 194, "0x2": 210, "0x3": 23, "0x4": 435, "0x5": 121, "0x6": 37, "0x7": 8}, "snapshots": null, "memory": null, "statevector": null, "unitary": null}}, {"shots": 4096, "success": true, "status": null, "seed": null, "meas_level": 2, "meas_return": null, "header": {"qubit_labels": [["q", 0], ["q", 1], ["q", 2], ["q", 3], ["q", 4]], "n_qubits": 5, "qreg_sizes": [["q", 5]], "clbit_labels": [["c", 0], ["c", 1], ["c", 2]], "memory_slots": 3, "creg_sizes": [["c", 3]], "name": "circuit-891131", "global_phase": 0.0, "metadata": {}}, "data": {"counts": {"0x0": 535, "0x1": 529, "0x2": 498, "0x3": 479, "0x4": 655, "0x5": 477, "0x6": 477, "0x7": 446}, "snapshots": null, "memory": null, "statevector": null, "unitary": null}}, {"shots": 4096, "success": true, "status": null, "seed": null, "meas_level": 2, "meas_return": null, "header": {"qubit_labels": [["q", 0], ["q", 1], ["q", 2], ["q", 3], ["q", 4]], "n_qubits": 5, "qreg_sizes": [["q", 5]], "clbit_labels": [["c", 0], ["c", 1], ["c", 2]], "memory_slots": 3, "creg_sizes": [["c", 3]], "name": "circuit-891132", "global_phase": 0.0, "metadata": {}}, "data": {"counts": {"0x0": 2895, "0x1": 307, "0x2": 228, "0x3": 21, "0x4": 387, "0x5": 212, "0x6": 31, "0x7": 15}, "snapshots": null, "memory": null, "statevector": null, "unitary": null}}, {"shots": 4096, "success": true, "status": null, "seed": null, "meas_level": 2, "meas_return": null, "header": {"qubit_labels": [["q", 0], ["q", 1], ["q", 2], ["q", 3], ["q", 4]], "n_qubits": 5, "qreg_sizes": [["q", 5]], "clbit_labels": [["c", 0], ["c", 1], ["c", 2]], "memory_slots": 3, "creg_sizes": [["c", 3]], "name": "circuit-892024", "global_phase": 0.0, "metadata": {}}, "data": {"counts": {"0x0": 474, "0x1": 658, "0x2": 684, "0x3": 441, "0x4": 705, "0x5": 353, "0x6": 319, "0x7": 462}, "snapshots": null, "memory": null, "statevector": null, "unitary": null}}, {"shots": 4096, "success": true, "status": null, "seed": null, "meas_level": 2, "meas_return": null, "header": {"qubit_labels": [["q", 0], ["q", 1], ["q", 2], ["q", 3], ["q", 4]], "n_qubits": 5, "qreg_sizes": [["q", 5]], "clbit_labels": [["c", 0], ["c", 1], ["c", 2]], "memory_slots": 3, "creg_sizes": [["c", 3]], "name": "circuit-892025", "global_phase": 0.0, "metadata": {}}, "data": {"counts": {"0x0": 2696, "0x1": 328, "0x2": 224, "0x3": 36, "0x4": 575, "0x5": 154, "0x6": 68, "0x7": 15}, "snapshots": null, "memory": null, "statevector": null, "unitary": null}}, {"shots": 4096, "success": true, "status": null, "seed": null, "meas_level": 2, "meas_return": null, "header": {"qubit_labels": [["q", 0], ["q", 1], ["q", 2], ["q", 3], ["q", 4]], "n_qubits": 5, "qreg_sizes": [["q", 5]], "clbit_labels": [["c", 0], ["c", 1], ["c", 2]], "memory_slots": 3, "creg_sizes": [["c", 3]], "name": "circuit-893072", "global_phase": 0.0, "metadata": {}}, "data": {"counts": {"0x0": 405, "0x1": 685, "0x2": 767, "0x3": 281, "0x4": 762, "0x5": 316, "0x6": 278, "0x7": 602}, "snapshots": null, "memory": null, "statevector": null, "unitary": null}}, {"shots": 4096, "success": true, "status": null, "seed": null, "meas_level": 2, "meas_return": null, "header": {"qubit_labels": [["q", 0], ["q", 1], ["q", 2], ["q", 3], ["q", 4]], "n_qubits": 5, "qreg_sizes": [["q", 5]], "clbit_labels": [["c", 0], ["c", 1], ["c", 2]], "memory_slots": 3, "creg_sizes": [["c", 3]], "name": "circuit-893073", "global_phase": 0.0, "metadata": {}}, "data": {"counts": {"0x0": 2594, "0x1": 278, "0x2": 276, "0x3": 26, "0x4": 563, "0x5": 261, "0x6": 70, "0x7": 28}, "snapshots": null, "memory": null, "statevector": null, "unitary": null}}, {"shots": 4096, "success": true, "status": null, "seed": null, "meas_level": 2, "meas_return": null, "header": {"qubit_labels": [["q", 0], ["q", 1], ["q", 2], ["q", 3], ["q", 4]], "n_qubits": 5, "qreg_sizes": [["q", 5]], "clbit_labels": [["c", 0], ["c", 1], ["c", 2]], "memory_slots": 3, "creg_sizes": [["c", 3]], "name": "circuit-894271", "global_phase": 0.0, "metadata": {}}, "data": {"counts": {"0x0": 380, "0x1": 709, "0x2": 818, "0x3": 265, "0x4": 745, "0x5": 317, "0x6": 294, "0x7": 568}, "snapshots": null, "memory": null, "statevector": null, "unitary": null}}, {"shots": 4096, "success": true, "status": null, "seed": null, "meas_level": 2, "meas_return": null, "header": {"qubit_labels": [["q", 0], ["q", 1], ["q", 2], ["q", 3], ["q", 4]], "n_qubits": 5, "qreg_sizes": [["q", 5]], "clbit_labels": [["c", 0], ["c", 1], ["c", 2]], "memory_slots": 3, "creg_sizes": [["c", 3]], "name": "circuit-894272", "global_phase": 0.0, "metadata": {}}, "data": {"counts": {"0x0": 2581, "0x1": 299, "0x2": 281, "0x3": 42, "0x4": 501, "0x5": 294, "0x6": 63, "0x7": 35}, "snapshots": null, "memory": null, "statevector": null, "unitary": null}}, {"shots": 4096, "success": true, "status": null, "seed": null, "meas_level": 2, "meas_return": null, "header": {"qubit_labels": [["q", 0], ["q", 1], ["q", 2], ["q", 3], ["q", 4]], "n_qubits": 5, "qreg_sizes": [["q", 5]], "clbit_labels": [["c", 0], ["c", 1], ["c", 2]], "memory_slots": 3, "creg_sizes": [["c", 3]], "name": "circuit-895651", "global_phase": 0.0, "metadata": {}}, "data": {"counts": {"0x0": 400, "0x1": 777, "0x2": 486, "0x3": 285, "0x4": 842, "0x5": 362, "0x6": 339, "0x7": 605}, "snapshots": null, "memory": null, "statevector": null, "unitary": null}}, {"shots": 4096, "success": true, "status": null, "seed": null, "meas_level": 2, "meas_return": null, "header": {"qubit_labels": [["q", 0], ["q", 1], ["q", 2], ["q", 3], ["q", 4]], "n_qubits": 5, "qreg_sizes": [["q", 5]], "clbit_labels": [["c", 0], ["c", 1], ["c", 2]], "memory_slots": 3, "creg_sizes": [["c", 3]], "name": "circuit-895652", "global_phase": 0.0, "metadata": {}}, "data": {"counts": {"0x0": 2214, "0x1": 414, "0x2": 297, "0x3": 51, "0x4": 568, "0x5": 420, "0x6": 80, "0x7": 52}, "snapshots": null, "memory": null, "statevector": null, "unitary": null}}, {"shots": 4096, "success": true, "status": null, "seed": null, "meas_level": 2, "meas_return": null, "header": {"qubit_labels": [["q", 0], ["q", 1], ["q", 2], ["q", 3], ["q", 4]], "n_qubits": 5, "qreg_sizes": [["q", 5]], "clbit_labels": [["c", 0], ["c", 1], ["c", 2]], "memory_slots": 3, "creg_sizes": [["c", 3]], "name": "circuit-897122", "global_phase": 0.0, "metadata": {}}, "data": {"counts": {"0x0": 400, "0x1": 759, "0x2": 720, "0x3": 286, "0x4": 619, "0x5": 429, "0x6": 402, "0x7": 481}, "snapshots": null, "memory": null, "statevector": null, "unitary": null}}, {"shots": 4096, "success": true, "status": null, "seed": null, "meas_level": 2, "meas_return": null, "header": {"qubit_labels": [["q", 0], ["q", 1], ["q", 2], ["q", 3], ["q", 4]], "n_qubits": 5, "qreg_sizes": [["q", 5]], "clbit_labels": [["c", 0], ["c", 1], ["c", 2]], "memory_slots": 3, "creg_sizes": [["c", 3]], "name": "circuit-897123", "global_phase": 0.0, "metadata": {}}, "data": {"counts": {"0x0": 2339, "0x1": 390, "0x2": 286, "0x3": 49, "0x4": 651, "0x5": 254, "0x6": 86, "0x7": 41}, "snapshots": null, "memory": null, "statevector": null, "unitary": null}}, {"shots": 4096, "success": true, "status": null, "seed": null, "meas_level": 2, "meas_return": null, "header": {"qubit_labels": [["q", 0], ["q", 1], ["q", 2], ["q", 3], ["q", 4]], "n_qubits": 5, "qreg_sizes": [["q", 5]], "clbit_labels": [["c", 0], ["c", 1], ["c", 2]], "memory_slots": 3, "creg_sizes": [["c", 3]], "name": "circuit-898775", "global_phase": 0.0, "metadata": {}}, "data": {"counts": {"0x0": 446, "0x1": 543, "0x2": 643, "0x3": 303, "0x4": 788, "0x5": 418, "0x6": 349, "0x7": 606}, "snapshots": null, "memory": null, "statevector": null, "unitary": null}}, {"shots": 4096, "success": true, "status": null, "seed": null, "meas_level": 2, "meas_return": null, "header": {"qubit_labels": [["q", 0], ["q", 1], ["q", 2], ["q", 3], ["q", 4]], "n_qubits": 5, "qreg_sizes": [["q", 5]], "clbit_labels": [["c", 0], ["c", 1], ["c", 2]], "memory_slots": 3, "creg_sizes": [["c", 3]], "name": "circuit-898776", "global_phase": 0.0, "metadata": {}}, "data": {"counts": {"0x0": 2202, "0x1": 443, "0x2": 361, "0x3": 60, "0x4": 581, "0x5": 310, "0x6": 89, "0x7": 50}, "snapshots": null, "memory": null, "statevector": null, "unitary": null}}, {"shots": 4096, "success": true, "status": null, "seed": null, "meas_level": 2, "meas_return": null, "header": {"qubit_labels": [["q", 0], ["q", 1], ["q", 2], ["q", 3], ["q", 4]], "n_qubits": 5, "qreg_sizes": [["q", 5]], "clbit_labels": [["c", 0], ["c", 1], ["c", 2]], "memory_slots": 3, "creg_sizes": [["c", 3]], "name": "circuit-900533", "global_phase": 0.0, "metadata": {}}, "data": {"counts": {"0x0": 502, "0x1": 643, "0x2": 535, "0x3": 370, "0x4": 599, "0x5": 516, "0x6": 418, "0x7": 513}, "snapshots": null, "memory": null, "statevector": null, "unitary": null}}, {"shots": 4096, "success": true, "status": null, "seed": null, "meas_level": 2, "meas_return": null, "header": {"qubit_labels": [["q", 0], ["q", 1], ["q", 2], ["q", 3], ["q", 4]], "n_qubits": 5, "qreg_sizes": [["q", 5]], "clbit_labels": [["c", 0], ["c", 1], ["c", 2]], "memory_slots": 3, "creg_sizes": [["c", 3]], "name": "circuit-900534", "global_phase": 0.0, "metadata": {}}, "data": {"counts": {"0x0": 2119, "0x1": 390, "0x2": 353, "0x3": 70, "0x4": 598, "0x5": 379, "0x6": 109, "0x7": 78}, "snapshots": null, "memory": null, "statevector": null, "unitary": null}}, {"shots": 4096, "success": true, "status": null, "seed": null, "meas_level": 2, "meas_return": null, "header": {"qubit_labels": [["q", 0], ["q", 1], ["q", 2], ["q", 3], ["q", 4]], "n_qubits": 5, "qreg_sizes": [["q", 5]], "clbit_labels": [["c", 0], ["c", 1], ["c", 2]], "memory_slots": 3, "creg_sizes": [["c", 3]], "name": "circuit-902381", "global_phase": 0.0, "metadata": {}}, "data": {"counts": {"0x0": 529, "0x1": 473, "0x2": 409, "0x3": 487, "0x4": 649, "0x5": 559, "0x6": 491, "0x7": 499}, "snapshots": null, "memory": null, "statevector": null, "unitary": null}}, {"shots": 4096, "success": true, "status": null, "seed": null, "meas_level": 2, "meas_return": null, "header": {"qubit_labels": [["q", 0], ["q", 1], ["q", 2], ["q", 3], ["q", 4]], "n_qubits": 5, "qreg_sizes": [["q", 5]], "clbit_labels": [["c", 0], ["c", 1], ["c", 2]], "memory_slots": 3, "creg_sizes": [["c", 3]], "name": "circuit-902382", "global_phase": 0.0, "metadata": {}}, "data": {"counts": {"0x0": 2106, "0x1": 475, "0x2": 359, "0x3": 78, "0x4": 540, "0x5": 378, "0x6": 82, "0x7": 78}, "snapshots": null, "memory": null, "statevector": null, "unitary": null}}, {"shots": 4096, "success": true, "status": null, "seed": null, "meas_level": 2, "meas_return": null, "header": {"qubit_labels": [["q", 0], ["q", 1], ["q", 2], ["q", 3], ["q", 4]], "n_qubits": 5, "qreg_sizes": [["q", 5]], "clbit_labels": [["c", 0], ["c", 1], ["c", 2]], "memory_slots": 3, "creg_sizes": [["c", 3]], "name": "circuit-904405", "global_phase": 0.0, "metadata": {}}, "data": {"counts": {"0x0": 653, "0x1": 550, "0x2": 487, "0x3": 445, "0x4": 515, "0x5": 530, "0x6": 483, "0x7": 433}, "snapshots": null, "memory": null, "statevector": null, "unitary": null}}, {"shots": 4096, "success": true, "status": null, "seed": null, "meas_level": 2, "meas_return": null, "header": {"qubit_labels": [["q", 0], ["q", 1], ["q", 2], ["q", 3], ["q", 4]], "n_qubits": 5, "qreg_sizes": [["q", 5]], "clbit_labels": [["c", 0], ["c", 1], ["c", 2]], "memory_slots": 3, "creg_sizes": [["c", 3]], "name": "circuit-904406", "global_phase": 0.0, "metadata": {}}, "data": {"counts": {"0x0": 1913, "0x1": 451, "0x2": 436, "0x3": 105, "0x4": 614, "0x5": 354, "0x6": 140, "0x7": 83}, "snapshots": null, "memory": null, "statevector": null, "unitary": null}}, {"shots": 4096, "success": true, "status": null, "seed": null, "meas_level": 2, "meas_return": null, "header": {"qubit_labels": [["q", 0], ["q", 1], ["q", 2], ["q", 3], ["q", 4]], "n_qubits": 5, "qreg_sizes": [["q", 5]], "clbit_labels": [["c", 0], ["c", 1], ["c", 2]], "memory_slots": 3, "creg_sizes": [["c", 3]], "name": "circuit-906588", "global_phase": 0.0, "metadata": {}}, "data": {"counts": {"0x0": 702, "0x1": 460, "0x2": 387, "0x3": 576, "0x4": 416, "0x5": 568, "0x6": 608, "0x7": 379}, "snapshots": null, "memory": null, "statevector": null, "unitary": null}}, {"shots": 4096, "success": true, "status": null, "seed": null, "meas_level": 2, "meas_return": null, "header": {"qubit_labels": [["q", 0], ["q", 1], ["q", 2], ["q", 3], ["q", 4]], "n_qubits": 5, "qreg_sizes": [["q", 5]], "clbit_labels": [["c", 0], ["c", 1], ["c", 2]], "memory_slots": 3, "creg_sizes": [["c", 3]], "name": "circuit-906589", "global_phase": 0.0, "metadata": {}}, "data": {"counts": {"0x0": 1996, "0x1": 437, "0x2": 389, "0x3": 83, "0x4": 618, "0x5": 348, "0x6": 137, "0x7": 88}, "snapshots": null, "memory": null, "statevector": null, "unitary": null}}, {"shots": 4096, "success": true, "status": null, "seed": null, "meas_level": 2, "meas_return": null, "header": {"qubit_labels": [["q", 0], ["q", 1], ["q", 2], ["q", 3], ["q", 4]], "n_qubits": 5, "qreg_sizes": [["q", 5]], "clbit_labels": [["c", 0], ["c", 1], ["c", 2]], "memory_slots": 3, "creg_sizes": [["c", 3]], "name": "circuit-908942", "global_phase": 0.0, "metadata": {}}, "data": {"counts": {"0x0": 680, "0x1": 385, "0x2": 375, "0x3": 573, "0x4": 500, "0x5": 528, "0x6": 665, "0x7": 390}, "snapshots": null, "memory": null, "statevector": null, "unitary": null}}, {"shots": 4096, "success": true, "status": null, "seed": null, "meas_level": 2, "meas_return": null, "header": {"qubit_labels": [["q", 0], ["q", 1], ["q", 2], ["q", 3], ["q", 4]], "n_qubits": 5, "qreg_sizes": [["q", 5]], "clbit_labels": [["c", 0], ["c", 1], ["c", 2]], "memory_slots": 3, "creg_sizes": [["c", 3]], "name": "circuit-908943", "global_phase": 0.0, "metadata": {}}, "data": {"counts": {"0x0": 1836, "0x1": 538, "0x2": 373, "0x3": 123, "0x4": 575, "0x5": 418, "0x6": 141, "0x7": 92}, "snapshots": null, "memory": null, "statevector": null, "unitary": null}}, {"shots": 4096, "success": true, "status": null, "seed": null, "meas_level": 2, "meas_return": null, "header": {"qubit_labels": [["q", 0], ["q", 1], ["q", 2], ["q", 3], ["q", 4]], "n_qubits": 5, "qreg_sizes": [["q", 5]], "clbit_labels": [["c", 0], ["c", 1], ["c", 2]], "memory_slots": 3, "creg_sizes": [["c", 3]], "name": "circuit-911360", "global_phase": 0.0, "metadata": {}}, "data": {"counts": {"0x0": 664, "0x1": 414, "0x2": 394, "0x3": 504, "0x4": 450, "0x5": 656, "0x6": 643, "0x7": 371}, "snapshots": null, "memory": null, "statevector": null, "unitary": null}}, {"shots": 4096, "success": true, "status": null, "seed": null, "meas_level": 2, "meas_return": null, "header": {"qubit_labels": [["q", 0], ["q", 1], ["q", 2], ["q", 3], ["q", 4]], "n_qubits": 5, "qreg_sizes": [["q", 5]], "clbit_labels": [["c", 0], ["c", 1], ["c", 2]], "memory_slots": 3, "creg_sizes": [["c", 3]], "name": "circuit-911361", "global_phase": 0.0, "metadata": {}}, "data": {"counts": {"0x0": 1707, "0x1": 400, "0x2": 526, "0x3": 121, "0x4": 604, "0x5": 405, "0x6": 227, "0x7": 106}, "snapshots": null, "memory": null, "statevector": null, "unitary": null}}, {"shots": 4096, "success": true, "status": null, "seed": null, "meas_level": 2, "meas_return": null, "header": {"qubit_labels": [["q", 0], ["q", 1], ["q", 2], ["q", 3], ["q", 4]], "n_qubits": 5, "qreg_sizes": [["q", 5]], "clbit_labels": [["c", 0], ["c", 1], ["c", 2]], "memory_slots": 3, "creg_sizes": [["c", 3]], "name": "circuit-913967", "global_phase": 0.0, "metadata": {}}, "data": {"counts": {"0x0": 642, "0x1": 417, "0x2": 390, "0x3": 502, "0x4": 482, "0x5": 660, "0x6": 634, "0x7": 369}, "snapshots": null, "memory": null, "statevector": null, "unitary": null}}, {"shots": 4096, "success": true, "status": null, "seed": null, "meas_level": 2, "meas_return": null, "header": {"qubit_labels": [["q", 0], ["q", 1], ["q", 2], ["q", 3], ["q", 4]], "n_qubits": 5, "qreg_sizes": [["q", 5]], "clbit_labels": [["c", 0], ["c", 1], ["c", 2]], "memory_slots": 3, "creg_sizes": [["c", 3]], "name": "circuit-913968", "global_phase": 0.0, "metadata": {}}, "data": {"counts": {"0x0": 1552, "0x1": 453, "0x2": 374, "0x3": 132, "0x4": 891, "0x5": 356, "0x6": 234, "0x7": 104}, "snapshots": null, "memory": null, "statevector": null, "unitary": null}}, {"shots": 4096, "success": true, "status": null, "seed": null, "meas_level": 2, "meas_return": null, "header": {"qubit_labels": [["q", 0], ["q", 1], ["q", 2], ["q", 3], ["q", 4]], "n_qubits": 5, "qreg_sizes": [["q", 5]], "clbit_labels": [["c", 0], ["c", 1], ["c", 2]], "memory_slots": 3, "creg_sizes": [["c", 3]], "name": "circuit-916718", "global_phase": 0.0, "metadata": {}}, "data": {"counts": {"0x0": 519, "0x1": 439, "0x2": 438, "0x3": 540, "0x4": 533, "0x5": 580, "0x6": 546, "0x7": 501}, "snapshots": null, "memory": null, "statevector": null, "unitary": null}}, {"shots": 4096, "success": true, "status": null, "seed": null, "meas_level": 2, "meas_return": null, "header": {"qubit_labels": [["q", 0], ["q", 1], ["q", 2], ["q", 3], ["q", 4]], "n_qubits": 5, "qreg_sizes": [["q", 5]], "clbit_labels": [["c", 0], ["c", 1], ["c", 2]], "memory_slots": 3, "creg_sizes": [["c", 3]], "name": "circuit-916719", "global_phase": 0.0, "metadata": {}}, "data": {"counts": {"0x0": 1659, "0x1": 513, "0x2": 420, "0x3": 117, "0x4": 683, "0x5": 426, "0x6": 169, "0x7": 109}, "snapshots": null, "memory": null, "statevector": null, "unitary": null}}, {"shots": 4096, "success": true, "status": null, "seed": null, "meas_level": 2, "meas_return": null, "header": {"qubit_labels": [["q", 0], ["q", 1], ["q", 2], ["q", 3], ["q", 4]], "n_qubits": 5, "qreg_sizes": [["q", 5]], "clbit_labels": [["c", 0], ["c", 1], ["c", 2]], "memory_slots": 3, "creg_sizes": [["c", 3]], "name": "circuit-919586", "global_phase": 0.0, "metadata": {}}, "data": {"counts": {"0x0": 574, "0x1": 480, "0x2": 399, "0x3": 617, "0x4": 492, "0x5": 491, "0x6": 660, "0x7": 383}, "snapshots": null, "memory": null, "statevector": null, "unitary": null}}, {"shots": 4096, "success": true, "status": null, "seed": null, "meas_level": 2, "meas_return": null, "header": {"qubit_labels": [["q", 0], ["q", 1], ["q", 2], ["q", 3], ["q", 4]], "n_qubits": 5, "qreg_sizes": [["q", 5]], "clbit_labels": [["c", 0], ["c", 1], ["c", 2]], "memory_slots": 3, "creg_sizes": [["c", 3]], "name": "circuit-919587", "global_phase": 0.0, "metadata": {}}, "data": {"counts": {"0x0": 1395, "0x1": 601, "0x2": 400, "0x3": 165, "0x4": 705, "0x5": 520, "0x6": 191, "0x7": 119}, "snapshots": null, "memory": null, "statevector": null, "unitary": null}}, {"shots": 4096, "success": true, "status": null, "seed": null, "meas_level": 2, "meas_return": null, "header": {"qubit_labels": [["q", 0], ["q", 1], ["q", 2], ["q", 3], ["q", 4]], "n_qubits": 5, "qreg_sizes": [["q", 5]], "clbit_labels": [["c", 0], ["c", 1], ["c", 2]], "memory_slots": 3, "creg_sizes": [["c", 3]], "name": "circuit-922569", "global_phase": 0.0, "metadata": {}}, "data": {"counts": {"0x0": 766, "0x1": 208, "0x2": 199, "0x3": 704, "0x4": 276, "0x5": 854, "0x6": 943, "0x7": 146}, "snapshots": null, "memory": null, "statevector": null, "unitary": null}}, {"shots": 4096, "success": true, "status": null, "seed": null, "meas_level": 2, "meas_return": null, "header": {"qubit_labels": [["q", 0], ["q", 1], ["q", 2], ["q", 3], ["q", 4]], "n_qubits": 5, "qreg_sizes": [["q", 5]], "clbit_labels": [["c", 0], ["c", 1], ["c", 2]], "memory_slots": 3, "creg_sizes": [["c", 3]], "name": "circuit-922570", "global_phase": 0.0, "metadata": {}}, "data": {"counts": {"0x0": 3615, "0x1": 113, "0x2": 91, "0x3": 5, "0x4": 244, "0x5": 22, "0x6": 5, "0x7": 1}, "snapshots": null, "memory": null, "statevector": null, "unitary": null}}, {"shots": 4096, "success": true, "status": null, "seed": null, "meas_level": 2, "meas_return": null, "header": {"qubit_labels": [["q", 0], ["q", 1], ["q", 2], ["q", 3], ["q", 4]], "n_qubits": 5, "qreg_sizes": [["q", 5]], "clbit_labels": [["c", 0], ["c", 1], ["c", 2]], "memory_slots": 3, "creg_sizes": [["c", 3]], "name": "circuit-922914", "global_phase": 0.0, "metadata": {}}, "data": {"counts": {"0x0": 697, "0x1": 330, "0x2": 300, "0x3": 549, "0x4": 289, "0x5": 881, "0x6": 851, "0x7": 199}, "snapshots": null, "memory": null, "statevector": null, "unitary": null}}, {"shots": 4096, "success": true, "status": null, "seed": null, "meas_level": 2, "meas_return": null, "header": {"qubit_labels": [["q", 0], ["q", 1], ["q", 2], ["q", 3], ["q", 4]], "n_qubits": 5, "qreg_sizes": [["q", 5]], "clbit_labels": [["c", 0], ["c", 1], ["c", 2]], "memory_slots": 3, "creg_sizes": [["c", 3]], "name": "circuit-922915", "global_phase": 0.0, "metadata": {}}, "data": {"counts": {"0x0": 3399, "0x1": 142, "0x2": 112, "0x3": 6, "0x4": 310, "0x5": 109, "0x6": 14, "0x7": 4}, "snapshots": null, "memory": null, "statevector": null, "unitary": null}}, {"shots": 4096, "success": true, "status": null, "seed": null, "meas_level": 2, "meas_return": null, "header": {"qubit_labels": [["q", 0], ["q", 1], ["q", 2], ["q", 3], ["q", 4]], "n_qubits": 5, "qreg_sizes": [["q", 5]], "clbit_labels": [["c", 0], ["c", 1], ["c", 2]], "memory_slots": 3, "creg_sizes": [["c", 3]], "name": "circuit-923419", "global_phase": 0.0, "metadata": {}}, "data": {"counts": {"0x0": 555, "0x1": 427, "0x2": 356, "0x3": 601, "0x4": 450, "0x5": 627, "0x6": 768, "0x7": 312}, "snapshots": null, "memory": null, "statevector": null, "unitary": null}}, {"shots": 4096, "success": true, "status": null, "seed": null, "meas_level": 2, "meas_return": null, "header": {"qubit_labels": [["q", 0], ["q", 1], ["q", 2], ["q", 3], ["q", 4]], "n_qubits": 5, "qreg_sizes": [["q", 5]], "clbit_labels": [["c", 0], ["c", 1], ["c", 2]], "memory_slots": 3, "creg_sizes": [["c", 3]], "name": "circuit-923420", "global_phase": 0.0, "metadata": {}}, "data": {"counts": {"0x0": 3267, "0x1": 202, "0x2": 176, "0x3": 15, "0x4": 311, "0x5": 101, "0x6": 18, "0x7": 6}, "snapshots": null, "memory": null, "statevector": null, "unitary": null}}, {"shots": 4096, "success": true, "status": null, "seed": null, "meas_level": 2, "meas_return": null, "header": {"qubit_labels": [["q", 0], ["q", 1], ["q", 2], ["q", 3], ["q", 4]], "n_qubits": 5, "qreg_sizes": [["q", 5]], "clbit_labels": [["c", 0], ["c", 1], ["c", 2]], "memory_slots": 3, "creg_sizes": [["c", 3]], "name": "circuit-924064", "global_phase": 0.0, "metadata": {}}, "data": {"counts": {"0x0": 730, "0x1": 451, "0x2": 414, "0x3": 472, "0x4": 426, "0x5": 589, "0x6": 651, "0x7": 363}, "snapshots": null, "memory": null, "statevector": null, "unitary": null}}, {"shots": 4096, "success": true, "status": null, "seed": null, "meas_level": 2, "meas_return": null, "header": {"qubit_labels": [["q", 0], ["q", 1], ["q", 2], ["q", 3], ["q", 4]], "n_qubits": 5, "qreg_sizes": [["q", 5]], "clbit_labels": [["c", 0], ["c", 1], ["c", 2]], "memory_slots": 3, "creg_sizes": [["c", 3]], "name": "circuit-924065", "global_phase": 0.0, "metadata": {}}, "data": {"counts": {"0x0": 3263, "0x1": 156, "0x2": 224, "0x3": 6, "0x4": 307, "0x5": 111, "0x6": 17, "0x7": 12}, "snapshots": null, "memory": null, "statevector": null, "unitary": null}}, {"shots": 4096, "success": true, "status": null, "seed": null, "meas_level": 2, "meas_return": null, "header": {"qubit_labels": [["q", 0], ["q", 1], ["q", 2], ["q", 3], ["q", 4]], "n_qubits": 5, "qreg_sizes": [["q", 5]], "clbit_labels": [["c", 0], ["c", 1], ["c", 2]], "memory_slots": 3, "creg_sizes": [["c", 3]], "name": "circuit-924823", "global_phase": 0.0, "metadata": {}}, "data": {"counts": {"0x0": 609, "0x1": 559, "0x2": 614, "0x3": 427, "0x4": 569, "0x5": 450, "0x6": 484, "0x7": 384}, "snapshots": null, "memory": null, "statevector": null, "unitary": null}}, {"shots": 4096, "success": true, "status": null, "seed": null, "meas_level": 2, "meas_return": null, "header": {"qubit_labels": [["q", 0], ["q", 1], ["q", 2], ["q", 3], ["q", 4]], "n_qubits": 5, "qreg_sizes": [["q", 5]], "clbit_labels": [["c", 0], ["c", 1], ["c", 2]], "memory_slots": 3, "creg_sizes": [["c", 3]], "name": "circuit-924824", "global_phase": 0.0, "metadata": {}}, "data": {"counts": {"0x0": 3022, "0x1": 208, "0x2": 263, "0x3": 27, "0x4": 432, "0x5": 100, "0x6": 35, "0x7": 9}, "snapshots": null, "memory": null, "statevector": null, "unitary": null}}, {"shots": 4096, "success": true, "status": null, "seed": null, "meas_level": 2, "meas_return": null, "header": {"qubit_labels": [["q", 0], ["q", 1], ["q", 2], ["q", 3], ["q", 4]], "n_qubits": 5, "qreg_sizes": [["q", 5]], "clbit_labels": [["c", 0], ["c", 1], ["c", 2]], "memory_slots": 3, "creg_sizes": [["c", 3]], "name": "circuit-925717", "global_phase": 0.0, "metadata": {}}, "data": {"counts": {"0x0": 426, "0x1": 601, "0x2": 705, "0x3": 358, "0x4": 708, "0x5": 403, "0x6": 320, "0x7": 575}, "snapshots": null, "memory": null, "statevector": null, "unitary": null}}, {"shots": 4096, "success": true, "status": null, "seed": null, "meas_level": 2, "meas_return": null, "header": {"qubit_labels": [["q", 0], ["q", 1], ["q", 2], ["q", 3], ["q", 4]], "n_qubits": 5, "qreg_sizes": [["q", 5]], "clbit_labels": [["c", 0], ["c", 1], ["c", 2]], "memory_slots": 3, "creg_sizes": [["c", 3]], "name": "circuit-925718", "global_phase": 0.0, "metadata": {}}, "data": {"counts": {"0x0": 2760, "0x1": 262, "0x2": 279, "0x3": 29, "0x4": 512, "0x5": 194, "0x6": 40, "0x7": 20}, "snapshots": null, "memory": null, "statevector": null, "unitary": null}}, {"shots": 4096, "success": true, "status": null, "seed": null, "meas_level": 2, "meas_return": null, "header": {"qubit_labels": [["q", 0], ["q", 1], ["q", 2], ["q", 3], ["q", 4]], "n_qubits": 5, "qreg_sizes": [["q", 5]], "clbit_labels": [["c", 0], ["c", 1], ["c", 2]], "memory_slots": 3, "creg_sizes": [["c", 3]], "name": "circuit-926788", "global_phase": 0.0, "metadata": {}}, "data": {"counts": {"0x0": 386, "0x1": 758, "0x2": 630, "0x3": 309, "0x4": 714, "0x5": 315, "0x6": 333, "0x7": 651}, "snapshots": null, "memory": null, "statevector": null, "unitary": null}}, {"shots": 4096, "success": true, "status": null, "seed": null, "meas_level": 2, "meas_return": null, "header": {"qubit_labels": [["q", 0], ["q", 1], ["q", 2], ["q", 3], ["q", 4]], "n_qubits": 5, "qreg_sizes": [["q", 5]], "clbit_labels": [["c", 0], ["c", 1], ["c", 2]], "memory_slots": 3, "creg_sizes": [["c", 3]], "name": "circuit-926789", "global_phase": 0.0, "metadata": {}}, "data": {"counts": {"0x0": 2432, "0x1": 298, "0x2": 222, "0x3": 36, "0x4": 785, "0x5": 222, "0x6": 79, "0x7": 22}, "snapshots": null, "memory": null, "statevector": null, "unitary": null}}, {"shots": 4096, "success": true, "status": null, "seed": null, "meas_level": 2, "meas_return": null, "header": {"qubit_labels": [["q", 0], ["q", 1], ["q", 2], ["q", 3], ["q", 4]], "n_qubits": 5, "qreg_sizes": [["q", 5]], "clbit_labels": [["c", 0], ["c", 1], ["c", 2]], "memory_slots": 3, "creg_sizes": [["c", 3]], "name": "circuit-927984", "global_phase": 0.0, "metadata": {}}, "data": {"counts": {"0x0": 408, "0x1": 839, "0x2": 635, "0x3": 289, "0x4": 648, "0x5": 338, "0x6": 294, "0x7": 645}, "snapshots": null, "memory": null, "statevector": null, "unitary": null}}, {"shots": 4096, "success": true, "status": null, "seed": null, "meas_level": 2, "meas_return": null, "header": {"qubit_labels": [["q", 0], ["q", 1], ["q", 2], ["q", 3], ["q", 4]], "n_qubits": 5, "qreg_sizes": [["q", 5]], "clbit_labels": [["c", 0], ["c", 1], ["c", 2]], "memory_slots": 3, "creg_sizes": [["c", 3]], "name": "circuit-927985", "global_phase": 0.0, "metadata": {}}, "data": {"counts": {"0x0": 2597, "0x1": 346, "0x2": 321, "0x3": 45, "0x4": 484, "0x5": 235, "0x6": 45, "0x7": 23}, "snapshots": null, "memory": null, "statevector": null, "unitary": null}}, {"shots": 4096, "success": true, "status": null, "seed": null, "meas_level": 2, "meas_return": null, "header": {"qubit_labels": [["q", 0], ["q", 1], ["q", 2], ["q", 3], ["q", 4]], "n_qubits": 5, "qreg_sizes": [["q", 5]], "clbit_labels": [["c", 0], ["c", 1], ["c", 2]], "memory_slots": 3, "creg_sizes": [["c", 3]], "name": "circuit-929324", "global_phase": 0.0, "metadata": {}}, "data": {"counts": {"0x0": 434, "0x1": 757, "0x2": 709, "0x3": 288, "0x4": 846, "0x5": 325, "0x6": 298, "0x7": 439}, "snapshots": null, "memory": null, "statevector": null, "unitary": null}}, {"shots": 4096, "success": true, "status": null, "seed": null, "meas_level": 2, "meas_return": null, "header": {"qubit_labels": [["q", 0], ["q", 1], ["q", 2], ["q", 3], ["q", 4]], "n_qubits": 5, "qreg_sizes": [["q", 5]], "clbit_labels": [["c", 0], ["c", 1], ["c", 2]], "memory_slots": 3, "creg_sizes": [["c", 3]], "name": "circuit-929325", "global_phase": 0.0, "metadata": {}}, "data": {"counts": {"0x0": 2404, "0x1": 343, "0x2": 291, "0x3": 43, "0x4": 662, "0x5": 221, "0x6": 99, "0x7": 33}, "snapshots": null, "memory": null, "statevector": null, "unitary": null}}, {"shots": 4096, "success": true, "status": null, "seed": null, "meas_level": 2, "meas_return": null, "header": {"qubit_labels": [["q", 0], ["q", 1], ["q", 2], ["q", 3], ["q", 4]], "n_qubits": 5, "qreg_sizes": [["q", 5]], "clbit_labels": [["c", 0], ["c", 1], ["c", 2]], "memory_slots": 3, "creg_sizes": [["c", 3]], "name": "circuit-930844", "global_phase": 0.0, "metadata": {}}, "data": {"counts": {"0x0": 438, "0x1": 695, "0x2": 775, "0x3": 299, "0x4": 700, "0x5": 355, "0x6": 304, "0x7": 530}, "snapshots": null, "memory": null, "statevector": null, "unitary": null}}, {"shots": 4096, "success": true, "status": null, "seed": null, "meas_level": 2, "meas_return": null, "header": {"qubit_labels": [["q", 0], ["q", 1], ["q", 2], ["q", 3], ["q", 4]], "n_qubits": 5, "qreg_sizes": [["q", 5]], "clbit_labels": [["c", 0], ["c", 1], ["c", 2]], "memory_slots": 3, "creg_sizes": [["c", 3]], "name": "circuit-930845", "global_phase": 0.0, "metadata": {}}, "data": {"counts": {"0x0": 2434, "0x1": 349, "0x2": 297, "0x3": 49, "0x4": 647, "0x5": 205, "0x6": 86, "0x7": 29}, "snapshots": null, "memory": null, "statevector": null, "unitary": null}}, {"shots": 4096, "success": true, "status": null, "seed": null, "meas_level": 2, "meas_return": null, "header": {"qubit_labels": [["q", 0], ["q", 1], ["q", 2], ["q", 3], ["q", 4]], "n_qubits": 5, "qreg_sizes": [["q", 5]], "clbit_labels": [["c", 0], ["c", 1], ["c", 2]], "memory_slots": 3, "creg_sizes": [["c", 3]], "name": "circuit-932442", "global_phase": 0.0, "metadata": {}}, "data": {"counts": {"0x0": 447, "0x1": 612, "0x2": 433, "0x3": 397, "0x4": 729, "0x5": 441, "0x6": 342, "0x7": 695}, "snapshots": null, "memory": null, "statevector": null, "unitary": null}}, {"shots": 4096, "success": true, "status": null, "seed": null, "meas_level": 2, "meas_return": null, "header": {"qubit_labels": [["q", 0], ["q", 1], ["q", 2], ["q", 3], ["q", 4]], "n_qubits": 5, "qreg_sizes": [["q", 5]], "clbit_labels": [["c", 0], ["c", 1], ["c", 2]], "memory_slots": 3, "creg_sizes": [["c", 3]], "name": "circuit-932443", "global_phase": 0.0, "metadata": {}}, "data": {"counts": {"0x0": 2083, "0x1": 358, "0x2": 331, "0x3": 66, "0x4": 683, "0x5": 431, "0x6": 96, "0x7": 48}, "snapshots": null, "memory": null, "statevector": null, "unitary": null}}, {"shots": 4096, "success": true, "status": null, "seed": null, "meas_level": 2, "meas_return": null, "header": {"qubit_labels": [["q", 0], ["q", 1], ["q", 2], ["q", 3], ["q", 4]], "n_qubits": 5, "qreg_sizes": [["q", 5]], "clbit_labels": [["c", 0], ["c", 1], ["c", 2]], "memory_slots": 3, "creg_sizes": [["c", 3]], "name": "circuit-934186", "global_phase": 0.0, "metadata": {}}, "data": {"counts": {"0x0": 514, "0x1": 702, "0x2": 717, "0x3": 323, "0x4": 505, "0x5": 410, "0x6": 477, "0x7": 448}, "snapshots": null, "memory": null, "statevector": null, "unitary": null}}, {"shots": 4096, "success": true, "status": null, "seed": null, "meas_level": 2, "meas_return": null, "header": {"qubit_labels": [["q", 0], ["q", 1], ["q", 2], ["q", 3], ["q", 4]], "n_qubits": 5, "qreg_sizes": [["q", 5]], "clbit_labels": [["c", 0], ["c", 1], ["c", 2]], "memory_slots": 3, "creg_sizes": [["c", 3]], "name": "circuit-934187", "global_phase": 0.0, "metadata": {}}, "data": {"counts": {"0x0": 2170, "0x1": 394, "0x2": 385, "0x3": 85, "0x4": 628, "0x5": 296, "0x6": 81, "0x7": 57}, "snapshots": null, "memory": null, "statevector": null, "unitary": null}}, {"shots": 4096, "success": true, "status": null, "seed": null, "meas_level": 2, "meas_return": null, "header": {"qubit_labels": [["q", 0], ["q", 1], ["q", 2], ["q", 3], ["q", 4]], "n_qubits": 5, "qreg_sizes": [["q", 5]], "clbit_labels": [["c", 0], ["c", 1], ["c", 2]], "memory_slots": 3, "creg_sizes": [["c", 3]], "name": "circuit-936068", "global_phase": 0.0, "metadata": {}}, "data": {"counts": {"0x0": 592, "0x1": 406, "0x2": 458, "0x3": 493, "0x4": 458, "0x5": 766, "0x6": 441, "0x7": 482}, "snapshots": null, "memory": null, "statevector": null, "unitary": null}}, {"shots": 4096, "success": true, "status": null, "seed": null, "meas_level": 2, "meas_return": null, "header": {"qubit_labels": [["q", 0], ["q", 1], ["q", 2], ["q", 3], ["q", 4]], "n_qubits": 5, "qreg_sizes": [["q", 5]], "clbit_labels": [["c", 0], ["c", 1], ["c", 2]], "memory_slots": 3, "creg_sizes": [["c", 3]], "name": "circuit-936069", "global_phase": 0.0, "metadata": {}}, "data": {"counts": {"0x0": 2139, "0x1": 393, "0x2": 364, "0x3": 80, "0x4": 651, "0x5": 282, "0x6": 130, "0x7": 57}, "snapshots": null, "memory": null, "statevector": null, "unitary": null}}, {"shots": 4096, "success": true, "status": null, "seed": null, "meas_level": 2, "meas_return": null, "header": {"qubit_labels": [["q", 0], ["q", 1], ["q", 2], ["q", 3], ["q", 4]], "n_qubits": 5, "qreg_sizes": [["q", 5]], "clbit_labels": [["c", 0], ["c", 1], ["c", 2]], "memory_slots": 3, "creg_sizes": [["c", 3]], "name": "circuit-938100", "global_phase": 0.0, "metadata": {}}, "data": {"counts": {"0x0": 615, "0x1": 440, "0x2": 508, "0x3": 567, "0x4": 539, "0x5": 497, "0x6": 496, "0x7": 434}, "snapshots": null, "memory": null, "statevector": null, "unitary": null}}, {"shots": 4096, "success": true, "status": null, "seed": null, "meas_level": 2, "meas_return": null, "header": {"qubit_labels": [["q", 0], ["q", 1], ["q", 2], ["q", 3], ["q", 4]], "n_qubits": 5, "qreg_sizes": [["q", 5]], "clbit_labels": [["c", 0], ["c", 1], ["c", 2]], "memory_slots": 3, "creg_sizes": [["c", 3]], "name": "circuit-938101", "global_phase": 0.0, "metadata": {}}, "data": {"counts": {"0x0": 2119, "0x1": 449, "0x2": 391, "0x3": 79, "0x4": 527, "0x5": 349, "0x6": 110, "0x7": 72}, "snapshots": null, "memory": null, "statevector": null, "unitary": null}}, {"shots": 4096, "success": true, "status": null, "seed": null, "meas_level": 2, "meas_return": null, "header": {"qubit_labels": [["q", 0], ["q", 1], ["q", 2], ["q", 3], ["q", 4]], "n_qubits": 5, "qreg_sizes": [["q", 5]], "clbit_labels": [["c", 0], ["c", 1], ["c", 2]], "memory_slots": 3, "creg_sizes": [["c", 3]], "name": "circuit-940275", "global_phase": 0.0, "metadata": {}}, "data": {"counts": {"0x0": 713, "0x1": 448, "0x2": 452, "0x3": 543, "0x4": 481, "0x5": 528, "0x6": 559, "0x7": 372}, "snapshots": null, "memory": null, "statevector": null, "unitary": null}}, {"shots": 4096, "success": true, "status": null, "seed": null, "meas_level": 2, "meas_return": null, "header": {"qubit_labels": [["q", 0], ["q", 1], ["q", 2], ["q", 3], ["q", 4]], "n_qubits": 5, "qreg_sizes": [["q", 5]], "clbit_labels": [["c", 0], ["c", 1], ["c", 2]], "memory_slots": 3, "creg_sizes": [["c", 3]], "name": "circuit-940276", "global_phase": 0.0, "metadata": {}}, "data": {"counts": {"0x0": 1711, "0x1": 505, "0x2": 358, "0x3": 88, "0x4": 834, "0x5": 364, "0x6": 164, "0x7": 72}, "snapshots": null, "memory": null, "statevector": null, "unitary": null}}, {"shots": 4096, "success": true, "status": null, "seed": null, "meas_level": 2, "meas_return": null, "header": {"qubit_labels": [["q", 0], ["q", 1], ["q", 2], ["q", 3], ["q", 4]], "n_qubits": 5, "qreg_sizes": [["q", 5]], "clbit_labels": [["c", 0], ["c", 1], ["c", 2]], "memory_slots": 3, "creg_sizes": [["c", 3]], "name": "circuit-942606", "global_phase": 0.0, "metadata": {}}, "data": {"counts": {"0x0": 576, "0x1": 388, "0x2": 376, "0x3": 678, "0x4": 460, "0x5": 563, "0x6": 667, "0x7": 388}, "snapshots": null, "memory": null, "statevector": null, "unitary": null}}, {"shots": 4096, "success": true, "status": null, "seed": null, "meas_level": 2, "meas_return": null, "header": {"qubit_labels": [["q", 0], ["q", 1], ["q", 2], ["q", 3], ["q", 4]], "n_qubits": 5, "qreg_sizes": [["q", 5]], "clbit_labels": [["c", 0], ["c", 1], ["c", 2]], "memory_slots": 3, "creg_sizes": [["c", 3]], "name": "circuit-942607", "global_phase": 0.0, "metadata": {}}, "data": {"counts": {"0x0": 1592, "0x1": 462, "0x2": 367, "0x3": 88, "0x4": 690, "0x5": 592, "0x6": 172, "0x7": 133}, "snapshots": null, "memory": null, "statevector": null, "unitary": null}}, {"shots": 4096, "success": true, "status": null, "seed": null, "meas_level": 2, "meas_return": null, "header": {"qubit_labels": [["q", 0], ["q", 1], ["q", 2], ["q", 3], ["q", 4]], "n_qubits": 5, "qreg_sizes": [["q", 5]], "clbit_labels": [["c", 0], ["c", 1], ["c", 2]], "memory_slots": 3, "creg_sizes": [["c", 3]], "name": "circuit-945068", "global_phase": 0.0, "metadata": {}}, "data": {"counts": {"0x0": 721, "0x1": 410, "0x2": 410, "0x3": 670, "0x4": 436, "0x5": 588, "0x6": 469, "0x7": 392}, "snapshots": null, "memory": null, "statevector": null, "unitary": null}}, {"shots": 4096, "success": true, "status": null, "seed": null, "meas_level": 2, "meas_return": null, "header": {"qubit_labels": [["q", 0], ["q", 1], ["q", 2], ["q", 3], ["q", 4]], "n_qubits": 5, "qreg_sizes": [["q", 5]], "clbit_labels": [["c", 0], ["c", 1], ["c", 2]], "memory_slots": 3, "creg_sizes": [["c", 3]], "name": "circuit-945069", "global_phase": 0.0, "metadata": {}}, "data": {"counts": {"0x0": 1930, "0x1": 526, "0x2": 388, "0x3": 120, "0x4": 532, "0x5": 368, "0x6": 142, "0x7": 90}, "snapshots": null, "memory": null, "statevector": null, "unitary": null}}, {"shots": 4096, "success": true, "status": null, "seed": null, "meas_level": 2, "meas_return": null, "header": {"qubit_labels": [["q", 0], ["q", 1], ["q", 2], ["q", 3], ["q", 4]], "n_qubits": 5, "qreg_sizes": [["q", 5]], "clbit_labels": [["c", 0], ["c", 1], ["c", 2]], "memory_slots": 3, "creg_sizes": [["c", 3]], "name": "circuit-947657", "global_phase": 0.0, "metadata": {}}, "data": {"counts": {"0x0": 600, "0x1": 428, "0x2": 368, "0x3": 650, "0x4": 411, "0x5": 735, "0x6": 564, "0x7": 340}, "snapshots": null, "memory": null, "statevector": null, "unitary": null}}, {"shots": 4096, "success": true, "status": null, "seed": null, "meas_level": 2, "meas_return": null, "header": {"qubit_labels": [["q", 0], ["q", 1], ["q", 2], ["q", 3], ["q", 4]], "n_qubits": 5, "qreg_sizes": [["q", 5]], "clbit_labels": [["c", 0], ["c", 1], ["c", 2]], "memory_slots": 3, "creg_sizes": [["c", 3]], "name": "circuit-947658", "global_phase": 0.0, "metadata": {}}, "data": {"counts": {"0x0": 1581, "0x1": 474, "0x2": 434, "0x3": 126, "0x4": 756, "0x5": 386, "0x6": 206, "0x7": 133}, "snapshots": null, "memory": null, "statevector": null, "unitary": null}}, {"shots": 4096, "success": true, "status": null, "seed": null, "meas_level": 2, "meas_return": null, "header": {"qubit_labels": [["q", 0], ["q", 1], ["q", 2], ["q", 3], ["q", 4]], "n_qubits": 5, "qreg_sizes": [["q", 5]], "clbit_labels": [["c", 0], ["c", 1], ["c", 2]], "memory_slots": 3, "creg_sizes": [["c", 3]], "name": "circuit-950403", "global_phase": 0.0, "metadata": {}}, "data": {"counts": {"0x0": 708, "0x1": 426, "0x2": 394, "0x3": 734, "0x4": 450, "0x5": 509, "0x6": 542, "0x7": 333}, "snapshots": null, "memory": null, "statevector": null, "unitary": null}}, {"shots": 4096, "success": true, "status": null, "seed": null, "meas_level": 2, "meas_return": null, "header": {"qubit_labels": [["q", 0], ["q", 1], ["q", 2], ["q", 3], ["q", 4]], "n_qubits": 5, "qreg_sizes": [["q", 5]], "clbit_labels": [["c", 0], ["c", 1], ["c", 2]], "memory_slots": 3, "creg_sizes": [["c", 3]], "name": "circuit-950404", "global_phase": 0.0, "metadata": {}}, "data": {"counts": {"0x0": 1553, "0x1": 426, "0x2": 436, "0x3": 136, "0x4": 793, "0x5": 415, "0x6": 226, "0x7": 111}, "snapshots": null, "memory": null, "statevector": null, "unitary": null}}, {"shots": 4096, "success": true, "status": null, "seed": null, "meas_level": 2, "meas_return": null, "header": {"qubit_labels": [["q", 0], ["q", 1], ["q", 2], ["q", 3], ["q", 4]], "n_qubits": 5, "qreg_sizes": [["q", 5]], "clbit_labels": [["c", 0], ["c", 1], ["c", 2]], "memory_slots": 3, "creg_sizes": [["c", 3]], "name": "circuit-953367", "global_phase": 0.0, "metadata": {}}, "data": {"counts": {"0x0": 620, "0x1": 490, "0x2": 478, "0x3": 434, "0x4": 485, "0x5": 513, "0x6": 634, "0x7": 442}, "snapshots": null, "memory": null, "statevector": null, "unitary": null}}, {"shots": 4096, "success": true, "status": null, "seed": null, "meas_level": 2, "meas_return": null, "header": {"qubit_labels": [["q", 0], ["q", 1], ["q", 2], ["q", 3], ["q", 4]], "n_qubits": 5, "qreg_sizes": [["q", 5]], "clbit_labels": [["c", 0], ["c", 1], ["c", 2]], "memory_slots": 3, "creg_sizes": [["c", 3]], "name": "circuit-953368", "global_phase": 0.0, "metadata": {}}, "data": {"counts": {"0x0": 1523, "0x1": 519, "0x2": 396, "0x3": 145, "0x4": 733, "0x5": 475, "0x6": 181, "0x7": 124}, "snapshots": null, "memory": null, "statevector": null, "unitary": null}}], "error": null}