{"backend_name": "ibmq_manila", "backend_version": "1.0.35", "qobj_id": "a4ddcafd-01f5-4364-a79a-2963b4062658", "job_id": "62ebe502cb37f7e7eb9bd0ee", "date": "2022-08-04T16:32:30Z", "success": true, "status": "Successful completion", "execution_id": "b8569f50-1412-11ed-9fb7-bc97e15b08d0", "time_taken": 134.48710656166077, "header": {"backend_name": "ibmq_manila", "backend_version": "1.0.35"}, "results": [{"shots": 4096, "success": true, "status": null, "seed": null, "meas_level": 2, "meas_return": null, "header": {"qubit_labels": [["q", 0], ["q", 1], ["q", 2], ["q", 3], ["q", 4]], "n_qubits": 5, "qreg_sizes": [["q", 5]], "clbit_labels": [["c", 0], ["c", 1], ["c", 2]], "memory_slots": 3, "creg_sizes": [["c", 3]], "name": "circuit-3042802", "global_phase": 0.0, "metadata": {}}, "data": {"counts": {"0x0": 562, "0x1": 419, "0x2": 499, "0x3": 701, "0x4": 577, "0x5": 426, "0x6": 341, "0x7": 571}, "snapshots": null, "memory": null, "statevector": null, "unitary": null}}, {"shots": 4096, "success": true, "status": null, "seed": null, "meas_level": 2, "meas_return": null, "header": {"qubit_labels": [["q", 0], ["q", 1], ["q", 2], ["q", 3], ["q", 4]], "n_qubits": 5, "qreg_sizes": [["q", 5]], "clbit_labels": [["c", 0], ["c", 1], ["c", 2]], "memory_slots": 3, "creg_sizes": [["c", 3]], "name": "circuit-3042803", "global_phase": 0.0, "metadata": {}}, "data": {"counts": {"0x0": 2177, "0x1": 386, "0x2": 508, "0x3": 79, "0x4": 606, "0x5": 152, "0x6": 152, "0x7": 36}, "snapshots": null, "memory": null, "statevector": null, "unitary": null}}, {"shots": 4096, "success": true, "status": null, "seed": null, "meas_level": 2, "meas_return": null, "header": {"qubit_labels": [["q", 0], ["q", 1], ["q", 2], ["q", 3], ["q", 4]], "n_qubits": 5, "qreg_sizes": [["q", 5]], "clbit_labels": [["c", 0], ["c", 1], ["c", 2]], "memory_slots": 3, "creg_sizes": [["c", 3]], "name": "circuit-3044596", "global_phase": 0.0, "metadata": {}}, "data": {"counts": {"0x0": 572, "0x1": 544, "0x2": 593, "0x3": 527, "0x4": 466, "0x5": 542, "0x6": 500, "0x7": 352}, "snapshots": null, "memory": null, "statevector": null, "unitary": null}}, {"shots": 4096, "success": true, "status": null, "seed": null, "meas_level": 2, "meas_return": null, "header": {"qubit_labels": [["q", 0], ["q", 1], ["q", 2], ["q", 3], ["q", 4]], "n_qubits": 5, "qreg_sizes": [["q", 5]], "clbit_labels": [["c", 0], ["c", 1], ["c", 2]], "memory_slots": 3, "creg_sizes": [["c", 3]], "name": "circuit-3044597", "global_phase": 0.0, "metadata": {}}, "data": {"counts": {"0x0": 2018, "0x1": 280, "0x2": 371, "0x3": 73, "0x4": 911, "0x5": 208, "0x6": 195, "0x7": 40}, "snapshots": null, "memory": null, "statevector": null, "unitary": null}}, {"shots": 4096, "success": true, "status": null, "seed": null, "meas_level": 2, "meas_return": null, "header": {"qubit_labels": [["q", 0], ["q", 1], ["q", 2], ["q", 3], ["q", 4]], "n_qubits": 5, "qreg_sizes": [["q", 5]], "clbit_labels": [["c", 0], ["c", 1], ["c", 2]], "memory_slots": 3, "creg_sizes": [["c", 3]], "name": "circuit-3046511", "global_phase": 0.0, "metadata": {}}, "data": {"counts": {"0x0": 608, "0x1": 399, "0x2": 354, "0x3": 653, "0x4": 584, "0x5": 537, "0x6": 531, "0x7": 430}, "snapshots": null, "memory": null, "statevector": null, "unitary": null}}, {"shots": 4096, "success": true, "status": null, "seed": null, "meas_level": 2, "meas_return": null, "header": {"qubit_labels": [["q", 0], ["q", 1], ["q", 2], ["q", 3], ["q", 4]], "n_qubits": 5, "qreg_sizes": [["q", 5]], "clbit_labels": [["c", 0], ["c", 1], ["c", 2]], "memory_slots": 3, "creg_sizes": [["c", 3]], "name": "circuit-3046512", "global_phase": 0.0, "metadata": {}}, "data": {"counts": {"0x0": 2218, "0x1": 396, "0x2": 457, "0x3": 87, "0x4": 578, "0x5": 186, "0x6": 124, "0x7": 50}, "snapshots": null, "memory": null, "statevector": null, "unitary": null}}, {"shots": 4096, "success": true, "status": null, "seed": null, "meas_level": 2, "meas_return": null, "header": {"qubit_labels": [["q", 0], ["q", 1], ["q", 2], ["q", 3], ["q", 4]], "n_qubits": 5, "qreg_sizes": [["q", 5]], "clbit_labels": [["c", 0], ["c", 1], ["c", 2]], "memory_slots": 3, "creg_sizes": [["c", 3]], "name": "circuit-3048557", "global_phase": 0.0, "metadata": {}}, "data": {"counts": {"0x0": 393, "0x1": 433, "0x2": 421, "0x3": 378, "0x4": 415, "0x5": 786, "0x6": 972, "0x7": 298}, "snapshots": null, "memory": null, "statevector": null, "unitary": null}}, {"shots": 4096, "success": true, "status": null, "seed": null, "meas_level": 2, "meas_return": null, "header": {"qubit_labels": [["q", 0], ["q", 1], ["q", 2], ["q", 3], ["q", 4]], "n_qubits": 5, "qreg_sizes": [["q", 5]], "clbit_labels": [["c", 0], ["c", 1], ["c", 2]], "memory_slots": 3, "creg_sizes": [["c", 3]], "name": "circuit-3048558", "global_phase": 0.0, "metadata": {}}, "data": {"counts": {"0x0": 1514, "0x1": 369, "0x2": 334, "0x3": 74, "0x4": 1071, "0x5": 401, "0x6": 248, "0x7": 85}, "snapshots": null, "memory": null, "statevector": null, "unitary": null}}, {"shots": 4096, "success": true, "status": null, "seed": null, "meas_level": 2, "meas_return": null, "header": {"qubit_labels": [["q", 0], ["q", 1], ["q", 2], ["q", 3], ["q", 4]], "n_qubits": 5, "qreg_sizes": [["q", 5]], "clbit_labels": [["c", 0], ["c", 1], ["c", 2]], "memory_slots": 3, "creg_sizes": [["c", 3]], "name": "circuit-3050751", "global_phase": 0.0, "metadata": {}}, "data": {"counts": {"0x0": 617, "0x1": 394, "0x2": 322, "0x3": 555, "0x4": 564, "0x5": 597, "0x6": 629, "0x7": 418}, "snapshots": null, "memory": null, "statevector": null, "unitary": null}}, {"shots": 4096, "success": true, "status": null, "seed": null, "meas_level": 2, "meas_return": null, "header": {"qubit_labels": [["q", 0], ["q", 1], ["q", 2], ["q", 3], ["q", 4]], "n_qubits": 5, "qreg_sizes": [["q", 5]], "clbit_labels": [["c", 0], ["c", 1], ["c", 2]], "memory_slots": 3, "creg_sizes": [["c", 3]], "name": "circuit-3050752", "global_phase": 0.0, "metadata": {}}, "data": {"counts": {"0x0": 2119, "0x1": 504, "0x2": 552, "0x3": 110, "0x4": 410, "0x5": 213, "0x6": 117, "0x7": 71}, "snapshots": null, "memory": null, "statevector": null, "unitary": null}}, {"shots": 4096, "success": true, "status": null, "seed": null, "meas_level": 2, "meas_return": null, "header": {"qubit_labels": [["q", 0], ["q", 1], ["q", 2], ["q", 3], ["q", 4]], "n_qubits": 5, "qreg_sizes": [["q", 5]], "clbit_labels": [["c", 0], ["c", 1], ["c", 2]], "memory_slots": 3, "creg_sizes": [["c", 3]], "name": "circuit-3053131", "global_phase": 0.0, "metadata": {}}, "data": {"counts": {"0x0": 624, "0x1": 479, "0x2": 476, "0x3": 552, "0x4": 397, "0x5": 656, "0x6": 575, "0x7": 337}, "snapshots": null, "memory": null, "statevector": null, "unitary": null}}, {"shots": 4096, "success": true, "status": null, "seed": null, "meas_level": 2, "meas_return": null, "header": {"qubit_labels": [["q", 0], ["q", 1], ["q", 2], ["q", 3], ["q", 4]], "n_qubits": 5, "qreg_sizes": [["q", 5]], "clbit_labels": [["c", 0], ["c", 1], ["c", 2]], "memory_slots": 3, "creg_sizes": [["c", 3]], "name": "circuit-3053132", "global_phase": 0.0, "metadata": {}}, "data": {"counts": {"0x0": 1896, "0x1": 428, "0x2": 473, "0x3": 142, "0x4": 634, "0x5": 310, "0x6": 143, "0x7": 70}, "snapshots": null, "memory": null, "statevector": null, "unitary": null}}, {"shots": 4096, "success": true, "status": null, "seed": null, "meas_level": 2, "meas_return": null, "header": {"qubit_labels": [["q", 0], ["q", 1], ["q", 2], ["q", 3], ["q", 4]], "n_qubits": 5, "qreg_sizes": [["q", 5]], "clbit_labels": [["c", 0], ["c", 1], ["c", 2]], "memory_slots": 3, "creg_sizes": [["c", 3]], "name": "circuit-3055568", "global_phase": 0.0, "metadata": {}}, "data": {"counts": {"0x0": 674, "0x1": 441, "0x2": 462, "0x3": 540, "0x4": 484, "0x5": 484, "0x6": 562, "0x7": 449}, "snapshots": null, "memory": null, "statevector": null, "unitary": null}}, {"shots": 4096, "success": true, "status": null, "seed": null, "meas_level": 2, "meas_return": null, "header": {"qubit_labels": [["q", 0], ["q", 1], ["q", 2], ["q", 3], ["q", 4]], "n_qubits": 5, "qreg_sizes": [["q", 5]], "clbit_labels": [["c", 0], ["c", 1], ["c", 2]], "memory_slots": 3, "creg_sizes": [["c", 3]], "name": "circuit-3055569", "global_phase": 0.0, "metadata": {}}, "data": {"counts": {"0x0": 1527, "0x1": 430, "0x2": 378, "0x3": 125, "0x4": 1012, "0x5": 307, "0x6": 236, "0x7": 81}, "snapshots": null, "memory": null, "statevector": null, "unitary": null}}, {"shots": 4096, "success": true, "status": null, "seed": null, "meas_level": 2, "meas_return": null, "header": {"qubit_labels": [["q", 0], ["q", 1], ["q", 2], ["q", 3], ["q", 4]], "n_qubits": 5, "qreg_sizes": [["q", 5]], "clbit_labels": [["c", 0], ["c", 1], ["c", 2]], "memory_slots": 3, "creg_sizes": [["c", 3]], "name": "circuit-3058107", "global_phase": 0.0, "metadata": {}}, "data": {"counts": {"0x0": 457, "0x1": 456, "0x2": 479, "0x3": 552, "0x4": 519, "0x5": 520, "0x6": 566, "0x7": 547}, "snapshots": null, "memory": null, "statevector": null, "unitary": null}}, {"shots": 4096, "success": true, "status": null, "seed": null, "meas_level": 2, "meas_return": null, "header": {"qubit_labels": [["q", 0], ["q", 1], ["q", 2], ["q", 3], ["q", 4]], "n_qubits": 5, "qreg_sizes": [["q", 5]], "clbit_labels": [["c", 0], ["c", 1], ["c", 2]], "memory_slots": 3, "creg_sizes": [["c", 3]], "name": "circuit-3058108", "global_phase": 0.0, "metadata": {}}, "data": {"counts": {"0x0": 894, "0x1": 334, "0x2": 267, "0x3": 124, "0x4": 1453, "0x5": 475, "0x6": 411, "0x7": 138}, "snapshots": null, "memory": null, "statevector": null, "unitary": null}}, {"shots": 4096, "success": true, "status": null, "seed": null, "meas_level": 2, "meas_return": null, "header": {"qubit_labels": [["q", 0], ["q", 1], ["q", 2], ["q", 3], ["q", 4]], "n_qubits": 5, "qreg_sizes": [["q", 5]], "clbit_labels": [["c", 0], ["c", 1], ["c", 2]], "memory_slots": 3, "creg_sizes": [["c", 3]], "name": "circuit-3060855", "global_phase": 0.0, "metadata": {}}, "data": {"counts": {"0x0": 455, "0x1": 485, "0x2": 578, "0x3": 412, "0x4": 528, "0x5": 665, "0x6": 480, "0x7": 493}, "snapshots": null, "memory": null, "statevector": null, "unitary": null}}, {"shots": 4096, "success": true, "status": null, "seed": null, "meas_level": 2, "meas_return": null, "header": {"qubit_labels": [["q", 0], ["q", 1], ["q", 2], ["q", 3], ["q", 4]], "n_qubits": 5, "qreg_sizes": [["q", 5]], "clbit_labels": [["c", 0], ["c", 1], ["c", 2]], "memory_slots": 3, "creg_sizes": [["c", 3]], "name": "circuit-3060856", "global_phase": 0.0, "metadata": {}}, "data": {"counts": {"0x0": 1485, "0x1": 678, "0x2": 455, "0x3": 186, "0x4": 595, "0x5": 419, "0x6": 167, "0x7": 111}, "snapshots": null, "memory": null, "statevector": null, "unitary": null}}, {"shots": 4096, "success": true, "status": null, "seed": null, "meas_level": 2, "meas_return": null, "header": {"qubit_labels": [["q", 0], ["q", 1], ["q", 2], ["q", 3], ["q", 4]], "n_qubits": 5, "qreg_sizes": [["q", 5]], "clbit_labels": [["c", 0], ["c", 1], ["c", 2]], "memory_slots": 3, "creg_sizes": [["c", 3]], "name": "circuit-3063802", "global_phase": 0.0, "metadata": {}}, "data": {"counts": {"0x0": 616, "0x1": 445, "0x2": 437, "0x3": 620, "0x4": 545, "0x5": 454, "0x6": 392, "0x7": 587}, "snapshots": null, "memory": null, "statevector": null, "unitary": null}}, {"shots": 4096, "success": true, "status": null, "seed": null, "meas_level": 2, "meas_return": null, "header": {"qubit_labels": [["q", 0], ["q", 1], ["q", 2], ["q", 3], ["q", 4]], "n_qubits": 5, "qreg_sizes": [["q", 5]], "clbit_labels": [["c", 0], ["c", 1], ["c", 2]], "memory_slots": 3, "creg_sizes": [["c", 3]], "name": "circuit-3063803", "global_phase": 0.0, "metadata": {}}, "data": {"counts": {"0x0": 1550, "0x1": 548, "0x2": 546, "0x3": 191, "0x4": 630, "0x5": 317, "0x6": 199, "0x7": 115}, "snapshots": null, "memory": null, "statevector": null, "unitary": null}}, {"shots": 4096, "success": true, "status": null, "seed": null, "meas_level": 2, "meas_return": null, "header": {"qubit_labels": [["q", 0], ["q", 1], ["q", 2], ["q", 3], ["q", 4]], "n_qubits": 5, "qreg_sizes": [["q", 5]], "clbit_labels": [["c", 0], ["c", 1], ["c", 2]], "memory_slots": 3, "creg_sizes": [["c", 3]], "name": "circuit-3066832", "global_phase": 0.0, "metadata": {}}, "data": {"counts": {"0x0": 1046, "0x1": 111, "0x2": 156, "0x3": 879, "0x4": 255, "0x5": 800, "0x6": 690, "0x7": 159}, "snapshots": null, "memory": null, "statevector": null, "unitary": null}}, {"shots": 4096, "success": true, "status": null, "seed": null, "meas_level": 2, "meas_return": null, "header": {"qubit_labels": [["q", 0], ["q", 1], ["q", 2], ["q", 3], ["q", 4]], "n_qubits": 5, "qreg_sizes": [["q", 5]], "clbit_labels": [["c", 0], ["c", 1], ["c", 2]], "memory_slots": 3, "creg_sizes": [["c", 3]], "name": "circuit-3066833", "global_phase": 0.0, "metadata": {}}, "data": {"counts": {"0x0": 3641, "0x1": 84, "0x2": 177, "0x3": 9, "0x4": 114, "0x5": 62, "0x6": 4, "0x7": 5}, "snapshots": null, "memory": null, "statevector": null, "unitary": null}}, {"shots": 4096, "success": true, "status": null, "seed": null, "meas_level": 2, "meas_return": null, "header": {"qubit_labels": [["q", 0], ["q", 1], ["q", 2], ["q", 3], ["q", 4]], "n_qubits": 5, "qreg_sizes": [["q", 5]], "clbit_labels": [["c", 0], ["c", 1], ["c", 2]], "memory_slots": 3, "creg_sizes": [["c", 3]], "name": "circuit-3067181", "global_phase": 0.0, "metadata": {}}, "data": {"counts": {"0x0": 902, "0x1": 293, "0x2": 350, "0x3": 725, "0x4": 331, "0x5": 705, "0x6": 577, "0x7": 213}, "snapshots": null, "memory": null, "statevector": null, "unitary": null}}, {"shots": 4096, "success": true, "status": null, "seed": null, "meas_level": 2, "meas_return": null, "header": {"qubit_labels": [["q", 0], ["q", 1], ["q", 2], ["q", 3], ["q", 4]], "n_qubits": 5, "qreg_sizes": [["q", 5]], "clbit_labels": [["c", 0], ["c", 1], ["c", 2]], "memory_slots": 3, "creg_sizes": [["c", 3]], "name": "circuit-3067182", "global_phase": 0.0, "metadata": {}}, "data": {"counts": {"0x0": 3467, "0x1": 142, "0x2": 220, "0x3": 13, "0x4": 207, "0x5": 37, "0x6": 10}, "snapshots": null, "memory": null, "statevector": null, "unitary": null}}, {"shots": 4096, "success": true, "status": null, "seed": null, "meas_level": 2, "meas_return": null, "header": {"qubit_labels": [["q", 0], ["q", 1], ["q", 2], ["q", 3], ["q", 4]], "n_qubits": 5, "qreg_sizes": [["q", 5]], "clbit_labels": [["c", 0], ["c", 1], ["c", 2]], "memory_slots": 3, "creg_sizes": [["c", 3]], "name": "circuit-3067682", "global_phase": 0.0, "metadata": {}}, "data": {"counts": {"0x0": 913, "0x1": 452, "0x2": 458, "0x3": 600, "0x4": 403, "0x5": 450, "0x6": 478, "0x7": 342}, "snapshots": null, "memory": null, "statevector": null, "unitary": null}}, {"shots": 4096, "success": true, "status": null, "seed": null, "meas_level": 2, "meas_return": null, "header": {"qubit_labels": [["q", 0], ["q", 1], ["q", 2], ["q", 3], ["q", 4]], "n_qubits": 5, "qreg_sizes": [["q", 5]], "clbit_labels": [["c", 0], ["c", 1], ["c", 2]], "memory_slots": 3, "creg_sizes": [["c", 3]], "name": "circuit-3067683", "global_phase": 0.0, "metadata": {}}, "data": {"counts": {"0x0": 3287, "0x1": 188, "0x2": 270, "0x3": 14, "0x4": 258, "0x5": 50, "0x6": 25, "0x7": 4}, "snapshots": null, "memory": null, "statevector": null, "unitary": null}}, {"shots": 4096, "success": true, "status": null, "seed": null, "meas_level": 2, "meas_return": null, "header": {"qubit_labels": [["q", 0], ["q", 1], ["q", 2], ["q", 3], ["q", 4]], "n_qubits": 5, "qreg_sizes": [["q", 5]], "clbit_labels": [["c", 0], ["c", 1], ["c", 2]], "memory_slots": 3, "creg_sizes": [["c", 3]], "name": "circuit-3068267", "global_phase": 0.0, "metadata": {}}, "data": {"counts": {"0x0": 701, "0x1": 506, "0x2": 510, "0x3": 502, "0x4": 566, "0x5": 480, "0x6": 428, "0x7": 403}, "snapshots": null, "memory": null, "statevector": null, "unitary": null}}, {"shots": 4096, "success": true, "status": null, "seed": null, "meas_level": 2, "meas_return": null, "header": {"qubit_labels": [["q", 0], ["q", 1], ["q", 2], ["q", 3], ["q", 4]], "n_qubits": 5, "qreg_sizes": [["q", 5]], "clbit_labels": [["c", 0], ["c", 1], ["c", 2]], "memory_slots": 3, "creg_sizes": [["c", 3]], "name": "circuit-3068268", "global_phase": 0.0, "metadata": {}}, "data": {"counts": {"0x0": 3189, "0x1": 153, "0x2": 280, "0x3": 21, "0x4": 348, "0x5": 67, "0x6": 35, "0x7": 3}, "snapshots": null, "memory": null, "statevector": null, "unitary": null}}, {"shots": 4096, "success": true, "status": null, "seed": null, "meas_level": 2, "meas_return": null, "header": {"qubit_labels": [["q", 0], ["q", 1], ["q", 2], ["q", 3], ["q", 4]], "n_qubits": 5, "qreg_sizes": [["q", 5]], "clbit_labels": [["c", 0], ["c", 1], ["c", 2]], "memory_slots": 3, "creg_sizes": [["c", 3]], "name": "circuit-3069023", "global_phase": 0.0, "metadata": {}}, "data": {"counts": {"0x0": 345, "0x1": 647, "0x2": 628, "0x3": 232, "0x4": 794, "0x5": 400, "0x6": 334, "0x7": 716}, "snapshots": null, "memory": null, "statevector": null, "unitary": null}}, {"shots": 4096, "success": true, "status": null, "seed": null, "meas_level": 2, "meas_return": null, "header": {"qubit_labels": [["q", 0], ["q", 1], ["q", 2], ["q", 3], ["q", 4]], "n_qubits": 5, "qreg_sizes": [["q", 5]], "clbit_labels": [["c", 0], ["c", 1], ["c", 2]], "memory_slots": 3, "creg_sizes": [["c", 3]], "name": "circuit-3069024", "global_phase": 0.0, "metadata": {}}, "data": {"counts": {"0x0": 2907, "0x1": 245, "0x2": 307, "0x3": 45, "0x4": 355, "0x5": 180, "0x6": 34, "0x7": 23}, "snapshots": null, "memory": null, "statevector": null, "unitary": null}}, {"shots": 4096, "success": true, "status": null, "seed": null, "meas_level": 2, "meas_return": null, "header": {"qubit_labels": [["q", 0], ["q", 1], ["q", 2], ["q", 3], ["q", 4]], "n_qubits": 5, "qreg_sizes": [["q", 5]], "clbit_labels": [["c", 0], ["c", 1], ["c", 2]], "memory_slots": 3, "creg_sizes": [["c", 3]], "name": "circuit-3069934", "global_phase": 0.0, "metadata": {}}, "data": {"counts": {"0x0": 418, "0x1": 919, "0x2": 810, "0x3": 253, "0x4": 585, "0x5": 246, "0x6": 260, "0x7": 605}, "snapshots": null, "memory": null, "statevector": null, "unitary": null}}, {"shots": 4096, "success": true, "status": null, "seed": null, "meas_level": 2, "meas_return": null, "header": {"qubit_labels": [["q", 0], ["q", 1], ["q", 2], ["q", 3], ["q", 4]], "n_qubits": 5, "qreg_sizes": [["q", 5]], "clbit_labels": [["c", 0], ["c", 1], ["c", 2]], "memory_slots": 3, "creg_sizes": [["c", 3]], "name": "circuit-3069935", "global_phase": 0.0, "metadata": {}}, "data": {"counts": {"0x0": 2870, "0x1": 257, "0x2": 321, "0x3": 28, "0x4": 368, "0x5": 195, "0x6": 43, "0x7": 14}, "snapshots": null, "memory": null, "statevector": null, "unitary": null}}, {"shots": 4096, "success": true, "status": null, "seed": null, "meas_level": 2, "meas_return": null, "header": {"qubit_labels": [["q", 0], ["q", 1], ["q", 2], ["q", 3], ["q", 4]], "n_qubits": 5, "qreg_sizes": [["q", 5]], "clbit_labels": [["c", 0], ["c", 1], ["c", 2]], "memory_slots": 3, "creg_sizes": [["c", 3]], "name": "circuit-3070964", "global_phase": 0.0, "metadata": {}}, "data": {"counts": {"0x0": 358, "0x1": 691, "0x2": 608, "0x3": 232, "0x4": 890, "0x5": 354, "0x6": 342, "0x7": 621}, "snapshots": null, "memory": null, "statevector": null, "unitary": null}}, {"shots": 4096, "success": true, "status": null, "seed": null, "meas_level": 2, "meas_return": null, "header": {"qubit_labels": [["q", 0], ["q", 1], ["q", 2], ["q", 3], ["q", 4]], "n_qubits": 5, "qreg_sizes": [["q", 5]], "clbit_labels": [["c", 0], ["c", 1], ["c", 2]], "memory_slots": 3, "creg_sizes": [["c", 3]], "name": "circuit-3070965", "global_phase": 0.0, "metadata": {}}, "data": {"counts": {"0x0": 2701, "0x1": 338, "0x2": 362, "0x3": 38, "0x4": 277, "0x5": 303, "0x6": 43, "0x7": 34}, "snapshots": null, "memory": null, "statevector": null, "unitary": null}}, {"shots": 4096, "success": true, "status": null, "seed": null, "meas_level": 2, "meas_return": null, "header": {"qubit_labels": [["q", 0], ["q", 1], ["q", 2], ["q", 3], ["q", 4]], "n_qubits": 5, "qreg_sizes": [["q", 5]], "clbit_labels": [["c", 0], ["c", 1], ["c", 2]], "memory_slots": 3, "creg_sizes": [["c", 3]], "name": "circuit-3072108", "global_phase": 0.0, "metadata": {}}, "data": {"counts": {"0x0": 350, "0x1": 552, "0x2": 567, "0x3": 244, "0x4": 966, "0x5": 264, "0x6": 272, "0x7": 881}, "snapshots": null, "memory": null, "statevector": null, "unitary": null}}, {"shots": 4096, "success": true, "status": null, "seed": null, "meas_level": 2, "meas_return": null, "header": {"qubit_labels": [["q", 0], ["q", 1], ["q", 2], ["q", 3], ["q", 4]], "n_qubits": 5, "qreg_sizes": [["q", 5]], "clbit_labels": [["c", 0], ["c", 1], ["c", 2]], "memory_slots": 3, "creg_sizes": [["c", 3]], "name": "circuit-3072109", "global_phase": 0.0, "metadata": {}}, "data": {"counts": {"0x0": 2517, "0x1": 277, "0x2": 362, "0x3": 42, "0x4": 619, "0x5": 149, "0x6": 91, "0x7": 39}, "snapshots": null, "memory": null, "statevector": null, "unitary": null}}, {"shots": 4096, "success": true, "status": null, "seed": null, "meas_level": 2, "meas_return": null, "header": {"qubit_labels": [["q", 0], ["q", 1], ["q", 2], ["q", 3], ["q", 4]], "n_qubits": 5, "qreg_sizes": [["q", 5]], "clbit_labels": [["c", 0], ["c", 1], ["c", 2]], "memory_slots": 3, "creg_sizes": [["c", 3]], "name": "circuit-3073457", "global_phase": 0.0, "metadata": {}}, "data": {"counts": {"0x0": 401, "0x1": 714, "0x2": 688, "0x3": 430, "0x4": 593, "0x5": 360, "0x6": 394, "0x7": 516}, "snapshots": null, "memory": null, "statevector": null, "unitary": null}}, {"shots": 4096, "success": true, "status": null, "seed": null, "meas_level": 2, "meas_return": null, "header": {"qubit_labels": [["q", 0], ["q", 1], ["q", 2], ["q", 3], ["q", 4]], "n_qubits": 5, "qreg_sizes": [["q", 5]], "clbit_labels": [["c", 0], ["c", 1], ["c", 2]], "memory_slots": 3, "creg_sizes": [["c", 3]], "name": "circuit-3073458", "global_phase": 0.0, "metadata": {}}, "data": {"counts": {"0x0": 2303, "0x1": 250, "0x2": 432, "0x3": 58, "0x4": 722, "0x5": 188, "0x6": 117, "0x7": 26}, "snapshots": null, "memory": null, "statevector": null, "unitary": null}}, {"shots": 4096, "success": true, "status": null, "seed": null, "meas_level": 2, "meas_return": null, "header": {"qubit_labels": [["q", 0], ["q", 1], ["q", 2], ["q", 3], ["q", 4]], "n_qubits": 5, "qreg_sizes": [["q", 5]], "clbit_labels": [["c", 0], ["c", 1], ["c", 2]], "memory_slots": 3, "creg_sizes": [["c", 3]], "name": "circuit-3074942", "global_phase": 0.0, "metadata": {}}, "data": {"counts": {"0x0": 430, "0x1": 710, "0x2": 814, "0x3": 384, "0x4": 440, "0x5": 346, "0x6": 492, "0x7": 480}, "snapshots": null, "memory": null, "statevector": null, "unitary": null}}, {"shots": 4096, "success": true, "status": null, "seed": null, "meas_level": 2, "meas_return": null, "header": {"qubit_labels": [["q", 0], ["q", 1], ["q", 2], ["q", 3], ["q", 4]], "n_qubits": 5, "qreg_sizes": [["q", 5]], "clbit_labels": [["c", 0], ["c", 1], ["c", 2]], "memory_slots": 3, "creg_sizes": [["c", 3]], "name": "circuit-3074943", "global_phase": 0.0, "metadata": {}}, "data": {"counts": {"0x0": 2133, "0x1": 357, "0x2": 347, "0x3": 58, "0x4": 698, "0x5": 310, "0x6": 130, "0x7": 63}, "snapshots": null, "memory": null, "statevector": null, "unitary": null}}, {"shots": 4096, "success": true, "status": null, "seed": null, "meas_level": 2, "meas_return": null, "header": {"qubit_labels": [["q", 0], ["q", 1], ["q", 2], ["q", 3], ["q", 4]], "n_qubits": 5, "qreg_sizes": [["q", 5]], "clbit_labels": [["c", 0], ["c", 1], ["c", 2]], "memory_slots": 3, "creg_sizes": [["c", 3]], "name": "circuit-3076536", "global_phase": 0.0, "metadata": {}}, "data": {"counts": {"0x0": 591, "0x1": 474, "0x2": 462, "0x3": 489, "0x4": 734, "0x5": 388, "0x6": 465, "0x7": 493}, "snapshots": null, "memory": null, "statevector": null, "unitary": null}}, {"shots": 4096, "success": true, "status": null, "seed": null, "meas_level": 2, "meas_return": null, "header": {"qubit_labels": [["q", 0], ["q", 1], ["q", 2], ["q", 3], ["q", 4]], "n_qubits": 5, "qreg_sizes": [["q", 5]], "clbit_labels": [["c", 0], ["c", 1], ["c", 2]], "memory_slots": 3, "creg_sizes": [["c", 3]], "name": "circuit-3076537", "global_phase": 0.0, "metadata": {}}, "data": {"counts": {"0x0": 2125, "0x1": 455, "0x2": 449, "0x3": 83, "0x4": 628, "0x5": 175, "0x6": 137, "0x7": 44}, "snapshots": null, "memory": null, "statevector": null, "unitary": null}}, {"shots": 4096, "success": true, "status": null, "seed": null, "meas_level": 2, "meas_return": null, "header": {"qubit_labels": [["q", 0], ["q", 1], ["q", 2], ["q", 3], ["q", 4]], "n_qubits": 5, "qreg_sizes": [["q", 5]], "clbit_labels": [["c", 0], ["c", 1], ["c", 2]], "memory_slots": 3, "creg_sizes": [["c", 3]], "name": "circuit-3078298", "global_phase": 0.0, "metadata": {}}, "data": {"counts": {"0x0": 687, "0x1": 370, "0x2": 407, "0x3": 735, "0x4": 434, "0x5": 549, "0x6": 553, "0x7": 361}, "snapshots": null, "memory": null, "statevector": null, "unitary": null}}, {"shots": 4096, "success": true, "status": null, "seed": null, "meas_level": 2, "meas_return": null, "header": {"qubit_labels": [["q", 0], ["q", 1], ["q", 2], ["q", 3], ["q", 4]], "n_qubits": 5, "qreg_sizes": [["q", 5]], "clbit_labels": [["c", 0], ["c", 1], ["c", 2]], "memory_slots": 3, "creg_sizes": [["c", 3]], "name": "circuit-3078299", "global_phase": 0.0, "metadata": {}}, "data": {"counts": {"0x0": 1667, "0x1": 295, "0x2": 312, "0x3": 71, "0x4": 1189, "0x5": 268, "0x6": 221, "0x7": 73}, "snapshots": null, "memory": null, "statevector": null, "unitary": null}}, {"shots": 4096, "success": true, "status": null, "seed": null, "meas_level": 2, "meas_return": null, "header": {"qubit_labels": [["q", 0], ["q", 1], ["q", 2], ["q", 3], ["q", 4]], "n_qubits": 5, "qreg_sizes": [["q", 5]], "clbit_labels": [["c", 0], ["c", 1], ["c", 2]], "memory_slots": 3, "creg_sizes": [["c", 3]], "name": "circuit-3080190", "global_phase": 0.0, "metadata": {}}, "data": {"counts": {"0x0": 701, "0x1": 333, "0x2": 349, "0x3": 594, "0x4": 462, "0x5": 662, "0x6": 667, "0x7": 328}, "snapshots": null, "memory": null, "statevector": null, "unitary": null}}, {"shots": 4096, "success": true, "status": null, "seed": null, "meas_level": 2, "meas_return": null, "header": {"qubit_labels": [["q", 0], ["q", 1], ["q", 2], ["q", 3], ["q", 4]], "n_qubits": 5, "qreg_sizes": [["q", 5]], "clbit_labels": [["c", 0], ["c", 1], ["c", 2]], "memory_slots": 3, "creg_sizes": [["c", 3]], "name": "circuit-3080191", "global_phase": 0.0, "metadata": {}}, "data": {"counts": {"0x0": 2122, "0x1": 554, "0x2": 450, "0x3": 115, "0x4": 490, "0x5": 210, "0x6": 106, "0x7": 49}, "snapshots": null, "memory": null, "statevector": null, "unitary": null}}, {"shots": 4096, "success": true, "status": null, "seed": null, "meas_level": 2, "meas_return": null, "header": {"qubit_labels": [["q", 0], ["q", 1], ["q", 2], ["q", 3], ["q", 4]], "n_qubits": 5, "qreg_sizes": [["q", 5]], "clbit_labels": [["c", 0], ["c", 1], ["c", 2]], "memory_slots": 3, "creg_sizes": [["c", 3]], "name": "circuit-3082246", "global_phase": 0.0, "metadata": {}}, "data": {"counts": {"0x0": 620, "0x1": 368, "0x2": 404, "0x3": 590, "0x4": 360, "0x5": 624, "0x6": 854, "0x7": 276}, "snapshots": null, "memory": null, "statevector": null, "unitary": null}}, {"shots": 4096, "success": true, "status": null, "seed": null, "meas_level": 2, "meas_return": null, "header": {"qubit_labels": [["q", 0], ["q", 1], ["q", 2], ["q", 3], ["q", 4]], "n_qubits": 5, "qreg_sizes": [["q", 5]], "clbit_labels": [["c", 0], ["c", 1], ["c", 2]], "memory_slots": 3, "creg_sizes": [["c", 3]], "name": "circuit-3082247", "global_phase": 0.0, "metadata": {}}, "data": {"counts": {"0x0": 1270, "0x1": 288, "0x2": 333, "0x3": 70, "0x4": 1310, "0x5": 407, "0x6": 327, "0x7": 91}, "snapshots": null, "memory": null, "statevector": null, "unitary": null}}, {"shots": 4096, "success": true, "status": null, "seed": null, "meas_level": 2, "meas_return": null, "header": {"qubit_labels": [["q", 0], ["q", 1], ["q", 2], ["q", 3], ["q", 4]], "n_qubits": 5, "qreg_sizes": [["q", 5]], "clbit_labels": [["c", 0], ["c", 1], ["c", 2]], "memory_slots": 3, "creg_sizes": [["c", 3]], "name": "circuit-3084397", "global_phase": 0.0, "metadata": {}}, "data": {"counts": {"0x0": 626, "0x1": 347, "0x2": 476, "0x3": 510, "0x4": 377, "0x5": 624, "0x6": 770, "0x7": 366}, "snapshots": null, "memory": null, "statevector": null, "unitary": null}}, {"shots": 4096, "success": true, "status": null, "seed": null, "meas_level": 2, "meas_return": null, "header": {"qubit_labels": [["q", 0], ["q", 1], ["q", 2], ["q", 3], ["q", 4]], "n_qubits": 5, "qreg_sizes": [["q", 5]], "clbit_labels": [["c", 0], ["c", 1], ["c", 2]], "memory_slots": 3, "creg_sizes": [["c", 3]], "name": "circuit-3084398", "global_phase": 0.0, "metadata": {}}, "data": {"counts": {"0x0": 1558, "0x1": 449, "0x2": 378, "0x3": 93, "0x4": 970, "0x5": 309, "0x6": 249, "0x7": 90}, "snapshots": null, "memory": null, "statevector": null, "unitary": null}}, {"shots": 4096, "success": true, "status": null, "seed": null, "meas_level": 2, "meas_return": null, "header": {"qubit_labels": [["q", 0], ["q", 1], ["q", 2], ["q", 3], ["q", 4]], "n_qubits": 5, "qreg_sizes": [["q", 5]], "clbit_labels": [["c", 0], ["c", 1], ["c", 2]], "memory_slots": 3, "creg_sizes": [["c", 3]], "name": "circuit-3086687", "global_phase": 0.0, "metadata": {}}, "data": {"counts": {"0x0": 674, "0x1": 442, "0x2": 431, "0x3": 461, "0x4": 482, "0x5": 682, "0x6": 616, "0x7": 308}, "snapshots": null, "memory": null, "statevector": null, "unitary": null}}, {"shots": 4096, "success": true, "status": null, "seed": null, "meas_level": 2, "meas_return": null, "header": {"qubit_labels": [["q", 0], ["q", 1], ["q", 2], ["q", 3], ["q", 4]], "n_qubits": 5, "qreg_sizes": [["q", 5]], "clbit_labels": [["c", 0], ["c", 1], ["c", 2]], "memory_slots": 3, "creg_sizes": [["c", 3]], "name": "circuit-3086688", "global_phase": 0.0, "metadata": {}}, "data": {"counts": {"0x0": 1352, "0x1": 536, "0x2": 328, "0x3": 122, "0x4": 1059, "0x5": 344, "0x6": 260, "0x7": 95}, "snapshots": null, "memory": null, "statevector": null, "unitary": null}}, {"shots": 4096, "success": true, "status": null, "seed": null, "meas_level": 2, "meas_return": null, "header": {"qubit_labels": [["q", 0], ["q", 1], ["q", 2], ["q", 3], ["q", 4]], "n_qubits": 5, "qreg_sizes": [["q", 5]], "clbit_labels": [["c", 0], ["c", 1], ["c", 2]], "memory_slots": 3, "creg_sizes": [["c", 3]], "name": "circuit-3089146", "global_phase": 0.0, "metadata": {}}, "data": {"counts": {"0x0": 623, "0x1": 414, "0x2": 487, "0x3": 764, "0x4": 398, "0x5": 564, "0x6": 514, "0x7": 332}, "snapshots": null, "memory": null, "statevector": null, "unitary": null}}, {"shots": 4096, "success": true, "status": null, "seed": null, "meas_level": 2, "meas_return": null, "header": {"qubit_labels": [["q", 0], ["q", 1], ["q", 2], ["q", 3], ["q", 4]], "n_qubits": 5, "qreg_sizes": [["q", 5]], "clbit_labels": [["c", 0], ["c", 1], ["c", 2]], "memory_slots": 3, "creg_sizes": [["c", 3]], "name": "circuit-3089147", "global_phase": 0.0, "metadata": {}}, "data": {"counts": {"0x0": 1984, "0x1": 399, "0x2": 588, "0x3": 99, "0x4": 541, "0x5": 231, "0x6": 183, "0x7": 71}, "snapshots": null, "memory": null, "statevector": null, "unitary": null}}, {"shots": 4096, "success": true, "status": null, "seed": null, "meas_level": 2, "meas_return": null, "header": {"qubit_labels": [["q", 0], ["q", 1], ["q", 2], ["q", 3], ["q", 4]], "n_qubits": 5, "qreg_sizes": [["q", 5]], "clbit_labels": [["c", 0], ["c", 1], ["c", 2]], "memory_slots": 3, "creg_sizes": [["c", 3]], "name": "circuit-3091724", "global_phase": 0.0, "metadata": {}}, "data": {"counts": {"0x0": 648, "0x1": 402, "0x2": 457, "0x3": 526, "0x4": 466, "0x5": 573, "0x6": 593, "0x7": 431}, "snapshots": null, "memory": null, "statevector": null, "unitary": null}}, {"shots": 4096, "success": true, "status": null, "seed": null, "meas_level": 2, "meas_return": null, "header": {"qubit_labels": [["q", 0], ["q", 1], ["q", 2], ["q", 3], ["q", 4]], "n_qubits": 5, "qreg_sizes": [["q", 5]], "clbit_labels": [["c", 0], ["c", 1], ["c", 2]], "memory_slots": 3, "creg_sizes": [["c", 3]], "name": "circuit-3091725", "global_phase": 0.0, "metadata": {}}, "data": {"counts": {"0x0": 1127, "0x1": 425, "0x2": 361, "0x3": 130, "0x4": 1072, "0x5": 547, "0x6": 316, "0x7": 118}, "snapshots": null, "memory": null, "statevector": null, "unitary": null}}, {"shots": 4096, "success": true, "status": null, "seed": null, "meas_level": 2, "meas_return": null, "header": {"qubit_labels": [["q", 0], ["q", 1], ["q", 2], ["q", 3], ["q", 4]], "n_qubits": 5, "qreg_sizes": [["q", 5]], "clbit_labels": [["c", 0], ["c", 1], ["c", 2]], "memory_slots": 3, "creg_sizes": [["c", 3]], "name": "circuit-3094433", "global_phase": 0.0, "metadata": {}}, "data": {"counts": {"0x0": 665, "0x1": 432, "0x2": 465, "0x3": 664, "0x4": 545, "0x5": 437, "0x6": 361, "0x7": 527}, "snapshots": null, "memory": null, "statevector": null, "unitary": null}}, {"shots": 4096, "success": true, "status": null, "seed": null, "meas_level": 2, "meas_return": null, "header": {"qubit_labels": [["q", 0], ["q", 1], ["q", 2], ["q", 3], ["q", 4]], "n_qubits": 5, "qreg_sizes": [["q", 5]], "clbit_labels": [["c", 0], ["c", 1], ["c", 2]], "memory_slots": 3, "creg_sizes": [["c", 3]], "name": "circuit-3094434", "global_phase": 0.0, "metadata": {}}, "data": {"counts": {"0x0": 1320, "0x1": 372, "0x2": 418, "0x3": 121, "0x4": 1056, "0x5": 369, "0x6": 321, "0x7": 119}, "snapshots": null, "memory": null, "statevector": null, "unitary": null}}, {"shots": 4096, "success": true, "status": null, "seed": null, "meas_level": 2, "meas_return": null, "header": {"qubit_labels": [["q", 0], ["q", 1], ["q", 2], ["q", 3], ["q", 4]], "n_qubits": 5, "qreg_sizes": [["q", 5]], "clbit_labels": [["c", 0], ["c", 1], ["c", 2]], "memory_slots": 3, "creg_sizes": [["c", 3]], "name": "circuit-3097384", "global_phase": 0.0, "metadata": {}}, "data": {"counts": {"0x0": 648, "0x1": 536, "0x2": 467, "0x3": 551, "0x4": 586, "0x5": 408, "0x6": 408, "0x7": 492}, "snapshots": null, "memory": null, "statevector": null, "unitary": null}}, {"shots": 4096, "success": true, "status": null, "seed": null, "meas_level": 2, "meas_return": null, "header": {"qubit_labels": [["q", 0], ["q", 1], ["q", 2], ["q", 3], ["q", 4]], "n_qubits": 5, "qreg_sizes": [["q", 5]], "clbit_labels": [["c", 0], ["c", 1], ["c", 2]], "memory_slots": 3, "creg_sizes": [["c", 3]], "name": "circuit-3097385", "global_phase": 0.0, "metadata": {}}, "data": {"counts": {"0x0": 1678, "0x1": 466, "0x2": 554, "0x3": 164, "0x4": 612, "0x5": 336, "0x6": 186, "0x7": 100}, "snapshots": null, "memory": null, "statevector": null, "unitary": null}}, {"shots": 4096, "success": true, "status": null, "seed": null, "meas_level": 2, "meas_return": null, "header": {"qubit_labels": [["q", 0], ["q", 1], ["q", 2], ["q", 3], ["q", 4]], "n_qubits": 5, "qreg_sizes": [["q", 5]], "clbit_labels": [["c", 0], ["c", 1], ["c", 2]], "memory_slots": 3, "creg_sizes": [["c", 3]], "name": "circuit-3100420", "global_phase": 0.0, "metadata": {}}, "data": {"counts": {"0x0": 1007, "0x1": 168, "0x2": 209, "0x3": 825, "0x4": 159, "0x5": 748, "0x6": 870, "0x7": 110}, "snapshots": null, "memory": null, "statevector": null, "unitary": null}}, {"shots": 4096, "success": true, "status": null, "seed": null, "meas_level": 2, "meas_return": null, "header": {"qubit_labels": [["q", 0], ["q", 1], ["q", 2], ["q", 3], ["q", 4]], "n_qubits": 5, "qreg_sizes": [["q", 5]], "clbit_labels": [["c", 0], ["c", 1], ["c", 2]], "memory_slots": 3, "creg_sizes": [["c", 3]], "name": "circuit-3100421", "global_phase": 0.0, "metadata": {}}, "data": {"counts": {"0x0": 3700, "0x1": 88, "0x2": 179, "0x3": 4, "0x4": 80, "0x5": 37, "0x6": 5, "0x7": 3}, "snapshots": null, "memory": null, "statevector": null, "unitary": null}}, {"shots": 4096, "success": true, "status": null, "seed": null, "meas_level": 2, "meas_return": null, "header": {"qubit_labels": [["q", 0], ["q", 1], ["q", 2], ["q", 3], ["q", 4]], "n_qubits": 5, "qreg_sizes": [["q", 5]], "clbit_labels": [["c", 0], ["c", 1], ["c", 2]], "memory_slots": 3, "creg_sizes": [["c", 3]], "name": "circuit-3100752", "global_phase": 0.0, "metadata": {}}, "data": {"counts": {"0x0": 954, "0x1": 397, "0x2": 296, "0x3": 852, "0x4": 169, "0x5": 752, "0x6": 579, "0x7": 97}, "snapshots": null, "memory": null, "statevector": null, "unitary": null}}, {"shots": 4096, "success": true, "status": null, "seed": null, "meas_level": 2, "meas_return": null, "header": {"qubit_labels": [["q", 0], ["q", 1], ["q", 2], ["q", 3], ["q", 4]], "n_qubits": 5, "qreg_sizes": [["q", 5]], "clbit_labels": [["c", 0], ["c", 1], ["c", 2]], "memory_slots": 3, "creg_sizes": [["c", 3]], "name": "circuit-3100753", "global_phase": 0.0, "metadata": {}}, "data": {"counts": {"0x0": 3500, "0x1": 108, "0x2": 223, "0x3": 12, "0x4": 184, "0x5": 54, "0x6": 9, "0x7": 6}, "snapshots": null, "memory": null, "statevector": null, "unitary": null}}, {"shots": 4096, "success": true, "status": null, "seed": null, "meas_level": 2, "meas_return": null, "header": {"qubit_labels": [["q", 0], ["q", 1], ["q", 2], ["q", 3], ["q", 4]], "n_qubits": 5, "qreg_sizes": [["q", 5]], "clbit_labels": [["c", 0], ["c", 1], ["c", 2]], "memory_slots": 3, "creg_sizes": [["c", 3]], "name": "circuit-3101251", "global_phase": 0.0, "metadata": {}}, "data": {"counts": {"0x0": 861, "0x1": 365, "0x2": 369, "0x3": 590, "0x4": 591, "0x5": 502, "0x6": 373, "0x7": 445}, "snapshots": null, "memory": null, "statevector": null, "unitary": null}}, {"shots": 4096, "success": true, "status": null, "seed": null, "meas_level": 2, "meas_return": null, "header": {"qubit_labels": [["q", 0], ["q", 1], ["q", 2], ["q", 3], ["q", 4]], "n_qubits": 5, "qreg_sizes": [["q", 5]], "clbit_labels": [["c", 0], ["c", 1], ["c", 2]], "memory_slots": 3, "creg_sizes": [["c", 3]], "name": "circuit-3101252", "global_phase": 0.0, "metadata": {}}, "data": {"counts": {"0x0": 3049, "0x1": 114, "0x2": 194, "0x3": 16, "0x4": 536, "0x5": 140, "0x6": 37, "0x7": 10}, "snapshots": null, "memory": null, "statevector": null, "unitary": null}}, {"shots": 4096, "success": true, "status": null, "seed": null, "meas_level": 2, "meas_return": null, "header": {"qubit_labels": [["q", 0], ["q", 1], ["q", 2], ["q", 3], ["q", 4]], "n_qubits": 5, "qreg_sizes": [["q", 5]], "clbit_labels": [["c", 0], ["c", 1], ["c", 2]], "memory_slots": 3, "creg_sizes": [["c", 3]], "name": "circuit-3101877", "global_phase": 0.0, "metadata": {}}, "data": {"counts": {"0x0": 527, "0x1": 441, "0x2": 503, "0x3": 411, "0x4": 695, "0x5": 417, "0x6": 447, "0x7": 655}, "snapshots": null, "memory": null, "statevector": null, "unitary": null}}, {"shots": 4096, "success": true, "status": null, "seed": null, "meas_level": 2, "meas_return": null, "header": {"qubit_labels": [["q", 0], ["q", 1], ["q", 2], ["q", 3], ["q", 4]], "n_qubits": 5, "qreg_sizes": [["q", 5]], "clbit_labels": [["c", 0], ["c", 1], ["c", 2]], "memory_slots": 3, "creg_sizes": [["c", 3]], "name": "circuit-3101878", "global_phase": 0.0, "metadata": {}}, "data": {"counts": {"0x0": 2780, "0x1": 169, "0x2": 224, "0x3": 21, "0x4": 719, "0x5": 86, "0x6": 84, "0x7": 13}, "snapshots": null, "memory": null, "statevector": null, "unitary": null}}, {"shots": 4096, "success": true, "status": null, "seed": null, "meas_level": 2, "meas_return": null, "header": {"qubit_labels": [["q", 0], ["q", 1], ["q", 2], ["q", 3], ["q", 4]], "n_qubits": 5, "qreg_sizes": [["q", 5]], "clbit_labels": [["c", 0], ["c", 1], ["c", 2]], "memory_slots": 3, "creg_sizes": [["c", 3]], "name": "circuit-3102641", "global_phase": 0.0, "metadata": {}}, "data": {"counts": {"0x0": 355, "0x1": 602, "0x2": 643, "0x3": 273, "0x4": 712, "0x5": 461, "0x6": 456, "0x7": 594}, "snapshots": null, "memory": null, "statevector": null, "unitary": null}}, {"shots": 4096, "success": true, "status": null, "seed": null, "meas_level": 2, "meas_return": null, "header": {"qubit_labels": [["q", 0], ["q", 1], ["q", 2], ["q", 3], ["q", 4]], "n_qubits": 5, "qreg_sizes": [["q", 5]], "clbit_labels": [["c", 0], ["c", 1], ["c", 2]], "memory_slots": 3, "creg_sizes": [["c", 3]], "name": "circuit-3102642", "global_phase": 0.0, "metadata": {}}, "data": {"counts": {"0x0": 2948, "0x1": 233, "0x2": 316, "0x3": 18, "0x4": 407, "0x5": 115, "0x6": 39, "0x7": 20}, "snapshots": null, "memory": null, "statevector": null, "unitary": null}}, {"shots": 4096, "success": true, "status": null, "seed": null, "meas_level": 2, "meas_return": null, "header": {"qubit_labels": [["q", 0], ["q", 1], ["q", 2], ["q", 3], ["q", 4]], "n_qubits": 5, "qreg_sizes": [["q", 5]], "clbit_labels": [["c", 0], ["c", 1], ["c", 2]], "memory_slots": 3, "creg_sizes": [["c", 3]], "name": "circuit-3103545", "global_phase": 0.0, "metadata": {}}, "data": {"counts": {"0x0": 379, "0x1": 1040, "0x2": 905, "0x3": 244, "0x4": 480, "0x5": 235, "0x6": 251, "0x7": 562}, "snapshots": null, "memory": null, "statevector": null, "unitary": null}}, {"shots": 4096, "success": true, "status": null, "seed": null, "meas_level": 2, "meas_return": null, "header": {"qubit_labels": [["q", 0], ["q", 1], ["q", 2], ["q", 3], ["q", 4]], "n_qubits": 5, "qreg_sizes": [["q", 5]], "clbit_labels": [["c", 0], ["c", 1], ["c", 2]], "memory_slots": 3, "creg_sizes": [["c", 3]], "name": "circuit-3103546", "global_phase": 0.0, "metadata": {}}, "data": {"counts": {"0x0": 2600, "0x1": 276, "0x2": 313, "0x3": 41, "0x4": 622, "0x5": 159, "0x6": 70, "0x7": 15}, "snapshots": null, "memory": null, "statevector": null, "unitary": null}}, {"shots": 4096, "success": true, "status": null, "seed": null, "meas_level": 2, "meas_return": null, "header": {"qubit_labels": [["q", 0], ["q", 1], ["q", 2], ["q", 3], ["q", 4]], "n_qubits": 5, "qreg_sizes": [["q", 5]], "clbit_labels": [["c", 0], ["c", 1], ["c", 2]], "memory_slots": 3, "creg_sizes": [["c", 3]], "name": "circuit-3104606", "global_phase": 0.0, "metadata": {}}, "data": {"counts": {"0x0": 378, "0x1": 812, "0x2": 700, "0x3": 303, "0x4": 691, "0x5": 239, "0x6": 290, "0x7": 683}, "snapshots": null, "memory": null, "statevector": null, "unitary": null}}, {"shots": 4096, "success": true, "status": null, "seed": null, "meas_level": 2, "meas_return": null, "header": {"qubit_labels": [["q", 0], ["q", 1], ["q", 2], ["q", 3], ["q", 4]], "n_qubits": 5, "qreg_sizes": [["q", 5]], "clbit_labels": [["c", 0], ["c", 1], ["c", 2]], "memory_slots": 3, "creg_sizes": [["c", 3]], "name": "circuit-3104607", "global_phase": 0.0, "metadata": {}}, "data": {"counts": {"0x0": 2706, "0x1": 329, "0x2": 379, "0x3": 50, "0x4": 296, "0x5": 258, "0x6": 47, "0x7": 31}, "snapshots": null, "memory": null, "statevector": null, "unitary": null}}, {"shots": 4096, "success": true, "status": null, "seed": null, "meas_level": 2, "meas_return": null, "header": {"qubit_labels": [["q", 0], ["q", 1], ["q", 2], ["q", 3], ["q", 4]], "n_qubits": 5, "qreg_sizes": [["q", 5]], "clbit_labels": [["c", 0], ["c", 1], ["c", 2]], "memory_slots": 3, "creg_sizes": [["c", 3]], "name": "circuit-3105741", "global_phase": 0.0, "metadata": {}}, "data": {"counts": {"0x0": 376, "0x1": 588, "0x2": 583, "0x3": 232, "0x4": 982, "0x5": 243, "0x6": 278, "0x7": 814}, "snapshots": null, "memory": null, "statevector": null, "unitary": null}}, {"shots": 4096, "success": true, "status": null, "seed": null, "meas_level": 2, "meas_return": null, "header": {"qubit_labels": [["q", 0], ["q", 1], ["q", 2], ["q", 3], ["q", 4]], "n_qubits": 5, "qreg_sizes": [["q", 5]], "clbit_labels": [["c", 0], ["c", 1], ["c", 2]], "memory_slots": 3, "creg_sizes": [["c", 3]], "name": "circuit-3105742", "global_phase": 0.0, "metadata": {}}, "data": {"counts": {"0x0": 2662, "0x1": 323, "0x2": 382, "0x3": 43, "0x4": 472, "0x5": 114, "0x6": 77, "0x7": 23}, "snapshots": null, "memory": null, "statevector": null, "unitary": null}}, {"shots": 4096, "success": true, "status": null, "seed": null, "meas_level": 2, "meas_return": null, "header": {"qubit_labels": [["q", 0], ["q", 1], ["q", 2], ["q", 3], ["q", 4]], "n_qubits": 5, "qreg_sizes": [["q", 5]], "clbit_labels": [["c", 0], ["c", 1], ["c", 2]], "memory_slots": 3, "creg_sizes": [["c", 3]], "name": "circuit-3107081", "global_phase": 0.0, "metadata": {}}, "data": {"counts": {"0x0": 465, "0x1": 562, "0x2": 736, "0x3": 439, "0x4": 685, "0x5": 292, "0x6": 317, "0x7": 600}, "snapshots": null, "memory": null, "statevector": null, "unitary": null}}, {"shots": 4096, "success": true, "status": null, "seed": null, "meas_level": 2, "meas_return": null, "header": {"qubit_labels": [["q", 0], ["q", 1], ["q", 2], ["q", 3], ["q", 4]], "n_qubits": 5, "qreg_sizes": [["q", 5]], "clbit_labels": [["c", 0], ["c", 1], ["c", 2]], "memory_slots": 3, "creg_sizes": [["c", 3]], "name": "circuit-3107082", "global_phase": 0.0, "metadata": {}}, "data": {"counts": {"0x0": 2554, "0x1": 348, "0x2": 393, "0x3": 63, "0x4": 407, "0x5": 210, "0x6": 69, "0x7": 52}, "snapshots": null, "memory": null, "statevector": null, "unitary": null}}, {"shots": 4096, "success": true, "status": null, "seed": null, "meas_level": 2, "meas_return": null, "header": {"qubit_labels": [["q", 0], ["q", 1], ["q", 2], ["q", 3], ["q", 4]], "n_qubits": 5, "qreg_sizes": [["q", 5]], "clbit_labels": [["c", 0], ["c", 1], ["c", 2]], "memory_slots": 3, "creg_sizes": [["c", 3]], "name": "circuit-3108607", "global_phase": 0.0, "metadata": {}}, "data": {"counts": {"0x0": 440, "0x1": 718, "0x2": 758, "0x3": 295, "0x4": 472, "0x5": 474, "0x6": 536, "0x7": 403}, "snapshots": null, "memory": null, "statevector": null, "unitary": null}}, {"shots": 4096, "success": true, "status": null, "seed": null, "meas_level": 2, "meas_return": null, "header": {"qubit_labels": [["q", 0], ["q", 1], ["q", 2], ["q", 3], ["q", 4]], "n_qubits": 5, "qreg_sizes": [["q", 5]], "clbit_labels": [["c", 0], ["c", 1], ["c", 2]], "memory_slots": 3, "creg_sizes": [["c", 3]], "name": "circuit-3108608", "global_phase": 0.0, "metadata": {}}, "data": {"counts": {"0x0": 2682, "0x1": 335, "0x2": 465, "0x3": 70, "0x4": 335, "0x5": 110, "0x6": 75, "0x7": 24}, "snapshots": null, "memory": null, "statevector": null, "unitary": null}}, {"shots": 4096, "success": true, "status": null, "seed": null, "meas_level": 2, "meas_return": null, "header": {"qubit_labels": [["q", 0], ["q", 1], ["q", 2], ["q", 3], ["q", 4]], "n_qubits": 5, "qreg_sizes": [["q", 5]], "clbit_labels": [["c", 0], ["c", 1], ["c", 2]], "memory_slots": 3, "creg_sizes": [["c", 3]], "name": "circuit-3110217", "global_phase": 0.0, "metadata": {}}, "data": {"counts": {"0x0": 417, "0x1": 459, "0x2": 560, "0x3": 253, "0x4": 512, "0x5": 696, "0x6": 784, "0x7": 415}, "snapshots": null, "memory": null, "statevector": null, "unitary": null}}, {"shots": 4096, "success": true, "status": null, "seed": null, "meas_level": 2, "meas_return": null, "header": {"qubit_labels": [["q", 0], ["q", 1], ["q", 2], ["q", 3], ["q", 4]], "n_qubits": 5, "qreg_sizes": [["q", 5]], "clbit_labels": [["c", 0], ["c", 1], ["c", 2]], "memory_slots": 3, "creg_sizes": [["c", 3]], "name": "circuit-3110218", "global_phase": 0.0, "metadata": {}}, "data": {"counts": {"0x0": 2047, "0x1": 567, "0x2": 378, "0x3": 115, "0x4": 643, "0x5": 194, "0x6": 112, "0x7": 40}, "snapshots": null, "memory": null, "statevector": null, "unitary": null}}, {"shots": 4096, "success": true, "status": null, "seed": null, "meas_level": 2, "meas_return": null, "header": {"qubit_labels": [["q", 0], ["q", 1], ["q", 2], ["q", 3], ["q", 4]], "n_qubits": 5, "qreg_sizes": [["q", 5]], "clbit_labels": [["c", 0], ["c", 1], ["c", 2]], "memory_slots": 3, "creg_sizes": [["c", 3]], "name": "circuit-3111992", "global_phase": 0.0, "metadata": {}}, "data": {"counts": {"0x0": 713, "0x1": 544, "0x2": 537, "0x3": 698, "0x4": 424, "0x5": 330, "0x6": 439, "0x7": 411}, "snapshots": null, "memory": null, "statevector": null, "unitary": null}}, {"shots": 4096, "success": true, "status": null, "seed": null, "meas_level": 2, "meas_return": null, "header": {"qubit_labels": [["q", 0], ["q", 1], ["q", 2], ["q", 3], ["q", 4]], "n_qubits": 5, "qreg_sizes": [["q", 5]], "clbit_labels": [["c", 0], ["c", 1], ["c", 2]], "memory_slots": 3, "creg_sizes": [["c", 3]], "name": "circuit-3111993", "global_phase": 0.0, "metadata": {}}, "data": {"counts": {"0x0": 2247, "0x1": 383, "0x2": 418, "0x3": 79, "0x4": 623, "0x5": 161, "0x6": 142, "0x7": 43}, "snapshots": null, "memory": null, "statevector": null, "unitary": null}}, {"shots": 4096, "success": true, "status": null, "seed": null, "meas_level": 2, "meas_return": null, "header": {"qubit_labels": [["q", 0], ["q", 1], ["q", 2], ["q", 3], ["q", 4]], "n_qubits": 5, "qreg_sizes": [["q", 5]], "clbit_labels": [["c", 0], ["c", 1], ["c", 2]], "memory_slots": 3, "creg_sizes": [["c", 3]], "name": "circuit-3113907", "global_phase": 0.0, "metadata": {}}, "data": {"counts": {"0x0": 526, "0x1": 485, "0x2": 390, "0x3": 438, "0x4": 549, "0x5": 533, "0x6": 645, "0x7": 530}, "snapshots": null, "memory": null, "statevector": null, "unitary": null}}, {"shots": 4096, "success": true, "status": null, "seed": null, "meas_level": 2, "meas_return": null, "header": {"qubit_labels": [["q", 0], ["q", 1], ["q", 2], ["q", 3], ["q", 4]], "n_qubits": 5, "qreg_sizes": [["q", 5]], "clbit_labels": [["c", 0], ["c", 1], ["c", 2]], "memory_slots": 3, "creg_sizes": [["c", 3]], "name": "circuit-3113908", "global_phase": 0.0, "metadata": {}}, "data": {"counts": {"0x0": 1960, "0x1": 417, "0x2": 393, "0x3": 111, "0x4": 739, "0x5": 259, "0x6": 167, "0x7": 50}, "snapshots": null, "memory": null, "statevector": null, "unitary": null}}, {"shots": 4096, "success": true, "status": null, "seed": null, "meas_level": 2, "meas_return": null, "header": {"qubit_labels": [["q", 0], ["q", 1], ["q", 2], ["q", 3], ["q", 4]], "n_qubits": 5, "qreg_sizes": [["q", 5]], "clbit_labels": [["c", 0], ["c", 1], ["c", 2]], "memory_slots": 3, "creg_sizes": [["c", 3]], "name": "circuit-3115941", "global_phase": 0.0, "metadata": {}}, "data": {"counts": {"0x0": 504, "0x1": 417, "0x2": 416, "0x3": 549, "0x4": 626, "0x5": 568, "0x6": 642, "0x7": 374}, "snapshots": null, "memory": null, "statevector": null, "unitary": null}}, {"shots": 4096, "success": true, "status": null, "seed": null, "meas_level": 2, "meas_return": null, "header": {"qubit_labels": [["q", 0], ["q", 1], ["q", 2], ["q", 3], ["q", 4]], "n_qubits": 5, "qreg_sizes": [["q", 5]], "clbit_labels": [["c", 0], ["c", 1], ["c", 2]], "memory_slots": 3, "creg_sizes": [["c", 3]], "name": "circuit-3115942", "global_phase": 0.0, "metadata": {}}, "data": {"counts": {"0x0": 1907, "0x1": 331, "0x2": 437, "0x3": 96, "0x4": 820, "0x5": 248, "0x6": 191, "0x7": 66}, "snapshots": null, "memory": null, "statevector": null, "unitary": null}}, {"shots": 4096, "success": true, "status": null, "seed": null, "meas_level": 2, "meas_return": null, "header": {"qubit_labels": [["q", 0], ["q", 1], ["q", 2], ["q", 3], ["q", 4]], "n_qubits": 5, "qreg_sizes": [["q", 5]], "clbit_labels": [["c", 0], ["c", 1], ["c", 2]], "memory_slots": 3, "creg_sizes": [["c", 3]], "name": "circuit-3118145", "global_phase": 0.0, "metadata": {}}, "data": {"counts": {"0x0": 677, "0x1": 349, "0x2": 427, "0x3": 689, "0x4": 424, "0x5": 533, "0x6": 597, "0x7": 400}, "snapshots": null, "memory": null, "statevector": null, "unitary": null}}, {"shots": 4096, "success": true, "status": null, "seed": null, "meas_level": 2, "meas_return": null, "header": {"qubit_labels": [["q", 0], ["q", 1], ["q", 2], ["q", 3], ["q", 4]], "n_qubits": 5, "qreg_sizes": [["q", 5]], "clbit_labels": [["c", 0], ["c", 1], ["c", 2]], "memory_slots": 3, "creg_sizes": [["c", 3]], "name": "circuit-3118146", "global_phase": 0.0, "metadata": {}}, "data": {"counts": {"0x0": 1707, "0x1": 457, "0x2": 500, "0x3": 111, "0x4": 587, "0x5": 421, "0x6": 182, "0x7": 131}, "snapshots": null, "memory": null, "statevector": null, "unitary": null}}, {"shots": 4096, "success": true, "status": null, "seed": null, "meas_level": 2, "meas_return": null, "header": {"qubit_labels": [["q", 0], ["q", 1], ["q", 2], ["q", 3], ["q", 4]], "n_qubits": 5, "qreg_sizes": [["q", 5]], "clbit_labels": [["c", 0], ["c", 1], ["c", 2]], "memory_slots": 3, "creg_sizes": [["c", 3]], "name": "circuit-3120493", "global_phase": 0.0, "metadata": {}}, "data": {"counts": {"0x0": 540, "0x1": 459, "0x2": 474, "0x3": 520, "0x4": 376, "0x5": 651, "0x6": 695, "0x7": 381}, "snapshots": null, "memory": null, "statevector": null, "unitary": null}}, {"shots": 4096, "success": true, "status": null, "seed": null, "meas_level": 2, "meas_return": null, "header": {"qubit_labels": [["q", 0], ["q", 1], ["q", 2], ["q", 3], ["q", 4]], "n_qubits": 5, "qreg_sizes": [["q", 5]], "clbit_labels": [["c", 0], ["c", 1], ["c", 2]], "memory_slots": 3, "creg_sizes": [["c", 3]], "name": "circuit-3120494", "global_phase": 0.0, "metadata": {}}, "data": {"counts": {"0x0": 1348, "0x1": 351, "0x2": 415, "0x3": 105, "0x4": 1065, "0x5": 404, "0x6": 303, "0x7": 105}, "snapshots": null, "memory": null, "statevector": null, "unitary": null}}, {"shots": 4096, "success": true, "status": null, "seed": null, "meas_level": 2, "meas_return": null, "header": {"qubit_labels": [["q", 0], ["q", 1], ["q", 2], ["q", 3], ["q", 4]], "n_qubits": 5, "qreg_sizes": [["q", 5]], "clbit_labels": [["c", 0], ["c", 1], ["c", 2]], "memory_slots": 3, "creg_sizes": [["c", 3]], "name": "circuit-3122959", "global_phase": 0.0, "metadata": {}}, "data": {"counts": {"0x0": 596, "0x1": 507, "0x2": 456, "0x3": 521, "0x4": 484, "0x5": 507, "0x6": 580, "0x7": 445}, "snapshots": null, "memory": null, "statevector": null, "unitary": null}}, {"shots": 4096, "success": true, "status": null, "seed": null, "meas_level": 2, "meas_return": null, "header": {"qubit_labels": [["q", 0], ["q", 1], ["q", 2], ["q", 3], ["q", 4]], "n_qubits": 5, "qreg_sizes": [["q", 5]], "clbit_labels": [["c", 0], ["c", 1], ["c", 2]], "memory_slots": 3, "creg_sizes": [["c", 3]], "name": "circuit-3122960", "global_phase": 0.0, "metadata": {}}, "data": {"counts": {"0x0": 1015, "0x1": 610, "0x2": 307, "0x3": 191, "0x4": 678, "0x5": 880, "0x6": 204, "0x7": 211}, "snapshots": null, "memory": null, "statevector": null, "unitary": null}}, {"shots": 4096, "success": true, "status": null, "seed": null, "meas_level": 2, "meas_return": null, "header": {"qubit_labels": [["q", 0], ["q", 1], ["q", 2], ["q", 3], ["q", 4]], "n_qubits": 5, "qreg_sizes": [["q", 5]], "clbit_labels": [["c", 0], ["c", 1], ["c", 2]], "memory_slots": 3, "creg_sizes": [["c", 3]], "name": "circuit-3125563", "global_phase": 0.0, "metadata": {}}, "data": {"counts": {"0x0": 663, "0x1": 406, "0x2": 439, "0x3": 607, "0x4": 517, "0x5": 481, "0x6": 504, "0x7": 479}, "snapshots": null, "memory": null, "statevector": null, "unitary": null}}, {"shots": 4096, "success": true, "status": null, "seed": null, "meas_level": 2, "meas_return": null, "header": {"qubit_labels": [["q", 0], ["q", 1], ["q", 2], ["q", 3], ["q", 4]], "n_qubits": 5, "qreg_sizes": [["q", 5]], "clbit_labels": [["c", 0], ["c", 1], ["c", 2]], "memory_slots": 3, "creg_sizes": [["c", 3]], "name": "circuit-3125564", "global_phase": 0.0, "metadata": {}}, "data": {"counts": {"0x0": 1248, "0x1": 478, "0x2": 413, "0x3": 139, "0x4": 788, "0x5": 545, "0x6": 292, "0x7": 193}, "snapshots": null, "memory": null, "statevector": null, "unitary": null}}, {"shots": 4096, "success": true, "status": null, "seed": null, "meas_level": 2, "meas_return": null, "header": {"qubit_labels": [["q", 0], ["q", 1], ["q", 2], ["q", 3], ["q", 4]], "n_qubits": 5, "qreg_sizes": [["q", 5]], "clbit_labels": [["c", 0], ["c", 1], ["c", 2]], "memory_slots": 3, "creg_sizes": [["c", 3]], "name": "circuit-3128326", "global_phase": 0.0, "metadata": {}}, "data": {"counts": {"0x0": 473, "0x1": 463, "0x2": 537, "0x3": 503, "0x4": 463, "0x5": 622, "0x6": 641, "0x7": 394}, "snapshots": null, "memory": null, "statevector": null, "unitary": null}}, {"shots": 4096, "success": true, "status": null, "seed": null, "meas_level": 2, "meas_return": null, "header": {"qubit_labels": [["q", 0], ["q", 1], ["q", 2], ["q", 3], ["q", 4]], "n_qubits": 5, "qreg_sizes": [["q", 5]], "clbit_labels": [["c", 0], ["c", 1], ["c", 2]], "memory_slots": 3, "creg_sizes": [["c", 3]], "name": "circuit-3128327", "global_phase": 0.0, "metadata": {}}, "data": {"counts": {"0x0": 1531, "0x1": 446, "0x2": 470, "0x3": 158, "0x4": 736, "0x5": 388, "0x6": 252, "0x7": 115}, "snapshots": null, "memory": null, "statevector": null, "unitary": null}}, {"shots": 4096, "success": true, "status": null, "seed": null, "meas_level": 2, "meas_return": null, "header": {"qubit_labels": [["q", 0], ["q", 1], ["q", 2], ["q", 3], ["q", 4]], "n_qubits": 5, "qreg_sizes": [["q", 5]], "clbit_labels": [["c", 0], ["c", 1], ["c", 2]], "memory_slots": 3, "creg_sizes": [["c", 3]], "name": "circuit-3131214", "global_phase": 0.0, "metadata": {}}, "data": {"counts": {"0x0": 582, "0x1": 418, "0x2": 490, "0x3": 495, "0x4": 656, "0x5": 430, "0x6": 438, "0x7": 587}, "snapshots": null, "memory": null, "statevector": null, "unitary": null}}, {"shots": 4096, "success": true, "status": null, "seed": null, "meas_level": 2, "meas_return": null, "header": {"qubit_labels": [["q", 0], ["q", 1], ["q", 2], ["q", 3], ["q", 4]], "n_qubits": 5, "qreg_sizes": [["q", 5]], "clbit_labels": [["c", 0], ["c", 1], ["c", 2]], "memory_slots": 3, "creg_sizes": [["c", 3]], "name": "circuit-3131215", "global_phase": 0.0, "metadata": {}}, "data": {"counts": {"0x0": 1079, "0x1": 459, "0x2": 356, "0x3": 180, "0x4": 890, "0x5": 680, "0x6": 253, "0x7": 199}, "snapshots": null, "memory": null, "statevector": null, "unitary": null}}], "error": null}