{"backend_name": "ibmq_quito", "backend_version": "1.1.33", "qobj_id": "da1d846b-c336-49d4-9c8b-c706d133384b", "job_id": "62e186355923b698d15f4282", "date": "2022-07-27T18:45:11Z", "success": true, "status": "Successful completion", "execution_id": "ed2ade04-0ddb-11ed-986f-b02628f7f59e", "time_taken": 136.32772564888, "header": {"backend_name": "ibmq_quito", "backend_version": "1.1.33"}, "results": [{"shots": 4096, "success": true, "status": null, "seed": null, "meas_level": 2, "meas_return": null, "header": {"qubit_labels": [["q", 0], ["q", 1], ["q", 2], ["q", 3], ["q", 4]], "n_qubits": 5, "qreg_sizes": [["q", 5]], "clbit_labels": [["c", 0], ["c", 1], ["c", 2]], "memory_slots": 3, "creg_sizes": [["c", 3]], "name": "circuit-787119", "global_phase": 0.0, "metadata": {}}, "data": {"counts": {"0x0": 773, "0x1": 252, "0x2": 212, "0x3": 750, "0x4": 203, "0x5": 835, "0x6": 929, "0x7": 142}, "snapshots": null, "memory": null, "statevector": null, "unitary": null}}, {"shots": 4096, "success": true, "status": null, "seed": null, "meas_level": 2, "meas_return": null, "header": {"qubit_labels": [["q", 0], ["q", 1], ["q", 2], ["q", 3], ["q", 4]], "n_qubits": 5, "qreg_sizes": [["q", 5]], "clbit_labels": [["c", 0], ["c", 1], ["c", 2]], "memory_slots": 3, "creg_sizes": [["c", 3]], "name": "circuit-787120", "global_phase": 0.0, "metadata": {}}, "data": {"counts": {"0x0": 3526, "0x1": 102, "0x2": 117, "0x3": 5, "0x4": 297, "0x5": 41, "0x6": 6, "0x7": 2}, "snapshots": null, "memory": null, "statevector": null, "unitary": null}}, {"shots": 4096, "success": true, "status": null, "seed": null, "meas_level": 2, "meas_return": null, "header": {"qubit_labels": [["q", 0], ["q", 1], ["q", 2], ["q", 3], ["q", 4]], "n_qubits": 5, "qreg_sizes": [["q", 5]], "clbit_labels": [["c", 0], ["c", 1], ["c", 2]], "memory_slots": 3, "creg_sizes": [["c", 3]], "name": "circuit-787474", "global_phase": 0.0, "metadata": {}}, "data": {"counts": {"0x0": 687, "0x1": 332, "0x2": 330, "0x3": 835, "0x4": 294, "0x5": 685, "0x6": 769, "0x7": 164}, "snapshots": null, "memory": null, "statevector": null, "unitary": null}}, {"shots": 4096, "success": true, "status": null, "seed": null, "meas_level": 2, "meas_return": null, "header": {"qubit_labels": [["q", 0], ["q", 1], ["q", 2], ["q", 3], ["q", 4]], "n_qubits": 5, "qreg_sizes": [["q", 5]], "clbit_labels": [["c", 0], ["c", 1], ["c", 2]], "memory_slots": 3, "creg_sizes": [["c", 3]], "name": "circuit-787475", "global_phase": 0.0, "metadata": {}}, "data": {"counts": {"0x0": 3445, "0x1": 133, "0x2": 113, "0x3": 9, "0x4": 346, "0x5": 36, "0x6": 12, "0x7": 2}, "snapshots": null, "memory": null, "statevector": null, "unitary": null}}, {"shots": 4096, "success": true, "status": null, "seed": null, "meas_level": 2, "meas_return": null, "header": {"qubit_labels": [["q", 0], ["q", 1], ["q", 2], ["q", 3], ["q", 4]], "n_qubits": 5, "qreg_sizes": [["q", 5]], "clbit_labels": [["c", 0], ["c", 1], ["c", 2]], "memory_slots": 3, "creg_sizes": [["c", 3]], "name": "circuit-787957", "global_phase": 0.0, "metadata": {}}, "data": {"counts": {"0x0": 659, "0x1": 419, "0x2": 423, "0x3": 565, "0x4": 462, "0x5": 592, "0x6": 566, "0x7": 410}, "snapshots": null, "memory": null, "statevector": null, "unitary": null}}, {"shots": 4096, "success": true, "status": null, "seed": null, "meas_level": 2, "meas_return": null, "header": {"qubit_labels": [["q", 0], ["q", 1], ["q", 2], ["q", 3], ["q", 4]], "n_qubits": 5, "qreg_sizes": [["q", 5]], "clbit_labels": [["c", 0], ["c", 1], ["c", 2]], "memory_slots": 3, "creg_sizes": [["c", 3]], "name": "circuit-787958", "global_phase": 0.0, "metadata": {}}, "data": {"counts": {"0x0": 3179, "0x1": 183, "0x2": 208, "0x3": 16, "0x4": 311, "0x5": 167, "0x6": 19, "0x7": 13}, "snapshots": null, "memory": null, "statevector": null, "unitary": null}}, {"shots": 4096, "success": true, "status": null, "seed": null, "meas_level": 2, "meas_return": null, "header": {"qubit_labels": [["q", 0], ["q", 1], ["q", 2], ["q", 3], ["q", 4]], "n_qubits": 5, "qreg_sizes": [["q", 5]], "clbit_labels": [["c", 0], ["c", 1], ["c", 2]], "memory_slots": 3, "creg_sizes": [["c", 3]], "name": "circuit-788588", "global_phase": 0.0, "metadata": {}}, "data": {"counts": {"0x0": 530, "0x1": 460, "0x2": 506, "0x3": 536, "0x4": 503, "0x5": 514, "0x6": 595, "0x7": 452}, "snapshots": null, "memory": null, "statevector": null, "unitary": null}}, {"shots": 4096, "success": true, "status": null, "seed": null, "meas_level": 2, "meas_return": null, "header": {"qubit_labels": [["q", 0], ["q", 1], ["q", 2], ["q", 3], ["q", 4]], "n_qubits": 5, "qreg_sizes": [["q", 5]], "clbit_labels": [["c", 0], ["c", 1], ["c", 2]], "memory_slots": 3, "creg_sizes": [["c", 3]], "name": "circuit-788589", "global_phase": 0.0, "metadata": {}}, "data": {"counts": {"0x0": 3018, "0x1": 189, "0x2": 261, "0x3": 16, "0x4": 393, "0x5": 174, "0x6": 27, "0x7": 18}, "snapshots": null, "memory": null, "statevector": null, "unitary": null}}, {"shots": 4096, "success": true, "status": null, "seed": null, "meas_level": 2, "meas_return": null, "header": {"qubit_labels": [["q", 0], ["q", 1], ["q", 2], ["q", 3], ["q", 4]], "n_qubits": 5, "qreg_sizes": [["q", 5]], "clbit_labels": [["c", 0], ["c", 1], ["c", 2]], "memory_slots": 3, "creg_sizes": [["c", 3]], "name": "circuit-789383", "global_phase": 0.0, "metadata": {}}, "data": {"counts": {"0x0": 501, "0x1": 605, "0x2": 548, "0x3": 381, "0x4": 672, "0x5": 423, "0x6": 475, "0x7": 491}, "snapshots": null, "memory": null, "statevector": null, "unitary": null}}, {"shots": 4096, "success": true, "status": null, "seed": null, "meas_level": 2, "meas_return": null, "header": {"qubit_labels": [["q", 0], ["q", 1], ["q", 2], ["q", 3], ["q", 4]], "n_qubits": 5, "qreg_sizes": [["q", 5]], "clbit_labels": [["c", 0], ["c", 1], ["c", 2]], "memory_slots": 3, "creg_sizes": [["c", 3]], "name": "circuit-789384", "global_phase": 0.0, "metadata": {}}, "data": {"counts": {"0x0": 2852, "0x1": 241, "0x2": 231, "0x3": 26, "0x4": 458, "0x5": 212, "0x6": 48, "0x7": 28}, "snapshots": null, "memory": null, "statevector": null, "unitary": null}}, {"shots": 4096, "success": true, "status": null, "seed": null, "meas_level": 2, "meas_return": null, "header": {"qubit_labels": [["q", 0], ["q", 1], ["q", 2], ["q", 3], ["q", 4]], "n_qubits": 5, "qreg_sizes": [["q", 5]], "clbit_labels": [["c", 0], ["c", 1], ["c", 2]], "memory_slots": 3, "creg_sizes": [["c", 3]], "name": "circuit-790305", "global_phase": 0.0, "metadata": {}}, "data": {"counts": {"0x0": 395, "0x1": 592, "0x2": 740, "0x3": 341, "0x4": 718, "0x5": 398, "0x6": 428, "0x7": 484}, "snapshots": null, "memory": null, "statevector": null, "unitary": null}}, {"shots": 4096, "success": true, "status": null, "seed": null, "meas_level": 2, "meas_return": null, "header": {"qubit_labels": [["q", 0], ["q", 1], ["q", 2], ["q", 3], ["q", 4]], "n_qubits": 5, "qreg_sizes": [["q", 5]], "clbit_labels": [["c", 0], ["c", 1], ["c", 2]], "memory_slots": 3, "creg_sizes": [["c", 3]], "name": "circuit-790306", "global_phase": 0.0, "metadata": {}}, "data": {"counts": {"0x0": 2561, "0x1": 275, "0x2": 303, "0x3": 34, "0x4": 481, "0x5": 343, "0x6": 65, "0x7": 34}, "snapshots": null, "memory": null, "statevector": null, "unitary": null}}, {"shots": 4096, "success": true, "status": null, "seed": null, "meas_level": 2, "meas_return": null, "header": {"qubit_labels": [["q", 0], ["q", 1], ["q", 2], ["q", 3], ["q", 4]], "n_qubits": 5, "qreg_sizes": [["q", 5]], "clbit_labels": [["c", 0], ["c", 1], ["c", 2]], "memory_slots": 3, "creg_sizes": [["c", 3]], "name": "circuit-791353", "global_phase": 0.0, "metadata": {}}, "data": {"counts": {"0x0": 410, "0x1": 666, "0x2": 705, "0x3": 323, "0x4": 668, "0x5": 312, "0x6": 296, "0x7": 716}, "snapshots": null, "memory": null, "statevector": null, "unitary": null}}, {"shots": 4096, "success": true, "status": null, "seed": null, "meas_level": 2, "meas_return": null, "header": {"qubit_labels": [["q", 0], ["q", 1], ["q", 2], ["q", 3], ["q", 4]], "n_qubits": 5, "qreg_sizes": [["q", 5]], "clbit_labels": [["c", 0], ["c", 1], ["c", 2]], "memory_slots": 3, "creg_sizes": [["c", 3]], "name": "circuit-791354", "global_phase": 0.0, "metadata": {}}, "data": {"counts": {"0x0": 2701, "0x1": 212, "0x2": 363, "0x3": 33, "0x4": 543, "0x5": 145, "0x6": 78, "0x7": 21}, "snapshots": null, "memory": null, "statevector": null, "unitary": null}}, {"shots": 4096, "success": true, "status": null, "seed": null, "meas_level": 2, "meas_return": null, "header": {"qubit_labels": [["q", 0], ["q", 1], ["q", 2], ["q", 3], ["q", 4]], "n_qubits": 5, "qreg_sizes": [["q", 5]], "clbit_labels": [["c", 0], ["c", 1], ["c", 2]], "memory_slots": 3, "creg_sizes": [["c", 3]], "name": "circuit-792511", "global_phase": 0.0, "metadata": {}}, "data": {"counts": {"0x0": 353, "0x1": 768, "0x2": 678, "0x3": 303, "0x4": 756, "0x5": 292, "0x6": 334, "0x7": 612}, "snapshots": null, "memory": null, "statevector": null, "unitary": null}}, {"shots": 4096, "success": true, "status": null, "seed": null, "meas_level": 2, "meas_return": null, "header": {"qubit_labels": [["q", 0], ["q", 1], ["q", 2], ["q", 3], ["q", 4]], "n_qubits": 5, "qreg_sizes": [["q", 5]], "clbit_labels": [["c", 0], ["c", 1], ["c", 2]], "memory_slots": 3, "creg_sizes": [["c", 3]], "name": "circuit-792512", "global_phase": 0.0, "metadata": {}}, "data": {"counts": {"0x0": 2526, "0x1": 319, "0x2": 361, "0x3": 54, "0x4": 529, "0x5": 197, "0x6": 83, "0x7": 27}, "snapshots": null, "memory": null, "statevector": null, "unitary": null}}, {"shots": 4096, "success": true, "status": null, "seed": null, "meas_level": 2, "meas_return": null, "header": {"qubit_labels": [["q", 0], ["q", 1], ["q", 2], ["q", 3], ["q", 4]], "n_qubits": 5, "qreg_sizes": [["q", 5]], "clbit_labels": [["c", 0], ["c", 1], ["c", 2]], "memory_slots": 3, "creg_sizes": [["c", 3]], "name": "circuit-793860", "global_phase": 0.0, "metadata": {}}, "data": {"counts": {"0x0": 355, "0x1": 707, "0x2": 741, "0x3": 295, "0x4": 708, "0x5": 309, "0x6": 338, "0x7": 643}, "snapshots": null, "memory": null, "statevector": null, "unitary": null}}, {"shots": 4096, "success": true, "status": null, "seed": null, "meas_level": 2, "meas_return": null, "header": {"qubit_labels": [["q", 0], ["q", 1], ["q", 2], ["q", 3], ["q", 4]], "n_qubits": 5, "qreg_sizes": [["q", 5]], "clbit_labels": [["c", 0], ["c", 1], ["c", 2]], "memory_slots": 3, "creg_sizes": [["c", 3]], "name": "circuit-793861", "global_phase": 0.0, "metadata": {}}, "data": {"counts": {"0x0": 2348, "0x1": 297, "0x2": 445, "0x3": 39, "0x4": 454, "0x5": 375, "0x6": 89, "0x7": 49}, "snapshots": null, "memory": null, "statevector": null, "unitary": null}}, {"shots": 4096, "success": true, "status": null, "seed": null, "meas_level": 2, "meas_return": null, "header": {"qubit_labels": [["q", 0], ["q", 1], ["q", 2], ["q", 3], ["q", 4]], "n_qubits": 5, "qreg_sizes": [["q", 5]], "clbit_labels": [["c", 0], ["c", 1], ["c", 2]], "memory_slots": 3, "creg_sizes": [["c", 3]], "name": "circuit-795352", "global_phase": 0.0, "metadata": {}}, "data": {"counts": {"0x0": 428, "0x1": 862, "0x2": 601, "0x3": 284, "0x4": 762, "0x5": 302, "0x6": 331, "0x7": 526}, "snapshots": null, "memory": null, "statevector": null, "unitary": null}}, {"shots": 4096, "success": true, "status": null, "seed": null, "meas_level": 2, "meas_return": null, "header": {"qubit_labels": [["q", 0], ["q", 1], ["q", 2], ["q", 3], ["q", 4]], "n_qubits": 5, "qreg_sizes": [["q", 5]], "clbit_labels": [["c", 0], ["c", 1], ["c", 2]], "memory_slots": 3, "creg_sizes": [["c", 3]], "name": "circuit-795353", "global_phase": 0.0, "metadata": {}}, "data": {"counts": {"0x0": 2126, "0x1": 337, "0x2": 318, "0x3": 60, "0x4": 762, "0x5": 317, "0x6": 121, "0x7": 55}, "snapshots": null, "memory": null, "statevector": null, "unitary": null}}, {"shots": 4096, "success": true, "status": null, "seed": null, "meas_level": 2, "meas_return": null, "header": {"qubit_labels": [["q", 0], ["q", 1], ["q", 2], ["q", 3], ["q", 4]], "n_qubits": 5, "qreg_sizes": [["q", 5]], "clbit_labels": [["c", 0], ["c", 1], ["c", 2]], "memory_slots": 3, "creg_sizes": [["c", 3]], "name": "circuit-796950", "global_phase": 0.0, "metadata": {}}, "data": {"counts": {"0x0": 418, "0x1": 734, "0x2": 622, "0x3": 417, "0x4": 555, "0x5": 427, "0x6": 355, "0x7": 568}, "snapshots": null, "memory": null, "statevector": null, "unitary": null}}, {"shots": 4096, "success": true, "status": null, "seed": null, "meas_level": 2, "meas_return": null, "header": {"qubit_labels": [["q", 0], ["q", 1], ["q", 2], ["q", 3], ["q", 4]], "n_qubits": 5, "qreg_sizes": [["q", 5]], "clbit_labels": [["c", 0], ["c", 1], ["c", 2]], "memory_slots": 3, "creg_sizes": [["c", 3]], "name": "circuit-796951", "global_phase": 0.0, "metadata": {}}, "data": {"counts": {"0x0": 2210, "0x1": 389, "0x2": 383, "0x3": 99, "0x4": 484, "0x5": 363, "0x6": 83, "0x7": 85}, "snapshots": null, "memory": null, "statevector": null, "unitary": null}}, {"shots": 4096, "success": true, "status": null, "seed": null, "meas_level": 2, "meas_return": null, "header": {"qubit_labels": [["q", 0], ["q", 1], ["q", 2], ["q", 3], ["q", 4]], "n_qubits": 5, "qreg_sizes": [["q", 5]], "clbit_labels": [["c", 0], ["c", 1], ["c", 2]], "memory_slots": 3, "creg_sizes": [["c", 3]], "name": "circuit-798682", "global_phase": 0.0, "metadata": {}}, "data": {"counts": {"0x0": 517, "0x1": 597, "0x2": 600, "0x3": 337, "0x4": 552, "0x5": 421, "0x6": 576, "0x7": 496}, "snapshots": null, "memory": null, "statevector": null, "unitary": null}}, {"shots": 4096, "success": true, "status": null, "seed": null, "meas_level": 2, "meas_return": null, "header": {"qubit_labels": [["q", 0], ["q", 1], ["q", 2], ["q", 3], ["q", 4]], "n_qubits": 5, "qreg_sizes": [["q", 5]], "clbit_labels": [["c", 0], ["c", 1], ["c", 2]], "memory_slots": 3, "creg_sizes": [["c", 3]], "name": "circuit-798683", "global_phase": 0.0, "metadata": {}}, "data": {"counts": {"0x0": 2177, "0x1": 385, "0x2": 479, "0x3": 88, "0x4": 515, "0x5": 274, "0x6": 124, "0x7": 54}, "snapshots": null, "memory": null, "statevector": null, "unitary": null}}, {"shots": 4096, "success": true, "status": null, "seed": null, "meas_level": 2, "meas_return": null, "header": {"qubit_labels": [["q", 0], ["q", 1], ["q", 2], ["q", 3], ["q", 4]], "n_qubits": 5, "qreg_sizes": [["q", 5]], "clbit_labels": [["c", 0], ["c", 1], ["c", 2]], "memory_slots": 3, "creg_sizes": [["c", 3]], "name": "circuit-800586", "global_phase": 0.0, "metadata": {}}, "data": {"counts": {"0x0": 498, "0x1": 597, "0x2": 516, "0x3": 509, "0x4": 470, "0x5": 504, "0x6": 591, "0x7": 411}, "snapshots": null, "memory": null, "statevector": null, "unitary": null}}, {"shots": 4096, "success": true, "status": null, "seed": null, "meas_level": 2, "meas_return": null, "header": {"qubit_labels": [["q", 0], ["q", 1], ["q", 2], ["q", 3], ["q", 4]], "n_qubits": 5, "qreg_sizes": [["q", 5]], "clbit_labels": [["c", 0], ["c", 1], ["c", 2]], "memory_slots": 3, "creg_sizes": [["c", 3]], "name": "circuit-800587", "global_phase": 0.0, "metadata": {}}, "data": {"counts": {"0x0": 2019, "0x1": 405, "0x2": 429, "0x3": 77, "0x4": 600, "0x5": 371, "0x6": 121, "0x7": 74}, "snapshots": null, "memory": null, "statevector": null, "unitary": null}}, {"shots": 4096, "success": true, "status": null, "seed": null, "meas_level": 2, "meas_return": null, "header": {"qubit_labels": [["q", 0], ["q", 1], ["q", 2], ["q", 3], ["q", 4]], "n_qubits": 5, "qreg_sizes": [["q", 5]], "clbit_labels": [["c", 0], ["c", 1], ["c", 2]], "memory_slots": 3, "creg_sizes": [["c", 3]], "name": "circuit-802635", "global_phase": 0.0, "metadata": {}}, "data": {"counts": {"0x0": 691, "0x1": 361, "0x2": 486, "0x3": 509, "0x4": 494, "0x5": 385, "0x6": 698, "0x7": 472}, "snapshots": null, "memory": null, "statevector": null, "unitary": null}}, {"shots": 4096, "success": true, "status": null, "seed": null, "meas_level": 2, "meas_return": null, "header": {"qubit_labels": [["q", 0], ["q", 1], ["q", 2], ["q", 3], ["q", 4]], "n_qubits": 5, "qreg_sizes": [["q", 5]], "clbit_labels": [["c", 0], ["c", 1], ["c", 2]], "memory_slots": 3, "creg_sizes": [["c", 3]], "name": "circuit-802636", "global_phase": 0.0, "metadata": {}}, "data": {"counts": {"0x0": 1744, "0x1": 426, "0x2": 456, "0x3": 90, "0x4": 555, "0x5": 560, "0x6": 148, "0x7": 117}, "snapshots": null, "memory": null, "statevector": null, "unitary": null}}, {"shots": 4096, "success": true, "status": null, "seed": null, "meas_level": 2, "meas_return": null, "header": {"qubit_labels": [["q", 0], ["q", 1], ["q", 2], ["q", 3], ["q", 4]], "n_qubits": 5, "qreg_sizes": [["q", 5]], "clbit_labels": [["c", 0], ["c", 1], ["c", 2]], "memory_slots": 3, "creg_sizes": [["c", 3]], "name": "circuit-804807", "global_phase": 0.0, "metadata": {}}, "data": {"counts": {"0x0": 710, "0x1": 445, "0x2": 384, "0x3": 614, "0x4": 466, "0x5": 456, "0x6": 521, "0x7": 500}, "snapshots": null, "memory": null, "statevector": null, "unitary": null}}, {"shots": 4096, "success": true, "status": null, "seed": null, "meas_level": 2, "meas_return": null, "header": {"qubit_labels": [["q", 0], ["q", 1], ["q", 2], ["q", 3], ["q", 4]], "n_qubits": 5, "qreg_sizes": [["q", 5]], "clbit_labels": [["c", 0], ["c", 1], ["c", 2]], "memory_slots": 3, "creg_sizes": [["c", 3]], "name": "circuit-804808", "global_phase": 0.0, "metadata": {}}, "data": {"counts": {"0x0": 1691, "0x1": 463, "0x2": 474, "0x3": 95, "0x4": 637, "0x5": 501, "0x6": 143, "0x7": 92}, "snapshots": null, "memory": null, "statevector": null, "unitary": null}}, {"shots": 4096, "success": true, "status": null, "seed": null, "meas_level": 2, "meas_return": null, "header": {"qubit_labels": [["q", 0], ["q", 1], ["q", 2], ["q", 3], ["q", 4]], "n_qubits": 5, "qreg_sizes": [["q", 5]], "clbit_labels": [["c", 0], ["c", 1], ["c", 2]], "memory_slots": 3, "creg_sizes": [["c", 3]], "name": "circuit-807155", "global_phase": 0.0, "metadata": {}}, "data": {"counts": {"0x0": 634, "0x1": 466, "0x2": 381, "0x3": 612, "0x4": 391, "0x5": 660, "0x6": 580, "0x7": 372}, "snapshots": null, "memory": null, "statevector": null, "unitary": null}}, {"shots": 4096, "success": true, "status": null, "seed": null, "meas_level": 2, "meas_return": null, "header": {"qubit_labels": [["q", 0], ["q", 1], ["q", 2], ["q", 3], ["q", 4]], "n_qubits": 5, "qreg_sizes": [["q", 5]], "clbit_labels": [["c", 0], ["c", 1], ["c", 2]], "memory_slots": 3, "creg_sizes": [["c", 3]], "name": "circuit-807156", "global_phase": 0.0, "metadata": {}}, "data": {"counts": {"0x0": 1636, "0x1": 435, "0x2": 495, "0x3": 121, "0x4": 609, "0x5": 489, "0x6": 182, "0x7": 129}, "snapshots": null, "memory": null, "statevector": null, "unitary": null}}, {"shots": 4096, "success": true, "status": null, "seed": null, "meas_level": 2, "meas_return": null, "header": {"qubit_labels": [["q", 0], ["q", 1], ["q", 2], ["q", 3], ["q", 4]], "n_qubits": 5, "qreg_sizes": [["q", 5]], "clbit_labels": [["c", 0], ["c", 1], ["c", 2]], "memory_slots": 3, "creg_sizes": [["c", 3]], "name": "circuit-809612", "global_phase": 0.0, "metadata": {}}, "data": {"counts": {"0x0": 679, "0x1": 429, "0x2": 408, "0x3": 515, "0x4": 427, "0x5": 684, "0x6": 593, "0x7": 361}, "snapshots": null, "memory": null, "statevector": null, "unitary": null}}, {"shots": 4096, "success": true, "status": null, "seed": null, "meas_level": 2, "meas_return": null, "header": {"qubit_labels": [["q", 0], ["q", 1], ["q", 2], ["q", 3], ["q", 4]], "n_qubits": 5, "qreg_sizes": [["q", 5]], "clbit_labels": [["c", 0], ["c", 1], ["c", 2]], "memory_slots": 3, "creg_sizes": [["c", 3]], "name": "circuit-809613", "global_phase": 0.0, "metadata": {}}, "data": {"counts": {"0x0": 1619, "0x1": 550, "0x2": 420, "0x3": 140, "0x4": 583, "0x5": 471, "0x6": 166, "0x7": 147}, "snapshots": null, "memory": null, "statevector": null, "unitary": null}}, {"shots": 4096, "success": true, "status": null, "seed": null, "meas_level": 2, "meas_return": null, "header": {"qubit_labels": [["q", 0], ["q", 1], ["q", 2], ["q", 3], ["q", 4]], "n_qubits": 5, "qreg_sizes": [["q", 5]], "clbit_labels": [["c", 0], ["c", 1], ["c", 2]], "memory_slots": 3, "creg_sizes": [["c", 3]], "name": "circuit-812278", "global_phase": 0.0, "metadata": {}}, "data": {"counts": {"0x0": 567, "0x1": 369, "0x2": 449, "0x3": 575, "0x4": 468, "0x5": 583, "0x6": 748, "0x7": 337}, "snapshots": null, "memory": null, "statevector": null, "unitary": null}}, {"shots": 4096, "success": true, "status": null, "seed": null, "meas_level": 2, "meas_return": null, "header": {"qubit_labels": [["q", 0], ["q", 1], ["q", 2], ["q", 3], ["q", 4]], "n_qubits": 5, "qreg_sizes": [["q", 5]], "clbit_labels": [["c", 0], ["c", 1], ["c", 2]], "memory_slots": 3, "creg_sizes": [["c", 3]], "name": "circuit-812279", "global_phase": 0.0, "metadata": {}}, "data": {"counts": {"0x0": 1572, "0x1": 529, "0x2": 485, "0x3": 144, "0x4": 632, "0x5": 420, "0x6": 202, "0x7": 112}, "snapshots": null, "memory": null, "statevector": null, "unitary": null}}, {"shots": 4096, "success": true, "status": null, "seed": null, "meas_level": 2, "meas_return": null, "header": {"qubit_labels": [["q", 0], ["q", 1], ["q", 2], ["q", 3], ["q", 4]], "n_qubits": 5, "qreg_sizes": [["q", 5]], "clbit_labels": [["c", 0], ["c", 1], ["c", 2]], "memory_slots": 3, "creg_sizes": [["c", 3]], "name": "circuit-815042", "global_phase": 0.0, "metadata": {}}, "data": {"counts": {"0x0": 667, "0x1": 378, "0x2": 403, "0x3": 486, "0x4": 497, "0x5": 671, "0x6": 590, "0x7": 404}, "snapshots": null, "memory": null, "statevector": null, "unitary": null}}, {"shots": 4096, "success": true, "status": null, "seed": null, "meas_level": 2, "meas_return": null, "header": {"qubit_labels": [["q", 0], ["q", 1], ["q", 2], ["q", 3], ["q", 4]], "n_qubits": 5, "qreg_sizes": [["q", 5]], "clbit_labels": [["c", 0], ["c", 1], ["c", 2]], "memory_slots": 3, "creg_sizes": [["c", 3]], "name": "circuit-815043", "global_phase": 0.0, "metadata": {}}, "data": {"counts": {"0x0": 1580, "0x1": 533, "0x2": 451, "0x3": 162, "0x4": 615, "0x5": 459, "0x6": 180, "0x7": 116}, "snapshots": null, "memory": null, "statevector": null, "unitary": null}}, {"shots": 4096, "success": true, "status": null, "seed": null, "meas_level": 2, "meas_return": null, "header": {"qubit_labels": [["q", 0], ["q", 1], ["q", 2], ["q", 3], ["q", 4]], "n_qubits": 5, "qreg_sizes": [["q", 5]], "clbit_labels": [["c", 0], ["c", 1], ["c", 2]], "memory_slots": 3, "creg_sizes": [["c", 3]], "name": "circuit-817997", "global_phase": 0.0, "metadata": {}}, "data": {"counts": {"0x0": 582, "0x1": 514, "0x2": 462, "0x3": 552, "0x4": 426, "0x5": 568, "0x6": 586, "0x7": 406}, "snapshots": null, "memory": null, "statevector": null, "unitary": null}}, {"shots": 4096, "success": true, "status": null, "seed": null, "meas_level": 2, "meas_return": null, "header": {"qubit_labels": [["q", 0], ["q", 1], ["q", 2], ["q", 3], ["q", 4]], "n_qubits": 5, "qreg_sizes": [["q", 5]], "clbit_labels": [["c", 0], ["c", 1], ["c", 2]], "memory_slots": 3, "creg_sizes": [["c", 3]], "name": "circuit-817998", "global_phase": 0.0, "metadata": {}}, "data": {"counts": {"0x0": 1212, "0x1": 666, "0x2": 449, "0x3": 203, "0x4": 695, "0x5": 474, "0x6": 255, "0x7": 142}, "snapshots": null, "memory": null, "statevector": null, "unitary": null}}, {"shots": 4096, "success": true, "status": null, "seed": null, "meas_level": 2, "meas_return": null, "header": {"qubit_labels": [["q", 0], ["q", 1], ["q", 2], ["q", 3], ["q", 4]], "n_qubits": 5, "qreg_sizes": [["q", 5]], "clbit_labels": [["c", 0], ["c", 1], ["c", 2]], "memory_slots": 3, "creg_sizes": [["c", 3]], "name": "circuit-821034", "global_phase": 0.0, "metadata": {}}, "data": {"counts": {"0x0": 1015, "0x1": 192, "0x2": 209, "0x3": 821, "0x4": 217, "0x5": 816, "0x6": 702, "0x7": 124}, "snapshots": null, "memory": null, "statevector": null, "unitary": null}}, {"shots": 4096, "success": true, "status": null, "seed": null, "meas_level": 2, "meas_return": null, "header": {"qubit_labels": [["q", 0], ["q", 1], ["q", 2], ["q", 3], ["q", 4]], "n_qubits": 5, "qreg_sizes": [["q", 5]], "clbit_labels": [["c", 0], ["c", 1], ["c", 2]], "memory_slots": 3, "creg_sizes": [["c", 3]], "name": "circuit-821035", "global_phase": 0.0, "metadata": {}}, "data": {"counts": {"0x0": 3605, "0x1": 91, "0x2": 103, "0x3": 2, "0x4": 205, "0x5": 84, "0x6": 5, "0x7": 1}, "snapshots": null, "memory": null, "statevector": null, "unitary": null}}, {"shots": 4096, "success": true, "status": null, "seed": null, "meas_level": 2, "meas_return": null, "header": {"qubit_labels": [["q", 0], ["q", 1], ["q", 2], ["q", 3], ["q", 4]], "n_qubits": 5, "qreg_sizes": [["q", 5]], "clbit_labels": [["c", 0], ["c", 1], ["c", 2]], "memory_slots": 3, "creg_sizes": [["c", 3]], "name": "circuit-821378", "global_phase": 0.0, "metadata": {}}, "data": {"counts": {"0x0": 681, "0x1": 279, "0x2": 305, "0x3": 595, "0x4": 364, "0x5": 799, "0x6": 812, "0x7": 261}, "snapshots": null, "memory": null, "statevector": null, "unitary": null}}, {"shots": 4096, "success": true, "status": null, "seed": null, "meas_level": 2, "meas_return": null, "header": {"qubit_labels": [["q", 0], ["q", 1], ["q", 2], ["q", 3], ["q", 4]], "n_qubits": 5, "qreg_sizes": [["q", 5]], "clbit_labels": [["c", 0], ["c", 1], ["c", 2]], "memory_slots": 3, "creg_sizes": [["c", 3]], "name": "circuit-821379", "global_phase": 0.0, "metadata": {}}, "data": {"counts": {"0x0": 3240, "0x1": 158, "0x2": 136, "0x3": 9, "0x4": 397, "0x5": 128, "0x6": 25, "0x7": 3}, "snapshots": null, "memory": null, "statevector": null, "unitary": null}}, {"shots": 4096, "success": true, "status": null, "seed": null, "meas_level": 2, "meas_return": null, "header": {"qubit_labels": [["q", 0], ["q", 1], ["q", 2], ["q", 3], ["q", 4]], "n_qubits": 5, "qreg_sizes": [["q", 5]], "clbit_labels": [["c", 0], ["c", 1], ["c", 2]], "memory_slots": 3, "creg_sizes": [["c", 3]], "name": "circuit-821859", "global_phase": 0.0, "metadata": {}}, "data": {"counts": {"0x0": 694, "0x1": 349, "0x2": 377, "0x3": 597, "0x4": 416, "0x5": 632, "0x6": 764, "0x7": 267}, "snapshots": null, "memory": null, "statevector": null, "unitary": null}}, {"shots": 4096, "success": true, "status": null, "seed": null, "meas_level": 2, "meas_return": null, "header": {"qubit_labels": [["q", 0], ["q", 1], ["q", 2], ["q", 3], ["q", 4]], "n_qubits": 5, "qreg_sizes": [["q", 5]], "clbit_labels": [["c", 0], ["c", 1], ["c", 2]], "memory_slots": 3, "creg_sizes": [["c", 3]], "name": "circuit-821860", "global_phase": 0.0, "metadata": {}}, "data": {"counts": {"0x0": 3208, "0x1": 182, "0x2": 179, "0x3": 7, "0x4": 410, "0x5": 79, "0x6": 25, "0x7": 6}, "snapshots": null, "memory": null, "statevector": null, "unitary": null}}, {"shots": 4096, "success": true, "status": null, "seed": null, "meas_level": 2, "meas_return": null, "header": {"qubit_labels": [["q", 0], ["q", 1], ["q", 2], ["q", 3], ["q", 4]], "n_qubits": 5, "qreg_sizes": [["q", 5]], "clbit_labels": [["c", 0], ["c", 1], ["c", 2]], "memory_slots": 3, "creg_sizes": [["c", 3]], "name": "circuit-822484", "global_phase": 0.0, "metadata": {}}, "data": {"counts": {"0x0": 516, "0x1": 383, "0x2": 389, "0x3": 632, "0x4": 547, "0x5": 618, "0x6": 617, "0x7": 394}, "snapshots": null, "memory": null, "statevector": null, "unitary": null}}, {"shots": 4096, "success": true, "status": null, "seed": null, "meas_level": 2, "meas_return": null, "header": {"qubit_labels": [["q", 0], ["q", 1], ["q", 2], ["q", 3], ["q", 4]], "n_qubits": 5, "qreg_sizes": [["q", 5]], "clbit_labels": [["c", 0], ["c", 1], ["c", 2]], "memory_slots": 3, "creg_sizes": [["c", 3]], "name": "circuit-822485", "global_phase": 0.0, "metadata": {}}, "data": {"counts": {"0x0": 2941, "0x1": 161, "0x2": 251, "0x3": 19, "0x4": 540, "0x5": 127, "0x6": 44, "0x7": 13}, "snapshots": null, "memory": null, "statevector": null, "unitary": null}}, {"shots": 4096, "success": true, "status": null, "seed": null, "meas_level": 2, "meas_return": null, "header": {"qubit_labels": [["q", 0], ["q", 1], ["q", 2], ["q", 3], ["q", 4]], "n_qubits": 5, "qreg_sizes": [["q", 5]], "clbit_labels": [["c", 0], ["c", 1], ["c", 2]], "memory_slots": 3, "creg_sizes": [["c", 3]], "name": "circuit-823244", "global_phase": 0.0, "metadata": {}}, "data": {"counts": {"0x0": 470, "0x1": 485, "0x2": 641, "0x3": 394, "0x4": 630, "0x5": 516, "0x6": 442, "0x7": 518}, "snapshots": null, "memory": null, "statevector": null, "unitary": null}}, {"shots": 4096, "success": true, "status": null, "seed": null, "meas_level": 2, "meas_return": null, "header": {"qubit_labels": [["q", 0], ["q", 1], ["q", 2], ["q", 3], ["q", 4]], "n_qubits": 5, "qreg_sizes": [["q", 5]], "clbit_labels": [["c", 0], ["c", 1], ["c", 2]], "memory_slots": 3, "creg_sizes": [["c", 3]], "name": "circuit-823245", "global_phase": 0.0, "metadata": {}}, "data": {"counts": {"0x0": 2947, "0x1": 201, "0x2": 262, "0x3": 17, "0x4": 425, "0x5": 181, "0x6": 42, "0x7": 21}, "snapshots": null, "memory": null, "statevector": null, "unitary": null}}, {"shots": 4096, "success": true, "status": null, "seed": null, "meas_level": 2, "meas_return": null, "header": {"qubit_labels": [["q", 0], ["q", 1], ["q", 2], ["q", 3], ["q", 4]], "n_qubits": 5, "qreg_sizes": [["q", 5]], "clbit_labels": [["c", 0], ["c", 1], ["c", 2]], "memory_slots": 3, "creg_sizes": [["c", 3]], "name": "circuit-824161", "global_phase": 0.0, "metadata": {}}, "data": {"counts": {"0x0": 508, "0x1": 575, "0x2": 568, "0x3": 494, "0x4": 574, "0x5": 366, "0x6": 407, "0x7": 604}, "snapshots": null, "memory": null, "statevector": null, "unitary": null}}, {"shots": 4096, "success": true, "status": null, "seed": null, "meas_level": 2, "meas_return": null, "header": {"qubit_labels": [["q", 0], ["q", 1], ["q", 2], ["q", 3], ["q", 4]], "n_qubits": 5, "qreg_sizes": [["q", 5]], "clbit_labels": [["c", 0], ["c", 1], ["c", 2]], "memory_slots": 3, "creg_sizes": [["c", 3]], "name": "circuit-824162", "global_phase": 0.0, "metadata": {}}, "data": {"counts": {"0x0": 2644, "0x1": 297, "0x2": 265, "0x3": 32, "0x4": 485, "0x5": 284, "0x6": 68, "0x7": 21}, "snapshots": null, "memory": null, "statevector": null, "unitary": null}}, {"shots": 4096, "success": true, "status": null, "seed": null, "meas_level": 2, "meas_return": null, "header": {"qubit_labels": [["q", 0], ["q", 1], ["q", 2], ["q", 3], ["q", 4]], "n_qubits": 5, "qreg_sizes": [["q", 5]], "clbit_labels": [["c", 0], ["c", 1], ["c", 2]], "memory_slots": 3, "creg_sizes": [["c", 3]], "name": "circuit-825194", "global_phase": 0.0, "metadata": {}}, "data": {"counts": {"0x0": 541, "0x1": 685, "0x2": 513, "0x3": 386, "0x4": 724, "0x5": 323, "0x6": 321, "0x7": 603}, "snapshots": null, "memory": null, "statevector": null, "unitary": null}}, {"shots": 4096, "success": true, "status": null, "seed": null, "meas_level": 2, "meas_return": null, "header": {"qubit_labels": [["q", 0], ["q", 1], ["q", 2], ["q", 3], ["q", 4]], "n_qubits": 5, "qreg_sizes": [["q", 5]], "clbit_labels": [["c", 0], ["c", 1], ["c", 2]], "memory_slots": 3, "creg_sizes": [["c", 3]], "name": "circuit-825195", "global_phase": 0.0, "metadata": {}}, "data": {"counts": {"0x0": 2679, "0x1": 261, "0x2": 335, "0x3": 49, "0x4": 480, "0x5": 210, "0x6": 54, "0x7": 28}, "snapshots": null, "memory": null, "statevector": null, "unitary": null}}, {"shots": 4096, "success": true, "status": null, "seed": null, "meas_level": 2, "meas_return": null, "header": {"qubit_labels": [["q", 0], ["q", 1], ["q", 2], ["q", 3], ["q", 4]], "n_qubits": 5, "qreg_sizes": [["q", 5]], "clbit_labels": [["c", 0], ["c", 1], ["c", 2]], "memory_slots": 3, "creg_sizes": [["c", 3]], "name": "circuit-826369", "global_phase": 0.0, "metadata": {}}, "data": {"counts": {"0x0": 356, "0x1": 556, "0x2": 705, "0x3": 326, "0x4": 786, "0x5": 280, "0x6": 307, "0x7": 780}, "snapshots": null, "memory": null, "statevector": null, "unitary": null}}, {"shots": 4096, "success": true, "status": null, "seed": null, "meas_level": 2, "meas_return": null, "header": {"qubit_labels": [["q", 0], ["q", 1], ["q", 2], ["q", 3], ["q", 4]], "n_qubits": 5, "qreg_sizes": [["q", 5]], "clbit_labels": [["c", 0], ["c", 1], ["c", 2]], "memory_slots": 3, "creg_sizes": [["c", 3]], "name": "circuit-826370", "global_phase": 0.0, "metadata": {}}, "data": {"counts": {"0x0": 2376, "0x1": 291, "0x2": 328, "0x3": 57, "0x4": 621, "0x5": 287, "0x6": 92, "0x7": 44}, "snapshots": null, "memory": null, "statevector": null, "unitary": null}}, {"shots": 4096, "success": true, "status": null, "seed": null, "meas_level": 2, "meas_return": null, "header": {"qubit_labels": [["q", 0], ["q", 1], ["q", 2], ["q", 3], ["q", 4]], "n_qubits": 5, "qreg_sizes": [["q", 5]], "clbit_labels": [["c", 0], ["c", 1], ["c", 2]], "memory_slots": 3, "creg_sizes": [["c", 3]], "name": "circuit-827721", "global_phase": 0.0, "metadata": {}}, "data": {"counts": {"0x0": 341, "0x1": 788, "0x2": 573, "0x3": 292, "0x4": 759, "0x5": 299, "0x6": 301, "0x7": 743}, "snapshots": null, "memory": null, "statevector": null, "unitary": null}}, {"shots": 4096, "success": true, "status": null, "seed": null, "meas_level": 2, "meas_return": null, "header": {"qubit_labels": [["q", 0], ["q", 1], ["q", 2], ["q", 3], ["q", 4]], "n_qubits": 5, "qreg_sizes": [["q", 5]], "clbit_labels": [["c", 0], ["c", 1], ["c", 2]], "memory_slots": 3, "creg_sizes": [["c", 3]], "name": "circuit-827722", "global_phase": 0.0, "metadata": {}}, "data": {"counts": {"0x0": 2456, "0x1": 371, "0x2": 343, "0x3": 52, "0x4": 466, "0x5": 285, "0x6": 79, "0x7": 44}, "snapshots": null, "memory": null, "statevector": null, "unitary": null}}, {"shots": 4096, "success": true, "status": null, "seed": null, "meas_level": 2, "meas_return": null, "header": {"qubit_labels": [["q", 0], ["q", 1], ["q", 2], ["q", 3], ["q", 4]], "n_qubits": 5, "qreg_sizes": [["q", 5]], "clbit_labels": [["c", 0], ["c", 1], ["c", 2]], "memory_slots": 3, "creg_sizes": [["c", 3]], "name": "circuit-829246", "global_phase": 0.0, "metadata": {}}, "data": {"counts": {"0x0": 371, "0x1": 540, "0x2": 742, "0x3": 305, "0x4": 759, "0x5": 333, "0x6": 366, "0x7": 680}, "snapshots": null, "memory": null, "statevector": null, "unitary": null}}, {"shots": 4096, "success": true, "status": null, "seed": null, "meas_level": 2, "meas_return": null, "header": {"qubit_labels": [["q", 0], ["q", 1], ["q", 2], ["q", 3], ["q", 4]], "n_qubits": 5, "qreg_sizes": [["q", 5]], "clbit_labels": [["c", 0], ["c", 1], ["c", 2]], "memory_slots": 3, "creg_sizes": [["c", 3]], "name": "circuit-829247", "global_phase": 0.0, "metadata": {}}, "data": {"counts": {"0x0": 2034, "0x1": 451, "0x2": 310, "0x3": 84, "0x4": 565, "0x5": 492, "0x6": 93, "0x7": 67}, "snapshots": null, "memory": null, "statevector": null, "unitary": null}}, {"shots": 4096, "success": true, "status": null, "seed": null, "meas_level": 2, "meas_return": null, "header": {"qubit_labels": [["q", 0], ["q", 1], ["q", 2], ["q", 3], ["q", 4]], "n_qubits": 5, "qreg_sizes": [["q", 5]], "clbit_labels": [["c", 0], ["c", 1], ["c", 2]], "memory_slots": 3, "creg_sizes": [["c", 3]], "name": "circuit-830860", "global_phase": 0.0, "metadata": {}}, "data": {"counts": {"0x0": 445, "0x1": 578, "0x2": 527, "0x3": 405, "0x4": 618, "0x5": 469, "0x6": 476, "0x7": 578}, "snapshots": null, "memory": null, "statevector": null, "unitary": null}}, {"shots": 4096, "success": true, "status": null, "seed": null, "meas_level": 2, "meas_return": null, "header": {"qubit_labels": [["q", 0], ["q", 1], ["q", 2], ["q", 3], ["q", 4]], "n_qubits": 5, "qreg_sizes": [["q", 5]], "clbit_labels": [["c", 0], ["c", 1], ["c", 2]], "memory_slots": 3, "creg_sizes": [["c", 3]], "name": "circuit-830861", "global_phase": 0.0, "metadata": {}}, "data": {"counts": {"0x0": 2119, "0x1": 375, "0x2": 401, "0x3": 97, "0x4": 583, "0x5": 366, "0x6": 101, "0x7": 54}, "snapshots": null, "memory": null, "statevector": null, "unitary": null}}, {"shots": 4096, "success": true, "status": null, "seed": null, "meas_level": 2, "meas_return": null, "header": {"qubit_labels": [["q", 0], ["q", 1], ["q", 2], ["q", 3], ["q", 4]], "n_qubits": 5, "qreg_sizes": [["q", 5]], "clbit_labels": [["c", 0], ["c", 1], ["c", 2]], "memory_slots": 3, "creg_sizes": [["c", 3]], "name": "circuit-832615", "global_phase": 0.0, "metadata": {}}, "data": {"counts": {"0x0": 492, "0x1": 424, "0x2": 573, "0x3": 387, "0x4": 754, "0x5": 472, "0x6": 427, "0x7": 567}, "snapshots": null, "memory": null, "statevector": null, "unitary": null}}, {"shots": 4096, "success": true, "status": null, "seed": null, "meas_level": 2, "meas_return": null, "header": {"qubit_labels": [["q", 0], ["q", 1], ["q", 2], ["q", 3], ["q", 4]], "n_qubits": 5, "qreg_sizes": [["q", 5]], "clbit_labels": [["c", 0], ["c", 1], ["c", 2]], "memory_slots": 3, "creg_sizes": [["c", 3]], "name": "circuit-832616", "global_phase": 0.0, "metadata": {}}, "data": {"counts": {"0x0": 2030, "0x1": 390, "0x2": 327, "0x3": 62, "0x4": 644, "0x5": 450, "0x6": 110, "0x7": 83}, "snapshots": null, "memory": null, "statevector": null, "unitary": null}}, {"shots": 4096, "success": true, "status": null, "seed": null, "meas_level": 2, "meas_return": null, "header": {"qubit_labels": [["q", 0], ["q", 1], ["q", 2], ["q", 3], ["q", 4]], "n_qubits": 5, "qreg_sizes": [["q", 5]], "clbit_labels": [["c", 0], ["c", 1], ["c", 2]], "memory_slots": 3, "creg_sizes": [["c", 3]], "name": "circuit-834508", "global_phase": 0.0, "metadata": {}}, "data": {"counts": {"0x0": 574, "0x1": 538, "0x2": 478, "0x3": 583, "0x4": 609, "0x5": 412, "0x6": 492, "0x7": 410}, "snapshots": null, "memory": null, "statevector": null, "unitary": null}}, {"shots": 4096, "success": true, "status": null, "seed": null, "meas_level": 2, "meas_return": null, "header": {"qubit_labels": [["q", 0], ["q", 1], ["q", 2], ["q", 3], ["q", 4]], "n_qubits": 5, "qreg_sizes": [["q", 5]], "clbit_labels": [["c", 0], ["c", 1], ["c", 2]], "memory_slots": 3, "creg_sizes": [["c", 3]], "name": "circuit-834509", "global_phase": 0.0, "metadata": {}}, "data": {"counts": {"0x0": 1965, "0x1": 422, "0x2": 425, "0x3": 98, "0x4": 575, "0x5": 396, "0x6": 122, "0x7": 93}, "snapshots": null, "memory": null, "statevector": null, "unitary": null}}, {"shots": 4096, "success": true, "status": null, "seed": null, "meas_level": 2, "meas_return": null, "header": {"qubit_labels": [["q", 0], ["q", 1], ["q", 2], ["q", 3], ["q", 4]], "n_qubits": 5, "qreg_sizes": [["q", 5]], "clbit_labels": [["c", 0], ["c", 1], ["c", 2]], "memory_slots": 3, "creg_sizes": [["c", 3]], "name": "circuit-836559", "global_phase": 0.0, "metadata": {}}, "data": {"counts": {"0x0": 539, "0x1": 427, "0x2": 408, "0x3": 535, "0x4": 546, "0x5": 521, "0x6": 605, "0x7": 515}, "snapshots": null, "memory": null, "statevector": null, "unitary": null}}, {"shots": 4096, "success": true, "status": null, "seed": null, "meas_level": 2, "meas_return": null, "header": {"qubit_labels": [["q", 0], ["q", 1], ["q", 2], ["q", 3], ["q", 4]], "n_qubits": 5, "qreg_sizes": [["q", 5]], "clbit_labels": [["c", 0], ["c", 1], ["c", 2]], "memory_slots": 3, "creg_sizes": [["c", 3]], "name": "circuit-836560", "global_phase": 0.0, "metadata": {}}, "data": {"counts": {"0x0": 1822, "0x1": 580, "0x2": 439, "0x3": 148, "0x4": 622, "0x5": 290, "0x6": 124, "0x7": 71}, "snapshots": null, "memory": null, "statevector": null, "unitary": null}}, {"shots": 4096, "success": true, "status": null, "seed": null, "meas_level": 2, "meas_return": null, "header": {"qubit_labels": [["q", 0], ["q", 1], ["q", 2], ["q", 3], ["q", 4]], "n_qubits": 5, "qreg_sizes": [["q", 5]], "clbit_labels": [["c", 0], ["c", 1], ["c", 2]], "memory_slots": 3, "creg_sizes": [["c", 3]], "name": "circuit-838801", "global_phase": 0.0, "metadata": {}}, "data": {"counts": {"0x0": 569, "0x1": 506, "0x2": 384, "0x3": 599, "0x4": 455, "0x5": 627, "0x6": 616, "0x7": 340}, "snapshots": null, "memory": null, "statevector": null, "unitary": null}}, {"shots": 4096, "success": true, "status": null, "seed": null, "meas_level": 2, "meas_return": null, "header": {"qubit_labels": [["q", 0], ["q", 1], ["q", 2], ["q", 3], ["q", 4]], "n_qubits": 5, "qreg_sizes": [["q", 5]], "clbit_labels": [["c", 0], ["c", 1], ["c", 2]], "memory_slots": 3, "creg_sizes": [["c", 3]], "name": "circuit-838802", "global_phase": 0.0, "metadata": {}}, "data": {"counts": {"0x0": 1874, "0x1": 581, "0x2": 476, "0x3": 123, "0x4": 517, "0x5": 302, "0x6": 132, "0x7": 91}, "snapshots": null, "memory": null, "statevector": null, "unitary": null}}, {"shots": 4096, "success": true, "status": null, "seed": null, "meas_level": 2, "meas_return": null, "header": {"qubit_labels": [["q", 0], ["q", 1], ["q", 2], ["q", 3], ["q", 4]], "n_qubits": 5, "qreg_sizes": [["q", 5]], "clbit_labels": [["c", 0], ["c", 1], ["c", 2]], "memory_slots": 3, "creg_sizes": [["c", 3]], "name": "circuit-841158", "global_phase": 0.0, "metadata": {}}, "data": {"counts": {"0x0": 668, "0x1": 380, "0x2": 433, "0x3": 751, "0x4": 443, "0x5": 486, "0x6": 575, "0x7": 360}, "snapshots": null, "memory": null, "statevector": null, "unitary": null}}, {"shots": 4096, "success": true, "status": null, "seed": null, "meas_level": 2, "meas_return": null, "header": {"qubit_labels": [["q", 0], ["q", 1], ["q", 2], ["q", 3], ["q", 4]], "n_qubits": 5, "qreg_sizes": [["q", 5]], "clbit_labels": [["c", 0], ["c", 1], ["c", 2]], "memory_slots": 3, "creg_sizes": [["c", 3]], "name": "circuit-841159", "global_phase": 0.0, "metadata": {}}, "data": {"counts": {"0x0": 1740, "0x1": 441, "0x2": 435, "0x3": 114, "0x4": 668, "0x5": 422, "0x6": 164, "0x7": 112}, "snapshots": null, "memory": null, "statevector": null, "unitary": null}}, {"shots": 4096, "success": true, "status": null, "seed": null, "meas_level": 2, "meas_return": null, "header": {"qubit_labels": [["q", 0], ["q", 1], ["q", 2], ["q", 3], ["q", 4]], "n_qubits": 5, "qreg_sizes": [["q", 5]], "clbit_labels": [["c", 0], ["c", 1], ["c", 2]], "memory_slots": 3, "creg_sizes": [["c", 3]], "name": "circuit-843591", "global_phase": 0.0, "metadata": {}}, "data": {"counts": {"0x0": 538, "0x1": 399, "0x2": 407, "0x3": 776, "0x4": 395, "0x5": 524, "0x6": 684, "0x7": 373}, "snapshots": null, "memory": null, "statevector": null, "unitary": null}}, {"shots": 4096, "success": true, "status": null, "seed": null, "meas_level": 2, "meas_return": null, "header": {"qubit_labels": [["q", 0], ["q", 1], ["q", 2], ["q", 3], ["q", 4]], "n_qubits": 5, "qreg_sizes": [["q", 5]], "clbit_labels": [["c", 0], ["c", 1], ["c", 2]], "memory_slots": 3, "creg_sizes": [["c", 3]], "name": "circuit-843592", "global_phase": 0.0, "metadata": {}}, "data": {"counts": {"0x0": 1660, "0x1": 397, "0x2": 439, "0x3": 115, "0x4": 607, "0x5": 573, "0x6": 153, "0x7": 152}, "snapshots": null, "memory": null, "statevector": null, "unitary": null}}, {"shots": 4096, "success": true, "status": null, "seed": null, "meas_level": 2, "meas_return": null, "header": {"qubit_labels": [["q", 0], ["q", 1], ["q", 2], ["q", 3], ["q", 4]], "n_qubits": 5, "qreg_sizes": [["q", 5]], "clbit_labels": [["c", 0], ["c", 1], ["c", 2]], "memory_slots": 3, "creg_sizes": [["c", 3]], "name": "circuit-846140", "global_phase": 0.0, "metadata": {}}, "data": {"counts": {"0x0": 497, "0x1": 420, "0x2": 439, "0x3": 560, "0x4": 432, "0x5": 608, "0x6": 717, "0x7": 423}, "snapshots": null, "memory": null, "statevector": null, "unitary": null}}, {"shots": 4096, "success": true, "status": null, "seed": null, "meas_level": 2, "meas_return": null, "header": {"qubit_labels": [["q", 0], ["q", 1], ["q", 2], ["q", 3], ["q", 4]], "n_qubits": 5, "qreg_sizes": [["q", 5]], "clbit_labels": [["c", 0], ["c", 1], ["c", 2]], "memory_slots": 3, "creg_sizes": [["c", 3]], "name": "circuit-846141", "global_phase": 0.0, "metadata": {}}, "data": {"counts": {"0x0": 1530, "0x1": 585, "0x2": 476, "0x3": 181, "0x4": 685, "0x5": 345, "0x6": 188, "0x7": 106}, "snapshots": null, "memory": null, "statevector": null, "unitary": null}}, {"shots": 4096, "success": true, "status": null, "seed": null, "meas_level": 2, "meas_return": null, "header": {"qubit_labels": [["q", 0], ["q", 1], ["q", 2], ["q", 3], ["q", 4]], "n_qubits": 5, "qreg_sizes": [["q", 5]], "clbit_labels": [["c", 0], ["c", 1], ["c", 2]], "memory_slots": 3, "creg_sizes": [["c", 3]], "name": "circuit-848910", "global_phase": 0.0, "metadata": {}}, "data": {"counts": {"0x0": 484, "0x1": 447, "0x2": 463, "0x3": 436, "0x4": 437, "0x5": 571, "0x6": 818, "0x7": 440}, "snapshots": null, "memory": null, "statevector": null, "unitary": null}}, {"shots": 4096, "success": true, "status": null, "seed": null, "meas_level": 2, "meas_return": null, "header": {"qubit_labels": [["q", 0], ["q", 1], ["q", 2], ["q", 3], ["q", 4]], "n_qubits": 5, "qreg_sizes": [["q", 5]], "clbit_labels": [["c", 0], ["c", 1], ["c", 2]], "memory_slots": 3, "creg_sizes": [["c", 3]], "name": "circuit-848911", "global_phase": 0.0, "metadata": {}}, "data": {"counts": {"0x0": 1451, "0x1": 517, "0x2": 428, "0x3": 147, "0x4": 735, "0x5": 459, "0x6": 223, "0x7": 136}, "snapshots": null, "memory": null, "statevector": null, "unitary": null}}, {"shots": 4096, "success": true, "status": null, "seed": null, "meas_level": 2, "meas_return": null, "header": {"qubit_labels": [["q", 0], ["q", 1], ["q", 2], ["q", 3], ["q", 4]], "n_qubits": 5, "qreg_sizes": [["q", 5]], "clbit_labels": [["c", 0], ["c", 1], ["c", 2]], "memory_slots": 3, "creg_sizes": [["c", 3]], "name": "circuit-851816", "global_phase": 0.0, "metadata": {}}, "data": {"counts": {"0x0": 688, "0x1": 460, "0x2": 478, "0x3": 503, "0x4": 579, "0x5": 439, "0x6": 542, "0x7": 407}, "snapshots": null, "memory": null, "statevector": null, "unitary": null}}, {"shots": 4096, "success": true, "status": null, "seed": null, "meas_level": 2, "meas_return": null, "header": {"qubit_labels": [["q", 0], ["q", 1], ["q", 2], ["q", 3], ["q", 4]], "n_qubits": 5, "qreg_sizes": [["q", 5]], "clbit_labels": [["c", 0], ["c", 1], ["c", 2]], "memory_slots": 3, "creg_sizes": [["c", 3]], "name": "circuit-851817", "global_phase": 0.0, "metadata": {}}, "data": {"counts": {"0x0": 1498, "0x1": 457, "0x2": 512, "0x3": 160, "0x4": 628, "0x5": 465, "0x6": 226, "0x7": 150}, "snapshots": null, "memory": null, "statevector": null, "unitary": null}}, {"shots": 4096, "success": true, "status": null, "seed": null, "meas_level": 2, "meas_return": null, "header": {"qubit_labels": [["q", 0], ["q", 1], ["q", 2], ["q", 3], ["q", 4]], "n_qubits": 5, "qreg_sizes": [["q", 5]], "clbit_labels": [["c", 0], ["c", 1], ["c", 2]], "memory_slots": 3, "creg_sizes": [["c", 3]], "name": "circuit-854870", "global_phase": 0.0, "metadata": {}}, "data": {"counts": {"0x0": 953, "0x1": 233, "0x2": 214, "0x3": 920, "0x4": 161, "0x5": 744, "0x6": 762, "0x7": 109}, "snapshots": null, "memory": null, "statevector": null, "unitary": null}}, {"shots": 4096, "success": true, "status": null, "seed": null, "meas_level": 2, "meas_return": null, "header": {"qubit_labels": [["q", 0], ["q", 1], ["q", 2], ["q", 3], ["q", 4]], "n_qubits": 5, "qreg_sizes": [["q", 5]], "clbit_labels": [["c", 0], ["c", 1], ["c", 2]], "memory_slots": 3, "creg_sizes": [["c", 3]], "name": "circuit-854871", "global_phase": 0.0, "metadata": {}}, "data": {"counts": {"0x0": 3646, "0x1": 108, "0x2": 80, "0x3": 3, "0x4": 234, "0x5": 17, "0x6": 6, "0x7": 2}, "snapshots": null, "memory": null, "statevector": null, "unitary": null}}, {"shots": 4096, "success": true, "status": null, "seed": null, "meas_level": 2, "meas_return": null, "header": {"qubit_labels": [["q", 0], ["q", 1], ["q", 2], ["q", 3], ["q", 4]], "n_qubits": 5, "qreg_sizes": [["q", 5]], "clbit_labels": [["c", 0], ["c", 1], ["c", 2]], "memory_slots": 3, "creg_sizes": [["c", 3]], "name": "circuit-855220", "global_phase": 0.0, "metadata": {}}, "data": {"counts": {"0x0": 767, "0x1": 302, "0x2": 279, "0x3": 738, "0x4": 297, "0x5": 731, "0x6": 808, "0x7": 174}, "snapshots": null, "memory": null, "statevector": null, "unitary": null}}, {"shots": 4096, "success": true, "status": null, "seed": null, "meas_level": 2, "meas_return": null, "header": {"qubit_labels": [["q", 0], ["q", 1], ["q", 2], ["q", 3], ["q", 4]], "n_qubits": 5, "qreg_sizes": [["q", 5]], "clbit_labels": [["c", 0], ["c", 1], ["c", 2]], "memory_slots": 3, "creg_sizes": [["c", 3]], "name": "circuit-855221", "global_phase": 0.0, "metadata": {}}, "data": {"counts": {"0x0": 3445, "0x1": 154, "0x2": 147, "0x3": 5, "0x4": 267, "0x5": 61, "0x6": 13, "0x7": 4}, "snapshots": null, "memory": null, "statevector": null, "unitary": null}}, {"shots": 4096, "success": true, "status": null, "seed": null, "meas_level": 2, "meas_return": null, "header": {"qubit_labels": [["q", 0], ["q", 1], ["q", 2], ["q", 3], ["q", 4]], "n_qubits": 5, "qreg_sizes": [["q", 5]], "clbit_labels": [["c", 0], ["c", 1], ["c", 2]], "memory_slots": 3, "creg_sizes": [["c", 3]], "name": "circuit-855726", "global_phase": 0.0, "metadata": {}}, "data": {"counts": {"0x0": 776, "0x1": 374, "0x2": 298, "0x3": 853, "0x4": 307, "0x5": 609, "0x6": 607, "0x7": 272}, "snapshots": null, "memory": null, "statevector": null, "unitary": null}}, {"shots": 4096, "success": true, "status": null, "seed": null, "meas_level": 2, "meas_return": null, "header": {"qubit_labels": [["q", 0], ["q", 1], ["q", 2], ["q", 3], ["q", 4]], "n_qubits": 5, "qreg_sizes": [["q", 5]], "clbit_labels": [["c", 0], ["c", 1], ["c", 2]], "memory_slots": 3, "creg_sizes": [["c", 3]], "name": "circuit-855727", "global_phase": 0.0, "metadata": {}}, "data": {"counts": {"0x0": 3015, "0x1": 212, "0x2": 198, "0x3": 12, "0x4": 406, "0x5": 212, "0x6": 27, "0x7": 14}, "snapshots": null, "memory": null, "statevector": null, "unitary": null}}, {"shots": 4096, "success": true, "status": null, "seed": null, "meas_level": 2, "meas_return": null, "header": {"qubit_labels": [["q", 0], ["q", 1], ["q", 2], ["q", 3], ["q", 4]], "n_qubits": 5, "qreg_sizes": [["q", 5]], "clbit_labels": [["c", 0], ["c", 1], ["c", 2]], "memory_slots": 3, "creg_sizes": [["c", 3]], "name": "circuit-856374", "global_phase": 0.0, "metadata": {}}, "data": {"counts": {"0x0": 536, "0x1": 522, "0x2": 518, "0x3": 395, "0x4": 520, "0x5": 582, "0x6": 607, "0x7": 416}, "snapshots": null, "memory": null, "statevector": null, "unitary": null}}, {"shots": 4096, "success": true, "status": null, "seed": null, "meas_level": 2, "meas_return": null, "header": {"qubit_labels": [["q", 0], ["q", 1], ["q", 2], ["q", 3], ["q", 4]], "n_qubits": 5, "qreg_sizes": [["q", 5]], "clbit_labels": [["c", 0], ["c", 1], ["c", 2]], "memory_slots": 3, "creg_sizes": [["c", 3]], "name": "circuit-856375", "global_phase": 0.0, "metadata": {}}, "data": {"counts": {"0x0": 3042, "0x1": 297, "0x2": 220, "0x3": 25, "0x4": 404, "0x5": 68, "0x6": 30, "0x7": 10}, "snapshots": null, "memory": null, "statevector": null, "unitary": null}}, {"shots": 4096, "success": true, "status": null, "seed": null, "meas_level": 2, "meas_return": null, "header": {"qubit_labels": [["q", 0], ["q", 1], ["q", 2], ["q", 3], ["q", 4]], "n_qubits": 5, "qreg_sizes": [["q", 5]], "clbit_labels": [["c", 0], ["c", 1], ["c", 2]], "memory_slots": 3, "creg_sizes": [["c", 3]], "name": "circuit-857162", "global_phase": 0.0, "metadata": {}}, "data": {"counts": {"0x0": 605, "0x1": 623, "0x2": 682, "0x3": 450, "0x4": 528, "0x5": 384, "0x6": 338, "0x7": 486}, "snapshots": null, "memory": null, "statevector": null, "unitary": null}}, {"shots": 4096, "success": true, "status": null, "seed": null, "meas_level": 2, "meas_return": null, "header": {"qubit_labels": [["q", 0], ["q", 1], ["q", 2], ["q", 3], ["q", 4]], "n_qubits": 5, "qreg_sizes": [["q", 5]], "clbit_labels": [["c", 0], ["c", 1], ["c", 2]], "memory_slots": 3, "creg_sizes": [["c", 3]], "name": "circuit-857163", "global_phase": 0.0, "metadata": {}}, "data": {"counts": {"0x0": 2755, "0x1": 259, "0x2": 224, "0x3": 31, "0x4": 409, "0x5": 350, "0x6": 41, "0x7": 27}, "snapshots": null, "memory": null, "statevector": null, "unitary": null}}, {"shots": 4096, "success": true, "status": null, "seed": null, "meas_level": 2, "meas_return": null, "header": {"qubit_labels": [["q", 0], ["q", 1], ["q", 2], ["q", 3], ["q", 4]], "n_qubits": 5, "qreg_sizes": [["q", 5]], "clbit_labels": [["c", 0], ["c", 1], ["c", 2]], "memory_slots": 3, "creg_sizes": [["c", 3]], "name": "circuit-858049", "global_phase": 0.0, "metadata": {}}, "data": {"counts": {"0x0": 450, "0x1": 741, "0x2": 552, "0x3": 320, "0x4": 643, "0x5": 400, "0x6": 415, "0x7": 575}, "snapshots": null, "memory": null, "statevector": null, "unitary": null}}, {"shots": 4096, "success": true, "status": null, "seed": null, "meas_level": 2, "meas_return": null, "header": {"qubit_labels": [["q", 0], ["q", 1], ["q", 2], ["q", 3], ["q", 4]], "n_qubits": 5, "qreg_sizes": [["q", 5]], "clbit_labels": [["c", 0], ["c", 1], ["c", 2]], "memory_slots": 3, "creg_sizes": [["c", 3]], "name": "circuit-858050", "global_phase": 0.0, "metadata": {}}, "data": {"counts": {"0x0": 2898, "0x1": 305, "0x2": 279, "0x3": 29, "0x4": 372, "0x5": 163, "0x6": 34, "0x7": 16}, "snapshots": null, "memory": null, "statevector": null, "unitary": null}}, {"shots": 4096, "success": true, "status": null, "seed": null, "meas_level": 2, "meas_return": null, "header": {"qubit_labels": [["q", 0], ["q", 1], ["q", 2], ["q", 3], ["q", 4]], "n_qubits": 5, "qreg_sizes": [["q", 5]], "clbit_labels": [["c", 0], ["c", 1], ["c", 2]], "memory_slots": 3, "creg_sizes": [["c", 3]], "name": "circuit-859100", "global_phase": 0.0, "metadata": {}}, "data": {"counts": {"0x0": 361, "0x1": 781, "0x2": 715, "0x3": 272, "0x4": 714, "0x5": 356, "0x6": 307, "0x7": 590}, "snapshots": null, "memory": null, "statevector": null, "unitary": null}}, {"shots": 4096, "success": true, "status": null, "seed": null, "meas_level": 2, "meas_return": null, "header": {"qubit_labels": [["q", 0], ["q", 1], ["q", 2], ["q", 3], ["q", 4]], "n_qubits": 5, "qreg_sizes": [["q", 5]], "clbit_labels": [["c", 0], ["c", 1], ["c", 2]], "memory_slots": 3, "creg_sizes": [["c", 3]], "name": "circuit-859101", "global_phase": 0.0, "metadata": {}}, "data": {"counts": {"0x0": 2839, "0x1": 303, "0x2": 290, "0x3": 33, "0x4": 425, "0x5": 131, "0x6": 53, "0x7": 22}, "snapshots": null, "memory": null, "statevector": null, "unitary": null}}, {"shots": 4096, "success": true, "status": null, "seed": null, "meas_level": 2, "meas_return": null, "header": {"qubit_labels": [["q", 0], ["q", 1], ["q", 2], ["q", 3], ["q", 4]], "n_qubits": 5, "qreg_sizes": [["q", 5]], "clbit_labels": [["c", 0], ["c", 1], ["c", 2]], "memory_slots": 3, "creg_sizes": [["c", 3]], "name": "circuit-860292", "global_phase": 0.0, "metadata": {}}, "data": {"counts": {"0x0": 339, "0x1": 770, "0x2": 733, "0x3": 243, "0x4": 778, "0x5": 260, "0x6": 286, "0x7": 687}, "snapshots": null, "memory": null, "statevector": null, "unitary": null}}, {"shots": 4096, "success": true, "status": null, "seed": null, "meas_level": 2, "meas_return": null, "header": {"qubit_labels": [["q", 0], ["q", 1], ["q", 2], ["q", 3], ["q", 4]], "n_qubits": 5, "qreg_sizes": [["q", 5]], "clbit_labels": [["c", 0], ["c", 1], ["c", 2]], "memory_slots": 3, "creg_sizes": [["c", 3]], "name": "circuit-860293", "global_phase": 0.0, "metadata": {}}, "data": {"counts": {"0x0": 2474, "0x1": 325, "0x2": 374, "0x3": 40, "0x4": 516, "0x5": 249, "0x6": 76, "0x7": 42}, "snapshots": null, "memory": null, "statevector": null, "unitary": null}}, {"shots": 4096, "success": true, "status": null, "seed": null, "meas_level": 2, "meas_return": null, "header": {"qubit_labels": [["q", 0], ["q", 1], ["q", 2], ["q", 3], ["q", 4]], "n_qubits": 5, "qreg_sizes": [["q", 5]], "clbit_labels": [["c", 0], ["c", 1], ["c", 2]], "memory_slots": 3, "creg_sizes": [["c", 3]], "name": "circuit-861672", "global_phase": 0.0, "metadata": {}}, "data": {"counts": {"0x0": 353, "0x1": 665, "0x2": 719, "0x3": 307, "0x4": 736, "0x5": 322, "0x6": 382, "0x7": 612}, "snapshots": null, "memory": null, "statevector": null, "unitary": null}}, {"shots": 4096, "success": true, "status": null, "seed": null, "meas_level": 2, "meas_return": null, "header": {"qubit_labels": [["q", 0], ["q", 1], ["q", 2], ["q", 3], ["q", 4]], "n_qubits": 5, "qreg_sizes": [["q", 5]], "clbit_labels": [["c", 0], ["c", 1], ["c", 2]], "memory_slots": 3, "creg_sizes": [["c", 3]], "name": "circuit-861673", "global_phase": 0.0, "metadata": {}}, "data": {"counts": {"0x0": 2439, "0x1": 311, "0x2": 377, "0x3": 39, "0x4": 544, "0x5": 246, "0x6": 99, "0x7": 41}, "snapshots": null, "memory": null, "statevector": null, "unitary": null}}, {"shots": 4096, "success": true, "status": null, "seed": null, "meas_level": 2, "meas_return": null, "header": {"qubit_labels": [["q", 0], ["q", 1], ["q", 2], ["q", 3], ["q", 4]], "n_qubits": 5, "qreg_sizes": [["q", 5]], "clbit_labels": [["c", 0], ["c", 1], ["c", 2]], "memory_slots": 3, "creg_sizes": [["c", 3]], "name": "circuit-863181", "global_phase": 0.0, "metadata": {}}, "data": {"counts": {"0x0": 448, "0x1": 572, "0x2": 537, "0x3": 416, "0x4": 800, "0x5": 349, "0x6": 375, "0x7": 599}, "snapshots": null, "memory": null, "statevector": null, "unitary": null}}, {"shots": 4096, "success": true, "status": null, "seed": null, "meas_level": 2, "meas_return": null, "header": {"qubit_labels": [["q", 0], ["q", 1], ["q", 2], ["q", 3], ["q", 4]], "n_qubits": 5, "qreg_sizes": [["q", 5]], "clbit_labels": [["c", 0], ["c", 1], ["c", 2]], "memory_slots": 3, "creg_sizes": [["c", 3]], "name": "circuit-863182", "global_phase": 0.0, "metadata": {}}, "data": {"counts": {"0x0": 2314, "0x1": 335, "0x2": 407, "0x3": 55, "0x4": 542, "0x5": 318, "0x6": 76, "0x7": 49}, "snapshots": null, "memory": null, "statevector": null, "unitary": null}}], "error": null}