{"backend_name": "ibmq_quito", "backend_version": "1.1.33", "qobj_id": "cac996d2-4669-4189-8a70-3fc2d5e8d1d0", "job_id": "62e18656fb9fa1841aa31ec0", "date": "2022-07-27T18:51:46Z", "success": true, "status": "Successful completion", "execution_id": "d8860176-0ddc-11ed-986f-b02628f7f59e", "time_taken": 136.3690321445465, "header": {"backend_name": "ibmq_quito", "backend_version": "1.1.33"}, "results": [{"shots": 4096, "success": true, "status": null, "seed": null, "meas_level": 2, "meas_return": null, "header": {"qubit_labels": [["q", 0], ["q", 1], ["q", 2], ["q", 3], ["q", 4]], "n_qubits": 5, "qreg_sizes": [["q", 5]], "clbit_labels": [["c", 0], ["c", 1], ["c", 2]], "memory_slots": 3, "creg_sizes": [["c", 3]], "name": "circuit-787119", "global_phase": 0.0, "metadata": {}}, "data": {"counts": {"0x0": 867, "0x1": 250, "0x2": 183, "0x3": 712, "0x4": 254, "0x5": 874, "0x6": 824, "0x7": 132}, "snapshots": null, "memory": null, "statevector": null, "unitary": null}}, {"shots": 4096, "success": true, "status": null, "seed": null, "meas_level": 2, "meas_return": null, "header": {"qubit_labels": [["q", 0], ["q", 1], ["q", 2], ["q", 3], ["q", 4]], "n_qubits": 5, "qreg_sizes": [["q", 5]], "clbit_labels": [["c", 0], ["c", 1], ["c", 2]], "memory_slots": 3, "creg_sizes": [["c", 3]], "name": "circuit-787120", "global_phase": 0.0, "metadata": {}}, "data": {"counts": {"0x0": 3616, "0x1": 117, "0x2": 112, "0x3": 8, "0x4": 207, "0x5": 26, "0x6": 9, "0x7": 1}, "snapshots": null, "memory": null, "statevector": null, "unitary": null}}, {"shots": 4096, "success": true, "status": null, "seed": null, "meas_level": 2, "meas_return": null, "header": {"qubit_labels": [["q", 0], ["q", 1], ["q", 2], ["q", 3], ["q", 4]], "n_qubits": 5, "qreg_sizes": [["q", 5]], "clbit_labels": [["c", 0], ["c", 1], ["c", 2]], "memory_slots": 3, "creg_sizes": [["c", 3]], "name": "circuit-787474", "global_phase": 0.0, "metadata": {}}, "data": {"counts": {"0x0": 856, "0x1": 349, "0x2": 248, "0x3": 691, "0x4": 294, "0x5": 792, "0x6": 661, "0x7": 205}, "snapshots": null, "memory": null, "statevector": null, "unitary": null}}, {"shots": 4096, "success": true, "status": null, "seed": null, "meas_level": 2, "meas_return": null, "header": {"qubit_labels": [["q", 0], ["q", 1], ["q", 2], ["q", 3], ["q", 4]], "n_qubits": 5, "qreg_sizes": [["q", 5]], "clbit_labels": [["c", 0], ["c", 1], ["c", 2]], "memory_slots": 3, "creg_sizes": [["c", 3]], "name": "circuit-787475", "global_phase": 0.0, "metadata": {}}, "data": {"counts": {"0x0": 3506, "0x1": 160, "0x2": 99, "0x3": 6, "0x4": 296, "0x5": 21, "0x6": 7, "0x7": 1}, "snapshots": null, "memory": null, "statevector": null, "unitary": null}}, {"shots": 4096, "success": true, "status": null, "seed": null, "meas_level": 2, "meas_return": null, "header": {"qubit_labels": [["q", 0], ["q", 1], ["q", 2], ["q", 3], ["q", 4]], "n_qubits": 5, "qreg_sizes": [["q", 5]], "clbit_labels": [["c", 0], ["c", 1], ["c", 2]], "memory_slots": 3, "creg_sizes": [["c", 3]], "name": "circuit-787957", "global_phase": 0.0, "metadata": {}}, "data": {"counts": {"0x0": 667, "0x1": 506, "0x2": 378, "0x3": 506, "0x4": 500, "0x5": 576, "0x6": 525, "0x7": 438}, "snapshots": null, "memory": null, "statevector": null, "unitary": null}}, {"shots": 4096, "success": true, "status": null, "seed": null, "meas_level": 2, "meas_return": null, "header": {"qubit_labels": [["q", 0], ["q", 1], ["q", 2], ["q", 3], ["q", 4]], "n_qubits": 5, "qreg_sizes": [["q", 5]], "clbit_labels": [["c", 0], ["c", 1], ["c", 2]], "memory_slots": 3, "creg_sizes": [["c", 3]], "name": "circuit-787958", "global_phase": 0.0, "metadata": {}}, "data": {"counts": {"0x0": 3305, "0x1": 206, "0x2": 217, "0x3": 15, "0x4": 266, "0x5": 66, "0x6": 11, "0x7": 10}, "snapshots": null, "memory": null, "statevector": null, "unitary": null}}, {"shots": 4096, "success": true, "status": null, "seed": null, "meas_level": 2, "meas_return": null, "header": {"qubit_labels": [["q", 0], ["q", 1], ["q", 2], ["q", 3], ["q", 4]], "n_qubits": 5, "qreg_sizes": [["q", 5]], "clbit_labels": [["c", 0], ["c", 1], ["c", 2]], "memory_slots": 3, "creg_sizes": [["c", 3]], "name": "circuit-788588", "global_phase": 0.0, "metadata": {}}, "data": {"counts": {"0x0": 683, "0x1": 476, "0x2": 471, "0x3": 549, "0x4": 562, "0x5": 467, "0x6": 486, "0x7": 402}, "snapshots": null, "memory": null, "statevector": null, "unitary": null}}, {"shots": 4096, "success": true, "status": null, "seed": null, "meas_level": 2, "meas_return": null, "header": {"qubit_labels": [["q", 0], ["q", 1], ["q", 2], ["q", 3], ["q", 4]], "n_qubits": 5, "qreg_sizes": [["q", 5]], "clbit_labels": [["c", 0], ["c", 1], ["c", 2]], "memory_slots": 3, "creg_sizes": [["c", 3]], "name": "circuit-788589", "global_phase": 0.0, "metadata": {}}, "data": {"counts": {"0x0": 3313, "0x1": 174, "0x2": 199, "0x3": 13, "0x4": 288, "0x5": 82, "0x6": 15, "0x7": 12}, "snapshots": null, "memory": null, "statevector": null, "unitary": null}}, {"shots": 4096, "success": true, "status": null, "seed": null, "meas_level": 2, "meas_return": null, "header": {"qubit_labels": [["q", 0], ["q", 1], ["q", 2], ["q", 3], ["q", 4]], "n_qubits": 5, "qreg_sizes": [["q", 5]], "clbit_labels": [["c", 0], ["c", 1], ["c", 2]], "memory_slots": 3, "creg_sizes": [["c", 3]], "name": "circuit-789383", "global_phase": 0.0, "metadata": {}}, "data": {"counts": {"0x0": 510, "0x1": 500, "0x2": 498, "0x3": 427, "0x4": 709, "0x5": 525, "0x6": 426, "0x7": 501}, "snapshots": null, "memory": null, "statevector": null, "unitary": null}}, {"shots": 4096, "success": true, "status": null, "seed": null, "meas_level": 2, "meas_return": null, "header": {"qubit_labels": [["q", 0], ["q", 1], ["q", 2], ["q", 3], ["q", 4]], "n_qubits": 5, "qreg_sizes": [["q", 5]], "clbit_labels": [["c", 0], ["c", 1], ["c", 2]], "memory_slots": 3, "creg_sizes": [["c", 3]], "name": "circuit-789384", "global_phase": 0.0, "metadata": {}}, "data": {"counts": {"0x0": 3122, "0x1": 206, "0x2": 244, "0x3": 21, "0x4": 329, "0x5": 141, "0x6": 18, "0x7": 15}, "snapshots": null, "memory": null, "statevector": null, "unitary": null}}, {"shots": 4096, "success": true, "status": null, "seed": null, "meas_level": 2, "meas_return": null, "header": {"qubit_labels": [["q", 0], ["q", 1], ["q", 2], ["q", 3], ["q", 4]], "n_qubits": 5, "qreg_sizes": [["q", 5]], "clbit_labels": [["c", 0], ["c", 1], ["c", 2]], "memory_slots": 3, "creg_sizes": [["c", 3]], "name": "circuit-790305", "global_phase": 0.0, "metadata": {}}, "data": {"counts": {"0x0": 490, "0x1": 655, "0x2": 601, "0x3": 323, "0x4": 626, "0x5": 412, "0x6": 442, "0x7": 547}, "snapshots": null, "memory": null, "statevector": null, "unitary": null}}, {"shots": 4096, "success": true, "status": null, "seed": null, "meas_level": 2, "meas_return": null, "header": {"qubit_labels": [["q", 0], ["q", 1], ["q", 2], ["q", 3], ["q", 4]], "n_qubits": 5, "qreg_sizes": [["q", 5]], "clbit_labels": [["c", 0], ["c", 1], ["c", 2]], "memory_slots": 3, "creg_sizes": [["c", 3]], "name": "circuit-790306", "global_phase": 0.0, "metadata": {}}, "data": {"counts": {"0x0": 3055, "0x1": 282, "0x2": 264, "0x3": 25, "0x4": 255, "0x5": 173, "0x6": 29, "0x7": 13}, "snapshots": null, "memory": null, "statevector": null, "unitary": null}}, {"shots": 4096, "success": true, "status": null, "seed": null, "meas_level": 2, "meas_return": null, "header": {"qubit_labels": [["q", 0], ["q", 1], ["q", 2], ["q", 3], ["q", 4]], "n_qubits": 5, "qreg_sizes": [["q", 5]], "clbit_labels": [["c", 0], ["c", 1], ["c", 2]], "memory_slots": 3, "creg_sizes": [["c", 3]], "name": "circuit-791353", "global_phase": 0.0, "metadata": {}}, "data": {"counts": {"0x0": 468, "0x1": 637, "0x2": 685, "0x3": 285, "0x4": 704, "0x5": 337, "0x6": 341, "0x7": 639}, "snapshots": null, "memory": null, "statevector": null, "unitary": null}}, {"shots": 4096, "success": true, "status": null, "seed": null, "meas_level": 2, "meas_return": null, "header": {"qubit_labels": [["q", 0], ["q", 1], ["q", 2], ["q", 3], ["q", 4]], "n_qubits": 5, "qreg_sizes": [["q", 5]], "clbit_labels": [["c", 0], ["c", 1], ["c", 2]], "memory_slots": 3, "creg_sizes": [["c", 3]], "name": "circuit-791354", "global_phase": 0.0, "metadata": {}}, "data": {"counts": {"0x0": 3055, "0x1": 233, "0x2": 306, "0x3": 22, "0x4": 292, "0x5": 152, "0x6": 21, "0x7": 15}, "snapshots": null, "memory": null, "statevector": null, "unitary": null}}, {"shots": 4096, "success": true, "status": null, "seed": null, "meas_level": 2, "meas_return": null, "header": {"qubit_labels": [["q", 0], ["q", 1], ["q", 2], ["q", 3], ["q", 4]], "n_qubits": 5, "qreg_sizes": [["q", 5]], "clbit_labels": [["c", 0], ["c", 1], ["c", 2]], "memory_slots": 3, "creg_sizes": [["c", 3]], "name": "circuit-792511", "global_phase": 0.0, "metadata": {}}, "data": {"counts": {"0x0": 397, "0x1": 845, "0x2": 641, "0x3": 277, "0x4": 765, "0x5": 302, "0x6": 293, "0x7": 576}, "snapshots": null, "memory": null, "statevector": null, "unitary": null}}, {"shots": 4096, "success": true, "status": null, "seed": null, "meas_level": 2, "meas_return": null, "header": {"qubit_labels": [["q", 0], ["q", 1], ["q", 2], ["q", 3], ["q", 4]], "n_qubits": 5, "qreg_sizes": [["q", 5]], "clbit_labels": [["c", 0], ["c", 1], ["c", 2]], "memory_slots": 3, "creg_sizes": [["c", 3]], "name": "circuit-792512", "global_phase": 0.0, "metadata": {}}, "data": {"counts": {"0x0": 2910, "0x1": 265, "0x2": 302, "0x3": 43, "0x4": 344, "0x5": 162, "0x6": 43, "0x7": 27}, "snapshots": null, "memory": null, "statevector": null, "unitary": null}}, {"shots": 4096, "success": true, "status": null, "seed": null, "meas_level": 2, "meas_return": null, "header": {"qubit_labels": [["q", 0], ["q", 1], ["q", 2], ["q", 3], ["q", 4]], "n_qubits": 5, "qreg_sizes": [["q", 5]], "clbit_labels": [["c", 0], ["c", 1], ["c", 2]], "memory_slots": 3, "creg_sizes": [["c", 3]], "name": "circuit-793860", "global_phase": 0.0, "metadata": {}}, "data": {"counts": {"0x0": 394, "0x1": 667, "0x2": 697, "0x3": 309, "0x4": 675, "0x5": 347, "0x6": 356, "0x7": 651}, "snapshots": null, "memory": null, "statevector": null, "unitary": null}}, {"shots": 4096, "success": true, "status": null, "seed": null, "meas_level": 2, "meas_return": null, "header": {"qubit_labels": [["q", 0], ["q", 1], ["q", 2], ["q", 3], ["q", 4]], "n_qubits": 5, "qreg_sizes": [["q", 5]], "clbit_labels": [["c", 0], ["c", 1], ["c", 2]], "memory_slots": 3, "creg_sizes": [["c", 3]], "name": "circuit-793861", "global_phase": 0.0, "metadata": {}}, "data": {"counts": {"0x0": 2774, "0x1": 274, "0x2": 490, "0x3": 55, "0x4": 289, "0x5": 142, "0x6": 42, "0x7": 30}, "snapshots": null, "memory": null, "statevector": null, "unitary": null}}, {"shots": 4096, "success": true, "status": null, "seed": null, "meas_level": 2, "meas_return": null, "header": {"qubit_labels": [["q", 0], ["q", 1], ["q", 2], ["q", 3], ["q", 4]], "n_qubits": 5, "qreg_sizes": [["q", 5]], "clbit_labels": [["c", 0], ["c", 1], ["c", 2]], "memory_slots": 3, "creg_sizes": [["c", 3]], "name": "circuit-795352", "global_phase": 0.0, "metadata": {}}, "data": {"counts": {"0x0": 440, "0x1": 754, "0x2": 633, "0x3": 305, "0x4": 761, "0x5": 303, "0x6": 316, "0x7": 584}, "snapshots": null, "memory": null, "statevector": null, "unitary": null}}, {"shots": 4096, "success": true, "status": null, "seed": null, "meas_level": 2, "meas_return": null, "header": {"qubit_labels": [["q", 0], ["q", 1], ["q", 2], ["q", 3], ["q", 4]], "n_qubits": 5, "qreg_sizes": [["q", 5]], "clbit_labels": [["c", 0], ["c", 1], ["c", 2]], "memory_slots": 3, "creg_sizes": [["c", 3]], "name": "circuit-795353", "global_phase": 0.0, "metadata": {}}, "data": {"counts": {"0x0": 2709, "0x1": 339, "0x2": 404, "0x3": 48, "0x4": 338, "0x5": 180, "0x6": 48, "0x7": 30}, "snapshots": null, "memory": null, "statevector": null, "unitary": null}}, {"shots": 4096, "success": true, "status": null, "seed": null, "meas_level": 2, "meas_return": null, "header": {"qubit_labels": [["q", 0], ["q", 1], ["q", 2], ["q", 3], ["q", 4]], "n_qubits": 5, "qreg_sizes": [["q", 5]], "clbit_labels": [["c", 0], ["c", 1], ["c", 2]], "memory_slots": 3, "creg_sizes": [["c", 3]], "name": "circuit-796950", "global_phase": 0.0, "metadata": {}}, "data": {"counts": {"0x0": 461, "0x1": 731, "0x2": 602, "0x3": 363, "0x4": 587, "0x5": 406, "0x6": 385, "0x7": 561}, "snapshots": null, "memory": null, "statevector": null, "unitary": null}}, {"shots": 4096, "success": true, "status": null, "seed": null, "meas_level": 2, "meas_return": null, "header": {"qubit_labels": [["q", 0], ["q", 1], ["q", 2], ["q", 3], ["q", 4]], "n_qubits": 5, "qreg_sizes": [["q", 5]], "clbit_labels": [["c", 0], ["c", 1], ["c", 2]], "memory_slots": 3, "creg_sizes": [["c", 3]], "name": "circuit-796951", "global_phase": 0.0, "metadata": {}}, "data": {"counts": {"0x0": 2668, "0x1": 360, "0x2": 428, "0x3": 85, "0x4": 320, "0x5": 159, "0x6": 51, "0x7": 25}, "snapshots": null, "memory": null, "statevector": null, "unitary": null}}, {"shots": 4096, "success": true, "status": null, "seed": null, "meas_level": 2, "meas_return": null, "header": {"qubit_labels": [["q", 0], ["q", 1], ["q", 2], ["q", 3], ["q", 4]], "n_qubits": 5, "qreg_sizes": [["q", 5]], "clbit_labels": [["c", 0], ["c", 1], ["c", 2]], "memory_slots": 3, "creg_sizes": [["c", 3]], "name": "circuit-798682", "global_phase": 0.0, "metadata": {}}, "data": {"counts": {"0x0": 516, "0x1": 639, "0x2": 564, "0x3": 394, "0x4": 517, "0x5": 512, "0x6": 502, "0x7": 452}, "snapshots": null, "memory": null, "statevector": null, "unitary": null}}, {"shots": 4096, "success": true, "status": null, "seed": null, "meas_level": 2, "meas_return": null, "header": {"qubit_labels": [["q", 0], ["q", 1], ["q", 2], ["q", 3], ["q", 4]], "n_qubits": 5, "qreg_sizes": [["q", 5]], "clbit_labels": [["c", 0], ["c", 1], ["c", 2]], "memory_slots": 3, "creg_sizes": [["c", 3]], "name": "circuit-798683", "global_phase": 0.0, "metadata": {}}, "data": {"counts": {"0x0": 2367, "0x1": 380, "0x2": 455, "0x3": 72, "0x4": 478, "0x5": 210, "0x6": 97, "0x7": 37}, "snapshots": null, "memory": null, "statevector": null, "unitary": null}}, {"shots": 4096, "success": true, "status": null, "seed": null, "meas_level": 2, "meas_return": null, "header": {"qubit_labels": [["q", 0], ["q", 1], ["q", 2], ["q", 3], ["q", 4]], "n_qubits": 5, "qreg_sizes": [["q", 5]], "clbit_labels": [["c", 0], ["c", 1], ["c", 2]], "memory_slots": 3, "creg_sizes": [["c", 3]], "name": "circuit-800586", "global_phase": 0.0, "metadata": {}}, "data": {"counts": {"0x0": 535, "0x1": 509, "0x2": 528, "0x3": 475, "0x4": 586, "0x5": 541, "0x6": 570, "0x7": 352}, "snapshots": null, "memory": null, "statevector": null, "unitary": null}}, {"shots": 4096, "success": true, "status": null, "seed": null, "meas_level": 2, "meas_return": null, "header": {"qubit_labels": [["q", 0], ["q", 1], ["q", 2], ["q", 3], ["q", 4]], "n_qubits": 5, "qreg_sizes": [["q", 5]], "clbit_labels": [["c", 0], ["c", 1], ["c", 2]], "memory_slots": 3, "creg_sizes": [["c", 3]], "name": "circuit-800587", "global_phase": 0.0, "metadata": {}}, "data": {"counts": {"0x0": 2409, "0x1": 400, "0x2": 443, "0x3": 92, "0x4": 442, "0x5": 182, "0x6": 92, "0x7": 36}, "snapshots": null, "memory": null, "statevector": null, "unitary": null}}, {"shots": 4096, "success": true, "status": null, "seed": null, "meas_level": 2, "meas_return": null, "header": {"qubit_labels": [["q", 0], ["q", 1], ["q", 2], ["q", 3], ["q", 4]], "n_qubits": 5, "qreg_sizes": [["q", 5]], "clbit_labels": [["c", 0], ["c", 1], ["c", 2]], "memory_slots": 3, "creg_sizes": [["c", 3]], "name": "circuit-802635", "global_phase": 0.0, "metadata": {}}, "data": {"counts": {"0x0": 582, "0x1": 414, "0x2": 492, "0x3": 514, "0x4": 520, "0x5": 513, "0x6": 569, "0x7": 492}, "snapshots": null, "memory": null, "statevector": null, "unitary": null}}, {"shots": 4096, "success": true, "status": null, "seed": null, "meas_level": 2, "meas_return": null, "header": {"qubit_labels": [["q", 0], ["q", 1], ["q", 2], ["q", 3], ["q", 4]], "n_qubits": 5, "qreg_sizes": [["q", 5]], "clbit_labels": [["c", 0], ["c", 1], ["c", 2]], "memory_slots": 3, "creg_sizes": [["c", 3]], "name": "circuit-802636", "global_phase": 0.0, "metadata": {}}, "data": {"counts": {"0x0": 2213, "0x1": 458, "0x2": 429, "0x3": 87, "0x4": 476, "0x5": 255, "0x6": 108, "0x7": 70}, "snapshots": null, "memory": null, "statevector": null, "unitary": null}}, {"shots": 4096, "success": true, "status": null, "seed": null, "meas_level": 2, "meas_return": null, "header": {"qubit_labels": [["q", 0], ["q", 1], ["q", 2], ["q", 3], ["q", 4]], "n_qubits": 5, "qreg_sizes": [["q", 5]], "clbit_labels": [["c", 0], ["c", 1], ["c", 2]], "memory_slots": 3, "creg_sizes": [["c", 3]], "name": "circuit-804807", "global_phase": 0.0, "metadata": {}}, "data": {"counts": {"0x0": 688, "0x1": 512, "0x2": 413, "0x3": 587, "0x4": 470, "0x5": 455, "0x6": 519, "0x7": 452}, "snapshots": null, "memory": null, "statevector": null, "unitary": null}}, {"shots": 4096, "success": true, "status": null, "seed": null, "meas_level": 2, "meas_return": null, "header": {"qubit_labels": [["q", 0], ["q", 1], ["q", 2], ["q", 3], ["q", 4]], "n_qubits": 5, "qreg_sizes": [["q", 5]], "clbit_labels": [["c", 0], ["c", 1], ["c", 2]], "memory_slots": 3, "creg_sizes": [["c", 3]], "name": "circuit-804808", "global_phase": 0.0, "metadata": {}}, "data": {"counts": {"0x0": 2065, "0x1": 498, "0x2": 467, "0x3": 96, "0x4": 493, "0x5": 318, "0x6": 85, "0x7": 74}, "snapshots": null, "memory": null, "statevector": null, "unitary": null}}, {"shots": 4096, "success": true, "status": null, "seed": null, "meas_level": 2, "meas_return": null, "header": {"qubit_labels": [["q", 0], ["q", 1], ["q", 2], ["q", 3], ["q", 4]], "n_qubits": 5, "qreg_sizes": [["q", 5]], "clbit_labels": [["c", 0], ["c", 1], ["c", 2]], "memory_slots": 3, "creg_sizes": [["c", 3]], "name": "circuit-807155", "global_phase": 0.0, "metadata": {}}, "data": {"counts": {"0x0": 619, "0x1": 450, "0x2": 386, "0x3": 676, "0x4": 427, "0x5": 589, "0x6": 595, "0x7": 354}, "snapshots": null, "memory": null, "statevector": null, "unitary": null}}, {"shots": 4096, "success": true, "status": null, "seed": null, "meas_level": 2, "meas_return": null, "header": {"qubit_labels": [["q", 0], ["q", 1], ["q", 2], ["q", 3], ["q", 4]], "n_qubits": 5, "qreg_sizes": [["q", 5]], "clbit_labels": [["c", 0], ["c", 1], ["c", 2]], "memory_slots": 3, "creg_sizes": [["c", 3]], "name": "circuit-807156", "global_phase": 0.0, "metadata": {}}, "data": {"counts": {"0x0": 2131, "0x1": 497, "0x2": 507, "0x3": 122, "0x4": 426, "0x5": 264, "0x6": 91, "0x7": 58}, "snapshots": null, "memory": null, "statevector": null, "unitary": null}}, {"shots": 4096, "success": true, "status": null, "seed": null, "meas_level": 2, "meas_return": null, "header": {"qubit_labels": [["q", 0], ["q", 1], ["q", 2], ["q", 3], ["q", 4]], "n_qubits": 5, "qreg_sizes": [["q", 5]], "clbit_labels": [["c", 0], ["c", 1], ["c", 2]], "memory_slots": 3, "creg_sizes": [["c", 3]], "name": "circuit-809612", "global_phase": 0.0, "metadata": {}}, "data": {"counts": {"0x0": 576, "0x1": 436, "0x2": 417, "0x3": 612, "0x4": 469, "0x5": 674, "0x6": 554, "0x7": 358}, "snapshots": null, "memory": null, "statevector": null, "unitary": null}}, {"shots": 4096, "success": true, "status": null, "seed": null, "meas_level": 2, "meas_return": null, "header": {"qubit_labels": [["q", 0], ["q", 1], ["q", 2], ["q", 3], ["q", 4]], "n_qubits": 5, "qreg_sizes": [["q", 5]], "clbit_labels": [["c", 0], ["c", 1], ["c", 2]], "memory_slots": 3, "creg_sizes": [["c", 3]], "name": "circuit-809613", "global_phase": 0.0, "metadata": {}}, "data": {"counts": {"0x0": 2126, "0x1": 534, "0x2": 503, "0x3": 142, "0x4": 380, "0x5": 252, "0x6": 87, "0x7": 72}, "snapshots": null, "memory": null, "statevector": null, "unitary": null}}, {"shots": 4096, "success": true, "status": null, "seed": null, "meas_level": 2, "meas_return": null, "header": {"qubit_labels": [["q", 0], ["q", 1], ["q", 2], ["q", 3], ["q", 4]], "n_qubits": 5, "qreg_sizes": [["q", 5]], "clbit_labels": [["c", 0], ["c", 1], ["c", 2]], "memory_slots": 3, "creg_sizes": [["c", 3]], "name": "circuit-812278", "global_phase": 0.0, "metadata": {}}, "data": {"counts": {"0x0": 582, "0x1": 460, "0x2": 381, "0x3": 581, "0x4": 451, "0x5": 680, "0x6": 635, "0x7": 326}, "snapshots": null, "memory": null, "statevector": null, "unitary": null}}, {"shots": 4096, "success": true, "status": null, "seed": null, "meas_level": 2, "meas_return": null, "header": {"qubit_labels": [["q", 0], ["q", 1], ["q", 2], ["q", 3], ["q", 4]], "n_qubits": 5, "qreg_sizes": [["q", 5]], "clbit_labels": [["c", 0], ["c", 1], ["c", 2]], "memory_slots": 3, "creg_sizes": [["c", 3]], "name": "circuit-812279", "global_phase": 0.0, "metadata": {}}, "data": {"counts": {"0x0": 1931, "0x1": 579, "0x2": 527, "0x3": 147, "0x4": 437, "0x5": 254, "0x6": 138, "0x7": 83}, "snapshots": null, "memory": null, "statevector": null, "unitary": null}}, {"shots": 4096, "success": true, "status": null, "seed": null, "meas_level": 2, "meas_return": null, "header": {"qubit_labels": [["q", 0], ["q", 1], ["q", 2], ["q", 3], ["q", 4]], "n_qubits": 5, "qreg_sizes": [["q", 5]], "clbit_labels": [["c", 0], ["c", 1], ["c", 2]], "memory_slots": 3, "creg_sizes": [["c", 3]], "name": "circuit-815042", "global_phase": 0.0, "metadata": {}}, "data": {"counts": {"0x0": 575, "0x1": 432, "0x2": 385, "0x3": 611, "0x4": 467, "0x5": 640, "0x6": 618, "0x7": 368}, "snapshots": null, "memory": null, "statevector": null, "unitary": null}}, {"shots": 4096, "success": true, "status": null, "seed": null, "meas_level": 2, "meas_return": null, "header": {"qubit_labels": [["q", 0], ["q", 1], ["q", 2], ["q", 3], ["q", 4]], "n_qubits": 5, "qreg_sizes": [["q", 5]], "clbit_labels": [["c", 0], ["c", 1], ["c", 2]], "memory_slots": 3, "creg_sizes": [["c", 3]], "name": "circuit-815043", "global_phase": 0.0, "metadata": {}}, "data": {"counts": {"0x0": 1956, "0x1": 532, "0x2": 488, "0x3": 142, "0x4": 472, "0x5": 287, "0x6": 142, "0x7": 77}, "snapshots": null, "memory": null, "statevector": null, "unitary": null}}, {"shots": 4096, "success": true, "status": null, "seed": null, "meas_level": 2, "meas_return": null, "header": {"qubit_labels": [["q", 0], ["q", 1], ["q", 2], ["q", 3], ["q", 4]], "n_qubits": 5, "qreg_sizes": [["q", 5]], "clbit_labels": [["c", 0], ["c", 1], ["c", 2]], "memory_slots": 3, "creg_sizes": [["c", 3]], "name": "circuit-817997", "global_phase": 0.0, "metadata": {}}, "data": {"counts": {"0x0": 489, "0x1": 449, "0x2": 409, "0x3": 545, "0x4": 545, "0x5": 653, "0x6": 632, "0x7": 374}, "snapshots": null, "memory": null, "statevector": null, "unitary": null}}, {"shots": 4096, "success": true, "status": null, "seed": null, "meas_level": 2, "meas_return": null, "header": {"qubit_labels": [["q", 0], ["q", 1], ["q", 2], ["q", 3], ["q", 4]], "n_qubits": 5, "qreg_sizes": [["q", 5]], "clbit_labels": [["c", 0], ["c", 1], ["c", 2]], "memory_slots": 3, "creg_sizes": [["c", 3]], "name": "circuit-817998", "global_phase": 0.0, "metadata": {}}, "data": {"counts": {"0x0": 1765, "0x1": 650, "0x2": 523, "0x3": 168, "0x4": 441, "0x5": 312, "0x6": 147, "0x7": 90}, "snapshots": null, "memory": null, "statevector": null, "unitary": null}}, {"shots": 4096, "success": true, "status": null, "seed": null, "meas_level": 2, "meas_return": null, "header": {"qubit_labels": [["q", 0], ["q", 1], ["q", 2], ["q", 3], ["q", 4]], "n_qubits": 5, "qreg_sizes": [["q", 5]], "clbit_labels": [["c", 0], ["c", 1], ["c", 2]], "memory_slots": 3, "creg_sizes": [["c", 3]], "name": "circuit-821034", "global_phase": 0.0, "metadata": {}}, "data": {"counts": {"0x0": 1013, "0x1": 226, "0x2": 191, "0x3": 780, "0x4": 250, "0x5": 842, "0x6": 693, "0x7": 101}, "snapshots": null, "memory": null, "statevector": null, "unitary": null}}, {"shots": 4096, "success": true, "status": null, "seed": null, "meas_level": 2, "meas_return": null, "header": {"qubit_labels": [["q", 0], ["q", 1], ["q", 2], ["q", 3], ["q", 4]], "n_qubits": 5, "qreg_sizes": [["q", 5]], "clbit_labels": [["c", 0], ["c", 1], ["c", 2]], "memory_slots": 3, "creg_sizes": [["c", 3]], "name": "circuit-821035", "global_phase": 0.0, "metadata": {}}, "data": {"counts": {"0x0": 3674, "0x1": 94, "0x2": 93, "0x3": 4, "0x4": 148, "0x5": 79, "0x6": 4}, "snapshots": null, "memory": null, "statevector": null, "unitary": null}}, {"shots": 4096, "success": true, "status": null, "seed": null, "meas_level": 2, "meas_return": null, "header": {"qubit_labels": [["q", 0], ["q", 1], ["q", 2], ["q", 3], ["q", 4]], "n_qubits": 5, "qreg_sizes": [["q", 5]], "clbit_labels": [["c", 0], ["c", 1], ["c", 2]], "memory_slots": 3, "creg_sizes": [["c", 3]], "name": "circuit-821378", "global_phase": 0.0, "metadata": {}}, "data": {"counts": {"0x0": 661, "0x1": 327, "0x2": 276, "0x3": 585, "0x4": 415, "0x5": 779, "0x6": 833, "0x7": 220}, "snapshots": null, "memory": null, "statevector": null, "unitary": null}}, {"shots": 4096, "success": true, "status": null, "seed": null, "meas_level": 2, "meas_return": null, "header": {"qubit_labels": [["q", 0], ["q", 1], ["q", 2], ["q", 3], ["q", 4]], "n_qubits": 5, "qreg_sizes": [["q", 5]], "clbit_labels": [["c", 0], ["c", 1], ["c", 2]], "memory_slots": 3, "creg_sizes": [["c", 3]], "name": "circuit-821379", "global_phase": 0.0, "metadata": {}}, "data": {"counts": {"0x0": 3511, "0x1": 145, "0x2": 128, "0x3": 3, "0x4": 193, "0x5": 104, "0x6": 7, "0x7": 5}, "snapshots": null, "memory": null, "statevector": null, "unitary": null}}, {"shots": 4096, "success": true, "status": null, "seed": null, "meas_level": 2, "meas_return": null, "header": {"qubit_labels": [["q", 0], ["q", 1], ["q", 2], ["q", 3], ["q", 4]], "n_qubits": 5, "qreg_sizes": [["q", 5]], "clbit_labels": [["c", 0], ["c", 1], ["c", 2]], "memory_slots": 3, "creg_sizes": [["c", 3]], "name": "circuit-821859", "global_phase": 0.0, "metadata": {}}, "data": {"counts": {"0x0": 747, "0x1": 374, "0x2": 363, "0x3": 628, "0x4": 431, "0x5": 680, "0x6": 638, "0x7": 235}, "snapshots": null, "memory": null, "statevector": null, "unitary": null}}, {"shots": 4096, "success": true, "status": null, "seed": null, "meas_level": 2, "meas_return": null, "header": {"qubit_labels": [["q", 0], ["q", 1], ["q", 2], ["q", 3], ["q", 4]], "n_qubits": 5, "qreg_sizes": [["q", 5]], "clbit_labels": [["c", 0], ["c", 1], ["c", 2]], "memory_slots": 3, "creg_sizes": [["c", 3]], "name": "circuit-821860", "global_phase": 0.0, "metadata": {}}, "data": {"counts": {"0x0": 3392, "0x1": 198, "0x2": 192, "0x3": 7, "0x4": 233, "0x5": 55, "0x6": 14, "0x7": 5}, "snapshots": null, "memory": null, "statevector": null, "unitary": null}}, {"shots": 4096, "success": true, "status": null, "seed": null, "meas_level": 2, "meas_return": null, "header": {"qubit_labels": [["q", 0], ["q", 1], ["q", 2], ["q", 3], ["q", 4]], "n_qubits": 5, "qreg_sizes": [["q", 5]], "clbit_labels": [["c", 0], ["c", 1], ["c", 2]], "memory_slots": 3, "creg_sizes": [["c", 3]], "name": "circuit-822484", "global_phase": 0.0, "metadata": {}}, "data": {"counts": {"0x0": 528, "0x1": 432, "0x2": 388, "0x3": 557, "0x4": 557, "0x5": 638, "0x6": 602, "0x7": 394}, "snapshots": null, "memory": null, "statevector": null, "unitary": null}}, {"shots": 4096, "success": true, "status": null, "seed": null, "meas_level": 2, "meas_return": null, "header": {"qubit_labels": [["q", 0], ["q", 1], ["q", 2], ["q", 3], ["q", 4]], "n_qubits": 5, "qreg_sizes": [["q", 5]], "clbit_labels": [["c", 0], ["c", 1], ["c", 2]], "memory_slots": 3, "creg_sizes": [["c", 3]], "name": "circuit-822485", "global_phase": 0.0, "metadata": {}}, "data": {"counts": {"0x0": 3325, "0x1": 149, "0x2": 220, "0x3": 8, "0x4": 237, "0x5": 125, "0x6": 22, "0x7": 10}, "snapshots": null, "memory": null, "statevector": null, "unitary": null}}, {"shots": 4096, "success": true, "status": null, "seed": null, "meas_level": 2, "meas_return": null, "header": {"qubit_labels": [["q", 0], ["q", 1], ["q", 2], ["q", 3], ["q", 4]], "n_qubits": 5, "qreg_sizes": [["q", 5]], "clbit_labels": [["c", 0], ["c", 1], ["c", 2]], "memory_slots": 3, "creg_sizes": [["c", 3]], "name": "circuit-823244", "global_phase": 0.0, "metadata": {}}, "data": {"counts": {"0x0": 517, "0x1": 563, "0x2": 613, "0x3": 411, "0x4": 596, "0x5": 526, "0x6": 409, "0x7": 461}, "snapshots": null, "memory": null, "statevector": null, "unitary": null}}, {"shots": 4096, "success": true, "status": null, "seed": null, "meas_level": 2, "meas_return": null, "header": {"qubit_labels": [["q", 0], ["q", 1], ["q", 2], ["q", 3], ["q", 4]], "n_qubits": 5, "qreg_sizes": [["q", 5]], "clbit_labels": [["c", 0], ["c", 1], ["c", 2]], "memory_slots": 3, "creg_sizes": [["c", 3]], "name": "circuit-823245", "global_phase": 0.0, "metadata": {}}, "data": {"counts": {"0x0": 3202, "0x1": 208, "0x2": 272, "0x3": 19, "0x4": 289, "0x5": 72, "0x6": 24, "0x7": 10}, "snapshots": null, "memory": null, "statevector": null, "unitary": null}}, {"shots": 4096, "success": true, "status": null, "seed": null, "meas_level": 2, "meas_return": null, "header": {"qubit_labels": [["q", 0], ["q", 1], ["q", 2], ["q", 3], ["q", 4]], "n_qubits": 5, "qreg_sizes": [["q", 5]], "clbit_labels": [["c", 0], ["c", 1], ["c", 2]], "memory_slots": 3, "creg_sizes": [["c", 3]], "name": "circuit-824161", "global_phase": 0.0, "metadata": {}}, "data": {"counts": {"0x0": 607, "0x1": 639, "0x2": 509, "0x3": 446, "0x4": 630, "0x5": 410, "0x6": 409, "0x7": 446}, "snapshots": null, "memory": null, "statevector": null, "unitary": null}}, {"shots": 4096, "success": true, "status": null, "seed": null, "meas_level": 2, "meas_return": null, "header": {"qubit_labels": [["q", 0], ["q", 1], ["q", 2], ["q", 3], ["q", 4]], "n_qubits": 5, "qreg_sizes": [["q", 5]], "clbit_labels": [["c", 0], ["c", 1], ["c", 2]], "memory_slots": 3, "creg_sizes": [["c", 3]], "name": "circuit-824162", "global_phase": 0.0, "metadata": {}}, "data": {"counts": {"0x0": 3036, "0x1": 308, "0x2": 295, "0x3": 25, "0x4": 266, "0x5": 118, "0x6": 31, "0x7": 17}, "snapshots": null, "memory": null, "statevector": null, "unitary": null}}, {"shots": 4096, "success": true, "status": null, "seed": null, "meas_level": 2, "meas_return": null, "header": {"qubit_labels": [["q", 0], ["q", 1], ["q", 2], ["q", 3], ["q", 4]], "n_qubits": 5, "qreg_sizes": [["q", 5]], "clbit_labels": [["c", 0], ["c", 1], ["c", 2]], "memory_slots": 3, "creg_sizes": [["c", 3]], "name": "circuit-825194", "global_phase": 0.0, "metadata": {}}, "data": {"counts": {"0x0": 569, "0x1": 701, "0x2": 544, "0x3": 421, "0x4": 641, "0x5": 293, "0x6": 284, "0x7": 643}, "snapshots": null, "memory": null, "statevector": null, "unitary": null}}, {"shots": 4096, "success": true, "status": null, "seed": null, "meas_level": 2, "meas_return": null, "header": {"qubit_labels": [["q", 0], ["q", 1], ["q", 2], ["q", 3], ["q", 4]], "n_qubits": 5, "qreg_sizes": [["q", 5]], "clbit_labels": [["c", 0], ["c", 1], ["c", 2]], "memory_slots": 3, "creg_sizes": [["c", 3]], "name": "circuit-825195", "global_phase": 0.0, "metadata": {}}, "data": {"counts": {"0x0": 2941, "0x1": 255, "0x2": 311, "0x3": 34, "0x4": 373, "0x5": 116, "0x6": 52, "0x7": 14}, "snapshots": null, "memory": null, "statevector": null, "unitary": null}}, {"shots": 4096, "success": true, "status": null, "seed": null, "meas_level": 2, "meas_return": null, "header": {"qubit_labels": [["q", 0], ["q", 1], ["q", 2], ["q", 3], ["q", 4]], "n_qubits": 5, "qreg_sizes": [["q", 5]], "clbit_labels": [["c", 0], ["c", 1], ["c", 2]], "memory_slots": 3, "creg_sizes": [["c", 3]], "name": "circuit-826369", "global_phase": 0.0, "metadata": {}}, "data": {"counts": {"0x0": 379, "0x1": 602, "0x2": 629, "0x3": 278, "0x4": 948, "0x5": 295, "0x6": 288, "0x7": 677}, "snapshots": null, "memory": null, "statevector": null, "unitary": null}}, {"shots": 4096, "success": true, "status": null, "seed": null, "meas_level": 2, "meas_return": null, "header": {"qubit_labels": [["q", 0], ["q", 1], ["q", 2], ["q", 3], ["q", 4]], "n_qubits": 5, "qreg_sizes": [["q", 5]], "clbit_labels": [["c", 0], ["c", 1], ["c", 2]], "memory_slots": 3, "creg_sizes": [["c", 3]], "name": "circuit-826370", "global_phase": 0.0, "metadata": {}}, "data": {"counts": {"0x0": 2780, "0x1": 324, "0x2": 303, "0x3": 46, "0x4": 387, "0x5": 166, "0x6": 60, "0x7": 30}, "snapshots": null, "memory": null, "statevector": null, "unitary": null}}, {"shots": 4096, "success": true, "status": null, "seed": null, "meas_level": 2, "meas_return": null, "header": {"qubit_labels": [["q", 0], ["q", 1], ["q", 2], ["q", 3], ["q", 4]], "n_qubits": 5, "qreg_sizes": [["q", 5]], "clbit_labels": [["c", 0], ["c", 1], ["c", 2]], "memory_slots": 3, "creg_sizes": [["c", 3]], "name": "circuit-827721", "global_phase": 0.0, "metadata": {}}, "data": {"counts": {"0x0": 379, "0x1": 714, "0x2": 650, "0x3": 290, "0x4": 651, "0x5": 363, "0x6": 334, "0x7": 715}, "snapshots": null, "memory": null, "statevector": null, "unitary": null}}, {"shots": 4096, "success": true, "status": null, "seed": null, "meas_level": 2, "meas_return": null, "header": {"qubit_labels": [["q", 0], ["q", 1], ["q", 2], ["q", 3], ["q", 4]], "n_qubits": 5, "qreg_sizes": [["q", 5]], "clbit_labels": [["c", 0], ["c", 1], ["c", 2]], "memory_slots": 3, "creg_sizes": [["c", 3]], "name": "circuit-827722", "global_phase": 0.0, "metadata": {}}, "data": {"counts": {"0x0": 2744, "0x1": 351, "0x2": 375, "0x3": 41, "0x4": 356, "0x5": 153, "0x6": 54, "0x7": 22}, "snapshots": null, "memory": null, "statevector": null, "unitary": null}}, {"shots": 4096, "success": true, "status": null, "seed": null, "meas_level": 2, "meas_return": null, "header": {"qubit_labels": [["q", 0], ["q", 1], ["q", 2], ["q", 3], ["q", 4]], "n_qubits": 5, "qreg_sizes": [["q", 5]], "clbit_labels": [["c", 0], ["c", 1], ["c", 2]], "memory_slots": 3, "creg_sizes": [["c", 3]], "name": "circuit-829246", "global_phase": 0.0, "metadata": {}}, "data": {"counts": {"0x0": 433, "0x1": 732, "0x2": 723, "0x3": 246, "0x4": 776, "0x5": 319, "0x6": 310, "0x7": 557}, "snapshots": null, "memory": null, "statevector": null, "unitary": null}}, {"shots": 4096, "success": true, "status": null, "seed": null, "meas_level": 2, "meas_return": null, "header": {"qubit_labels": [["q", 0], ["q", 1], ["q", 2], ["q", 3], ["q", 4]], "n_qubits": 5, "qreg_sizes": [["q", 5]], "clbit_labels": [["c", 0], ["c", 1], ["c", 2]], "memory_slots": 3, "creg_sizes": [["c", 3]], "name": "circuit-829247", "global_phase": 0.0, "metadata": {}}, "data": {"counts": {"0x0": 2639, "0x1": 373, "0x2": 404, "0x3": 67, "0x4": 329, "0x5": 187, "0x6": 71, "0x7": 26}, "snapshots": null, "memory": null, "statevector": null, "unitary": null}}, {"shots": 4096, "success": true, "status": null, "seed": null, "meas_level": 2, "meas_return": null, "header": {"qubit_labels": [["q", 0], ["q", 1], ["q", 2], ["q", 3], ["q", 4]], "n_qubits": 5, "qreg_sizes": [["q", 5]], "clbit_labels": [["c", 0], ["c", 1], ["c", 2]], "memory_slots": 3, "creg_sizes": [["c", 3]], "name": "circuit-830860", "global_phase": 0.0, "metadata": {}}, "data": {"counts": {"0x0": 460, "0x1": 572, "0x2": 507, "0x3": 368, "0x4": 725, "0x5": 493, "0x6": 460, "0x7": 511}, "snapshots": null, "memory": null, "statevector": null, "unitary": null}}, {"shots": 4096, "success": true, "status": null, "seed": null, "meas_level": 2, "meas_return": null, "header": {"qubit_labels": [["q", 0], ["q", 1], ["q", 2], ["q", 3], ["q", 4]], "n_qubits": 5, "qreg_sizes": [["q", 5]], "clbit_labels": [["c", 0], ["c", 1], ["c", 2]], "memory_slots": 3, "creg_sizes": [["c", 3]], "name": "circuit-830861", "global_phase": 0.0, "metadata": {}}, "data": {"counts": {"0x0": 2536, "0x1": 376, "0x2": 493, "0x3": 76, "0x4": 320, "0x5": 181, "0x6": 77, "0x7": 37}, "snapshots": null, "memory": null, "statevector": null, "unitary": null}}, {"shots": 4096, "success": true, "status": null, "seed": null, "meas_level": 2, "meas_return": null, "header": {"qubit_labels": [["q", 0], ["q", 1], ["q", 2], ["q", 3], ["q", 4]], "n_qubits": 5, "qreg_sizes": [["q", 5]], "clbit_labels": [["c", 0], ["c", 1], ["c", 2]], "memory_slots": 3, "creg_sizes": [["c", 3]], "name": "circuit-832615", "global_phase": 0.0, "metadata": {}}, "data": {"counts": {"0x0": 461, "0x1": 485, "0x2": 594, "0x3": 391, "0x4": 738, "0x5": 445, "0x6": 428, "0x7": 554}, "snapshots": null, "memory": null, "statevector": null, "unitary": null}}, {"shots": 4096, "success": true, "status": null, "seed": null, "meas_level": 2, "meas_return": null, "header": {"qubit_labels": [["q", 0], ["q", 1], ["q", 2], ["q", 3], ["q", 4]], "n_qubits": 5, "qreg_sizes": [["q", 5]], "clbit_labels": [["c", 0], ["c", 1], ["c", 2]], "memory_slots": 3, "creg_sizes": [["c", 3]], "name": "circuit-832616", "global_phase": 0.0, "metadata": {}}, "data": {"counts": {"0x0": 2355, "0x1": 427, "0x2": 432, "0x3": 72, "0x4": 463, "0x5": 235, "0x6": 70, "0x7": 42}, "snapshots": null, "memory": null, "statevector": null, "unitary": null}}, {"shots": 4096, "success": true, "status": null, "seed": null, "meas_level": 2, "meas_return": null, "header": {"qubit_labels": [["q", 0], ["q", 1], ["q", 2], ["q", 3], ["q", 4]], "n_qubits": 5, "qreg_sizes": [["q", 5]], "clbit_labels": [["c", 0], ["c", 1], ["c", 2]], "memory_slots": 3, "creg_sizes": [["c", 3]], "name": "circuit-834508", "global_phase": 0.0, "metadata": {}}, "data": {"counts": {"0x0": 577, "0x1": 612, "0x2": 529, "0x3": 514, "0x4": 654, "0x5": 372, "0x6": 383, "0x7": 455}, "snapshots": null, "memory": null, "statevector": null, "unitary": null}}, {"shots": 4096, "success": true, "status": null, "seed": null, "meas_level": 2, "meas_return": null, "header": {"qubit_labels": [["q", 0], ["q", 1], ["q", 2], ["q", 3], ["q", 4]], "n_qubits": 5, "qreg_sizes": [["q", 5]], "clbit_labels": [["c", 0], ["c", 1], ["c", 2]], "memory_slots": 3, "creg_sizes": [["c", 3]], "name": "circuit-834509", "global_phase": 0.0, "metadata": {}}, "data": {"counts": {"0x0": 2177, "0x1": 438, "0x2": 457, "0x3": 100, "0x4": 410, "0x5": 358, "0x6": 93, "0x7": 63}, "snapshots": null, "memory": null, "statevector": null, "unitary": null}}, {"shots": 4096, "success": true, "status": null, "seed": null, "meas_level": 2, "meas_return": null, "header": {"qubit_labels": [["q", 0], ["q", 1], ["q", 2], ["q", 3], ["q", 4]], "n_qubits": 5, "qreg_sizes": [["q", 5]], "clbit_labels": [["c", 0], ["c", 1], ["c", 2]], "memory_slots": 3, "creg_sizes": [["c", 3]], "name": "circuit-836559", "global_phase": 0.0, "metadata": {}}, "data": {"counts": {"0x0": 563, "0x1": 447, "0x2": 349, "0x3": 611, "0x4": 530, "0x5": 544, "0x6": 583, "0x7": 469}, "snapshots": null, "memory": null, "statevector": null, "unitary": null}}, {"shots": 4096, "success": true, "status": null, "seed": null, "meas_level": 2, "meas_return": null, "header": {"qubit_labels": [["q", 0], ["q", 1], ["q", 2], ["q", 3], ["q", 4]], "n_qubits": 5, "qreg_sizes": [["q", 5]], "clbit_labels": [["c", 0], ["c", 1], ["c", 2]], "memory_slots": 3, "creg_sizes": [["c", 3]], "name": "circuit-836560", "global_phase": 0.0, "metadata": {}}, "data": {"counts": {"0x0": 2087, "0x1": 462, "0x2": 513, "0x3": 105, "0x4": 433, "0x5": 306, "0x6": 120, "0x7": 70}, "snapshots": null, "memory": null, "statevector": null, "unitary": null}}, {"shots": 4096, "success": true, "status": null, "seed": null, "meas_level": 2, "meas_return": null, "header": {"qubit_labels": [["q", 0], ["q", 1], ["q", 2], ["q", 3], ["q", 4]], "n_qubits": 5, "qreg_sizes": [["q", 5]], "clbit_labels": [["c", 0], ["c", 1], ["c", 2]], "memory_slots": 3, "creg_sizes": [["c", 3]], "name": "circuit-838801", "global_phase": 0.0, "metadata": {}}, "data": {"counts": {"0x0": 599, "0x1": 554, "0x2": 350, "0x3": 588, "0x4": 461, "0x5": 545, "0x6": 572, "0x7": 427}, "snapshots": null, "memory": null, "statevector": null, "unitary": null}}, {"shots": 4096, "success": true, "status": null, "seed": null, "meas_level": 2, "meas_return": null, "header": {"qubit_labels": [["q", 0], ["q", 1], ["q", 2], ["q", 3], ["q", 4]], "n_qubits": 5, "qreg_sizes": [["q", 5]], "clbit_labels": [["c", 0], ["c", 1], ["c", 2]], "memory_slots": 3, "creg_sizes": [["c", 3]], "name": "circuit-838802", "global_phase": 0.0, "metadata": {}}, "data": {"counts": {"0x0": 2173, "0x1": 548, "0x2": 549, "0x3": 102, "0x4": 347, "0x5": 238, "0x6": 93, "0x7": 46}, "snapshots": null, "memory": null, "statevector": null, "unitary": null}}, {"shots": 4096, "success": true, "status": null, "seed": null, "meas_level": 2, "meas_return": null, "header": {"qubit_labels": [["q", 0], ["q", 1], ["q", 2], ["q", 3], ["q", 4]], "n_qubits": 5, "qreg_sizes": [["q", 5]], "clbit_labels": [["c", 0], ["c", 1], ["c", 2]], "memory_slots": 3, "creg_sizes": [["c", 3]], "name": "circuit-841158", "global_phase": 0.0, "metadata": {}}, "data": {"counts": {"0x0": 748, "0x1": 383, "0x2": 417, "0x3": 679, "0x4": 439, "0x5": 521, "0x6": 567, "0x7": 342}, "snapshots": null, "memory": null, "statevector": null, "unitary": null}}, {"shots": 4096, "success": true, "status": null, "seed": null, "meas_level": 2, "meas_return": null, "header": {"qubit_labels": [["q", 0], ["q", 1], ["q", 2], ["q", 3], ["q", 4]], "n_qubits": 5, "qreg_sizes": [["q", 5]], "clbit_labels": [["c", 0], ["c", 1], ["c", 2]], "memory_slots": 3, "creg_sizes": [["c", 3]], "name": "circuit-841159", "global_phase": 0.0, "metadata": {}}, "data": {"counts": {"0x0": 2219, "0x1": 463, "0x2": 500, "0x3": 118, "0x4": 366, "0x5": 269, "0x6": 102, "0x7": 59}, "snapshots": null, "memory": null, "statevector": null, "unitary": null}}, {"shots": 4096, "success": true, "status": null, "seed": null, "meas_level": 2, "meas_return": null, "header": {"qubit_labels": [["q", 0], ["q", 1], ["q", 2], ["q", 3], ["q", 4]], "n_qubits": 5, "qreg_sizes": [["q", 5]], "clbit_labels": [["c", 0], ["c", 1], ["c", 2]], "memory_slots": 3, "creg_sizes": [["c", 3]], "name": "circuit-843591", "global_phase": 0.0, "metadata": {}}, "data": {"counts": {"0x0": 642, "0x1": 422, "0x2": 357, "0x3": 617, "0x4": 415, "0x5": 635, "0x6": 644, "0x7": 364}, "snapshots": null, "memory": null, "statevector": null, "unitary": null}}, {"shots": 4096, "success": true, "status": null, "seed": null, "meas_level": 2, "meas_return": null, "header": {"qubit_labels": [["q", 0], ["q", 1], ["q", 2], ["q", 3], ["q", 4]], "n_qubits": 5, "qreg_sizes": [["q", 5]], "clbit_labels": [["c", 0], ["c", 1], ["c", 2]], "memory_slots": 3, "creg_sizes": [["c", 3]], "name": "circuit-843592", "global_phase": 0.0, "metadata": {}}, "data": {"counts": {"0x0": 2142, "0x1": 478, "0x2": 484, "0x3": 104, "0x4": 414, "0x5": 314, "0x6": 99, "0x7": 61}, "snapshots": null, "memory": null, "statevector": null, "unitary": null}}, {"shots": 4096, "success": true, "status": null, "seed": null, "meas_level": 2, "meas_return": null, "header": {"qubit_labels": [["q", 0], ["q", 1], ["q", 2], ["q", 3], ["q", 4]], "n_qubits": 5, "qreg_sizes": [["q", 5]], "clbit_labels": [["c", 0], ["c", 1], ["c", 2]], "memory_slots": 3, "creg_sizes": [["c", 3]], "name": "circuit-846140", "global_phase": 0.0, "metadata": {}}, "data": {"counts": {"0x0": 500, "0x1": 439, "0x2": 361, "0x3": 511, "0x4": 486, "0x5": 699, "0x6": 681, "0x7": 419}, "snapshots": null, "memory": null, "statevector": null, "unitary": null}}, {"shots": 4096, "success": true, "status": null, "seed": null, "meas_level": 2, "meas_return": null, "header": {"qubit_labels": [["q", 0], ["q", 1], ["q", 2], ["q", 3], ["q", 4]], "n_qubits": 5, "qreg_sizes": [["q", 5]], "clbit_labels": [["c", 0], ["c", 1], ["c", 2]], "memory_slots": 3, "creg_sizes": [["c", 3]], "name": "circuit-846141", "global_phase": 0.0, "metadata": {}}, "data": {"counts": {"0x0": 1936, "0x1": 593, "0x2": 491, "0x3": 158, "0x4": 487, "0x5": 250, "0x6": 116, "0x7": 65}, "snapshots": null, "memory": null, "statevector": null, "unitary": null}}, {"shots": 4096, "success": true, "status": null, "seed": null, "meas_level": 2, "meas_return": null, "header": {"qubit_labels": [["q", 0], ["q", 1], ["q", 2], ["q", 3], ["q", 4]], "n_qubits": 5, "qreg_sizes": [["q", 5]], "clbit_labels": [["c", 0], ["c", 1], ["c", 2]], "memory_slots": 3, "creg_sizes": [["c", 3]], "name": "circuit-848910", "global_phase": 0.0, "metadata": {}}, "data": {"counts": {"0x0": 500, "0x1": 458, "0x2": 421, "0x3": 435, "0x4": 515, "0x5": 643, "0x6": 754, "0x7": 370}, "snapshots": null, "memory": null, "statevector": null, "unitary": null}}, {"shots": 4096, "success": true, "status": null, "seed": null, "meas_level": 2, "meas_return": null, "header": {"qubit_labels": [["q", 0], ["q", 1], ["q", 2], ["q", 3], ["q", 4]], "n_qubits": 5, "qreg_sizes": [["q", 5]], "clbit_labels": [["c", 0], ["c", 1], ["c", 2]], "memory_slots": 3, "creg_sizes": [["c", 3]], "name": "circuit-848911", "global_phase": 0.0, "metadata": {}}, "data": {"counts": {"0x0": 1983, "0x1": 548, "0x2": 596, "0x3": 138, "0x4": 398, "0x5": 268, "0x6": 108, "0x7": 57}, "snapshots": null, "memory": null, "statevector": null, "unitary": null}}, {"shots": 4096, "success": true, "status": null, "seed": null, "meas_level": 2, "meas_return": null, "header": {"qubit_labels": [["q", 0], ["q", 1], ["q", 2], ["q", 3], ["q", 4]], "n_qubits": 5, "qreg_sizes": [["q", 5]], "clbit_labels": [["c", 0], ["c", 1], ["c", 2]], "memory_slots": 3, "creg_sizes": [["c", 3]], "name": "circuit-851816", "global_phase": 0.0, "metadata": {}}, "data": {"counts": {"0x0": 747, "0x1": 445, "0x2": 393, "0x3": 504, "0x4": 563, "0x5": 562, "0x6": 475, "0x7": 407}, "snapshots": null, "memory": null, "statevector": null, "unitary": null}}, {"shots": 4096, "success": true, "status": null, "seed": null, "meas_level": 2, "meas_return": null, "header": {"qubit_labels": [["q", 0], ["q", 1], ["q", 2], ["q", 3], ["q", 4]], "n_qubits": 5, "qreg_sizes": [["q", 5]], "clbit_labels": [["c", 0], ["c", 1], ["c", 2]], "memory_slots": 3, "creg_sizes": [["c", 3]], "name": "circuit-851817", "global_phase": 0.0, "metadata": {}}, "data": {"counts": {"0x0": 1767, "0x1": 504, "0x2": 544, "0x3": 132, "0x4": 541, "0x5": 367, "0x6": 150, "0x7": 91}, "snapshots": null, "memory": null, "statevector": null, "unitary": null}}, {"shots": 4096, "success": true, "status": null, "seed": null, "meas_level": 2, "meas_return": null, "header": {"qubit_labels": [["q", 0], ["q", 1], ["q", 2], ["q", 3], ["q", 4]], "n_qubits": 5, "qreg_sizes": [["q", 5]], "clbit_labels": [["c", 0], ["c", 1], ["c", 2]], "memory_slots": 3, "creg_sizes": [["c", 3]], "name": "circuit-854870", "global_phase": 0.0, "metadata": {}}, "data": {"counts": {"0x0": 994, "0x1": 239, "0x2": 172, "0x3": 864, "0x4": 205, "0x5": 825, "0x6": 709, "0x7": 88}, "snapshots": null, "memory": null, "statevector": null, "unitary": null}}, {"shots": 4096, "success": true, "status": null, "seed": null, "meas_level": 2, "meas_return": null, "header": {"qubit_labels": [["q", 0], ["q", 1], ["q", 2], ["q", 3], ["q", 4]], "n_qubits": 5, "qreg_sizes": [["q", 5]], "clbit_labels": [["c", 0], ["c", 1], ["c", 2]], "memory_slots": 3, "creg_sizes": [["c", 3]], "name": "circuit-854871", "global_phase": 0.0, "metadata": {}}, "data": {"counts": {"0x0": 3626, "0x1": 116, "0x2": 105, "0x3": 4, "0x4": 223, "0x5": 21, "0x6": 1}, "snapshots": null, "memory": null, "statevector": null, "unitary": null}}, {"shots": 4096, "success": true, "status": null, "seed": null, "meas_level": 2, "meas_return": null, "header": {"qubit_labels": [["q", 0], ["q", 1], ["q", 2], ["q", 3], ["q", 4]], "n_qubits": 5, "qreg_sizes": [["q", 5]], "clbit_labels": [["c", 0], ["c", 1], ["c", 2]], "memory_slots": 3, "creg_sizes": [["c", 3]], "name": "circuit-855220", "global_phase": 0.0, "metadata": {}}, "data": {"counts": {"0x0": 779, "0x1": 368, "0x2": 253, "0x3": 675, "0x4": 313, "0x5": 805, "0x6": 758, "0x7": 145}, "snapshots": null, "memory": null, "statevector": null, "unitary": null}}, {"shots": 4096, "success": true, "status": null, "seed": null, "meas_level": 2, "meas_return": null, "header": {"qubit_labels": [["q", 0], ["q", 1], ["q", 2], ["q", 3], ["q", 4]], "n_qubits": 5, "qreg_sizes": [["q", 5]], "clbit_labels": [["c", 0], ["c", 1], ["c", 2]], "memory_slots": 3, "creg_sizes": [["c", 3]], "name": "circuit-855221", "global_phase": 0.0, "metadata": {}}, "data": {"counts": {"0x0": 3488, "0x1": 145, "0x2": 155, "0x3": 10, "0x4": 225, "0x5": 58, "0x6": 12, "0x7": 3}, "snapshots": null, "memory": null, "statevector": null, "unitary": null}}, {"shots": 4096, "success": true, "status": null, "seed": null, "meas_level": 2, "meas_return": null, "header": {"qubit_labels": [["q", 0], ["q", 1], ["q", 2], ["q", 3], ["q", 4]], "n_qubits": 5, "qreg_sizes": [["q", 5]], "clbit_labels": [["c", 0], ["c", 1], ["c", 2]], "memory_slots": 3, "creg_sizes": [["c", 3]], "name": "circuit-855726", "global_phase": 0.0, "metadata": {}}, "data": {"counts": {"0x0": 845, "0x1": 401, "0x2": 266, "0x3": 793, "0x4": 367, "0x5": 649, "0x6": 538, "0x7": 237}, "snapshots": null, "memory": null, "statevector": null, "unitary": null}}, {"shots": 4096, "success": true, "status": null, "seed": null, "meas_level": 2, "meas_return": null, "header": {"qubit_labels": [["q", 0], ["q", 1], ["q", 2], ["q", 3], ["q", 4]], "n_qubits": 5, "qreg_sizes": [["q", 5]], "clbit_labels": [["c", 0], ["c", 1], ["c", 2]], "memory_slots": 3, "creg_sizes": [["c", 3]], "name": "circuit-855727", "global_phase": 0.0, "metadata": {}}, "data": {"counts": {"0x0": 3261, "0x1": 235, "0x2": 201, "0x3": 17, "0x4": 275, "0x5": 70, "0x6": 27, "0x7": 10}, "snapshots": null, "memory": null, "statevector": null, "unitary": null}}, {"shots": 4096, "success": true, "status": null, "seed": null, "meas_level": 2, "meas_return": null, "header": {"qubit_labels": [["q", 0], ["q", 1], ["q", 2], ["q", 3], ["q", 4]], "n_qubits": 5, "qreg_sizes": [["q", 5]], "clbit_labels": [["c", 0], ["c", 1], ["c", 2]], "memory_slots": 3, "creg_sizes": [["c", 3]], "name": "circuit-856374", "global_phase": 0.0, "metadata": {}}, "data": {"counts": {"0x0": 491, "0x1": 563, "0x2": 483, "0x3": 441, "0x4": 541, "0x5": 657, "0x6": 486, "0x7": 434}, "snapshots": null, "memory": null, "statevector": null, "unitary": null}}, {"shots": 4096, "success": true, "status": null, "seed": null, "meas_level": 2, "meas_return": null, "header": {"qubit_labels": [["q", 0], ["q", 1], ["q", 2], ["q", 3], ["q", 4]], "n_qubits": 5, "qreg_sizes": [["q", 5]], "clbit_labels": [["c", 0], ["c", 1], ["c", 2]], "memory_slots": 3, "creg_sizes": [["c", 3]], "name": "circuit-856375", "global_phase": 0.0, "metadata": {}}, "data": {"counts": {"0x0": 3263, "0x1": 270, "0x2": 177, "0x3": 19, "0x4": 265, "0x5": 63, "0x6": 26, "0x7": 13}, "snapshots": null, "memory": null, "statevector": null, "unitary": null}}, {"shots": 4096, "success": true, "status": null, "seed": null, "meas_level": 2, "meas_return": null, "header": {"qubit_labels": [["q", 0], ["q", 1], ["q", 2], ["q", 3], ["q", 4]], "n_qubits": 5, "qreg_sizes": [["q", 5]], "clbit_labels": [["c", 0], ["c", 1], ["c", 2]], "memory_slots": 3, "creg_sizes": [["c", 3]], "name": "circuit-857162", "global_phase": 0.0, "metadata": {}}, "data": {"counts": {"0x0": 660, "0x1": 767, "0x2": 501, "0x3": 400, "0x4": 552, "0x5": 374, "0x6": 377, "0x7": 465}, "snapshots": null, "memory": null, "statevector": null, "unitary": null}}, {"shots": 4096, "success": true, "status": null, "seed": null, "meas_level": 2, "meas_return": null, "header": {"qubit_labels": [["q", 0], ["q", 1], ["q", 2], ["q", 3], ["q", 4]], "n_qubits": 5, "qreg_sizes": [["q", 5]], "clbit_labels": [["c", 0], ["c", 1], ["c", 2]], "memory_slots": 3, "creg_sizes": [["c", 3]], "name": "circuit-857163", "global_phase": 0.0, "metadata": {}}, "data": {"counts": {"0x0": 3135, "0x1": 259, "0x2": 267, "0x3": 16, "0x4": 229, "0x5": 159, "0x6": 24, "0x7": 7}, "snapshots": null, "memory": null, "statevector": null, "unitary": null}}, {"shots": 4096, "success": true, "status": null, "seed": null, "meas_level": 2, "meas_return": null, "header": {"qubit_labels": [["q", 0], ["q", 1], ["q", 2], ["q", 3], ["q", 4]], "n_qubits": 5, "qreg_sizes": [["q", 5]], "clbit_labels": [["c", 0], ["c", 1], ["c", 2]], "memory_slots": 3, "creg_sizes": [["c", 3]], "name": "circuit-858049", "global_phase": 0.0, "metadata": {}}, "data": {"counts": {"0x0": 482, "0x1": 723, "0x2": 587, "0x3": 309, "0x4": 645, "0x5": 380, "0x6": 350, "0x7": 620}, "snapshots": null, "memory": null, "statevector": null, "unitary": null}}, {"shots": 4096, "success": true, "status": null, "seed": null, "meas_level": 2, "meas_return": null, "header": {"qubit_labels": [["q", 0], ["q", 1], ["q", 2], ["q", 3], ["q", 4]], "n_qubits": 5, "qreg_sizes": [["q", 5]], "clbit_labels": [["c", 0], ["c", 1], ["c", 2]], "memory_slots": 3, "creg_sizes": [["c", 3]], "name": "circuit-858050", "global_phase": 0.0, "metadata": {}}, "data": {"counts": {"0x0": 3052, "0x1": 301, "0x2": 268, "0x3": 27, "0x4": 243, "0x5": 168, "0x6": 18, "0x7": 19}, "snapshots": null, "memory": null, "statevector": null, "unitary": null}}, {"shots": 4096, "success": true, "status": null, "seed": null, "meas_level": 2, "meas_return": null, "header": {"qubit_labels": [["q", 0], ["q", 1], ["q", 2], ["q", 3], ["q", 4]], "n_qubits": 5, "qreg_sizes": [["q", 5]], "clbit_labels": [["c", 0], ["c", 1], ["c", 2]], "memory_slots": 3, "creg_sizes": [["c", 3]], "name": "circuit-859100", "global_phase": 0.0, "metadata": {}}, "data": {"counts": {"0x0": 394, "0x1": 807, "0x2": 814, "0x3": 264, "0x4": 567, "0x5": 355, "0x6": 341, "0x7": 554}, "snapshots": null, "memory": null, "statevector": null, "unitary": null}}, {"shots": 4096, "success": true, "status": null, "seed": null, "meas_level": 2, "meas_return": null, "header": {"qubit_labels": [["q", 0], ["q", 1], ["q", 2], ["q", 3], ["q", 4]], "n_qubits": 5, "qreg_sizes": [["q", 5]], "clbit_labels": [["c", 0], ["c", 1], ["c", 2]], "memory_slots": 3, "creg_sizes": [["c", 3]], "name": "circuit-859101", "global_phase": 0.0, "metadata": {}}, "data": {"counts": {"0x0": 3018, "0x1": 277, "0x2": 306, "0x3": 33, "0x4": 316, "0x5": 95, "0x6": 39, "0x7": 12}, "snapshots": null, "memory": null, "statevector": null, "unitary": null}}, {"shots": 4096, "success": true, "status": null, "seed": null, "meas_level": 2, "meas_return": null, "header": {"qubit_labels": [["q", 0], ["q", 1], ["q", 2], ["q", 3], ["q", 4]], "n_qubits": 5, "qreg_sizes": [["q", 5]], "clbit_labels": [["c", 0], ["c", 1], ["c", 2]], "memory_slots": 3, "creg_sizes": [["c", 3]], "name": "circuit-860292", "global_phase": 0.0, "metadata": {}}, "data": {"counts": {"0x0": 369, "0x1": 723, "0x2": 686, "0x3": 299, "0x4": 762, "0x5": 328, "0x6": 248, "0x7": 681}, "snapshots": null, "memory": null, "statevector": null, "unitary": null}}, {"shots": 4096, "success": true, "status": null, "seed": null, "meas_level": 2, "meas_return": null, "header": {"qubit_labels": [["q", 0], ["q", 1], ["q", 2], ["q", 3], ["q", 4]], "n_qubits": 5, "qreg_sizes": [["q", 5]], "clbit_labels": [["c", 0], ["c", 1], ["c", 2]], "memory_slots": 3, "creg_sizes": [["c", 3]], "name": "circuit-860293", "global_phase": 0.0, "metadata": {}}, "data": {"counts": {"0x0": 2904, "0x1": 265, "0x2": 356, "0x3": 43, "0x4": 320, "0x5": 138, "0x6": 53, "0x7": 17}, "snapshots": null, "memory": null, "statevector": null, "unitary": null}}, {"shots": 4096, "success": true, "status": null, "seed": null, "meas_level": 2, "meas_return": null, "header": {"qubit_labels": [["q", 0], ["q", 1], ["q", 2], ["q", 3], ["q", 4]], "n_qubits": 5, "qreg_sizes": [["q", 5]], "clbit_labels": [["c", 0], ["c", 1], ["c", 2]], "memory_slots": 3, "creg_sizes": [["c", 3]], "name": "circuit-861672", "global_phase": 0.0, "metadata": {}}, "data": {"counts": {"0x0": 396, "0x1": 777, "0x2": 675, "0x3": 263, "0x4": 743, "0x5": 338, "0x6": 313, "0x7": 591}, "snapshots": null, "memory": null, "statevector": null, "unitary": null}}, {"shots": 4096, "success": true, "status": null, "seed": null, "meas_level": 2, "meas_return": null, "header": {"qubit_labels": [["q", 0], ["q", 1], ["q", 2], ["q", 3], ["q", 4]], "n_qubits": 5, "qreg_sizes": [["q", 5]], "clbit_labels": [["c", 0], ["c", 1], ["c", 2]], "memory_slots": 3, "creg_sizes": [["c", 3]], "name": "circuit-861673", "global_phase": 0.0, "metadata": {}}, "data": {"counts": {"0x0": 2729, "0x1": 305, "0x2": 443, "0x3": 52, "0x4": 336, "0x5": 156, "0x6": 38, "0x7": 37}, "snapshots": null, "memory": null, "statevector": null, "unitary": null}}, {"shots": 4096, "success": true, "status": null, "seed": null, "meas_level": 2, "meas_return": null, "header": {"qubit_labels": [["q", 0], ["q", 1], ["q", 2], ["q", 3], ["q", 4]], "n_qubits": 5, "qreg_sizes": [["q", 5]], "clbit_labels": [["c", 0], ["c", 1], ["c", 2]], "memory_slots": 3, "creg_sizes": [["c", 3]], "name": "circuit-863181", "global_phase": 0.0, "metadata": {}}, "data": {"counts": {"0x0": 442, "0x1": 564, "0x2": 511, "0x3": 386, "0x4": 782, "0x5": 421, "0x6": 392, "0x7": 598}, "snapshots": null, "memory": null, "statevector": null, "unitary": null}}, {"shots": 4096, "success": true, "status": null, "seed": null, "meas_level": 2, "meas_return": null, "header": {"qubit_labels": [["q", 0], ["q", 1], ["q", 2], ["q", 3], ["q", 4]], "n_qubits": 5, "qreg_sizes": [["q", 5]], "clbit_labels": [["c", 0], ["c", 1], ["c", 2]], "memory_slots": 3, "creg_sizes": [["c", 3]], "name": "circuit-863182", "global_phase": 0.0, "metadata": {}}, "data": {"counts": {"0x0": 2705, "0x1": 327, "0x2": 365, "0x3": 58, "0x4": 360, "0x5": 195, "0x6": 61, "0x7": 25}, "snapshots": null, "memory": null, "statevector": null, "unitary": null}}], "error": null}