{"backend_name": "ibmq_quito", "backend_version": "1.1.33", "qobj_id": "c2c0012d-bf5d-4cc2-b501-6a5155071f48", "job_id": "62e18361ac90f7fa29c8379e", "date": "2022-07-27T18:35:07Z", "success": true, "status": "Successful completion", "execution_id": "838a4cec-0dda-11ed-986f-b02628f7f59e", "time_taken": 135.98672485351562, "header": {"backend_name": "ibmq_quito", "backend_version": "1.1.33"}, "results": [{"shots": 4096, "success": true, "status": null, "seed": null, "meas_level": 2, "meas_return": null, "header": {"qubit_labels": [["q", 0], ["q", 1], ["q", 2], ["q", 3], ["q", 4]], "n_qubits": 5, "qreg_sizes": [["q", 5]], "clbit_labels": [["c", 0], ["c", 1], ["c", 2]], "memory_slots": 3, "creg_sizes": [["c", 3]], "name": "circuit-787119", "global_phase": 0.0, "metadata": {}}, "data": {"counts": {"0x0": 854, "0x1": 197, "0x2": 215, "0x3": 812, "0x4": 219, "0x5": 811, "0x6": 844, "0x7": 144}, "snapshots": null, "memory": null, "statevector": null, "unitary": null}}, {"shots": 4096, "success": true, "status": null, "seed": null, "meas_level": 2, "meas_return": null, "header": {"qubit_labels": [["q", 0], ["q", 1], ["q", 2], ["q", 3], ["q", 4]], "n_qubits": 5, "qreg_sizes": [["q", 5]], "clbit_labels": [["c", 0], ["c", 1], ["c", 2]], "memory_slots": 3, "creg_sizes": [["c", 3]], "name": "circuit-787120", "global_phase": 0.0, "metadata": {}}, "data": {"counts": {"0x0": 3616, "0x1": 98, "0x2": 124, "0x3": 6, "0x4": 211, "0x5": 29, "0x6": 8, "0x7": 4}, "snapshots": null, "memory": null, "statevector": null, "unitary": null}}, {"shots": 4096, "success": true, "status": null, "seed": null, "meas_level": 2, "meas_return": null, "header": {"qubit_labels": [["q", 0], ["q", 1], ["q", 2], ["q", 3], ["q", 4]], "n_qubits": 5, "qreg_sizes": [["q", 5]], "clbit_labels": [["c", 0], ["c", 1], ["c", 2]], "memory_slots": 3, "creg_sizes": [["c", 3]], "name": "circuit-787474", "global_phase": 0.0, "metadata": {}}, "data": {"counts": {"0x0": 717, "0x1": 304, "0x2": 304, "0x3": 852, "0x4": 267, "0x5": 724, "0x6": 706, "0x7": 222}, "snapshots": null, "memory": null, "statevector": null, "unitary": null}}, {"shots": 4096, "success": true, "status": null, "seed": null, "meas_level": 2, "meas_return": null, "header": {"qubit_labels": [["q", 0], ["q", 1], ["q", 2], ["q", 3], ["q", 4]], "n_qubits": 5, "qreg_sizes": [["q", 5]], "clbit_labels": [["c", 0], ["c", 1], ["c", 2]], "memory_slots": 3, "creg_sizes": [["c", 3]], "name": "circuit-787475", "global_phase": 0.0, "metadata": {}}, "data": {"counts": {"0x0": 3467, "0x1": 154, "0x2": 159, "0x3": 12, "0x4": 273, "0x5": 18, "0x6": 10, "0x7": 3}, "snapshots": null, "memory": null, "statevector": null, "unitary": null}}, {"shots": 4096, "success": true, "status": null, "seed": null, "meas_level": 2, "meas_return": null, "header": {"qubit_labels": [["q", 0], ["q", 1], ["q", 2], ["q", 3], ["q", 4]], "n_qubits": 5, "qreg_sizes": [["q", 5]], "clbit_labels": [["c", 0], ["c", 1], ["c", 2]], "memory_slots": 3, "creg_sizes": [["c", 3]], "name": "circuit-787957", "global_phase": 0.0, "metadata": {}}, "data": {"counts": {"0x0": 741, "0x1": 420, "0x2": 463, "0x3": 537, "0x4": 402, "0x5": 551, "0x6": 577, "0x7": 405}, "snapshots": null, "memory": null, "statevector": null, "unitary": null}}, {"shots": 4096, "success": true, "status": null, "seed": null, "meas_level": 2, "meas_return": null, "header": {"qubit_labels": [["q", 0], ["q", 1], ["q", 2], ["q", 3], ["q", 4]], "n_qubits": 5, "qreg_sizes": [["q", 5]], "clbit_labels": [["c", 0], ["c", 1], ["c", 2]], "memory_slots": 3, "creg_sizes": [["c", 3]], "name": "circuit-787958", "global_phase": 0.0, "metadata": {}}, "data": {"counts": {"0x0": 3325, "0x1": 203, "0x2": 193, "0x3": 11, "0x4": 274, "0x5": 72, "0x6": 12, "0x7": 6}, "snapshots": null, "memory": null, "statevector": null, "unitary": null}}, {"shots": 4096, "success": true, "status": null, "seed": null, "meas_level": 2, "meas_return": null, "header": {"qubit_labels": [["q", 0], ["q", 1], ["q", 2], ["q", 3], ["q", 4]], "n_qubits": 5, "qreg_sizes": [["q", 5]], "clbit_labels": [["c", 0], ["c", 1], ["c", 2]], "memory_slots": 3, "creg_sizes": [["c", 3]], "name": "circuit-788588", "global_phase": 0.0, "metadata": {}}, "data": {"counts": {"0x0": 642, "0x1": 376, "0x2": 593, "0x3": 617, "0x4": 500, "0x5": 507, "0x6": 481, "0x7": 380}, "snapshots": null, "memory": null, "statevector": null, "unitary": null}}, {"shots": 4096, "success": true, "status": null, "seed": null, "meas_level": 2, "meas_return": null, "header": {"qubit_labels": [["q", 0], ["q", 1], ["q", 2], ["q", 3], ["q", 4]], "n_qubits": 5, "qreg_sizes": [["q", 5]], "clbit_labels": [["c", 0], ["c", 1], ["c", 2]], "memory_slots": 3, "creg_sizes": [["c", 3]], "name": "circuit-788589", "global_phase": 0.0, "metadata": {}}, "data": {"counts": {"0x0": 3257, "0x1": 160, "0x2": 247, "0x3": 12, "0x4": 311, "0x5": 67, "0x6": 35, "0x7": 7}, "snapshots": null, "memory": null, "statevector": null, "unitary": null}}, {"shots": 4096, "success": true, "status": null, "seed": null, "meas_level": 2, "meas_return": null, "header": {"qubit_labels": [["q", 0], ["q", 1], ["q", 2], ["q", 3], ["q", 4]], "n_qubits": 5, "qreg_sizes": [["q", 5]], "clbit_labels": [["c", 0], ["c", 1], ["c", 2]], "memory_slots": 3, "creg_sizes": [["c", 3]], "name": "circuit-789383", "global_phase": 0.0, "metadata": {}}, "data": {"counts": {"0x0": 500, "0x1": 488, "0x2": 610, "0x3": 450, "0x4": 684, "0x5": 449, "0x6": 435, "0x7": 480}, "snapshots": null, "memory": null, "statevector": null, "unitary": null}}, {"shots": 4096, "success": true, "status": null, "seed": null, "meas_level": 2, "meas_return": null, "header": {"qubit_labels": [["q", 0], ["q", 1], ["q", 2], ["q", 3], ["q", 4]], "n_qubits": 5, "qreg_sizes": [["q", 5]], "clbit_labels": [["c", 0], ["c", 1], ["c", 2]], "memory_slots": 3, "creg_sizes": [["c", 3]], "name": "circuit-789384", "global_phase": 0.0, "metadata": {}}, "data": {"counts": {"0x0": 2974, "0x1": 219, "0x2": 280, "0x3": 32, "0x4": 369, "0x5": 167, "0x6": 40, "0x7": 15}, "snapshots": null, "memory": null, "statevector": null, "unitary": null}}, {"shots": 4096, "success": true, "status": null, "seed": null, "meas_level": 2, "meas_return": null, "header": {"qubit_labels": [["q", 0], ["q", 1], ["q", 2], ["q", 3], ["q", 4]], "n_qubits": 5, "qreg_sizes": [["q", 5]], "clbit_labels": [["c", 0], ["c", 1], ["c", 2]], "memory_slots": 3, "creg_sizes": [["c", 3]], "name": "circuit-790305", "global_phase": 0.0, "metadata": {}}, "data": {"counts": {"0x0": 389, "0x1": 569, "0x2": 696, "0x3": 359, "0x4": 621, "0x5": 393, "0x6": 422, "0x7": 647}, "snapshots": null, "memory": null, "statevector": null, "unitary": null}}, {"shots": 4096, "success": true, "status": null, "seed": null, "meas_level": 2, "meas_return": null, "header": {"qubit_labels": [["q", 0], ["q", 1], ["q", 2], ["q", 3], ["q", 4]], "n_qubits": 5, "qreg_sizes": [["q", 5]], "clbit_labels": [["c", 0], ["c", 1], ["c", 2]], "memory_slots": 3, "creg_sizes": [["c", 3]], "name": "circuit-790306", "global_phase": 0.0, "metadata": {}}, "data": {"counts": {"0x0": 2779, "0x1": 273, "0x2": 387, "0x3": 26, "0x4": 391, "0x5": 174, "0x6": 51, "0x7": 15}, "snapshots": null, "memory": null, "statevector": null, "unitary": null}}, {"shots": 4096, "success": true, "status": null, "seed": null, "meas_level": 2, "meas_return": null, "header": {"qubit_labels": [["q", 0], ["q", 1], ["q", 2], ["q", 3], ["q", 4]], "n_qubits": 5, "qreg_sizes": [["q", 5]], "clbit_labels": [["c", 0], ["c", 1], ["c", 2]], "memory_slots": 3, "creg_sizes": [["c", 3]], "name": "circuit-791353", "global_phase": 0.0, "metadata": {}}, "data": {"counts": {"0x0": 437, "0x1": 706, "0x2": 665, "0x3": 347, "0x4": 656, "0x5": 300, "0x6": 270, "0x7": 715}, "snapshots": null, "memory": null, "statevector": null, "unitary": null}}, {"shots": 4096, "success": true, "status": null, "seed": null, "meas_level": 2, "meas_return": null, "header": {"qubit_labels": [["q", 0], ["q", 1], ["q", 2], ["q", 3], ["q", 4]], "n_qubits": 5, "qreg_sizes": [["q", 5]], "clbit_labels": [["c", 0], ["c", 1], ["c", 2]], "memory_slots": 3, "creg_sizes": [["c", 3]], "name": "circuit-791354", "global_phase": 0.0, "metadata": {}}, "data": {"counts": {"0x0": 2868, "0x1": 226, "0x2": 384, "0x3": 28, "0x4": 359, "0x5": 179, "0x6": 36, "0x7": 16}, "snapshots": null, "memory": null, "statevector": null, "unitary": null}}, {"shots": 4096, "success": true, "status": null, "seed": null, "meas_level": 2, "meas_return": null, "header": {"qubit_labels": [["q", 0], ["q", 1], ["q", 2], ["q", 3], ["q", 4]], "n_qubits": 5, "qreg_sizes": [["q", 5]], "clbit_labels": [["c", 0], ["c", 1], ["c", 2]], "memory_slots": 3, "creg_sizes": [["c", 3]], "name": "circuit-792511", "global_phase": 0.0, "metadata": {}}, "data": {"counts": {"0x0": 348, "0x1": 759, "0x2": 794, "0x3": 288, "0x4": 707, "0x5": 285, "0x6": 328, "0x7": 587}, "snapshots": null, "memory": null, "statevector": null, "unitary": null}}, {"shots": 4096, "success": true, "status": null, "seed": null, "meas_level": 2, "meas_return": null, "header": {"qubit_labels": [["q", 0], ["q", 1], ["q", 2], ["q", 3], ["q", 4]], "n_qubits": 5, "qreg_sizes": [["q", 5]], "clbit_labels": [["c", 0], ["c", 1], ["c", 2]], "memory_slots": 3, "creg_sizes": [["c", 3]], "name": "circuit-792512", "global_phase": 0.0, "metadata": {}}, "data": {"counts": {"0x0": 2769, "0x1": 297, "0x2": 329, "0x3": 50, "0x4": 409, "0x5": 159, "0x6": 60, "0x7": 23}, "snapshots": null, "memory": null, "statevector": null, "unitary": null}}, {"shots": 4096, "success": true, "status": null, "seed": null, "meas_level": 2, "meas_return": null, "header": {"qubit_labels": [["q", 0], ["q", 1], ["q", 2], ["q", 3], ["q", 4]], "n_qubits": 5, "qreg_sizes": [["q", 5]], "clbit_labels": [["c", 0], ["c", 1], ["c", 2]], "memory_slots": 3, "creg_sizes": [["c", 3]], "name": "circuit-793860", "global_phase": 0.0, "metadata": {}}, "data": {"counts": {"0x0": 348, "0x1": 807, "0x2": 736, "0x3": 298, "0x4": 648, "0x5": 309, "0x6": 356, "0x7": 594}, "snapshots": null, "memory": null, "statevector": null, "unitary": null}}, {"shots": 4096, "success": true, "status": null, "seed": null, "meas_level": 2, "meas_return": null, "header": {"qubit_labels": [["q", 0], ["q", 1], ["q", 2], ["q", 3], ["q", 4]], "n_qubits": 5, "qreg_sizes": [["q", 5]], "clbit_labels": [["c", 0], ["c", 1], ["c", 2]], "memory_slots": 3, "creg_sizes": [["c", 3]], "name": "circuit-793861", "global_phase": 0.0, "metadata": {}}, "data": {"counts": {"0x0": 2537, "0x1": 326, "0x2": 544, "0x3": 61, "0x4": 343, "0x5": 187, "0x6": 72, "0x7": 26}, "snapshots": null, "memory": null, "statevector": null, "unitary": null}}, {"shots": 4096, "success": true, "status": null, "seed": null, "meas_level": 2, "meas_return": null, "header": {"qubit_labels": [["q", 0], ["q", 1], ["q", 2], ["q", 3], ["q", 4]], "n_qubits": 5, "qreg_sizes": [["q", 5]], "clbit_labels": [["c", 0], ["c", 1], ["c", 2]], "memory_slots": 3, "creg_sizes": [["c", 3]], "name": "circuit-795352", "global_phase": 0.0, "metadata": {}}, "data": {"counts": {"0x0": 365, "0x1": 832, "0x2": 545, "0x3": 298, "0x4": 737, "0x5": 322, "0x6": 336, "0x7": 661}, "snapshots": null, "memory": null, "statevector": null, "unitary": null}}, {"shots": 4096, "success": true, "status": null, "seed": null, "meas_level": 2, "meas_return": null, "header": {"qubit_labels": [["q", 0], ["q", 1], ["q", 2], ["q", 3], ["q", 4]], "n_qubits": 5, "qreg_sizes": [["q", 5]], "clbit_labels": [["c", 0], ["c", 1], ["c", 2]], "memory_slots": 3, "creg_sizes": [["c", 3]], "name": "circuit-795353", "global_phase": 0.0, "metadata": {}}, "data": {"counts": {"0x0": 2515, "0x1": 329, "0x2": 362, "0x3": 58, "0x4": 485, "0x5": 222, "0x6": 84, "0x7": 41}, "snapshots": null, "memory": null, "statevector": null, "unitary": null}}, {"shots": 4096, "success": true, "status": null, "seed": null, "meas_level": 2, "meas_return": null, "header": {"qubit_labels": [["q", 0], ["q", 1], ["q", 2], ["q", 3], ["q", 4]], "n_qubits": 5, "qreg_sizes": [["q", 5]], "clbit_labels": [["c", 0], ["c", 1], ["c", 2]], "memory_slots": 3, "creg_sizes": [["c", 3]], "name": "circuit-796950", "global_phase": 0.0, "metadata": {}}, "data": {"counts": {"0x0": 429, "0x1": 804, "0x2": 586, "0x3": 398, "0x4": 625, "0x5": 351, "0x6": 373, "0x7": 530}, "snapshots": null, "memory": null, "statevector": null, "unitary": null}}, {"shots": 4096, "success": true, "status": null, "seed": null, "meas_level": 2, "meas_return": null, "header": {"qubit_labels": [["q", 0], ["q", 1], ["q", 2], ["q", 3], ["q", 4]], "n_qubits": 5, "qreg_sizes": [["q", 5]], "clbit_labels": [["c", 0], ["c", 1], ["c", 2]], "memory_slots": 3, "creg_sizes": [["c", 3]], "name": "circuit-796951", "global_phase": 0.0, "metadata": {}}, "data": {"counts": {"0x0": 2405, "0x1": 316, "0x2": 460, "0x3": 123, "0x4": 423, "0x5": 238, "0x6": 82, "0x7": 49}, "snapshots": null, "memory": null, "statevector": null, "unitary": null}}, {"shots": 4096, "success": true, "status": null, "seed": null, "meas_level": 2, "meas_return": null, "header": {"qubit_labels": [["q", 0], ["q", 1], ["q", 2], ["q", 3], ["q", 4]], "n_qubits": 5, "qreg_sizes": [["q", 5]], "clbit_labels": [["c", 0], ["c", 1], ["c", 2]], "memory_slots": 3, "creg_sizes": [["c", 3]], "name": "circuit-798682", "global_phase": 0.0, "metadata": {}}, "data": {"counts": {"0x0": 402, "0x1": 697, "0x2": 510, "0x3": 404, "0x4": 519, "0x5": 521, "0x6": 530, "0x7": 513}, "snapshots": null, "memory": null, "statevector": null, "unitary": null}}, {"shots": 4096, "success": true, "status": null, "seed": null, "meas_level": 2, "meas_return": null, "header": {"qubit_labels": [["q", 0], ["q", 1], ["q", 2], ["q", 3], ["q", 4]], "n_qubits": 5, "qreg_sizes": [["q", 5]], "clbit_labels": [["c", 0], ["c", 1], ["c", 2]], "memory_slots": 3, "creg_sizes": [["c", 3]], "name": "circuit-798683", "global_phase": 0.0, "metadata": {}}, "data": {"counts": {"0x0": 2182, "0x1": 337, "0x2": 499, "0x3": 83, "0x4": 558, "0x5": 230, "0x6": 146, "0x7": 61}, "snapshots": null, "memory": null, "statevector": null, "unitary": null}}, {"shots": 4096, "success": true, "status": null, "seed": null, "meas_level": 2, "meas_return": null, "header": {"qubit_labels": [["q", 0], ["q", 1], ["q", 2], ["q", 3], ["q", 4]], "n_qubits": 5, "qreg_sizes": [["q", 5]], "clbit_labels": [["c", 0], ["c", 1], ["c", 2]], "memory_slots": 3, "creg_sizes": [["c", 3]], "name": "circuit-800586", "global_phase": 0.0, "metadata": {}}, "data": {"counts": {"0x0": 517, "0x1": 579, "0x2": 531, "0x3": 483, "0x4": 481, "0x5": 555, "0x6": 553, "0x7": 397}, "snapshots": null, "memory": null, "statevector": null, "unitary": null}}, {"shots": 4096, "success": true, "status": null, "seed": null, "meas_level": 2, "meas_return": null, "header": {"qubit_labels": [["q", 0], ["q", 1], ["q", 2], ["q", 3], ["q", 4]], "n_qubits": 5, "qreg_sizes": [["q", 5]], "clbit_labels": [["c", 0], ["c", 1], ["c", 2]], "memory_slots": 3, "creg_sizes": [["c", 3]], "name": "circuit-800587", "global_phase": 0.0, "metadata": {}}, "data": {"counts": {"0x0": 2151, "0x1": 405, "0x2": 518, "0x3": 109, "0x4": 505, "0x5": 245, "0x6": 109, "0x7": 54}, "snapshots": null, "memory": null, "statevector": null, "unitary": null}}, {"shots": 4096, "success": true, "status": null, "seed": null, "meas_level": 2, "meas_return": null, "header": {"qubit_labels": [["q", 0], ["q", 1], ["q", 2], ["q", 3], ["q", 4]], "n_qubits": 5, "qreg_sizes": [["q", 5]], "clbit_labels": [["c", 0], ["c", 1], ["c", 2]], "memory_slots": 3, "creg_sizes": [["c", 3]], "name": "circuit-802635", "global_phase": 0.0, "metadata": {}}, "data": {"counts": {"0x0": 691, "0x1": 389, "0x2": 461, "0x3": 544, "0x4": 431, "0x5": 404, "0x6": 710, "0x7": 466}, "snapshots": null, "memory": null, "statevector": null, "unitary": null}}, {"shots": 4096, "success": true, "status": null, "seed": null, "meas_level": 2, "meas_return": null, "header": {"qubit_labels": [["q", 0], ["q", 1], ["q", 2], ["q", 3], ["q", 4]], "n_qubits": 5, "qreg_sizes": [["q", 5]], "clbit_labels": [["c", 0], ["c", 1], ["c", 2]], "memory_slots": 3, "creg_sizes": [["c", 3]], "name": "circuit-802636", "global_phase": 0.0, "metadata": {}}, "data": {"counts": {"0x0": 2158, "0x1": 391, "0x2": 486, "0x3": 78, "0x4": 563, "0x5": 237, "0x6": 122, "0x7": 61}, "snapshots": null, "memory": null, "statevector": null, "unitary": null}}, {"shots": 4096, "success": true, "status": null, "seed": null, "meas_level": 2, "meas_return": null, "header": {"qubit_labels": [["q", 0], ["q", 1], ["q", 2], ["q", 3], ["q", 4]], "n_qubits": 5, "qreg_sizes": [["q", 5]], "clbit_labels": [["c", 0], ["c", 1], ["c", 2]], "memory_slots": 3, "creg_sizes": [["c", 3]], "name": "circuit-804807", "global_phase": 0.0, "metadata": {}}, "data": {"counts": {"0x0": 595, "0x1": 459, "0x2": 394, "0x3": 597, "0x4": 451, "0x5": 509, "0x6": 549, "0x7": 542}, "snapshots": null, "memory": null, "statevector": null, "unitary": null}}, {"shots": 4096, "success": true, "status": null, "seed": null, "meas_level": 2, "meas_return": null, "header": {"qubit_labels": [["q", 0], ["q", 1], ["q", 2], ["q", 3], ["q", 4]], "n_qubits": 5, "qreg_sizes": [["q", 5]], "clbit_labels": [["c", 0], ["c", 1], ["c", 2]], "memory_slots": 3, "creg_sizes": [["c", 3]], "name": "circuit-804808", "global_phase": 0.0, "metadata": {}}, "data": {"counts": {"0x0": 1822, "0x1": 601, "0x2": 493, "0x3": 115, "0x4": 510, "0x5": 331, "0x6": 140, "0x7": 84}, "snapshots": null, "memory": null, "statevector": null, "unitary": null}}, {"shots": 4096, "success": true, "status": null, "seed": null, "meas_level": 2, "meas_return": null, "header": {"qubit_labels": [["q", 0], ["q", 1], ["q", 2], ["q", 3], ["q", 4]], "n_qubits": 5, "qreg_sizes": [["q", 5]], "clbit_labels": [["c", 0], ["c", 1], ["c", 2]], "memory_slots": 3, "creg_sizes": [["c", 3]], "name": "circuit-807155", "global_phase": 0.0, "metadata": {}}, "data": {"counts": {"0x0": 607, "0x1": 394, "0x2": 442, "0x3": 673, "0x4": 389, "0x5": 591, "0x6": 664, "0x7": 336}, "snapshots": null, "memory": null, "statevector": null, "unitary": null}}, {"shots": 4096, "success": true, "status": null, "seed": null, "meas_level": 2, "meas_return": null, "header": {"qubit_labels": [["q", 0], ["q", 1], ["q", 2], ["q", 3], ["q", 4]], "n_qubits": 5, "qreg_sizes": [["q", 5]], "clbit_labels": [["c", 0], ["c", 1], ["c", 2]], "memory_slots": 3, "creg_sizes": [["c", 3]], "name": "circuit-807156", "global_phase": 0.0, "metadata": {}}, "data": {"counts": {"0x0": 1804, "0x1": 498, "0x2": 574, "0x3": 155, "0x4": 549, "0x5": 281, "0x6": 159, "0x7": 76}, "snapshots": null, "memory": null, "statevector": null, "unitary": null}}, {"shots": 4096, "success": true, "status": null, "seed": null, "meas_level": 2, "meas_return": null, "header": {"qubit_labels": [["q", 0], ["q", 1], ["q", 2], ["q", 3], ["q", 4]], "n_qubits": 5, "qreg_sizes": [["q", 5]], "clbit_labels": [["c", 0], ["c", 1], ["c", 2]], "memory_slots": 3, "creg_sizes": [["c", 3]], "name": "circuit-809612", "global_phase": 0.0, "metadata": {}}, "data": {"counts": {"0x0": 523, "0x1": 375, "0x2": 430, "0x3": 683, "0x4": 430, "0x5": 722, "0x6": 572, "0x7": 361}, "snapshots": null, "memory": null, "statevector": null, "unitary": null}}, {"shots": 4096, "success": true, "status": null, "seed": null, "meas_level": 2, "meas_return": null, "header": {"qubit_labels": [["q", 0], ["q", 1], ["q", 2], ["q", 3], ["q", 4]], "n_qubits": 5, "qreg_sizes": [["q", 5]], "clbit_labels": [["c", 0], ["c", 1], ["c", 2]], "memory_slots": 3, "creg_sizes": [["c", 3]], "name": "circuit-809613", "global_phase": 0.0, "metadata": {}}, "data": {"counts": {"0x0": 1894, "0x1": 476, "0x2": 528, "0x3": 185, "0x4": 440, "0x5": 324, "0x6": 167, "0x7": 82}, "snapshots": null, "memory": null, "statevector": null, "unitary": null}}, {"shots": 4096, "success": true, "status": null, "seed": null, "meas_level": 2, "meas_return": null, "header": {"qubit_labels": [["q", 0], ["q", 1], ["q", 2], ["q", 3], ["q", 4]], "n_qubits": 5, "qreg_sizes": [["q", 5]], "clbit_labels": [["c", 0], ["c", 1], ["c", 2]], "memory_slots": 3, "creg_sizes": [["c", 3]], "name": "circuit-812278", "global_phase": 0.0, "metadata": {}}, "data": {"counts": {"0x0": 566, "0x1": 403, "0x2": 411, "0x3": 648, "0x4": 467, "0x5": 704, "0x6": 571, "0x7": 326}, "snapshots": null, "memory": null, "statevector": null, "unitary": null}}, {"shots": 4096, "success": true, "status": null, "seed": null, "meas_level": 2, "meas_return": null, "header": {"qubit_labels": [["q", 0], ["q", 1], ["q", 2], ["q", 3], ["q", 4]], "n_qubits": 5, "qreg_sizes": [["q", 5]], "clbit_labels": [["c", 0], ["c", 1], ["c", 2]], "memory_slots": 3, "creg_sizes": [["c", 3]], "name": "circuit-812279", "global_phase": 0.0, "metadata": {}}, "data": {"counts": {"0x0": 1733, "0x1": 523, "0x2": 556, "0x3": 140, "0x4": 550, "0x5": 319, "0x6": 161, "0x7": 114}, "snapshots": null, "memory": null, "statevector": null, "unitary": null}}, {"shots": 4096, "success": true, "status": null, "seed": null, "meas_level": 2, "meas_return": null, "header": {"qubit_labels": [["q", 0], ["q", 1], ["q", 2], ["q", 3], ["q", 4]], "n_qubits": 5, "qreg_sizes": [["q", 5]], "clbit_labels": [["c", 0], ["c", 1], ["c", 2]], "memory_slots": 3, "creg_sizes": [["c", 3]], "name": "circuit-815042", "global_phase": 0.0, "metadata": {}}, "data": {"counts": {"0x0": 525, "0x1": 408, "0x2": 427, "0x3": 589, "0x4": 432, "0x5": 651, "0x6": 667, "0x7": 397}, "snapshots": null, "memory": null, "statevector": null, "unitary": null}}, {"shots": 4096, "success": true, "status": null, "seed": null, "meas_level": 2, "meas_return": null, "header": {"qubit_labels": [["q", 0], ["q", 1], ["q", 2], ["q", 3], ["q", 4]], "n_qubits": 5, "qreg_sizes": [["q", 5]], "clbit_labels": [["c", 0], ["c", 1], ["c", 2]], "memory_slots": 3, "creg_sizes": [["c", 3]], "name": "circuit-815043", "global_phase": 0.0, "metadata": {}}, "data": {"counts": {"0x0": 1877, "0x1": 431, "0x2": 547, "0x3": 142, "0x4": 562, "0x5": 289, "0x6": 168, "0x7": 80}, "snapshots": null, "memory": null, "statevector": null, "unitary": null}}, {"shots": 4096, "success": true, "status": null, "seed": null, "meas_level": 2, "meas_return": null, "header": {"qubit_labels": [["q", 0], ["q", 1], ["q", 2], ["q", 3], ["q", 4]], "n_qubits": 5, "qreg_sizes": [["q", 5]], "clbit_labels": [["c", 0], ["c", 1], ["c", 2]], "memory_slots": 3, "creg_sizes": [["c", 3]], "name": "circuit-817997", "global_phase": 0.0, "metadata": {}}, "data": {"counts": {"0x0": 555, "0x1": 481, "0x2": 454, "0x3": 545, "0x4": 505, "0x5": 535, "0x6": 586, "0x7": 435}, "snapshots": null, "memory": null, "statevector": null, "unitary": null}}, {"shots": 4096, "success": true, "status": null, "seed": null, "meas_level": 2, "meas_return": null, "header": {"qubit_labels": [["q", 0], ["q", 1], ["q", 2], ["q", 3], ["q", 4]], "n_qubits": 5, "qreg_sizes": [["q", 5]], "clbit_labels": [["c", 0], ["c", 1], ["c", 2]], "memory_slots": 3, "creg_sizes": [["c", 3]], "name": "circuit-817998", "global_phase": 0.0, "metadata": {}}, "data": {"counts": {"0x0": 1805, "0x1": 502, "0x2": 558, "0x3": 155, "0x4": 501, "0x5": 308, "0x6": 167, "0x7": 100}, "snapshots": null, "memory": null, "statevector": null, "unitary": null}}, {"shots": 4096, "success": true, "status": null, "seed": null, "meas_level": 2, "meas_return": null, "header": {"qubit_labels": [["q", 0], ["q", 1], ["q", 2], ["q", 3], ["q", 4]], "n_qubits": 5, "qreg_sizes": [["q", 5]], "clbit_labels": [["c", 0], ["c", 1], ["c", 2]], "memory_slots": 3, "creg_sizes": [["c", 3]], "name": "circuit-821034", "global_phase": 0.0, "metadata": {}}, "data": {"counts": {"0x0": 992, "0x1": 180, "0x2": 181, "0x3": 754, "0x4": 206, "0x5": 855, "0x6": 839, "0x7": 89}, "snapshots": null, "memory": null, "statevector": null, "unitary": null}}, {"shots": 4096, "success": true, "status": null, "seed": null, "meas_level": 2, "meas_return": null, "header": {"qubit_labels": [["q", 0], ["q", 1], ["q", 2], ["q", 3], ["q", 4]], "n_qubits": 5, "qreg_sizes": [["q", 5]], "clbit_labels": [["c", 0], ["c", 1], ["c", 2]], "memory_slots": 3, "creg_sizes": [["c", 3]], "name": "circuit-821035", "global_phase": 0.0, "metadata": {}}, "data": {"counts": {"0x0": 3575, "0x1": 127, "0x2": 101, "0x3": 2, "0x4": 209, "0x5": 75, "0x6": 5, "0x7": 2}, "snapshots": null, "memory": null, "statevector": null, "unitary": null}}, {"shots": 4096, "success": true, "status": null, "seed": null, "meas_level": 2, "meas_return": null, "header": {"qubit_labels": [["q", 0], ["q", 1], ["q", 2], ["q", 3], ["q", 4]], "n_qubits": 5, "qreg_sizes": [["q", 5]], "clbit_labels": [["c", 0], ["c", 1], ["c", 2]], "memory_slots": 3, "creg_sizes": [["c", 3]], "name": "circuit-821378", "global_phase": 0.0, "metadata": {}}, "data": {"counts": {"0x0": 700, "0x1": 251, "0x2": 310, "0x3": 674, "0x4": 333, "0x5": 753, "0x6": 855, "0x7": 220}, "snapshots": null, "memory": null, "statevector": null, "unitary": null}}, {"shots": 4096, "success": true, "status": null, "seed": null, "meas_level": 2, "meas_return": null, "header": {"qubit_labels": [["q", 0], ["q", 1], ["q", 2], ["q", 3], ["q", 4]], "n_qubits": 5, "qreg_sizes": [["q", 5]], "clbit_labels": [["c", 0], ["c", 1], ["c", 2]], "memory_slots": 3, "creg_sizes": [["c", 3]], "name": "circuit-821379", "global_phase": 0.0, "metadata": {}}, "data": {"counts": {"0x0": 3453, "0x1": 148, "0x2": 159, "0x3": 6, "0x4": 212, "0x5": 102, "0x6": 10, "0x7": 6}, "snapshots": null, "memory": null, "statevector": null, "unitary": null}}, {"shots": 4096, "success": true, "status": null, "seed": null, "meas_level": 2, "meas_return": null, "header": {"qubit_labels": [["q", 0], ["q", 1], ["q", 2], ["q", 3], ["q", 4]], "n_qubits": 5, "qreg_sizes": [["q", 5]], "clbit_labels": [["c", 0], ["c", 1], ["c", 2]], "memory_slots": 3, "creg_sizes": [["c", 3]], "name": "circuit-821859", "global_phase": 0.0, "metadata": {}}, "data": {"counts": {"0x0": 656, "0x1": 372, "0x2": 416, "0x3": 605, "0x4": 392, "0x5": 744, "0x6": 666, "0x7": 245}, "snapshots": null, "memory": null, "statevector": null, "unitary": null}}, {"shots": 4096, "success": true, "status": null, "seed": null, "meas_level": 2, "meas_return": null, "header": {"qubit_labels": [["q", 0], ["q", 1], ["q", 2], ["q", 3], ["q", 4]], "n_qubits": 5, "qreg_sizes": [["q", 5]], "clbit_labels": [["c", 0], ["c", 1], ["c", 2]], "memory_slots": 3, "creg_sizes": [["c", 3]], "name": "circuit-821860", "global_phase": 0.0, "metadata": {}}, "data": {"counts": {"0x0": 3264, "0x1": 222, "0x2": 197, "0x3": 24, "0x4": 291, "0x5": 79, "0x6": 16, "0x7": 3}, "snapshots": null, "memory": null, "statevector": null, "unitary": null}}, {"shots": 4096, "success": true, "status": null, "seed": null, "meas_level": 2, "meas_return": null, "header": {"qubit_labels": [["q", 0], ["q", 1], ["q", 2], ["q", 3], ["q", 4]], "n_qubits": 5, "qreg_sizes": [["q", 5]], "clbit_labels": [["c", 0], ["c", 1], ["c", 2]], "memory_slots": 3, "creg_sizes": [["c", 3]], "name": "circuit-822484", "global_phase": 0.0, "metadata": {}}, "data": {"counts": {"0x0": 472, "0x1": 428, "0x2": 417, "0x3": 615, "0x4": 590, "0x5": 554, "0x6": 634, "0x7": 386}, "snapshots": null, "memory": null, "statevector": null, "unitary": null}}, {"shots": 4096, "success": true, "status": null, "seed": null, "meas_level": 2, "meas_return": null, "header": {"qubit_labels": [["q", 0], ["q", 1], ["q", 2], ["q", 3], ["q", 4]], "n_qubits": 5, "qreg_sizes": [["q", 5]], "clbit_labels": [["c", 0], ["c", 1], ["c", 2]], "memory_slots": 3, "creg_sizes": [["c", 3]], "name": "circuit-822485", "global_phase": 0.0, "metadata": {}}, "data": {"counts": {"0x0": 3179, "0x1": 169, "0x2": 230, "0x3": 13, "0x4": 310, "0x5": 164, "0x6": 19, "0x7": 12}, "snapshots": null, "memory": null, "statevector": null, "unitary": null}}, {"shots": 4096, "success": true, "status": null, "seed": null, "meas_level": 2, "meas_return": null, "header": {"qubit_labels": [["q", 0], ["q", 1], ["q", 2], ["q", 3], ["q", 4]], "n_qubits": 5, "qreg_sizes": [["q", 5]], "clbit_labels": [["c", 0], ["c", 1], ["c", 2]], "memory_slots": 3, "creg_sizes": [["c", 3]], "name": "circuit-823244", "global_phase": 0.0, "metadata": {}}, "data": {"counts": {"0x0": 508, "0x1": 534, "0x2": 700, "0x3": 375, "0x4": 610, "0x5": 490, "0x6": 491, "0x7": 388}, "snapshots": null, "memory": null, "statevector": null, "unitary": null}}, {"shots": 4096, "success": true, "status": null, "seed": null, "meas_level": 2, "meas_return": null, "header": {"qubit_labels": [["q", 0], ["q", 1], ["q", 2], ["q", 3], ["q", 4]], "n_qubits": 5, "qreg_sizes": [["q", 5]], "clbit_labels": [["c", 0], ["c", 1], ["c", 2]], "memory_slots": 3, "creg_sizes": [["c", 3]], "name": "circuit-823245", "global_phase": 0.0, "metadata": {}}, "data": {"counts": {"0x0": 3062, "0x1": 253, "0x2": 254, "0x3": 28, "0x4": 364, "0x5": 92, "0x6": 40, "0x7": 3}, "snapshots": null, "memory": null, "statevector": null, "unitary": null}}, {"shots": 4096, "success": true, "status": null, "seed": null, "meas_level": 2, "meas_return": null, "header": {"qubit_labels": [["q", 0], ["q", 1], ["q", 2], ["q", 3], ["q", 4]], "n_qubits": 5, "qreg_sizes": [["q", 5]], "clbit_labels": [["c", 0], ["c", 1], ["c", 2]], "memory_slots": 3, "creg_sizes": [["c", 3]], "name": "circuit-824161", "global_phase": 0.0, "metadata": {}}, "data": {"counts": {"0x0": 533, "0x1": 594, "0x2": 556, "0x3": 447, "0x4": 625, "0x5": 363, "0x6": 476, "0x7": 502}, "snapshots": null, "memory": null, "statevector": null, "unitary": null}}, {"shots": 4096, "success": true, "status": null, "seed": null, "meas_level": 2, "meas_return": null, "header": {"qubit_labels": [["q", 0], ["q", 1], ["q", 2], ["q", 3], ["q", 4]], "n_qubits": 5, "qreg_sizes": [["q", 5]], "clbit_labels": [["c", 0], ["c", 1], ["c", 2]], "memory_slots": 3, "creg_sizes": [["c", 3]], "name": "circuit-824162", "global_phase": 0.0, "metadata": {}}, "data": {"counts": {"0x0": 2949, "0x1": 215, "0x2": 284, "0x3": 18, "0x4": 428, "0x5": 144, "0x6": 36, "0x7": 22}, "snapshots": null, "memory": null, "statevector": null, "unitary": null}}, {"shots": 4096, "success": true, "status": null, "seed": null, "meas_level": 2, "meas_return": null, "header": {"qubit_labels": [["q", 0], ["q", 1], ["q", 2], ["q", 3], ["q", 4]], "n_qubits": 5, "qreg_sizes": [["q", 5]], "clbit_labels": [["c", 0], ["c", 1], ["c", 2]], "memory_slots": 3, "creg_sizes": [["c", 3]], "name": "circuit-825194", "global_phase": 0.0, "metadata": {}}, "data": {"counts": {"0x0": 459, "0x1": 731, "0x2": 543, "0x3": 414, "0x4": 731, "0x5": 289, "0x6": 273, "0x7": 656}, "snapshots": null, "memory": null, "statevector": null, "unitary": null}}, {"shots": 4096, "success": true, "status": null, "seed": null, "meas_level": 2, "meas_return": null, "header": {"qubit_labels": [["q", 0], ["q", 1], ["q", 2], ["q", 3], ["q", 4]], "n_qubits": 5, "qreg_sizes": [["q", 5]], "clbit_labels": [["c", 0], ["c", 1], ["c", 2]], "memory_slots": 3, "creg_sizes": [["c", 3]], "name": "circuit-825195", "global_phase": 0.0, "metadata": {}}, "data": {"counts": {"0x0": 2779, "0x1": 282, "0x2": 342, "0x3": 40, "0x4": 428, "0x5": 147, "0x6": 53, "0x7": 25}, "snapshots": null, "memory": null, "statevector": null, "unitary": null}}, {"shots": 4096, "success": true, "status": null, "seed": null, "meas_level": 2, "meas_return": null, "header": {"qubit_labels": [["q", 0], ["q", 1], ["q", 2], ["q", 3], ["q", 4]], "n_qubits": 5, "qreg_sizes": [["q", 5]], "clbit_labels": [["c", 0], ["c", 1], ["c", 2]], "memory_slots": 3, "creg_sizes": [["c", 3]], "name": "circuit-826369", "global_phase": 0.0, "metadata": {}}, "data": {"counts": {"0x0": 305, "0x1": 507, "0x2": 749, "0x3": 360, "0x4": 785, "0x5": 284, "0x6": 298, "0x7": 808}, "snapshots": null, "memory": null, "statevector": null, "unitary": null}}, {"shots": 4096, "success": true, "status": null, "seed": null, "meas_level": 2, "meas_return": null, "header": {"qubit_labels": [["q", 0], ["q", 1], ["q", 2], ["q", 3], ["q", 4]], "n_qubits": 5, "qreg_sizes": [["q", 5]], "clbit_labels": [["c", 0], ["c", 1], ["c", 2]], "memory_slots": 3, "creg_sizes": [["c", 3]], "name": "circuit-826370", "global_phase": 0.0, "metadata": {}}, "data": {"counts": {"0x0": 2648, "0x1": 307, "0x2": 400, "0x3": 60, "0x4": 451, "0x5": 140, "0x6": 71, "0x7": 19}, "snapshots": null, "memory": null, "statevector": null, "unitary": null}}, {"shots": 4096, "success": true, "status": null, "seed": null, "meas_level": 2, "meas_return": null, "header": {"qubit_labels": [["q", 0], ["q", 1], ["q", 2], ["q", 3], ["q", 4]], "n_qubits": 5, "qreg_sizes": [["q", 5]], "clbit_labels": [["c", 0], ["c", 1], ["c", 2]], "memory_slots": 3, "creg_sizes": [["c", 3]], "name": "circuit-827721", "global_phase": 0.0, "metadata": {}}, "data": {"counts": {"0x0": 301, "0x1": 660, "0x2": 699, "0x3": 355, "0x4": 606, "0x5": 305, "0x6": 404, "0x7": 766}, "snapshots": null, "memory": null, "statevector": null, "unitary": null}}, {"shots": 4096, "success": true, "status": null, "seed": null, "meas_level": 2, "meas_return": null, "header": {"qubit_labels": [["q", 0], ["q", 1], ["q", 2], ["q", 3], ["q", 4]], "n_qubits": 5, "qreg_sizes": [["q", 5]], "clbit_labels": [["c", 0], ["c", 1], ["c", 2]], "memory_slots": 3, "creg_sizes": [["c", 3]], "name": "circuit-827722", "global_phase": 0.0, "metadata": {}}, "data": {"counts": {"0x0": 2558, "0x1": 305, "0x2": 388, "0x3": 56, "0x4": 475, "0x5": 207, "0x6": 68, "0x7": 39}, "snapshots": null, "memory": null, "statevector": null, "unitary": null}}, {"shots": 4096, "success": true, "status": null, "seed": null, "meas_level": 2, "meas_return": null, "header": {"qubit_labels": [["q", 0], ["q", 1], ["q", 2], ["q", 3], ["q", 4]], "n_qubits": 5, "qreg_sizes": [["q", 5]], "clbit_labels": [["c", 0], ["c", 1], ["c", 2]], "memory_slots": 3, "creg_sizes": [["c", 3]], "name": "circuit-829246", "global_phase": 0.0, "metadata": {}}, "data": {"counts": {"0x0": 362, "0x1": 771, "0x2": 619, "0x3": 350, "0x4": 766, "0x5": 310, "0x6": 274, "0x7": 644}, "snapshots": null, "memory": null, "statevector": null, "unitary": null}}, {"shots": 4096, "success": true, "status": null, "seed": null, "meas_level": 2, "meas_return": null, "header": {"qubit_labels": [["q", 0], ["q", 1], ["q", 2], ["q", 3], ["q", 4]], "n_qubits": 5, "qreg_sizes": [["q", 5]], "clbit_labels": [["c", 0], ["c", 1], ["c", 2]], "memory_slots": 3, "creg_sizes": [["c", 3]], "name": "circuit-829247", "global_phase": 0.0, "metadata": {}}, "data": {"counts": {"0x0": 2373, "0x1": 428, "0x2": 366, "0x3": 74, "0x4": 500, "0x5": 234, "0x6": 82, "0x7": 39}, "snapshots": null, "memory": null, "statevector": null, "unitary": null}}, {"shots": 4096, "success": true, "status": null, "seed": null, "meas_level": 2, "meas_return": null, "header": {"qubit_labels": [["q", 0], ["q", 1], ["q", 2], ["q", 3], ["q", 4]], "n_qubits": 5, "qreg_sizes": [["q", 5]], "clbit_labels": [["c", 0], ["c", 1], ["c", 2]], "memory_slots": 3, "creg_sizes": [["c", 3]], "name": "circuit-830860", "global_phase": 0.0, "metadata": {}}, "data": {"counts": {"0x0": 397, "0x1": 582, "0x2": 473, "0x3": 455, "0x4": 800, "0x5": 379, "0x6": 448, "0x7": 562}, "snapshots": null, "memory": null, "statevector": null, "unitary": null}}, {"shots": 4096, "success": true, "status": null, "seed": null, "meas_level": 2, "meas_return": null, "header": {"qubit_labels": [["q", 0], ["q", 1], ["q", 2], ["q", 3], ["q", 4]], "n_qubits": 5, "qreg_sizes": [["q", 5]], "clbit_labels": [["c", 0], ["c", 1], ["c", 2]], "memory_slots": 3, "creg_sizes": [["c", 3]], "name": "circuit-830861", "global_phase": 0.0, "metadata": {}}, "data": {"counts": {"0x0": 2334, "0x1": 322, "0x2": 535, "0x3": 74, "0x4": 456, "0x5": 199, "0x6": 129, "0x7": 47}, "snapshots": null, "memory": null, "statevector": null, "unitary": null}}, {"shots": 4096, "success": true, "status": null, "seed": null, "meas_level": 2, "meas_return": null, "header": {"qubit_labels": [["q", 0], ["q", 1], ["q", 2], ["q", 3], ["q", 4]], "n_qubits": 5, "qreg_sizes": [["q", 5]], "clbit_labels": [["c", 0], ["c", 1], ["c", 2]], "memory_slots": 3, "creg_sizes": [["c", 3]], "name": "circuit-832615", "global_phase": 0.0, "metadata": {}}, "data": {"counts": {"0x0": 470, "0x1": 369, "0x2": 668, "0x3": 448, "0x4": 702, "0x5": 433, "0x6": 418, "0x7": 588}, "snapshots": null, "memory": null, "statevector": null, "unitary": null}}, {"shots": 4096, "success": true, "status": null, "seed": null, "meas_level": 2, "meas_return": null, "header": {"qubit_labels": [["q", 0], ["q", 1], ["q", 2], ["q", 3], ["q", 4]], "n_qubits": 5, "qreg_sizes": [["q", 5]], "clbit_labels": [["c", 0], ["c", 1], ["c", 2]], "memory_slots": 3, "creg_sizes": [["c", 3]], "name": "circuit-832616", "global_phase": 0.0, "metadata": {}}, "data": {"counts": {"0x0": 2234, "0x1": 407, "0x2": 414, "0x3": 75, "0x4": 551, "0x5": 248, "0x6": 125, "0x7": 42}, "snapshots": null, "memory": null, "statevector": null, "unitary": null}}, {"shots": 4096, "success": true, "status": null, "seed": null, "meas_level": 2, "meas_return": null, "header": {"qubit_labels": [["q", 0], ["q", 1], ["q", 2], ["q", 3], ["q", 4]], "n_qubits": 5, "qreg_sizes": [["q", 5]], "clbit_labels": [["c", 0], ["c", 1], ["c", 2]], "memory_slots": 3, "creg_sizes": [["c", 3]], "name": "circuit-834508", "global_phase": 0.0, "metadata": {}}, "data": {"counts": {"0x0": 599, "0x1": 466, "0x2": 543, "0x3": 601, "0x4": 683, "0x5": 344, "0x6": 382, "0x7": 478}, "snapshots": null, "memory": null, "statevector": null, "unitary": null}}, {"shots": 4096, "success": true, "status": null, "seed": null, "meas_level": 2, "meas_return": null, "header": {"qubit_labels": [["q", 0], ["q", 1], ["q", 2], ["q", 3], ["q", 4]], "n_qubits": 5, "qreg_sizes": [["q", 5]], "clbit_labels": [["c", 0], ["c", 1], ["c", 2]], "memory_slots": 3, "creg_sizes": [["c", 3]], "name": "circuit-834509", "global_phase": 0.0, "metadata": {}}, "data": {"counts": {"0x0": 2057, "0x1": 464, "0x2": 499, "0x3": 118, "0x4": 424, "0x5": 340, "0x6": 129, "0x7": 65}, "snapshots": null, "memory": null, "statevector": null, "unitary": null}}, {"shots": 4096, "success": true, "status": null, "seed": null, "meas_level": 2, "meas_return": null, "header": {"qubit_labels": [["q", 0], ["q", 1], ["q", 2], ["q", 3], ["q", 4]], "n_qubits": 5, "qreg_sizes": [["q", 5]], "clbit_labels": [["c", 0], ["c", 1], ["c", 2]], "memory_slots": 3, "creg_sizes": [["c", 3]], "name": "circuit-836559", "global_phase": 0.0, "metadata": {}}, "data": {"counts": {"0x0": 563, "0x1": 433, "0x2": 435, "0x3": 632, "0x4": 496, "0x5": 493, "0x6": 602, "0x7": 442}, "snapshots": null, "memory": null, "statevector": null, "unitary": null}}, {"shots": 4096, "success": true, "status": null, "seed": null, "meas_level": 2, "meas_return": null, "header": {"qubit_labels": [["q", 0], ["q", 1], ["q", 2], ["q", 3], ["q", 4]], "n_qubits": 5, "qreg_sizes": [["q", 5]], "clbit_labels": [["c", 0], ["c", 1], ["c", 2]], "memory_slots": 3, "creg_sizes": [["c", 3]], "name": "circuit-836560", "global_phase": 0.0, "metadata": {}}, "data": {"counts": {"0x0": 2059, "0x1": 377, "0x2": 524, "0x3": 97, "0x4": 571, "0x5": 268, "0x6": 130, "0x7": 70}, "snapshots": null, "memory": null, "statevector": null, "unitary": null}}, {"shots": 4096, "success": true, "status": null, "seed": null, "meas_level": 2, "meas_return": null, "header": {"qubit_labels": [["q", 0], ["q", 1], ["q", 2], ["q", 3], ["q", 4]], "n_qubits": 5, "qreg_sizes": [["q", 5]], "clbit_labels": [["c", 0], ["c", 1], ["c", 2]], "memory_slots": 3, "creg_sizes": [["c", 3]], "name": "circuit-838801", "global_phase": 0.0, "metadata": {}}, "data": {"counts": {"0x0": 652, "0x1": 459, "0x2": 395, "0x3": 625, "0x4": 457, "0x5": 502, "0x6": 633, "0x7": 373}, "snapshots": null, "memory": null, "statevector": null, "unitary": null}}, {"shots": 4096, "success": true, "status": null, "seed": null, "meas_level": 2, "meas_return": null, "header": {"qubit_labels": [["q", 0], ["q", 1], ["q", 2], ["q", 3], ["q", 4]], "n_qubits": 5, "qreg_sizes": [["q", 5]], "clbit_labels": [["c", 0], ["c", 1], ["c", 2]], "memory_slots": 3, "creg_sizes": [["c", 3]], "name": "circuit-838802", "global_phase": 0.0, "metadata": {}}, "data": {"counts": {"0x0": 2060, "0x1": 451, "0x2": 611, "0x3": 109, "0x4": 432, "0x5": 251, "0x6": 118, "0x7": 64}, "snapshots": null, "memory": null, "statevector": null, "unitary": null}}, {"shots": 4096, "success": true, "status": null, "seed": null, "meas_level": 2, "meas_return": null, "header": {"qubit_labels": [["q", 0], ["q", 1], ["q", 2], ["q", 3], ["q", 4]], "n_qubits": 5, "qreg_sizes": [["q", 5]], "clbit_labels": [["c", 0], ["c", 1], ["c", 2]], "memory_slots": 3, "creg_sizes": [["c", 3]], "name": "circuit-841158", "global_phase": 0.0, "metadata": {}}, "data": {"counts": {"0x0": 777, "0x1": 376, "0x2": 431, "0x3": 660, "0x4": 368, "0x5": 548, "0x6": 564, "0x7": 372}, "snapshots": null, "memory": null, "statevector": null, "unitary": null}}, {"shots": 4096, "success": true, "status": null, "seed": null, "meas_level": 2, "meas_return": null, "header": {"qubit_labels": [["q", 0], ["q", 1], ["q", 2], ["q", 3], ["q", 4]], "n_qubits": 5, "qreg_sizes": [["q", 5]], "clbit_labels": [["c", 0], ["c", 1], ["c", 2]], "memory_slots": 3, "creg_sizes": [["c", 3]], "name": "circuit-841159", "global_phase": 0.0, "metadata": {}}, "data": {"counts": {"0x0": 2078, "0x1": 403, "0x2": 477, "0x3": 127, "0x4": 549, "0x5": 261, "0x6": 138, "0x7": 63}, "snapshots": null, "memory": null, "statevector": null, "unitary": null}}, {"shots": 4096, "success": true, "status": null, "seed": null, "meas_level": 2, "meas_return": null, "header": {"qubit_labels": [["q", 0], ["q", 1], ["q", 2], ["q", 3], ["q", 4]], "n_qubits": 5, "qreg_sizes": [["q", 5]], "clbit_labels": [["c", 0], ["c", 1], ["c", 2]], "memory_slots": 3, "creg_sizes": [["c", 3]], "name": "circuit-843591", "global_phase": 0.0, "metadata": {}}, "data": {"counts": {"0x0": 652, "0x1": 338, "0x2": 396, "0x3": 660, "0x4": 371, "0x5": 586, "0x6": 707, "0x7": 386}, "snapshots": null, "memory": null, "statevector": null, "unitary": null}}, {"shots": 4096, "success": true, "status": null, "seed": null, "meas_level": 2, "meas_return": null, "header": {"qubit_labels": [["q", 0], ["q", 1], ["q", 2], ["q", 3], ["q", 4]], "n_qubits": 5, "qreg_sizes": [["q", 5]], "clbit_labels": [["c", 0], ["c", 1], ["c", 2]], "memory_slots": 3, "creg_sizes": [["c", 3]], "name": "circuit-843592", "global_phase": 0.0, "metadata": {}}, "data": {"counts": {"0x0": 1877, "0x1": 509, "0x2": 541, "0x3": 118, "0x4": 498, "0x5": 310, "0x6": 148, "0x7": 95}, "snapshots": null, "memory": null, "statevector": null, "unitary": null}}, {"shots": 4096, "success": true, "status": null, "seed": null, "meas_level": 2, "meas_return": null, "header": {"qubit_labels": [["q", 0], ["q", 1], ["q", 2], ["q", 3], ["q", 4]], "n_qubits": 5, "qreg_sizes": [["q", 5]], "clbit_labels": [["c", 0], ["c", 1], ["c", 2]], "memory_slots": 3, "creg_sizes": [["c", 3]], "name": "circuit-846140", "global_phase": 0.0, "metadata": {}}, "data": {"counts": {"0x0": 480, "0x1": 406, "0x2": 382, "0x3": 647, "0x4": 417, "0x5": 643, "0x6": 677, "0x7": 444}, "snapshots": null, "memory": null, "statevector": null, "unitary": null}}, {"shots": 4096, "success": true, "status": null, "seed": null, "meas_level": 2, "meas_return": null, "header": {"qubit_labels": [["q", 0], ["q", 1], ["q", 2], ["q", 3], ["q", 4]], "n_qubits": 5, "qreg_sizes": [["q", 5]], "clbit_labels": [["c", 0], ["c", 1], ["c", 2]], "memory_slots": 3, "creg_sizes": [["c", 3]], "name": "circuit-846141", "global_phase": 0.0, "metadata": {}}, "data": {"counts": {"0x0": 1863, "0x1": 450, "0x2": 557, "0x3": 178, "0x4": 521, "0x5": 267, "0x6": 166, "0x7": 94}, "snapshots": null, "memory": null, "statevector": null, "unitary": null}}, {"shots": 4096, "success": true, "status": null, "seed": null, "meas_level": 2, "meas_return": null, "header": {"qubit_labels": [["q", 0], ["q", 1], ["q", 2], ["q", 3], ["q", 4]], "n_qubits": 5, "qreg_sizes": [["q", 5]], "clbit_labels": [["c", 0], ["c", 1], ["c", 2]], "memory_slots": 3, "creg_sizes": [["c", 3]], "name": "circuit-848910", "global_phase": 0.0, "metadata": {}}, "data": {"counts": {"0x0": 464, "0x1": 436, "0x2": 482, "0x3": 607, "0x4": 445, "0x5": 534, "0x6": 710, "0x7": 418}, "snapshots": null, "memory": null, "statevector": null, "unitary": null}}, {"shots": 4096, "success": true, "status": null, "seed": null, "meas_level": 2, "meas_return": null, "header": {"qubit_labels": [["q", 0], ["q", 1], ["q", 2], ["q", 3], ["q", 4]], "n_qubits": 5, "qreg_sizes": [["q", 5]], "clbit_labels": [["c", 0], ["c", 1], ["c", 2]], "memory_slots": 3, "creg_sizes": [["c", 3]], "name": "circuit-848911", "global_phase": 0.0, "metadata": {}}, "data": {"counts": {"0x0": 1756, "0x1": 458, "0x2": 604, "0x3": 142, "0x4": 531, "0x5": 335, "0x6": 176, "0x7": 94}, "snapshots": null, "memory": null, "statevector": null, "unitary": null}}, {"shots": 4096, "success": true, "status": null, "seed": null, "meas_level": 2, "meas_return": null, "header": {"qubit_labels": [["q", 0], ["q", 1], ["q", 2], ["q", 3], ["q", 4]], "n_qubits": 5, "qreg_sizes": [["q", 5]], "clbit_labels": [["c", 0], ["c", 1], ["c", 2]], "memory_slots": 3, "creg_sizes": [["c", 3]], "name": "circuit-851816", "global_phase": 0.0, "metadata": {}}, "data": {"counts": {"0x0": 638, "0x1": 441, "0x2": 426, "0x3": 549, "0x4": 577, "0x5": 533, "0x6": 513, "0x7": 419}, "snapshots": null, "memory": null, "statevector": null, "unitary": null}}, {"shots": 4096, "success": true, "status": null, "seed": null, "meas_level": 2, "meas_return": null, "header": {"qubit_labels": [["q", 0], ["q", 1], ["q", 2], ["q", 3], ["q", 4]], "n_qubits": 5, "qreg_sizes": [["q", 5]], "clbit_labels": [["c", 0], ["c", 1], ["c", 2]], "memory_slots": 3, "creg_sizes": [["c", 3]], "name": "circuit-851817", "global_phase": 0.0, "metadata": {}}, "data": {"counts": {"0x0": 1464, "0x1": 610, "0x2": 557, "0x3": 213, "0x4": 555, "0x5": 362, "0x6": 217, "0x7": 118}, "snapshots": null, "memory": null, "statevector": null, "unitary": null}}, {"shots": 4096, "success": true, "status": null, "seed": null, "meas_level": 2, "meas_return": null, "header": {"qubit_labels": [["q", 0], ["q", 1], ["q", 2], ["q", 3], ["q", 4]], "n_qubits": 5, "qreg_sizes": [["q", 5]], "clbit_labels": [["c", 0], ["c", 1], ["c", 2]], "memory_slots": 3, "creg_sizes": [["c", 3]], "name": "circuit-854870", "global_phase": 0.0, "metadata": {}}, "data": {"counts": {"0x0": 945, "0x1": 214, "0x2": 168, "0x3": 850, "0x4": 177, "0x5": 816, "0x6": 834, "0x7": 92}, "snapshots": null, "memory": null, "statevector": null, "unitary": null}}, {"shots": 4096, "success": true, "status": null, "seed": null, "meas_level": 2, "meas_return": null, "header": {"qubit_labels": [["q", 0], ["q", 1], ["q", 2], ["q", 3], ["q", 4]], "n_qubits": 5, "qreg_sizes": [["q", 5]], "clbit_labels": [["c", 0], ["c", 1], ["c", 2]], "memory_slots": 3, "creg_sizes": [["c", 3]], "name": "circuit-854871", "global_phase": 0.0, "metadata": {}}, "data": {"counts": {"0x0": 3608, "0x1": 125, "0x2": 105, "0x3": 4, "0x4": 231, "0x5": 16, "0x6": 7}, "snapshots": null, "memory": null, "statevector": null, "unitary": null}}, {"shots": 4096, "success": true, "status": null, "seed": null, "meas_level": 2, "meas_return": null, "header": {"qubit_labels": [["q", 0], ["q", 1], ["q", 2], ["q", 3], ["q", 4]], "n_qubits": 5, "qreg_sizes": [["q", 5]], "clbit_labels": [["c", 0], ["c", 1], ["c", 2]], "memory_slots": 3, "creg_sizes": [["c", 3]], "name": "circuit-855220", "global_phase": 0.0, "metadata": {}}, "data": {"counts": {"0x0": 769, "0x1": 276, "0x2": 283, "0x3": 686, "0x4": 321, "0x5": 803, "0x6": 781, "0x7": 177}, "snapshots": null, "memory": null, "statevector": null, "unitary": null}}, {"shots": 4096, "success": true, "status": null, "seed": null, "meas_level": 2, "meas_return": null, "header": {"qubit_labels": [["q", 0], ["q", 1], ["q", 2], ["q", 3], ["q", 4]], "n_qubits": 5, "qreg_sizes": [["q", 5]], "clbit_labels": [["c", 0], ["c", 1], ["c", 2]], "memory_slots": 3, "creg_sizes": [["c", 3]], "name": "circuit-855221", "global_phase": 0.0, "metadata": {}}, "data": {"counts": {"0x0": 3471, "0x1": 147, "0x2": 154, "0x3": 6, "0x4": 239, "0x5": 66, "0x6": 7, "0x7": 6}, "snapshots": null, "memory": null, "statevector": null, "unitary": null}}, {"shots": 4096, "success": true, "status": null, "seed": null, "meas_level": 2, "meas_return": null, "header": {"qubit_labels": [["q", 0], ["q", 1], ["q", 2], ["q", 3], ["q", 4]], "n_qubits": 5, "qreg_sizes": [["q", 5]], "clbit_labels": [["c", 0], ["c", 1], ["c", 2]], "memory_slots": 3, "creg_sizes": [["c", 3]], "name": "circuit-855726", "global_phase": 0.0, "metadata": {}}, "data": {"counts": {"0x0": 729, "0x1": 359, "0x2": 336, "0x3": 771, "0x4": 368, "0x5": 626, "0x6": 663, "0x7": 244}, "snapshots": null, "memory": null, "statevector": null, "unitary": null}}, {"shots": 4096, "success": true, "status": null, "seed": null, "meas_level": 2, "meas_return": null, "header": {"qubit_labels": [["q", 0], ["q", 1], ["q", 2], ["q", 3], ["q", 4]], "n_qubits": 5, "qreg_sizes": [["q", 5]], "clbit_labels": [["c", 0], ["c", 1], ["c", 2]], "memory_slots": 3, "creg_sizes": [["c", 3]], "name": "circuit-855727", "global_phase": 0.0, "metadata": {}}, "data": {"counts": {"0x0": 3311, "0x1": 190, "0x2": 208, "0x3": 17, "0x4": 274, "0x5": 60, "0x6": 30, "0x7": 6}, "snapshots": null, "memory": null, "statevector": null, "unitary": null}}, {"shots": 4096, "success": true, "status": null, "seed": null, "meas_level": 2, "meas_return": null, "header": {"qubit_labels": [["q", 0], ["q", 1], ["q", 2], ["q", 3], ["q", 4]], "n_qubits": 5, "qreg_sizes": [["q", 5]], "clbit_labels": [["c", 0], ["c", 1], ["c", 2]], "memory_slots": 3, "creg_sizes": [["c", 3]], "name": "circuit-856374", "global_phase": 0.0, "metadata": {}}, "data": {"counts": {"0x0": 470, "0x1": 509, "0x2": 546, "0x3": 430, "0x4": 537, "0x5": 586, "0x6": 617, "0x7": 401}, "snapshots": null, "memory": null, "statevector": null, "unitary": null}}, {"shots": 4096, "success": true, "status": null, "seed": null, "meas_level": 2, "meas_return": null, "header": {"qubit_labels": [["q", 0], ["q", 1], ["q", 2], ["q", 3], ["q", 4]], "n_qubits": 5, "qreg_sizes": [["q", 5]], "clbit_labels": [["c", 0], ["c", 1], ["c", 2]], "memory_slots": 3, "creg_sizes": [["c", 3]], "name": "circuit-856375", "global_phase": 0.0, "metadata": {}}, "data": {"counts": {"0x0": 3154, "0x1": 221, "0x2": 238, "0x3": 37, "0x4": 346, "0x5": 69, "0x6": 20, "0x7": 11}, "snapshots": null, "memory": null, "statevector": null, "unitary": null}}, {"shots": 4096, "success": true, "status": null, "seed": null, "meas_level": 2, "meas_return": null, "header": {"qubit_labels": [["q", 0], ["q", 1], ["q", 2], ["q", 3], ["q", 4]], "n_qubits": 5, "qreg_sizes": [["q", 5]], "clbit_labels": [["c", 0], ["c", 1], ["c", 2]], "memory_slots": 3, "creg_sizes": [["c", 3]], "name": "circuit-857162", "global_phase": 0.0, "metadata": {}}, "data": {"counts": {"0x0": 558, "0x1": 744, "0x2": 503, "0x3": 461, "0x4": 531, "0x5": 375, "0x6": 388, "0x7": 536}, "snapshots": null, "memory": null, "statevector": null, "unitary": null}}, {"shots": 4096, "success": true, "status": null, "seed": null, "meas_level": 2, "meas_return": null, "header": {"qubit_labels": [["q", 0], ["q", 1], ["q", 2], ["q", 3], ["q", 4]], "n_qubits": 5, "qreg_sizes": [["q", 5]], "clbit_labels": [["c", 0], ["c", 1], ["c", 2]], "memory_slots": 3, "creg_sizes": [["c", 3]], "name": "circuit-857163", "global_phase": 0.0, "metadata": {}}, "data": {"counts": {"0x0": 3062, "0x1": 239, "0x2": 266, "0x3": 26, "0x4": 301, "0x5": 158, "0x6": 25, "0x7": 19}, "snapshots": null, "memory": null, "statevector": null, "unitary": null}}, {"shots": 4096, "success": true, "status": null, "seed": null, "meas_level": 2, "meas_return": null, "header": {"qubit_labels": [["q", 0], ["q", 1], ["q", 2], ["q", 3], ["q", 4]], "n_qubits": 5, "qreg_sizes": [["q", 5]], "clbit_labels": [["c", 0], ["c", 1], ["c", 2]], "memory_slots": 3, "creg_sizes": [["c", 3]], "name": "circuit-858049", "global_phase": 0.0, "metadata": {}}, "data": {"counts": {"0x0": 428, "0x1": 725, "0x2": 572, "0x3": 408, "0x4": 550, "0x5": 348, "0x6": 386, "0x7": 679}, "snapshots": null, "memory": null, "statevector": null, "unitary": null}}, {"shots": 4096, "success": true, "status": null, "seed": null, "meas_level": 2, "meas_return": null, "header": {"qubit_labels": [["q", 0], ["q", 1], ["q", 2], ["q", 3], ["q", 4]], "n_qubits": 5, "qreg_sizes": [["q", 5]], "clbit_labels": [["c", 0], ["c", 1], ["c", 2]], "memory_slots": 3, "creg_sizes": [["c", 3]], "name": "circuit-858050", "global_phase": 0.0, "metadata": {}}, "data": {"counts": {"0x0": 2878, "0x1": 298, "0x2": 325, "0x3": 42, "0x4": 331, "0x5": 161, "0x6": 44, "0x7": 17}, "snapshots": null, "memory": null, "statevector": null, "unitary": null}}, {"shots": 4096, "success": true, "status": null, "seed": null, "meas_level": 2, "meas_return": null, "header": {"qubit_labels": [["q", 0], ["q", 1], ["q", 2], ["q", 3], ["q", 4]], "n_qubits": 5, "qreg_sizes": [["q", 5]], "clbit_labels": [["c", 0], ["c", 1], ["c", 2]], "memory_slots": 3, "creg_sizes": [["c", 3]], "name": "circuit-859100", "global_phase": 0.0, "metadata": {}}, "data": {"counts": {"0x0": 366, "0x1": 710, "0x2": 842, "0x3": 246, "0x4": 618, "0x5": 331, "0x6": 380, "0x7": 603}, "snapshots": null, "memory": null, "statevector": null, "unitary": null}}, {"shots": 4096, "success": true, "status": null, "seed": null, "meas_level": 2, "meas_return": null, "header": {"qubit_labels": [["q", 0], ["q", 1], ["q", 2], ["q", 3], ["q", 4]], "n_qubits": 5, "qreg_sizes": [["q", 5]], "clbit_labels": [["c", 0], ["c", 1], ["c", 2]], "memory_slots": 3, "creg_sizes": [["c", 3]], "name": "circuit-859101", "global_phase": 0.0, "metadata": {}}, "data": {"counts": {"0x0": 2851, "0x1": 281, "0x2": 346, "0x3": 46, "0x4": 399, "0x5": 115, "0x6": 40, "0x7": 18}, "snapshots": null, "memory": null, "statevector": null, "unitary": null}}, {"shots": 4096, "success": true, "status": null, "seed": null, "meas_level": 2, "meas_return": null, "header": {"qubit_labels": [["q", 0], ["q", 1], ["q", 2], ["q", 3], ["q", 4]], "n_qubits": 5, "qreg_sizes": [["q", 5]], "clbit_labels": [["c", 0], ["c", 1], ["c", 2]], "memory_slots": 3, "creg_sizes": [["c", 3]], "name": "circuit-860292", "global_phase": 0.0, "metadata": {}}, "data": {"counts": {"0x0": 355, "0x1": 651, "0x2": 800, "0x3": 295, "0x4": 717, "0x5": 267, "0x6": 264, "0x7": 747}, "snapshots": null, "memory": null, "statevector": null, "unitary": null}}, {"shots": 4096, "success": true, "status": null, "seed": null, "meas_level": 2, "meas_return": null, "header": {"qubit_labels": [["q", 0], ["q", 1], ["q", 2], ["q", 3], ["q", 4]], "n_qubits": 5, "qreg_sizes": [["q", 5]], "clbit_labels": [["c", 0], ["c", 1], ["c", 2]], "memory_slots": 3, "creg_sizes": [["c", 3]], "name": "circuit-860293", "global_phase": 0.0, "metadata": {}}, "data": {"counts": {"0x0": 2646, "0x1": 345, "0x2": 366, "0x3": 46, "0x4": 392, "0x5": 195, "0x6": 70, "0x7": 36}, "snapshots": null, "memory": null, "statevector": null, "unitary": null}}, {"shots": 4096, "success": true, "status": null, "seed": null, "meas_level": 2, "meas_return": null, "header": {"qubit_labels": [["q", 0], ["q", 1], ["q", 2], ["q", 3], ["q", 4]], "n_qubits": 5, "qreg_sizes": [["q", 5]], "clbit_labels": [["c", 0], ["c", 1], ["c", 2]], "memory_slots": 3, "creg_sizes": [["c", 3]], "name": "circuit-861672", "global_phase": 0.0, "metadata": {}}, "data": {"counts": {"0x0": 361, "0x1": 690, "0x2": 675, "0x3": 309, "0x4": 626, "0x5": 354, "0x6": 348, "0x7": 733}, "snapshots": null, "memory": null, "statevector": null, "unitary": null}}, {"shots": 4096, "success": true, "status": null, "seed": null, "meas_level": 2, "meas_return": null, "header": {"qubit_labels": [["q", 0], ["q", 1], ["q", 2], ["q", 3], ["q", 4]], "n_qubits": 5, "qreg_sizes": [["q", 5]], "clbit_labels": [["c", 0], ["c", 1], ["c", 2]], "memory_slots": 3, "creg_sizes": [["c", 3]], "name": "circuit-861673", "global_phase": 0.0, "metadata": {}}, "data": {"counts": {"0x0": 2652, "0x1": 261, "0x2": 440, "0x3": 59, "0x4": 391, "0x5": 182, "0x6": 76, "0x7": 35}, "snapshots": null, "memory": null, "statevector": null, "unitary": null}}, {"shots": 4096, "success": true, "status": null, "seed": null, "meas_level": 2, "meas_return": null, "header": {"qubit_labels": [["q", 0], ["q", 1], ["q", 2], ["q", 3], ["q", 4]], "n_qubits": 5, "qreg_sizes": [["q", 5]], "clbit_labels": [["c", 0], ["c", 1], ["c", 2]], "memory_slots": 3, "creg_sizes": [["c", 3]], "name": "circuit-863181", "global_phase": 0.0, "metadata": {}}, "data": {"counts": {"0x0": 398, "0x1": 528, "0x2": 585, "0x3": 420, "0x4": 762, "0x5": 403, "0x6": 386, "0x7": 614}, "snapshots": null, "memory": null, "statevector": null, "unitary": null}}, {"shots": 4096, "success": true, "status": null, "seed": null, "meas_level": 2, "meas_return": null, "header": {"qubit_labels": [["q", 0], ["q", 1], ["q", 2], ["q", 3], ["q", 4]], "n_qubits": 5, "qreg_sizes": [["q", 5]], "clbit_labels": [["c", 0], ["c", 1], ["c", 2]], "memory_slots": 3, "creg_sizes": [["c", 3]], "name": "circuit-863182", "global_phase": 0.0, "metadata": {}}, "data": {"counts": {"0x0": 2423, "0x1": 388, "0x2": 384, "0x3": 71, "0x4": 471, "0x5": 229, "0x6": 83, "0x7": 47}, "snapshots": null, "memory": null, "statevector": null, "unitary": null}}], "error": null}