{"backend_name": "ibmq_quito", "backend_version": "1.1.33", "qobj_id": "2479b787-0d5a-4c3a-956c-200e5dc1238f", "job_id": "62e183555593a8b2e71929a0", "date": "2022-07-27T18:30:21Z", "success": true, "status": "Successful completion", "execution_id": "d7790466-0dd9-11ed-986f-b02628f7f59e", "time_taken": 133.21974802017212, "header": {"backend_name": "ibmq_quito", "backend_version": "1.1.33"}, "results": [{"shots": 4096, "success": true, "status": null, "seed": null, "meas_level": 2, "meas_return": null, "header": {"qubit_labels": [["q", 0], ["q", 1], ["q", 2], ["q", 3], ["q", 4]], "n_qubits": 5, "qreg_sizes": [["q", 5]], "clbit_labels": [["c", 0], ["c", 1], ["c", 2]], "memory_slots": 3, "creg_sizes": [["c", 3]], "name": "circuit-787119", "global_phase": 3.9269908169872387, "metadata": {}}, "data": {"counts": {"0x0": 914, "0x1": 221, "0x2": 188, "0x3": 770, "0x4": 190, "0x5": 816, "0x6": 827, "0x7": 170}, "snapshots": null, "memory": null, "statevector": null, "unitary": null}}, {"shots": 4096, "success": true, "status": null, "seed": null, "meas_level": 2, "meas_return": null, "header": {"qubit_labels": [["q", 0], ["q", 1], ["q", 2], ["q", 3], ["q", 4]], "n_qubits": 5, "qreg_sizes": [["q", 5]], "clbit_labels": [["c", 0], ["c", 1], ["c", 2]], "memory_slots": 3, "creg_sizes": [["c", 3]], "name": "circuit-787120", "global_phase": 1.7763568394002505e-15, "metadata": {}}, "data": {"counts": {"0x0": 3598, "0x1": 99, "0x2": 118, "0x3": 7, "0x4": 230, "0x5": 33, "0x6": 11}, "snapshots": null, "memory": null, "statevector": null, "unitary": null}}, {"shots": 4096, "success": true, "status": null, "seed": null, "meas_level": 2, "meas_return": null, "header": {"qubit_labels": [["q", 0], ["q", 1], ["q", 2], ["q", 3], ["q", 4]], "n_qubits": 5, "qreg_sizes": [["q", 5]], "clbit_labels": [["c", 0], ["c", 1], ["c", 2]], "memory_slots": 3, "creg_sizes": [["c", 3]], "name": "circuit-787474", "global_phase": 0.7853981633974509, "metadata": {}}, "data": {"counts": {"0x0": 696, "0x1": 308, "0x2": 276, "0x3": 818, "0x4": 281, "0x5": 753, "0x6": 796, "0x7": 168}, "snapshots": null, "memory": null, "statevector": null, "unitary": null}}, {"shots": 4096, "success": true, "status": null, "seed": null, "meas_level": 2, "meas_return": null, "header": {"qubit_labels": [["q", 0], ["q", 1], ["q", 2], ["q", 3], ["q", 4]], "n_qubits": 5, "qreg_sizes": [["q", 5]], "clbit_labels": [["c", 0], ["c", 1], ["c", 2]], "memory_slots": 3, "creg_sizes": [["c", 3]], "name": "circuit-787475", "global_phase": 1.5707963267949014, "metadata": {}}, "data": {"counts": {"0x0": 3515, "0x1": 147, "0x2": 170, "0x3": 13, "0x4": 212, "0x5": 25, "0x6": 14}, "snapshots": null, "memory": null, "statevector": null, "unitary": null}}, {"shots": 4096, "success": true, "status": null, "seed": null, "meas_level": 2, "meas_return": null, "header": {"qubit_labels": [["q", 0], ["q", 1], ["q", 2], ["q", 3], ["q", 4]], "n_qubits": 5, "qreg_sizes": [["q", 5]], "clbit_labels": [["c", 0], ["c", 1], ["c", 2]], "memory_slots": 3, "creg_sizes": [["c", 3]], "name": "circuit-787957", "global_phase": 5.497787143782141, "metadata": {}}, "data": {"counts": {"0x0": 712, "0x1": 367, "0x2": 394, "0x3": 646, "0x4": 485, "0x5": 538, "0x6": 579, "0x7": 375}, "snapshots": null, "memory": null, "statevector": null, "unitary": null}}, {"shots": 4096, "success": true, "status": null, "seed": null, "meas_level": 2, "meas_return": null, "header": {"qubit_labels": [["q", 0], ["q", 1], ["q", 2], ["q", 3], ["q", 4]], "n_qubits": 5, "qreg_sizes": [["q", 5]], "clbit_labels": [["c", 0], ["c", 1], ["c", 2]], "memory_slots": 3, "creg_sizes": [["c", 3]], "name": "circuit-787958", "global_phase": 4.712388980384698, "metadata": {}}, "data": {"counts": {"0x0": 3265, "0x1": 172, "0x2": 289, "0x3": 13, "0x4": 256, "0x5": 68, "0x6": 30, "0x7": 3}, "snapshots": null, "memory": null, "statevector": null, "unitary": null}}, {"shots": 4096, "success": true, "status": null, "seed": null, "meas_level": 2, "meas_return": null, "header": {"qubit_labels": [["q", 0], ["q", 1], ["q", 2], ["q", 3], ["q", 4]], "n_qubits": 5, "qreg_sizes": [["q", 5]], "clbit_labels": [["c", 0], ["c", 1], ["c", 2]], "memory_slots": 3, "creg_sizes": [["c", 3]], "name": "circuit-788588", "global_phase": 0.7853981633974509, "metadata": {}}, "data": {"counts": {"0x0": 638, "0x1": 405, "0x2": 561, "0x3": 582, "0x4": 493, "0x5": 448, "0x6": 525, "0x7": 444}, "snapshots": null, "memory": null, "statevector": null, "unitary": null}}, {"shots": 4096, "success": true, "status": null, "seed": null, "meas_level": 2, "meas_return": null, "header": {"qubit_labels": [["q", 0], ["q", 1], ["q", 2], ["q", 3], ["q", 4]], "n_qubits": 5, "qreg_sizes": [["q", 5]], "clbit_labels": [["c", 0], ["c", 1], ["c", 2]], "memory_slots": 3, "creg_sizes": [["c", 3]], "name": "circuit-788589", "global_phase": 8.881784197001252e-15, "metadata": {}}, "data": {"counts": {"0x0": 3240, "0x1": 166, "0x2": 292, "0x3": 27, "0x4": 260, "0x5": 75, "0x6": 22, "0x7": 14}, "snapshots": null, "memory": null, "statevector": null, "unitary": null}}, {"shots": 4096, "success": true, "status": null, "seed": null, "meas_level": 2, "meas_return": null, "header": {"qubit_labels": [["q", 0], ["q", 1], ["q", 2], ["q", 3], ["q", 4]], "n_qubits": 5, "qreg_sizes": [["q", 5]], "clbit_labels": [["c", 0], ["c", 1], ["c", 2]], "memory_slots": 3, "creg_sizes": [["c", 3]], "name": "circuit-789383", "global_phase": 3.9269908169872476, "metadata": {}}, "data": {"counts": {"0x0": 529, "0x1": 448, "0x2": 510, "0x3": 440, "0x4": 691, "0x5": 515, "0x6": 453, "0x7": 510}, "snapshots": null, "memory": null, "statevector": null, "unitary": null}}, {"shots": 4096, "success": true, "status": null, "seed": null, "meas_level": 2, "meas_return": null, "header": {"qubit_labels": [["q", 0], ["q", 1], ["q", 2], ["q", 3], ["q", 4]], "n_qubits": 5, "qreg_sizes": [["q", 5]], "clbit_labels": [["c", 0], ["c", 1], ["c", 2]], "memory_slots": 3, "creg_sizes": [["c", 3]], "name": "circuit-789384", "global_phase": 1.570796326794908, "metadata": {}}, "data": {"counts": {"0x0": 2928, "0x1": 210, "0x2": 415, "0x3": 33, "0x4": 315, "0x5": 152, "0x6": 29, "0x7": 14}, "snapshots": null, "memory": null, "statevector": null, "unitary": null}}, {"shots": 4096, "success": true, "status": null, "seed": null, "meas_level": 2, "meas_return": null, "header": {"qubit_labels": [["q", 0], ["q", 1], ["q", 2], ["q", 3], ["q", 4]], "n_qubits": 5, "qreg_sizes": [["q", 5]], "clbit_labels": [["c", 0], ["c", 1], ["c", 2]], "memory_slots": 3, "creg_sizes": [["c", 3]], "name": "circuit-790305", "global_phase": 5.49778714378214, "metadata": {}}, "data": {"counts": {"0x0": 425, "0x1": 551, "0x2": 730, "0x3": 346, "0x4": 695, "0x5": 456, "0x6": 373, "0x7": 520}, "snapshots": null, "memory": null, "statevector": null, "unitary": null}}, {"shots": 4096, "success": true, "status": null, "seed": null, "meas_level": 2, "meas_return": null, "header": {"qubit_labels": [["q", 0], ["q", 1], ["q", 2], ["q", 3], ["q", 4]], "n_qubits": 5, "qreg_sizes": [["q", 5]], "clbit_labels": [["c", 0], ["c", 1], ["c", 2]], "memory_slots": 3, "creg_sizes": [["c", 3]], "name": "circuit-790306", "global_phase": 1.9539925233402755e-14, "metadata": {}}, "data": {"counts": {"0x0": 2902, "0x1": 304, "0x2": 410, "0x3": 49, "0x4": 229, "0x5": 148, "0x6": 33, "0x7": 21}, "snapshots": null, "memory": null, "statevector": null, "unitary": null}}, {"shots": 4096, "success": true, "status": null, "seed": null, "meas_level": 2, "meas_return": null, "header": {"qubit_labels": [["q", 0], ["q", 1], ["q", 2], ["q", 3], ["q", 4]], "n_qubits": 5, "qreg_sizes": [["q", 5]], "clbit_labels": [["c", 0], ["c", 1], ["c", 2]], "memory_slots": 3, "creg_sizes": [["c", 3]], "name": "circuit-791353", "global_phase": 2.3561944901923537, "metadata": {}}, "data": {"counts": {"0x0": 421, "0x1": 601, "0x2": 735, "0x3": 324, "0x4": 654, "0x5": 318, "0x6": 333, "0x7": 710}, "snapshots": null, "memory": null, "statevector": null, "unitary": null}}, {"shots": 4096, "success": true, "status": null, "seed": null, "meas_level": 2, "meas_return": null, "header": {"qubit_labels": [["q", 0], ["q", 1], ["q", 2], ["q", 3], ["q", 4]], "n_qubits": 5, "qreg_sizes": [["q", 5]], "clbit_labels": [["c", 0], ["c", 1], ["c", 2]], "memory_slots": 3, "creg_sizes": [["c", 3]], "name": "circuit-791354", "global_phase": 1.865174681370263e-14, "metadata": {}}, "data": {"counts": {"0x0": 2881, "0x1": 242, "0x2": 446, "0x3": 35, "0x4": 255, "0x5": 162, "0x6": 42, "0x7": 33}, "snapshots": null, "memory": null, "statevector": null, "unitary": null}}, {"shots": 4096, "success": true, "status": null, "seed": null, "meas_level": 2, "meas_return": null, "header": {"qubit_labels": [["q", 0], ["q", 1], ["q", 2], ["q", 3], ["q", 4]], "n_qubits": 5, "qreg_sizes": [["q", 5]], "clbit_labels": [["c", 0], ["c", 1], ["c", 2]], "memory_slots": 3, "creg_sizes": [["c", 3]], "name": "circuit-792511", "global_phase": 2.356194490192351, "metadata": {}}, "data": {"counts": {"0x0": 374, "0x1": 820, "0x2": 628, "0x3": 287, "0x4": 825, "0x5": 329, "0x6": 274, "0x7": 559}, "snapshots": null, "memory": null, "statevector": null, "unitary": null}}, {"shots": 4096, "success": true, "status": null, "seed": null, "meas_level": 2, "meas_return": null, "header": {"qubit_labels": [["q", 0], ["q", 1], ["q", 2], ["q", 3], ["q", 4]], "n_qubits": 5, "qreg_sizes": [["q", 5]], "clbit_labels": [["c", 0], ["c", 1], ["c", 2]], "memory_slots": 3, "creg_sizes": [["c", 3]], "name": "circuit-792512", "global_phase": 4.712388980384706, "metadata": {}}, "data": {"counts": {"0x0": 2746, "0x1": 282, "0x2": 434, "0x3": 57, "0x4": 332, "0x5": 155, "0x6": 53, "0x7": 37}, "snapshots": null, "memory": null, "statevector": null, "unitary": null}}, {"shots": 4096, "success": true, "status": null, "seed": null, "meas_level": 2, "meas_return": null, "header": {"qubit_labels": [["q", 0], ["q", 1], ["q", 2], ["q", 3], ["q", 4]], "n_qubits": 5, "qreg_sizes": [["q", 5]], "clbit_labels": [["c", 0], ["c", 1], ["c", 2]], "memory_slots": 3, "creg_sizes": [["c", 3]], "name": "circuit-793860", "global_phase": 5.49778714378215, "metadata": {}}, "data": {"counts": {"0x0": 354, "0x1": 716, "0x2": 791, "0x3": 327, "0x4": 635, "0x5": 331, "0x6": 330, "0x7": 612}, "snapshots": null, "memory": null, "statevector": null, "unitary": null}}, {"shots": 4096, "success": true, "status": null, "seed": null, "meas_level": 2, "meas_return": null, "header": {"qubit_labels": [["q", 0], ["q", 1], ["q", 2], ["q", 3], ["q", 4]], "n_qubits": 5, "qreg_sizes": [["q", 5]], "clbit_labels": [["c", 0], ["c", 1], ["c", 2]], "memory_slots": 3, "creg_sizes": [["c", 3]], "name": "circuit-793861", "global_phase": 2.042810365310288e-14, "metadata": {}}, "data": {"counts": {"0x0": 2718, "0x1": 262, "0x2": 514, "0x3": 59, "0x4": 288, "0x5": 155, "0x6": 69, "0x7": 31}, "snapshots": null, "memory": null, "statevector": null, "unitary": null}}, {"shots": 4096, "success": true, "status": null, "seed": null, "meas_level": 2, "meas_return": null, "header": {"qubit_labels": [["q", 0], ["q", 1], ["q", 2], ["q", 3], ["q", 4]], "n_qubits": 5, "qreg_sizes": [["q", 5]], "clbit_labels": [["c", 0], ["c", 1], ["c", 2]], "memory_slots": 3, "creg_sizes": [["c", 3]], "name": "circuit-795352", "global_phase": 0.7853981633974652, "metadata": {}}, "data": {"counts": {"0x0": 420, "0x1": 796, "0x2": 562, "0x3": 307, "0x4": 802, "0x5": 270, "0x6": 364, "0x7": 575}, "snapshots": null, "memory": null, "statevector": null, "unitary": null}}, {"shots": 4096, "success": true, "status": null, "seed": null, "meas_level": 2, "meas_return": null, "header": {"qubit_labels": [["q", 0], ["q", 1], ["q", 2], ["q", 3], ["q", 4]], "n_qubits": 5, "qreg_sizes": [["q", 5]], "clbit_labels": [["c", 0], ["c", 1], ["c", 2]], "memory_slots": 3, "creg_sizes": [["c", 3]], "name": "circuit-795353", "global_phase": 3.197442310920451e-14, "metadata": {}}, "data": {"counts": {"0x0": 2555, "0x1": 300, "0x2": 549, "0x3": 63, "0x4": 362, "0x5": 163, "0x6": 69, "0x7": 35}, "snapshots": null, "memory": null, "statevector": null, "unitary": null}}, {"shots": 4096, "success": true, "status": null, "seed": null, "meas_level": 2, "meas_return": null, "header": {"qubit_labels": [["q", 0], ["q", 1], ["q", 2], ["q", 3], ["q", 4]], "n_qubits": 5, "qreg_sizes": [["q", 5]], "clbit_labels": [["c", 0], ["c", 1], ["c", 2]], "memory_slots": 3, "creg_sizes": [["c", 3]], "name": "circuit-796950", "global_phase": 0.7853981633974563, "metadata": {}}, "data": {"counts": {"0x0": 413, "0x1": 769, "0x2": 517, "0x3": 405, "0x4": 609, "0x5": 403, "0x6": 382, "0x7": 598}, "snapshots": null, "memory": null, "statevector": null, "unitary": null}}, {"shots": 4096, "success": true, "status": null, "seed": null, "meas_level": 2, "meas_return": null, "header": {"qubit_labels": [["q", 0], ["q", 1], ["q", 2], ["q", 3], ["q", 4]], "n_qubits": 5, "qreg_sizes": [["q", 5]], "clbit_labels": [["c", 0], ["c", 1], ["c", 2]], "memory_slots": 3, "creg_sizes": [["c", 3]], "name": "circuit-796951", "global_phase": 1.5707963267949268, "metadata": {}}, "data": {"counts": {"0x0": 2461, "0x1": 345, "0x2": 572, "0x3": 111, "0x4": 311, "0x5": 162, "0x6": 90, "0x7": 44}, "snapshots": null, "memory": null, "statevector": null, "unitary": null}}, {"shots": 4096, "success": true, "status": null, "seed": null, "meas_level": 2, "meas_return": null, "header": {"qubit_labels": [["q", 0], ["q", 1], ["q", 2], ["q", 3], ["q", 4]], "n_qubits": 5, "qreg_sizes": [["q", 5]], "clbit_labels": [["c", 0], ["c", 1], ["c", 2]], "memory_slots": 3, "creg_sizes": [["c", 3]], "name": "circuit-798682", "global_phase": 5.497787143782151, "metadata": {}}, "data": {"counts": {"0x0": 442, "0x1": 668, "0x2": 623, "0x3": 403, "0x4": 579, "0x5": 411, "0x6": 514, "0x7": 456}, "snapshots": null, "memory": null, "statevector": null, "unitary": null}}, {"shots": 4096, "success": true, "status": null, "seed": null, "meas_level": 2, "meas_return": null, "header": {"qubit_labels": [["q", 0], ["q", 1], ["q", 2], ["q", 3], ["q", 4]], "n_qubits": 5, "qreg_sizes": [["q", 5]], "clbit_labels": [["c", 0], ["c", 1], ["c", 2]], "memory_slots": 3, "creg_sizes": [["c", 3]], "name": "circuit-798683", "global_phase": 4.712388980384721, "metadata": {}}, "data": {"counts": {"0x0": 2300, "0x1": 353, "0x2": 596, "0x3": 115, "0x4": 359, "0x5": 217, "0x6": 93, "0x7": 63}, "snapshots": null, "memory": null, "statevector": null, "unitary": null}}, {"shots": 4096, "success": true, "status": null, "seed": null, "meas_level": 2, "meas_return": null, "header": {"qubit_labels": [["q", 0], ["q", 1], ["q", 2], ["q", 3], ["q", 4]], "n_qubits": 5, "qreg_sizes": [["q", 5]], "clbit_labels": [["c", 0], ["c", 1], ["c", 2]], "memory_slots": 3, "creg_sizes": [["c", 3]], "name": "circuit-800586", "global_phase": 5.497787143782156, "metadata": {}}, "data": {"counts": {"0x0": 472, "0x1": 620, "0x2": 538, "0x3": 527, "0x4": 485, "0x5": 456, "0x6": 623, "0x7": 375}, "snapshots": null, "memory": null, "statevector": null, "unitary": null}}, {"shots": 4096, "success": true, "status": null, "seed": null, "meas_level": 2, "meas_return": null, "header": {"qubit_labels": [["q", 0], ["q", 1], ["q", 2], ["q", 3], ["q", 4]], "n_qubits": 5, "qreg_sizes": [["q", 5]], "clbit_labels": [["c", 0], ["c", 1], ["c", 2]], "memory_slots": 3, "creg_sizes": [["c", 3]], "name": "circuit-800587", "global_phase": 4.7123889803847225, "metadata": {}}, "data": {"counts": {"0x0": 2253, "0x1": 367, "0x2": 638, "0x3": 123, "0x4": 314, "0x5": 223, "0x6": 104, "0x7": 74}, "snapshots": null, "memory": null, "statevector": null, "unitary": null}}, {"shots": 4096, "success": true, "status": null, "seed": null, "meas_level": 2, "meas_return": null, "header": {"qubit_labels": [["q", 0], ["q", 1], ["q", 2], ["q", 3], ["q", 4]], "n_qubits": 5, "qreg_sizes": [["q", 5]], "clbit_labels": [["c", 0], ["c", 1], ["c", 2]], "memory_slots": 3, "creg_sizes": [["c", 3]], "name": "circuit-802635", "global_phase": 2.356194490192361, "metadata": {}}, "data": {"counts": {"0x0": 646, "0x1": 355, "0x2": 476, "0x3": 542, "0x4": 478, "0x5": 402, "0x6": 755, "0x7": 442}, "snapshots": null, "memory": null, "statevector": null, "unitary": null}}, {"shots": 4096, "success": true, "status": null, "seed": null, "meas_level": 2, "meas_return": null, "header": {"qubit_labels": [["q", 0], ["q", 1], ["q", 2], ["q", 3], ["q", 4]], "n_qubits": 5, "qreg_sizes": [["q", 5]], "clbit_labels": [["c", 0], ["c", 1], ["c", 2]], "memory_slots": 3, "creg_sizes": [["c", 3]], "name": "circuit-802636", "global_phase": 3.141592653589831, "metadata": {}}, "data": {"counts": {"0x0": 2111, "0x1": 441, "0x2": 680, "0x3": 130, "0x4": 305, "0x5": 235, "0x6": 116, "0x7": 78}, "snapshots": null, "memory": null, "statevector": null, "unitary": null}}, {"shots": 4096, "success": true, "status": null, "seed": null, "meas_level": 2, "meas_return": null, "header": {"qubit_labels": [["q", 0], ["q", 1], ["q", 2], ["q", 3], ["q", 4]], "n_qubits": 5, "qreg_sizes": [["q", 5]], "clbit_labels": [["c", 0], ["c", 1], ["c", 2]], "memory_slots": 3, "creg_sizes": [["c", 3]], "name": "circuit-804807", "global_phase": 5.497787143782146, "metadata": {}}, "data": {"counts": {"0x0": 646, "0x1": 452, "0x2": 377, "0x3": 524, "0x4": 469, "0x5": 505, "0x6": 583, "0x7": 540}, "snapshots": null, "memory": null, "statevector": null, "unitary": null}}, {"shots": 4096, "success": true, "status": null, "seed": null, "meas_level": 2, "meas_return": null, "header": {"qubit_labels": [["q", 0], ["q", 1], ["q", 2], ["q", 3], ["q", 4]], "n_qubits": 5, "qreg_sizes": [["q", 5]], "clbit_labels": [["c", 0], ["c", 1], ["c", 2]], "memory_slots": 3, "creg_sizes": [["c", 3]], "name": "circuit-804808", "global_phase": 3.1415926535898278, "metadata": {}}, "data": {"counts": {"0x0": 2000, "0x1": 426, "0x2": 710, "0x3": 143, "0x4": 320, "0x5": 282, "0x6": 116, "0x7": 99}, "snapshots": null, "memory": null, "statevector": null, "unitary": null}}, {"shots": 4096, "success": true, "status": null, "seed": null, "meas_level": 2, "meas_return": null, "header": {"qubit_labels": [["q", 0], ["q", 1], ["q", 2], ["q", 3], ["q", 4]], "n_qubits": 5, "qreg_sizes": [["q", 5]], "clbit_labels": [["c", 0], ["c", 1], ["c", 2]], "memory_slots": 3, "creg_sizes": [["c", 3]], "name": "circuit-807155", "global_phase": 2.3561944901923564, "metadata": {}}, "data": {"counts": {"0x0": 650, "0x1": 386, "0x2": 426, "0x3": 617, "0x4": 421, "0x5": 641, "0x6": 587, "0x7": 368}, "snapshots": null, "memory": null, "statevector": null, "unitary": null}}, {"shots": 4096, "success": true, "status": null, "seed": null, "meas_level": 2, "meas_return": null, "header": {"qubit_labels": [["q", 0], ["q", 1], ["q", 2], ["q", 3], ["q", 4]], "n_qubits": 5, "qreg_sizes": [["q", 5]], "clbit_labels": [["c", 0], ["c", 1], ["c", 2]], "memory_slots": 3, "creg_sizes": [["c", 3]], "name": "circuit-807156", "global_phase": 3.1415926535898384, "metadata": {}}, "data": {"counts": {"0x0": 2028, "0x1": 437, "0x2": 730, "0x3": 172, "0x4": 331, "0x5": 202, "0x6": 124, "0x7": 72}, "snapshots": null, "memory": null, "statevector": null, "unitary": null}}, {"shots": 4096, "success": true, "status": null, "seed": null, "meas_level": 2, "meas_return": null, "header": {"qubit_labels": [["q", 0], ["q", 1], ["q", 2], ["q", 3], ["q", 4]], "n_qubits": 5, "qreg_sizes": [["q", 5]], "clbit_labels": [["c", 0], ["c", 1], ["c", 2]], "memory_slots": 3, "creg_sizes": [["c", 3]], "name": "circuit-809612", "global_phase": 5.497787143782157, "metadata": {}}, "data": {"counts": {"0x0": 663, "0x1": 408, "0x2": 374, "0x3": 609, "0x4": 395, "0x5": 739, "0x6": 537, "0x7": 371}, "snapshots": null, "memory": null, "statevector": null, "unitary": null}}, {"shots": 4096, "success": true, "status": null, "seed": null, "meas_level": 2, "meas_return": null, "header": {"qubit_labels": [["q", 0], ["q", 1], ["q", 2], ["q", 3], ["q", 4]], "n_qubits": 5, "qreg_sizes": [["q", 5]], "clbit_labels": [["c", 0], ["c", 1], ["c", 2]], "memory_slots": 3, "creg_sizes": [["c", 3]], "name": "circuit-809613", "global_phase": 3.141592653589834, "metadata": {}}, "data": {"counts": {"0x0": 1751, "0x1": 478, "0x2": 810, "0x3": 187, "0x4": 336, "0x5": 250, "0x6": 158, "0x7": 126}, "snapshots": null, "memory": null, "statevector": null, "unitary": null}}, {"shots": 4096, "success": true, "status": null, "seed": null, "meas_level": 2, "meas_return": null, "header": {"qubit_labels": [["q", 0], ["q", 1], ["q", 2], ["q", 3], ["q", 4]], "n_qubits": 5, "qreg_sizes": [["q", 5]], "clbit_labels": [["c", 0], ["c", 1], ["c", 2]], "memory_slots": 3, "creg_sizes": [["c", 3]], "name": "circuit-812278", "global_phase": 5.497787143782148, "metadata": {}}, "data": {"counts": {"0x0": 524, "0x1": 403, "0x2": 417, "0x3": 619, "0x4": 417, "0x5": 644, "0x6": 729, "0x7": 343}, "snapshots": null, "memory": null, "statevector": null, "unitary": null}}, {"shots": 4096, "success": true, "status": null, "seed": null, "meas_level": 2, "meas_return": null, "header": {"qubit_labels": [["q", 0], ["q", 1], ["q", 2], ["q", 3], ["q", 4]], "n_qubits": 5, "qreg_sizes": [["q", 5]], "clbit_labels": [["c", 0], ["c", 1], ["c", 2]], "memory_slots": 3, "creg_sizes": [["c", 3]], "name": "circuit-812279", "global_phase": 3.907985046680551e-14, "metadata": {}}, "data": {"counts": {"0x0": 1737, "0x1": 490, "0x2": 752, "0x3": 218, "0x4": 378, "0x5": 243, "0x6": 151, "0x7": 127}, "snapshots": null, "memory": null, "statevector": null, "unitary": null}}, {"shots": 4096, "success": true, "status": null, "seed": null, "meas_level": 2, "meas_return": null, "header": {"qubit_labels": [["q", 0], ["q", 1], ["q", 2], ["q", 3], ["q", 4]], "n_qubits": 5, "qreg_sizes": [["q", 5]], "clbit_labels": [["c", 0], ["c", 1], ["c", 2]], "memory_slots": 3, "creg_sizes": [["c", 3]], "name": "circuit-815042", "global_phase": 0.7853981633974616, "metadata": {}}, "data": {"counts": {"0x0": 690, "0x1": 354, "0x2": 483, "0x3": 497, "0x4": 438, "0x5": 672, "0x6": 556, "0x7": 406}, "snapshots": null, "memory": null, "statevector": null, "unitary": null}}, {"shots": 4096, "success": true, "status": null, "seed": null, "meas_level": 2, "meas_return": null, "header": {"qubit_labels": [["q", 0], ["q", 1], ["q", 2], ["q", 3], ["q", 4]], "n_qubits": 5, "qreg_sizes": [["q", 5]], "clbit_labels": [["c", 0], ["c", 1], ["c", 2]], "memory_slots": 3, "creg_sizes": [["c", 3]], "name": "circuit-815043", "global_phase": 4.7123889803847465, "metadata": {}}, "data": {"counts": {"0x0": 1748, "0x1": 496, "0x2": 784, "0x3": 200, "0x4": 361, "0x5": 224, "0x6": 143, "0x7": 140}, "snapshots": null, "memory": null, "statevector": null, "unitary": null}}, {"shots": 4096, "success": true, "status": null, "seed": null, "meas_level": 2, "meas_return": null, "header": {"qubit_labels": [["q", 0], ["q", 1], ["q", 2], ["q", 3], ["q", 4]], "n_qubits": 5, "qreg_sizes": [["q", 5]], "clbit_labels": [["c", 0], ["c", 1], ["c", 2]], "memory_slots": 3, "creg_sizes": [["c", 3]], "name": "circuit-817997", "global_phase": 2.3561944901923564, "metadata": {}}, "data": {"counts": {"0x0": 619, "0x1": 425, "0x2": 401, "0x3": 530, "0x4": 511, "0x5": 604, "0x6": 600, "0x7": 406}, "snapshots": null, "memory": null, "statevector": null, "unitary": null}}, {"shots": 4096, "success": true, "status": null, "seed": null, "meas_level": 2, "meas_return": null, "header": {"qubit_labels": [["q", 0], ["q", 1], ["q", 2], ["q", 3], ["q", 4]], "n_qubits": 5, "qreg_sizes": [["q", 5]], "clbit_labels": [["c", 0], ["c", 1], ["c", 2]], "memory_slots": 3, "creg_sizes": [["c", 3]], "name": "circuit-817998", "global_phase": 4.7123889803847465, "metadata": {}}, "data": {"counts": {"0x0": 1632, "0x1": 523, "0x2": 803, "0x3": 252, "0x4": 362, "0x5": 254, "0x6": 148, "0x7": 122}, "snapshots": null, "memory": null, "statevector": null, "unitary": null}}, {"shots": 4096, "success": true, "status": null, "seed": null, "meas_level": 2, "meas_return": null, "header": {"qubit_labels": [["q", 0], ["q", 1], ["q", 2], ["q", 3], ["q", 4]], "n_qubits": 5, "qreg_sizes": [["q", 5]], "clbit_labels": [["c", 0], ["c", 1], ["c", 2]], "memory_slots": 3, "creg_sizes": [["c", 3]], "name": "circuit-821034", "global_phase": 0.7853981633974474, "metadata": {}}, "data": {"counts": {"0x0": 1032, "0x1": 201, "0x2": 175, "0x3": 816, "0x4": 196, "0x5": 879, "0x6": 702, "0x7": 95}, "snapshots": null, "memory": null, "statevector": null, "unitary": null}}, {"shots": 4096, "success": true, "status": null, "seed": null, "meas_level": 2, "meas_return": null, "header": {"qubit_labels": [["q", 0], ["q", 1], ["q", 2], ["q", 3], ["q", 4]], "n_qubits": 5, "qreg_sizes": [["q", 5]], "clbit_labels": [["c", 0], ["c", 1], ["c", 2]], "memory_slots": 3, "creg_sizes": [["c", 3]], "name": "circuit-821035", "global_phase": 1.5707963267948983, "metadata": {}}, "data": {"counts": {"0x0": 3649, "0x1": 102, "0x2": 96, "0x3": 2, "0x4": 165, "0x5": 72, "0x6": 6, "0x7": 4}, "snapshots": null, "memory": null, "statevector": null, "unitary": null}}, {"shots": 4096, "success": true, "status": null, "seed": null, "meas_level": 2, "meas_return": null, "header": {"qubit_labels": [["q", 0], ["q", 1], ["q", 2], ["q", 3], ["q", 4]], "n_qubits": 5, "qreg_sizes": [["q", 5]], "clbit_labels": [["c", 0], ["c", 1], ["c", 2]], "memory_slots": 3, "creg_sizes": [["c", 3]], "name": "circuit-821378", "global_phase": 2.3561944901923466, "metadata": {}}, "data": {"counts": {"0x0": 700, "0x1": 269, "0x2": 294, "0x3": 723, "0x4": 337, "0x5": 734, "0x6": 800, "0x7": 239}, "snapshots": null, "memory": null, "statevector": null, "unitary": null}}, {"shots": 4096, "success": true, "status": null, "seed": null, "meas_level": 2, "meas_return": null, "header": {"qubit_labels": [["q", 0], ["q", 1], ["q", 2], ["q", 3], ["q", 4]], "n_qubits": 5, "qreg_sizes": [["q", 5]], "clbit_labels": [["c", 0], ["c", 1], ["c", 2]], "memory_slots": 3, "creg_sizes": [["c", 3]], "name": "circuit-821379", "global_phase": 4.712388980384693, "metadata": {}}, "data": {"counts": {"0x0": 3367, "0x1": 148, "0x2": 230, "0x3": 13, "0x4": 204, "0x5": 117, "0x6": 11, "0x7": 6}, "snapshots": null, "memory": null, "statevector": null, "unitary": null}}, {"shots": 4096, "success": true, "status": null, "seed": null, "meas_level": 2, "meas_return": null, "header": {"qubit_labels": [["q", 0], ["q", 1], ["q", 2], ["q", 3], ["q", 4]], "n_qubits": 5, "qreg_sizes": [["q", 5]], "clbit_labels": [["c", 0], ["c", 1], ["c", 2]], "memory_slots": 3, "creg_sizes": [["c", 3]], "name": "circuit-821859", "global_phase": 5.49778714378214, "metadata": {}}, "data": {"counts": {"0x0": 755, "0x1": 373, "0x2": 345, "0x3": 697, "0x4": 335, "0x5": 596, "0x6": 719, "0x7": 276}, "snapshots": null, "memory": null, "statevector": null, "unitary": null}}, {"shots": 4096, "success": true, "status": null, "seed": null, "meas_level": 2, "meas_return": null, "header": {"qubit_labels": [["q", 0], ["q", 1], ["q", 2], ["q", 3], ["q", 4]], "n_qubits": 5, "qreg_sizes": [["q", 5]], "clbit_labels": [["c", 0], ["c", 1], ["c", 2]], "memory_slots": 3, "creg_sizes": [["c", 3]], "name": "circuit-821860", "global_phase": 8.881784197001252e-15, "metadata": {}}, "data": {"counts": {"0x0": 3329, "0x1": 188, "0x2": 254, "0x3": 12, "0x4": 219, "0x5": 66, "0x6": 18, "0x7": 10}, "snapshots": null, "memory": null, "statevector": null, "unitary": null}}, {"shots": 4096, "success": true, "status": null, "seed": null, "meas_level": 2, "meas_return": null, "header": {"qubit_labels": [["q", 0], ["q", 1], ["q", 2], ["q", 3], ["q", 4]], "n_qubits": 5, "qreg_sizes": [["q", 5]], "clbit_labels": [["c", 0], ["c", 1], ["c", 2]], "memory_slots": 3, "creg_sizes": [["c", 3]], "name": "circuit-822484", "global_phase": 5.497787143782139, "metadata": {}}, "data": {"counts": {"0x0": 622, "0x1": 434, "0x2": 389, "0x3": 603, "0x4": 523, "0x5": 559, "0x6": 579, "0x7": 387}, "snapshots": null, "memory": null, "statevector": null, "unitary": null}}, {"shots": 4096, "success": true, "status": null, "seed": null, "meas_level": 2, "meas_return": null, "header": {"qubit_labels": [["q", 0], ["q", 1], ["q", 2], ["q", 3], ["q", 4]], "n_qubits": 5, "qreg_sizes": [["q", 5]], "clbit_labels": [["c", 0], ["c", 1], ["c", 2]], "memory_slots": 3, "creg_sizes": [["c", 3]], "name": "circuit-822485", "global_phase": 3.1415926535898024, "metadata": {}}, "data": {"counts": {"0x0": 3169, "0x1": 183, "0x2": 273, "0x3": 17, "0x4": 270, "0x5": 143, "0x6": 26, "0x7": 15}, "snapshots": null, "memory": null, "statevector": null, "unitary": null}}, {"shots": 4096, "success": true, "status": null, "seed": null, "meas_level": 2, "meas_return": null, "header": {"qubit_labels": [["q", 0], ["q", 1], ["q", 2], ["q", 3], ["q", 4]], "n_qubits": 5, "qreg_sizes": [["q", 5]], "clbit_labels": [["c", 0], ["c", 1], ["c", 2]], "memory_slots": 3, "creg_sizes": [["c", 3]], "name": "circuit-823244", "global_phase": 2.3561944901923546, "metadata": {}}, "data": {"counts": {"0x0": 525, "0x1": 489, "0x2": 622, "0x3": 490, "0x4": 587, "0x5": 461, "0x6": 395, "0x7": 527}, "snapshots": null, "memory": null, "statevector": null, "unitary": null}}, {"shots": 4096, "success": true, "status": null, "seed": null, "meas_level": 2, "meas_return": null, "header": {"qubit_labels": [["q", 0], ["q", 1], ["q", 2], ["q", 3], ["q", 4]], "n_qubits": 5, "qreg_sizes": [["q", 5]], "clbit_labels": [["c", 0], ["c", 1], ["c", 2]], "memory_slots": 3, "creg_sizes": [["c", 3]], "name": "circuit-823245", "global_phase": 1.570796326794908, "metadata": {}}, "data": {"counts": {"0x0": 3026, "0x1": 204, "0x2": 436, "0x3": 27, "0x4": 272, "0x5": 79, "0x6": 41, "0x7": 11}, "snapshots": null, "memory": null, "statevector": null, "unitary": null}}, {"shots": 4096, "success": true, "status": null, "seed": null, "meas_level": 2, "meas_return": null, "header": {"qubit_labels": [["q", 0], ["q", 1], ["q", 2], ["q", 3], ["q", 4]], "n_qubits": 5, "qreg_sizes": [["q", 5]], "clbit_labels": [["c", 0], ["c", 1], ["c", 2]], "memory_slots": 3, "creg_sizes": [["c", 3]], "name": "circuit-824161", "global_phase": 2.3561944901923573, "metadata": {}}, "data": {"counts": {"0x0": 569, "0x1": 524, "0x2": 494, "0x3": 546, "0x4": 552, "0x5": 426, "0x6": 429, "0x7": 556}, "snapshots": null, "memory": null, "statevector": null, "unitary": null}}, {"shots": 4096, "success": true, "status": null, "seed": null, "meas_level": 2, "meas_return": null, "header": {"qubit_labels": [["q", 0], ["q", 1], ["q", 2], ["q", 3], ["q", 4]], "n_qubits": 5, "qreg_sizes": [["q", 5]], "clbit_labels": [["c", 0], ["c", 1], ["c", 2]], "memory_slots": 3, "creg_sizes": [["c", 3]], "name": "circuit-824162", "global_phase": 4.712388980384704, "metadata": {}}, "data": {"counts": {"0x0": 2851, "0x1": 253, "0x2": 439, "0x3": 41, "0x4": 317, "0x5": 129, "0x6": 41, "0x7": 25}, "snapshots": null, "memory": null, "statevector": null, "unitary": null}}, {"shots": 4096, "success": true, "status": null, "seed": null, "meas_level": 2, "meas_return": null, "header": {"qubit_labels": [["q", 0], ["q", 1], ["q", 2], ["q", 3], ["q", 4]], "n_qubits": 5, "qreg_sizes": [["q", 5]], "clbit_labels": [["c", 0], ["c", 1], ["c", 2]], "memory_slots": 3, "creg_sizes": [["c", 3]], "name": "circuit-825194", "global_phase": 5.497787143782146, "metadata": {}}, "data": {"counts": {"0x0": 531, "0x1": 708, "0x2": 582, "0x3": 333, "0x4": 651, "0x5": 319, "0x6": 332, "0x7": 640}, "snapshots": null, "memory": null, "statevector": null, "unitary": null}}, {"shots": 4096, "success": true, "status": null, "seed": null, "meas_level": 2, "meas_return": null, "header": {"qubit_labels": [["q", 0], ["q", 1], ["q", 2], ["q", 3], ["q", 4]], "n_qubits": 5, "qreg_sizes": [["q", 5]], "clbit_labels": [["c", 0], ["c", 1], ["c", 2]], "memory_slots": 3, "creg_sizes": [["c", 3]], "name": "circuit-825195", "global_phase": 1.7763568394002505e-14, "metadata": {}}, "data": {"counts": {"0x0": 2732, "0x1": 294, "0x2": 503, "0x3": 48, "0x4": 297, "0x5": 145, "0x6": 55, "0x7": 22}, "snapshots": null, "memory": null, "statevector": null, "unitary": null}}, {"shots": 4096, "success": true, "status": null, "seed": null, "meas_level": 2, "meas_return": null, "header": {"qubit_labels": [["q", 0], ["q", 1], ["q", 2], ["q", 3], ["q", 4]], "n_qubits": 5, "qreg_sizes": [["q", 5]], "clbit_labels": [["c", 0], ["c", 1], ["c", 2]], "memory_slots": 3, "creg_sizes": [["c", 3]], "name": "circuit-826369", "global_phase": 2.356194490192353, "metadata": {}}, "data": {"counts": {"0x0": 400, "0x1": 557, "0x2": 649, "0x3": 281, "0x4": 851, "0x5": 283, "0x6": 275, "0x7": 800}, "snapshots": null, "memory": null, "statevector": null, "unitary": null}}, {"shots": 4096, "success": true, "status": null, "seed": null, "meas_level": 2, "meas_return": null, "header": {"qubit_labels": [["q", 0], ["q", 1], ["q", 2], ["q", 3], ["q", 4]], "n_qubits": 5, "qreg_sizes": [["q", 5]], "clbit_labels": [["c", 0], ["c", 1], ["c", 2]], "memory_slots": 3, "creg_sizes": [["c", 3]], "name": "circuit-826370", "global_phase": 2.220446049250313e-14, "metadata": {}}, "data": {"counts": {"0x0": 2750, "0x1": 300, "0x2": 456, "0x3": 73, "0x4": 309, "0x5": 130, "0x6": 56, "0x7": 22}, "snapshots": null, "memory": null, "statevector": null, "unitary": null}}, {"shots": 4096, "success": true, "status": null, "seed": null, "meas_level": 2, "meas_return": null, "header": {"qubit_labels": [["q", 0], ["q", 1], ["q", 2], ["q", 3], ["q", 4]], "n_qubits": 5, "qreg_sizes": [["q", 5]], "clbit_labels": [["c", 0], ["c", 1], ["c", 2]], "memory_slots": 3, "creg_sizes": [["c", 3]], "name": "circuit-827721", "global_phase": 2.3561944901923537, "metadata": {}}, "data": {"counts": {"0x0": 377, "0x1": 801, "0x2": 621, "0x3": 289, "0x4": 758, "0x5": 332, "0x6": 277, "0x7": 641}, "snapshots": null, "memory": null, "statevector": null, "unitary": null}}, {"shots": 4096, "success": true, "status": null, "seed": null, "meas_level": 2, "meas_return": null, "header": {"qubit_labels": [["q", 0], ["q", 1], ["q", 2], ["q", 3], ["q", 4]], "n_qubits": 5, "qreg_sizes": [["q", 5]], "clbit_labels": [["c", 0], ["c", 1], ["c", 2]], "memory_slots": 3, "creg_sizes": [["c", 3]], "name": "circuit-827722", "global_phase": 1.570796326794917, "metadata": {}}, "data": {"counts": {"0x0": 2630, "0x1": 352, "0x2": 546, "0x3": 65, "0x4": 270, "0x5": 135, "0x6": 65, "0x7": 33}, "snapshots": null, "memory": null, "statevector": null, "unitary": null}}, {"shots": 4096, "success": true, "status": null, "seed": null, "meas_level": 2, "meas_return": null, "header": {"qubit_labels": [["q", 0], ["q", 1], ["q", 2], ["q", 3], ["q", 4]], "n_qubits": 5, "qreg_sizes": [["q", 5]], "clbit_labels": [["c", 0], ["c", 1], ["c", 2]], "memory_slots": 3, "creg_sizes": [["c", 3]], "name": "circuit-829246", "global_phase": 0.7853981633974669, "metadata": {}}, "data": {"counts": {"0x0": 393, "0x1": 535, "0x2": 712, "0x3": 291, "0x4": 815, "0x5": 331, "0x6": 309, "0x7": 710}, "snapshots": null, "memory": null, "statevector": null, "unitary": null}}, {"shots": 4096, "success": true, "status": null, "seed": null, "meas_level": 2, "meas_return": null, "header": {"qubit_labels": [["q", 0], ["q", 1], ["q", 2], ["q", 3], ["q", 4]], "n_qubits": 5, "qreg_sizes": [["q", 5]], "clbit_labels": [["c", 0], ["c", 1], ["c", 2]], "memory_slots": 3, "creg_sizes": [["c", 3]], "name": "circuit-829247", "global_phase": 4.712388980384706, "metadata": {}}, "data": {"counts": {"0x0": 2570, "0x1": 381, "0x2": 494, "0x3": 106, "0x4": 277, "0x5": 171, "0x6": 59, "0x7": 38}, "snapshots": null, "memory": null, "statevector": null, "unitary": null}}, {"shots": 4096, "success": true, "status": null, "seed": null, "meas_level": 2, "meas_return": null, "header": {"qubit_labels": [["q", 0], ["q", 1], ["q", 2], ["q", 3], ["q", 4]], "n_qubits": 5, "qreg_sizes": [["q", 5]], "clbit_labels": [["c", 0], ["c", 1], ["c", 2]], "memory_slots": 3, "creg_sizes": [["c", 3]], "name": "circuit-830860", "global_phase": 3.926990816987254, "metadata": {}}, "data": {"counts": {"0x0": 430, "0x1": 567, "0x2": 579, "0x3": 420, "0x4": 645, "0x5": 400, "0x6": 467, "0x7": 588}, "snapshots": null, "memory": null, "statevector": null, "unitary": null}}, {"shots": 4096, "success": true, "status": null, "seed": null, "meas_level": 2, "meas_return": null, "header": {"qubit_labels": [["q", 0], ["q", 1], ["q", 2], ["q", 3], ["q", 4]], "n_qubits": 5, "qreg_sizes": [["q", 5]], "clbit_labels": [["c", 0], ["c", 1], ["c", 2]], "memory_slots": 3, "creg_sizes": [["c", 3]], "name": "circuit-830861", "global_phase": 3.1415926535898095, "metadata": {}}, "data": {"counts": {"0x0": 2412, "0x1": 318, "0x2": 577, "0x3": 96, "0x4": 343, "0x5": 212, "0x6": 86, "0x7": 52}, "snapshots": null, "memory": null, "statevector": null, "unitary": null}}, {"shots": 4096, "success": true, "status": null, "seed": null, "meas_level": 2, "meas_return": null, "header": {"qubit_labels": [["q", 0], ["q", 1], ["q", 2], ["q", 3], ["q", 4]], "n_qubits": 5, "qreg_sizes": [["q", 5]], "clbit_labels": [["c", 0], ["c", 1], ["c", 2]], "memory_slots": 3, "creg_sizes": [["c", 3]], "name": "circuit-832615", "global_phase": 5.4977871437821495, "metadata": {}}, "data": {"counts": {"0x0": 439, "0x1": 391, "0x2": 624, "0x3": 386, "0x4": 738, "0x5": 488, "0x6": 459, "0x7": 571}, "snapshots": null, "memory": null, "statevector": null, "unitary": null}}, {"shots": 4096, "success": true, "status": null, "seed": null, "meas_level": 2, "meas_return": null, "header": {"qubit_labels": [["q", 0], ["q", 1], ["q", 2], ["q", 3], ["q", 4]], "n_qubits": 5, "qreg_sizes": [["q", 5]], "clbit_labels": [["c", 0], ["c", 1], ["c", 2]], "memory_slots": 3, "creg_sizes": [["c", 3]], "name": "circuit-832616", "global_phase": 3.141592653589825, "metadata": {}}, "data": {"counts": {"0x0": 2276, "0x1": 367, "0x2": 657, "0x3": 93, "0x4": 324, "0x5": 212, "0x6": 107, "0x7": 60}, "snapshots": null, "memory": null, "statevector": null, "unitary": null}}, {"shots": 4096, "success": true, "status": null, "seed": null, "meas_level": 2, "meas_return": null, "header": {"qubit_labels": [["q", 0], ["q", 1], ["q", 2], ["q", 3], ["q", 4]], "n_qubits": 5, "qreg_sizes": [["q", 5]], "clbit_labels": [["c", 0], ["c", 1], ["c", 2]], "memory_slots": 3, "creg_sizes": [["c", 3]], "name": "circuit-834508", "global_phase": 3.926990816987253, "metadata": {}}, "data": {"counts": {"0x0": 549, "0x1": 561, "0x2": 489, "0x3": 475, "0x4": 776, "0x5": 343, "0x6": 413, "0x7": 490}, "snapshots": null, "memory": null, "statevector": null, "unitary": null}}, {"shots": 4096, "success": true, "status": null, "seed": null, "meas_level": 2, "meas_return": null, "header": {"qubit_labels": [["q", 0], ["q", 1], ["q", 2], ["q", 3], ["q", 4]], "n_qubits": 5, "qreg_sizes": [["q", 5]], "clbit_labels": [["c", 0], ["c", 1], ["c", 2]], "memory_slots": 3, "creg_sizes": [["c", 3]], "name": "circuit-834509", "global_phase": 3.1415926535898238, "metadata": {}}, "data": {"counts": {"0x0": 2078, "0x1": 362, "0x2": 678, "0x3": 133, "0x4": 310, "0x5": 316, "0x6": 111, "0x7": 108}, "snapshots": null, "memory": null, "statevector": null, "unitary": null}}, {"shots": 4096, "success": true, "status": null, "seed": null, "meas_level": 2, "meas_return": null, "header": {"qubit_labels": [["q", 0], ["q", 1], ["q", 2], ["q", 3], ["q", 4]], "n_qubits": 5, "qreg_sizes": [["q", 5]], "clbit_labels": [["c", 0], ["c", 1], ["c", 2]], "memory_slots": 3, "creg_sizes": [["c", 3]], "name": "circuit-836559", "global_phase": 3.9269908169872556, "metadata": {}}, "data": {"counts": {"0x0": 581, "0x1": 491, "0x2": 377, "0x3": 634, "0x4": 497, "0x5": 486, "0x6": 590, "0x7": 440}, "snapshots": null, "memory": null, "statevector": null, "unitary": null}}, {"shots": 4096, "success": true, "status": null, "seed": null, "meas_level": 2, "meas_return": null, "header": {"qubit_labels": [["q", 0], ["q", 1], ["q", 2], ["q", 3], ["q", 4]], "n_qubits": 5, "qreg_sizes": [["q", 5]], "clbit_labels": [["c", 0], ["c", 1], ["c", 2]], "memory_slots": 3, "creg_sizes": [["c", 3]], "name": "circuit-836560", "global_phase": 3.1415926535898295, "metadata": {}}, "data": {"counts": {"0x0": 2052, "0x1": 398, "0x2": 716, "0x3": 159, "0x4": 321, "0x5": 250, "0x6": 123, "0x7": 77}, "snapshots": null, "memory": null, "statevector": null, "unitary": null}}, {"shots": 4096, "success": true, "status": null, "seed": null, "meas_level": 2, "meas_return": null, "header": {"qubit_labels": [["q", 0], ["q", 1], ["q", 2], ["q", 3], ["q", 4]], "n_qubits": 5, "qreg_sizes": [["q", 5]], "clbit_labels": [["c", 0], ["c", 1], ["c", 2]], "memory_slots": 3, "creg_sizes": [["c", 3]], "name": "circuit-838801", "global_phase": 3.9269908169872565, "metadata": {}}, "data": {"counts": {"0x0": 613, "0x1": 508, "0x2": 404, "0x3": 670, "0x4": 431, "0x5": 541, "0x6": 538, "0x7": 391}, "snapshots": null, "memory": null, "statevector": null, "unitary": null}}, {"shots": 4096, "success": true, "status": null, "seed": null, "meas_level": 2, "meas_return": null, "header": {"qubit_labels": [["q", 0], ["q", 1], ["q", 2], ["q", 3], ["q", 4]], "n_qubits": 5, "qreg_sizes": [["q", 5]], "clbit_labels": [["c", 0], ["c", 1], ["c", 2]], "memory_slots": 3, "creg_sizes": [["c", 3]], "name": "circuit-838802", "global_phase": 1.5707963267949347, "metadata": {}}, "data": {"counts": {"0x0": 2041, "0x1": 434, "0x2": 750, "0x3": 180, "0x4": 321, "0x5": 189, "0x6": 109, "0x7": 72}, "snapshots": null, "memory": null, "statevector": null, "unitary": null}}, {"shots": 4096, "success": true, "status": null, "seed": null, "meas_level": 2, "meas_return": null, "header": {"qubit_labels": [["q", 0], ["q", 1], ["q", 2], ["q", 3], ["q", 4]], "n_qubits": 5, "qreg_sizes": [["q", 5]], "clbit_labels": [["c", 0], ["c", 1], ["c", 2]], "memory_slots": 3, "creg_sizes": [["c", 3]], "name": "circuit-841158", "global_phase": 2.3561944901923653, "metadata": {}}, "data": {"counts": {"0x0": 665, "0x1": 387, "0x2": 431, "0x3": 703, "0x4": 414, "0x5": 556, "0x6": 582, "0x7": 358}, "snapshots": null, "memory": null, "statevector": null, "unitary": null}}, {"shots": 4096, "success": true, "status": null, "seed": null, "meas_level": 2, "meas_return": null, "header": {"qubit_labels": [["q", 0], ["q", 1], ["q", 2], ["q", 3], ["q", 4]], "n_qubits": 5, "qreg_sizes": [["q", 5]], "clbit_labels": [["c", 0], ["c", 1], ["c", 2]], "memory_slots": 3, "creg_sizes": [["c", 3]], "name": "circuit-841159", "global_phase": 3.1415926535898375, "metadata": {}}, "data": {"counts": {"0x0": 1934, "0x1": 412, "0x2": 762, "0x3": 149, "0x4": 387, "0x5": 211, "0x6": 153, "0x7": 88}, "snapshots": null, "memory": null, "statevector": null, "unitary": null}}, {"shots": 4096, "success": true, "status": null, "seed": null, "meas_level": 2, "meas_return": null, "header": {"qubit_labels": [["q", 0], ["q", 1], ["q", 2], ["q", 3], ["q", 4]], "n_qubits": 5, "qreg_sizes": [["q", 5]], "clbit_labels": [["c", 0], ["c", 1], ["c", 2]], "memory_slots": 3, "creg_sizes": [["c", 3]], "name": "circuit-843591", "global_phase": 3.9269908169872583, "metadata": {}}, "data": {"counts": {"0x0": 580, "0x1": 379, "0x2": 385, "0x3": 670, "0x4": 411, "0x5": 622, "0x6": 705, "0x7": 344}, "snapshots": null, "memory": null, "statevector": null, "unitary": null}}, {"shots": 4096, "success": true, "status": null, "seed": null, "meas_level": 2, "meas_return": null, "header": {"qubit_labels": [["q", 0], ["q", 1], ["q", 2], ["q", 3], ["q", 4]], "n_qubits": 5, "qreg_sizes": [["q", 5]], "clbit_labels": [["c", 0], ["c", 1], ["c", 2]], "memory_slots": 3, "creg_sizes": [["c", 3]], "name": "circuit-843592", "global_phase": 3.141592653589842, "metadata": {}}, "data": {"counts": {"0x0": 1922, "0x1": 385, "0x2": 716, "0x3": 135, "0x4": 354, "0x5": 307, "0x6": 159, "0x7": 118}, "snapshots": null, "memory": null, "statevector": null, "unitary": null}}, {"shots": 4096, "success": true, "status": null, "seed": null, "meas_level": 2, "meas_return": null, "header": {"qubit_labels": [["q", 0], ["q", 1], ["q", 2], ["q", 3], ["q", 4]], "n_qubits": 5, "qreg_sizes": [["q", 5]], "clbit_labels": [["c", 0], ["c", 1], ["c", 2]], "memory_slots": 3, "creg_sizes": [["c", 3]], "name": "circuit-846140", "global_phase": 3.926990816987259, "metadata": {}}, "data": {"counts": {"0x0": 447, "0x1": 368, "0x2": 420, "0x3": 562, "0x4": 447, "0x5": 644, "0x6": 758, "0x7": 450}, "snapshots": null, "memory": null, "statevector": null, "unitary": null}}, {"shots": 4096, "success": true, "status": null, "seed": null, "meas_level": 2, "meas_return": null, "header": {"qubit_labels": [["q", 0], ["q", 1], ["q", 2], ["q", 3], ["q", 4]], "n_qubits": 5, "qreg_sizes": [["q", 5]], "clbit_labels": [["c", 0], ["c", 1], ["c", 2]], "memory_slots": 3, "creg_sizes": [["c", 3]], "name": "circuit-846141", "global_phase": 1.5707963267949427, "metadata": {}}, "data": {"counts": {"0x0": 1795, "0x1": 505, "0x2": 806, "0x3": 229, "0x4": 335, "0x5": 200, "0x6": 135, "0x7": 91}, "snapshots": null, "memory": null, "statevector": null, "unitary": null}}, {"shots": 4096, "success": true, "status": null, "seed": null, "meas_level": 2, "meas_return": null, "header": {"qubit_labels": [["q", 0], ["q", 1], ["q", 2], ["q", 3], ["q", 4]], "n_qubits": 5, "qreg_sizes": [["q", 5]], "clbit_labels": [["c", 0], ["c", 1], ["c", 2]], "memory_slots": 3, "creg_sizes": [["c", 3]], "name": "circuit-848910", "global_phase": 5.4977871437821575, "metadata": {}}, "data": {"counts": {"0x0": 557, "0x1": 453, "0x2": 433, "0x3": 478, "0x4": 424, "0x5": 590, "0x6": 749, "0x7": 412}, "snapshots": null, "memory": null, "statevector": null, "unitary": null}}, {"shots": 4096, "success": true, "status": null, "seed": null, "meas_level": 2, "meas_return": null, "header": {"qubit_labels": [["q", 0], ["q", 1], ["q", 2], ["q", 3], ["q", 4]], "n_qubits": 5, "qreg_sizes": [["q", 5]], "clbit_labels": [["c", 0], ["c", 1], ["c", 2]], "memory_slots": 3, "creg_sizes": [["c", 3]], "name": "circuit-848911", "global_phase": 1.5707963267949454, "metadata": {}}, "data": {"counts": {"0x0": 1718, "0x1": 504, "0x2": 822, "0x3": 221, "0x4": 337, "0x5": 223, "0x6": 157, "0x7": 114}, "snapshots": null, "memory": null, "statevector": null, "unitary": null}}, {"shots": 4096, "success": true, "status": null, "seed": null, "meas_level": 2, "meas_return": null, "header": {"qubit_labels": [["q", 0], ["q", 1], ["q", 2], ["q", 3], ["q", 4]], "n_qubits": 5, "qreg_sizes": [["q", 5]], "clbit_labels": [["c", 0], ["c", 1], ["c", 2]], "memory_slots": 3, "creg_sizes": [["c", 3]], "name": "circuit-851816", "global_phase": 0.7853981633974563, "metadata": {}}, "data": {"counts": {"0x0": 709, "0x1": 462, "0x2": 455, "0x3": 486, "0x4": 537, "0x5": 481, "0x6": 540, "0x7": 426}, "snapshots": null, "memory": null, "statevector": null, "unitary": null}}, {"shots": 4096, "success": true, "status": null, "seed": null, "meas_level": 2, "meas_return": null, "header": {"qubit_labels": [["q", 0], ["q", 1], ["q", 2], ["q", 3], ["q", 4]], "n_qubits": 5, "qreg_sizes": [["q", 5]], "clbit_labels": [["c", 0], ["c", 1], ["c", 2]], "memory_slots": 3, "creg_sizes": [["c", 3]], "name": "circuit-851817", "global_phase": 4.712388980384738, "metadata": {}}, "data": {"counts": {"0x0": 1509, "0x1": 463, "0x2": 865, "0x3": 235, "0x4": 357, "0x5": 305, "0x6": 191, "0x7": 171}, "snapshots": null, "memory": null, "statevector": null, "unitary": null}}, {"shots": 4096, "success": true, "status": null, "seed": null, "meas_level": 2, "meas_return": null, "header": {"qubit_labels": [["q", 0], ["q", 1], ["q", 2], ["q", 3], ["q", 4]], "n_qubits": 5, "qreg_sizes": [["q", 5]], "clbit_labels": [["c", 0], ["c", 1], ["c", 2]], "memory_slots": 3, "creg_sizes": [["c", 3]], "name": "circuit-854870", "global_phase": 0.7853981633974474, "metadata": {}}, "data": {"counts": {"0x0": 949, "0x1": 201, "0x2": 173, "0x3": 839, "0x4": 184, "0x5": 807, "0x6": 837, "0x7": 106}, "snapshots": null, "memory": null, "statevector": null, "unitary": null}}, {"shots": 4096, "success": true, "status": null, "seed": null, "meas_level": 2, "meas_return": null, "header": {"qubit_labels": [["q", 0], ["q", 1], ["q", 2], ["q", 3], ["q", 4]], "n_qubits": 5, "qreg_sizes": [["q", 5]], "clbit_labels": [["c", 0], ["c", 1], ["c", 2]], "memory_slots": 3, "creg_sizes": [["c", 3]], "name": "circuit-854871", "global_phase": 4.712388980384692, "metadata": {}}, "data": {"counts": {"0x0": 3625, "0x1": 120, "0x2": 109, "0x3": 2, "0x4": 215, "0x5": 20, "0x6": 3, "0x7": 2}, "snapshots": null, "memory": null, "statevector": null, "unitary": null}}, {"shots": 4096, "success": true, "status": null, "seed": null, "meas_level": 2, "meas_return": null, "header": {"qubit_labels": [["q", 0], ["q", 1], ["q", 2], ["q", 3], ["q", 4]], "n_qubits": 5, "qreg_sizes": [["q", 5]], "clbit_labels": [["c", 0], ["c", 1], ["c", 2]], "memory_slots": 3, "creg_sizes": [["c", 3]], "name": "circuit-855220", "global_phase": 3.926990816987246, "metadata": {}}, "data": {"counts": {"0x0": 863, "0x1": 310, "0x2": 303, "0x3": 762, "0x4": 279, "0x5": 685, "0x6": 747, "0x7": 147}, "snapshots": null, "memory": null, "statevector": null, "unitary": null}}, {"shots": 4096, "success": true, "status": null, "seed": null, "meas_level": 2, "meas_return": null, "header": {"qubit_labels": [["q", 0], ["q", 1], ["q", 2], ["q", 3], ["q", 4]], "n_qubits": 5, "qreg_sizes": [["q", 5]], "clbit_labels": [["c", 0], ["c", 1], ["c", 2]], "memory_slots": 3, "creg_sizes": [["c", 3]], "name": "circuit-855221", "global_phase": 3.141592653589801, "metadata": {}}, "data": {"counts": {"0x0": 3450, "0x1": 135, "0x2": 226, "0x3": 6, "0x4": 210, "0x5": 54, "0x6": 11, "0x7": 4}, "snapshots": null, "memory": null, "statevector": null, "unitary": null}}, {"shots": 4096, "success": true, "status": null, "seed": null, "meas_level": 2, "meas_return": null, "header": {"qubit_labels": [["q", 0], ["q", 1], ["q", 2], ["q", 3], ["q", 4]], "n_qubits": 5, "qreg_sizes": [["q", 5]], "clbit_labels": [["c", 0], ["c", 1], ["c", 2]], "memory_slots": 3, "creg_sizes": [["c", 3]], "name": "circuit-855726", "global_phase": 5.497787143782138, "metadata": {}}, "data": {"counts": {"0x0": 823, "0x1": 381, "0x2": 285, "0x3": 867, "0x4": 343, "0x5": 605, "0x6": 528, "0x7": 264}, "snapshots": null, "memory": null, "statevector": null, "unitary": null}}, {"shots": 4096, "success": true, "status": null, "seed": null, "meas_level": 2, "meas_return": null, "header": {"qubit_labels": [["q", 0], ["q", 1], ["q", 2], ["q", 3], ["q", 4]], "n_qubits": 5, "qreg_sizes": [["q", 5]], "clbit_labels": [["c", 0], ["c", 1], ["c", 2]], "memory_slots": 3, "creg_sizes": [["c", 3]], "name": "circuit-855727", "global_phase": 4.712388980384694, "metadata": {}}, "data": {"counts": {"0x0": 3238, "0x1": 205, "0x2": 278, "0x3": 19, "0x4": 266, "0x5": 59, "0x6": 24, "0x7": 7}, "snapshots": null, "memory": null, "statevector": null, "unitary": null}}, {"shots": 4096, "success": true, "status": null, "seed": null, "meas_level": 2, "meas_return": null, "header": {"qubit_labels": [["q", 0], ["q", 1], ["q", 2], ["q", 3], ["q", 4]], "n_qubits": 5, "qreg_sizes": [["q", 5]], "clbit_labels": [["c", 0], ["c", 1], ["c", 2]], "memory_slots": 3, "creg_sizes": [["c", 3]], "name": "circuit-856374", "global_phase": 2.356194490192351, "metadata": {}}, "data": {"counts": {"0x0": 561, "0x1": 409, "0x2": 506, "0x3": 437, "0x4": 566, "0x5": 552, "0x6": 630, "0x7": 435}, "snapshots": null, "memory": null, "statevector": null, "unitary": null}}, {"shots": 4096, "success": true, "status": null, "seed": null, "meas_level": 2, "meas_return": null, "header": {"qubit_labels": [["q", 0], ["q", 1], ["q", 2], ["q", 3], ["q", 4]], "n_qubits": 5, "qreg_sizes": [["q", 5]], "clbit_labels": [["c", 0], ["c", 1], ["c", 2]], "memory_slots": 3, "creg_sizes": [["c", 3]], "name": "circuit-856375", "global_phase": 4.7123889803846986, "metadata": {}}, "data": {"counts": {"0x0": 3022, "0x1": 285, "0x2": 360, "0x3": 33, "0x4": 270, "0x5": 83, "0x6": 35, "0x7": 8}, "snapshots": null, "memory": null, "statevector": null, "unitary": null}}, {"shots": 4096, "success": true, "status": null, "seed": null, "meas_level": 2, "meas_return": null, "header": {"qubit_labels": [["q", 0], ["q", 1], ["q", 2], ["q", 3], ["q", 4]], "n_qubits": 5, "qreg_sizes": [["q", 5]], "clbit_labels": [["c", 0], ["c", 1], ["c", 2]], "memory_slots": 3, "creg_sizes": [["c", 3]], "name": "circuit-857162", "global_phase": 0.7853981633974509, "metadata": {}}, "data": {"counts": {"0x0": 670, "0x1": 624, "0x2": 581, "0x3": 435, "0x4": 508, "0x5": 444, "0x6": 335, "0x7": 499}, "snapshots": null, "memory": null, "statevector": null, "unitary": null}}, {"shots": 4096, "success": true, "status": null, "seed": null, "meas_level": 2, "meas_return": null, "header": {"qubit_labels": [["q", 0], ["q", 1], ["q", 2], ["q", 3], ["q", 4]], "n_qubits": 5, "qreg_sizes": [["q", 5]], "clbit_labels": [["c", 0], ["c", 1], ["c", 2]], "memory_slots": 3, "creg_sizes": [["c", 3]], "name": "circuit-857163", "global_phase": 1.5707963267949072, "metadata": {}}, "data": {"counts": {"0x0": 2980, "0x1": 253, "0x2": 405, "0x3": 42, "0x4": 207, "0x5": 143, "0x6": 43, "0x7": 23}, "snapshots": null, "memory": null, "statevector": null, "unitary": null}}, {"shots": 4096, "success": true, "status": null, "seed": null, "meas_level": 2, "meas_return": null, "header": {"qubit_labels": [["q", 0], ["q", 1], ["q", 2], ["q", 3], ["q", 4]], "n_qubits": 5, "qreg_sizes": [["q", 5]], "clbit_labels": [["c", 0], ["c", 1], ["c", 2]], "memory_slots": 3, "creg_sizes": [["c", 3]], "name": "circuit-858049", "global_phase": 3.9269908169872405, "metadata": {}}, "data": {"counts": {"0x0": 462, "0x1": 679, "0x2": 553, "0x3": 338, "0x4": 701, "0x5": 398, "0x6": 379, "0x7": 586}, "snapshots": null, "memory": null, "statevector": null, "unitary": null}}, {"shots": 4096, "success": true, "status": null, "seed": null, "meas_level": 2, "meas_return": null, "header": {"qubit_labels": [["q", 0], ["q", 1], ["q", 2], ["q", 3], ["q", 4]], "n_qubits": 5, "qreg_sizes": [["q", 5]], "clbit_labels": [["c", 0], ["c", 1], ["c", 2]], "memory_slots": 3, "creg_sizes": [["c", 3]], "name": "circuit-858050", "global_phase": 7.993605777301127e-15, "metadata": {}}, "data": {"counts": {"0x0": 2952, "0x1": 285, "0x2": 383, "0x3": 31, "0x4": 247, "0x5": 138, "0x6": 35, "0x7": 25}, "snapshots": null, "memory": null, "statevector": null, "unitary": null}}, {"shots": 4096, "success": true, "status": null, "seed": null, "meas_level": 2, "meas_return": null, "header": {"qubit_labels": [["q", 0], ["q", 1], ["q", 2], ["q", 3], ["q", 4]], "n_qubits": 5, "qreg_sizes": [["q", 5]], "clbit_labels": [["c", 0], ["c", 1], ["c", 2]], "memory_slots": 3, "creg_sizes": [["c", 3]], "name": "circuit-859100", "global_phase": 2.35619449019235, "metadata": {}}, "data": {"counts": {"0x0": 360, "0x1": 730, "0x2": 771, "0x3": 270, "0x4": 642, "0x5": 370, "0x6": 357, "0x7": 596}, "snapshots": null, "memory": null, "statevector": null, "unitary": null}}, {"shots": 4096, "success": true, "status": null, "seed": null, "meas_level": 2, "meas_return": null, "header": {"qubit_labels": [["q", 0], ["q", 1], ["q", 2], ["q", 3], ["q", 4]], "n_qubits": 5, "qreg_sizes": [["q", 5]], "clbit_labels": [["c", 0], ["c", 1], ["c", 2]], "memory_slots": 3, "creg_sizes": [["c", 3]], "name": "circuit-859101", "global_phase": 4.712388980384713, "metadata": {}}, "data": {"counts": {"0x0": 2927, "0x1": 230, "0x2": 403, "0x3": 50, "0x4": 340, "0x5": 94, "0x6": 36, "0x7": 16}, "snapshots": null, "memory": null, "statevector": null, "unitary": null}}, {"shots": 4096, "success": true, "status": null, "seed": null, "meas_level": 2, "meas_return": null, "header": {"qubit_labels": [["q", 0], ["q", 1], ["q", 2], ["q", 3], ["q", 4]], "n_qubits": 5, "qreg_sizes": [["q", 5]], "clbit_labels": [["c", 0], ["c", 1], ["c", 2]], "memory_slots": 3, "creg_sizes": [["c", 3]], "name": "circuit-860292", "global_phase": 3.926990816987253, "metadata": {}}, "data": {"counts": {"0x0": 353, "0x1": 735, "0x2": 745, "0x3": 261, "0x4": 762, "0x5": 286, "0x6": 273, "0x7": 681}, "snapshots": null, "memory": null, "statevector": null, "unitary": null}}, {"shots": 4096, "success": true, "status": null, "seed": null, "meas_level": 2, "meas_return": null, "header": {"qubit_labels": [["q", 0], ["q", 1], ["q", 2], ["q", 3], ["q", 4]], "n_qubits": 5, "qreg_sizes": [["q", 5]], "clbit_labels": [["c", 0], ["c", 1], ["c", 2]], "memory_slots": 3, "creg_sizes": [["c", 3]], "name": "circuit-860293", "global_phase": 4.712388980384711, "metadata": {}}, "data": {"counts": {"0x0": 2786, "0x1": 316, "0x2": 425, "0x3": 63, "0x4": 289, "0x5": 148, "0x6": 38, "0x7": 31}, "snapshots": null, "memory": null, "statevector": null, "unitary": null}}, {"shots": 4096, "success": true, "status": null, "seed": null, "meas_level": 2, "meas_return": null, "header": {"qubit_labels": [["q", 0], ["q", 1], ["q", 2], ["q", 3], ["q", 4]], "n_qubits": 5, "qreg_sizes": [["q", 5]], "clbit_labels": [["c", 0], ["c", 1], ["c", 2]], "memory_slots": 3, "creg_sizes": [["c", 3]], "name": "circuit-861672", "global_phase": 0.7853981633974616, "metadata": {}}, "data": {"counts": {"0x0": 348, "0x1": 687, "0x2": 685, "0x3": 306, "0x4": 813, "0x5": 322, "0x6": 286, "0x7": 649}, "snapshots": null, "memory": null, "statevector": null, "unitary": null}}, {"shots": 4096, "success": true, "status": null, "seed": null, "meas_level": 2, "meas_return": null, "header": {"qubit_labels": [["q", 0], ["q", 1], ["q", 2], ["q", 3], ["q", 4]], "n_qubits": 5, "qreg_sizes": [["q", 5]], "clbit_labels": [["c", 0], ["c", 1], ["c", 2]], "memory_slots": 3, "creg_sizes": [["c", 3]], "name": "circuit-861673", "global_phase": 2.4868995751603507e-14, "metadata": {}}, "data": {"counts": {"0x0": 2786, "0x1": 264, "0x2": 469, "0x3": 67, "0x4": 287, "0x5": 143, "0x6": 52, "0x7": 28}, "snapshots": null, "memory": null, "statevector": null, "unitary": null}}, {"shots": 4096, "success": true, "status": null, "seed": null, "meas_level": 2, "meas_return": null, "header": {"qubit_labels": [["q", 0], ["q", 1], ["q", 2], ["q", 3], ["q", 4]], "n_qubits": 5, "qreg_sizes": [["q", 5]], "clbit_labels": [["c", 0], ["c", 1], ["c", 2]], "memory_slots": 3, "creg_sizes": [["c", 3]], "name": "circuit-863181", "global_phase": 2.356194490192353, "metadata": {}}, "data": {"counts": {"0x0": 405, "0x1": 505, "0x2": 519, "0x3": 423, "0x4": 864, "0x5": 381, "0x6": 393, "0x7": 606}, "snapshots": null, "memory": null, "statevector": null, "unitary": null}}, {"shots": 4096, "success": true, "status": null, "seed": null, "meas_level": 2, "meas_return": null, "header": {"qubit_labels": [["q", 0], ["q", 1], ["q", 2], ["q", 3], ["q", 4]], "n_qubits": 5, "qreg_sizes": [["q", 5]], "clbit_labels": [["c", 0], ["c", 1], ["c", 2]], "memory_slots": 3, "creg_sizes": [["c", 3]], "name": "circuit-863182", "global_phase": 3.1415926535898127, "metadata": {}}, "data": {"counts": {"0x0": 2545, "0x1": 321, "0x2": 527, "0x3": 73, "0x4": 312, "0x5": 187, "0x6": 88, "0x7": 43}, "snapshots": null, "memory": null, "statevector": null, "unitary": null}}], "error": null}