{"backend_name": "ibmq_manila", "backend_version": "1.0.35", "qobj_id": "6223ede7-30a5-4bcc-b773-7cb913a78ac2", "job_id": "62e84c3815d033b5a7499e24", "date": "2022-08-01T22:24:06Z", "success": true, "status": "Successful completion", "execution_id": "586647a2-11e8-11ed-be18-bc97e15b08d0", "time_taken": 133.4049813747406, "header": {"backend_name": "ibmq_manila", "backend_version": "1.0.35"}, "results": [{"shots": 4096, "success": true, "status": null, "seed": null, "meas_level": 2, "meas_return": null, "header": {"qubit_labels": [["q", 0], ["q", 1], ["q", 2], ["q", 3], ["q", 4]], "n_qubits": 5, "qreg_sizes": [["q", 5]], "clbit_labels": [["c", 0], ["c", 1], ["c", 2]], "memory_slots": 3, "creg_sizes": [["c", 3]], "name": "circuit-2873209", "global_phase": 0.0, "metadata": {}}, "data": {"counts": {"0x0": 645, "0x1": 485, "0x2": 483, "0x3": 435, "0x4": 561, "0x5": 453, "0x6": 554, "0x7": 480}, "snapshots": null, "memory": null, "statevector": null, "unitary": null}}, {"shots": 4096, "success": true, "status": null, "seed": null, "meas_level": 2, "meas_return": null, "header": {"qubit_labels": [["q", 0], ["q", 1], ["q", 2], ["q", 3], ["q", 4]], "n_qubits": 5, "qreg_sizes": [["q", 5]], "clbit_labels": [["c", 0], ["c", 1], ["c", 2]], "memory_slots": 3, "creg_sizes": [["c", 3]], "name": "circuit-2873210", "global_phase": 0.0, "metadata": {}}, "data": {"counts": {"0x0": 1642, "0x1": 702, "0x2": 309, "0x3": 116, "0x4": 690, "0x5": 454, "0x6": 110, "0x7": 73}, "snapshots": null, "memory": null, "statevector": null, "unitary": null}}, {"shots": 4096, "success": true, "status": null, "seed": null, "meas_level": 2, "meas_return": null, "header": {"qubit_labels": [["q", 0], ["q", 1], ["q", 2], ["q", 3], ["q", 4]], "n_qubits": 5, "qreg_sizes": [["q", 5]], "clbit_labels": [["c", 0], ["c", 1], ["c", 2]], "memory_slots": 3, "creg_sizes": [["c", 3]], "name": "circuit-2874964", "global_phase": 0.0, "metadata": {}}, "data": {"counts": {"0x0": 590, "0x1": 447, "0x2": 511, "0x3": 539, "0x4": 534, "0x5": 489, "0x6": 590, "0x7": 396}, "snapshots": null, "memory": null, "statevector": null, "unitary": null}}, {"shots": 4096, "success": true, "status": null, "seed": null, "meas_level": 2, "meas_return": null, "header": {"qubit_labels": [["q", 0], ["q", 1], ["q", 2], ["q", 3], ["q", 4]], "n_qubits": 5, "qreg_sizes": [["q", 5]], "clbit_labels": [["c", 0], ["c", 1], ["c", 2]], "memory_slots": 3, "creg_sizes": [["c", 3]], "name": "circuit-2874965", "global_phase": 0.0, "metadata": {}}, "data": {"counts": {"0x0": 1593, "0x1": 708, "0x2": 298, "0x3": 126, "0x4": 727, "0x5": 419, "0x6": 153, "0x7": 72}, "snapshots": null, "memory": null, "statevector": null, "unitary": null}}, {"shots": 4096, "success": true, "status": null, "seed": null, "meas_level": 2, "meas_return": null, "header": {"qubit_labels": [["q", 0], ["q", 1], ["q", 2], ["q", 3], ["q", 4]], "n_qubits": 5, "qreg_sizes": [["q", 5]], "clbit_labels": [["c", 0], ["c", 1], ["c", 2]], "memory_slots": 3, "creg_sizes": [["c", 3]], "name": "circuit-2876843", "global_phase": 0.0, "metadata": {}}, "data": {"counts": {"0x0": 622, "0x1": 496, "0x2": 494, "0x3": 476, "0x4": 600, "0x5": 513, "0x6": 528, "0x7": 367}, "snapshots": null, "memory": null, "statevector": null, "unitary": null}}, {"shots": 4096, "success": true, "status": null, "seed": null, "meas_level": 2, "meas_return": null, "header": {"qubit_labels": [["q", 0], ["q", 1], ["q", 2], ["q", 3], ["q", 4]], "n_qubits": 5, "qreg_sizes": [["q", 5]], "clbit_labels": [["c", 0], ["c", 1], ["c", 2]], "memory_slots": 3, "creg_sizes": [["c", 3]], "name": "circuit-2876844", "global_phase": 0.0, "metadata": {}}, "data": {"counts": {"0x0": 1433, "0x1": 682, "0x2": 366, "0x3": 162, "0x4": 684, "0x5": 457, "0x6": 184, "0x7": 128}, "snapshots": null, "memory": null, "statevector": null, "unitary": null}}, {"shots": 4096, "success": true, "status": null, "seed": null, "meas_level": 2, "meas_return": null, "header": {"qubit_labels": [["q", 0], ["q", 1], ["q", 2], ["q", 3], ["q", 4]], "n_qubits": 5, "qreg_sizes": [["q", 5]], "clbit_labels": [["c", 0], ["c", 1], ["c", 2]], "memory_slots": 3, "creg_sizes": [["c", 3]], "name": "circuit-2878856", "global_phase": 0.0, "metadata": {}}, "data": {"counts": {"0x0": 599, "0x1": 505, "0x2": 525, "0x3": 528, "0x4": 553, "0x5": 529, "0x6": 499, "0x7": 358}, "snapshots": null, "memory": null, "statevector": null, "unitary": null}}, {"shots": 4096, "success": true, "status": null, "seed": null, "meas_level": 2, "meas_return": null, "header": {"qubit_labels": [["q", 0], ["q", 1], ["q", 2], ["q", 3], ["q", 4]], "n_qubits": 5, "qreg_sizes": [["q", 5]], "clbit_labels": [["c", 0], ["c", 1], ["c", 2]], "memory_slots": 3, "creg_sizes": [["c", 3]], "name": "circuit-2878857", "global_phase": 0.0, "metadata": {}}, "data": {"counts": {"0x0": 1396, "0x1": 685, "0x2": 371, "0x3": 168, "0x4": 694, "0x5": 520, "0x6": 160, "0x7": 102}, "snapshots": null, "memory": null, "statevector": null, "unitary": null}}, {"shots": 4096, "success": true, "status": null, "seed": null, "meas_level": 2, "meas_return": null, "header": {"qubit_labels": [["q", 0], ["q", 1], ["q", 2], ["q", 3], ["q", 4]], "n_qubits": 5, "qreg_sizes": [["q", 5]], "clbit_labels": [["c", 0], ["c", 1], ["c", 2]], "memory_slots": 3, "creg_sizes": [["c", 3]], "name": "circuit-2881077", "global_phase": 0.0, "metadata": {}}, "data": {"counts": {"0x0": 615, "0x1": 496, "0x2": 515, "0x3": 473, "0x4": 533, "0x5": 563, "0x6": 507, "0x7": 394}, "snapshots": null, "memory": null, "statevector": null, "unitary": null}}, {"shots": 4096, "success": true, "status": null, "seed": null, "meas_level": 2, "meas_return": null, "header": {"qubit_labels": [["q", 0], ["q", 1], ["q", 2], ["q", 3], ["q", 4]], "n_qubits": 5, "qreg_sizes": [["q", 5]], "clbit_labels": [["c", 0], ["c", 1], ["c", 2]], "memory_slots": 3, "creg_sizes": [["c", 3]], "name": "circuit-2881078", "global_phase": 0.0, "metadata": {}}, "data": {"counts": {"0x0": 1365, "0x1": 680, "0x2": 338, "0x3": 174, "0x4": 758, "0x5": 475, "0x6": 176, "0x7": 130}, "snapshots": null, "memory": null, "statevector": null, "unitary": null}}, {"shots": 4096, "success": true, "status": null, "seed": null, "meas_level": 2, "meas_return": null, "header": {"qubit_labels": [["q", 0], ["q", 1], ["q", 2], ["q", 3], ["q", 4]], "n_qubits": 5, "qreg_sizes": [["q", 5]], "clbit_labels": [["c", 0], ["c", 1], ["c", 2]], "memory_slots": 3, "creg_sizes": [["c", 3]], "name": "circuit-2883408", "global_phase": 0.0, "metadata": {}}, "data": {"counts": {"0x0": 627, "0x1": 442, "0x2": 536, "0x3": 538, "0x4": 555, "0x5": 445, "0x6": 520, "0x7": 433}, "snapshots": null, "memory": null, "statevector": null, "unitary": null}}, {"shots": 4096, "success": true, "status": null, "seed": null, "meas_level": 2, "meas_return": null, "header": {"qubit_labels": [["q", 0], ["q", 1], ["q", 2], ["q", 3], ["q", 4]], "n_qubits": 5, "qreg_sizes": [["q", 5]], "clbit_labels": [["c", 0], ["c", 1], ["c", 2]], "memory_slots": 3, "creg_sizes": [["c", 3]], "name": "circuit-2883409", "global_phase": 0.0, "metadata": {}}, "data": {"counts": {"0x0": 1279, "0x1": 768, "0x2": 321, "0x3": 184, "0x4": 719, "0x5": 514, "0x6": 184, "0x7": 127}, "snapshots": null, "memory": null, "statevector": null, "unitary": null}}, {"shots": 4096, "success": true, "status": null, "seed": null, "meas_level": 2, "meas_return": null, "header": {"qubit_labels": [["q", 0], ["q", 1], ["q", 2], ["q", 3], ["q", 4]], "n_qubits": 5, "qreg_sizes": [["q", 5]], "clbit_labels": [["c", 0], ["c", 1], ["c", 2]], "memory_slots": 3, "creg_sizes": [["c", 3]], "name": "circuit-2885930", "global_phase": 0.0, "metadata": {}}, "data": {"counts": {"0x0": 554, "0x1": 482, "0x2": 552, "0x3": 422, "0x4": 596, "0x5": 480, "0x6": 569, "0x7": 441}, "snapshots": null, "memory": null, "statevector": null, "unitary": null}}, {"shots": 4096, "success": true, "status": null, "seed": null, "meas_level": 2, "meas_return": null, "header": {"qubit_labels": [["q", 0], ["q", 1], ["q", 2], ["q", 3], ["q", 4]], "n_qubits": 5, "qreg_sizes": [["q", 5]], "clbit_labels": [["c", 0], ["c", 1], ["c", 2]], "memory_slots": 3, "creg_sizes": [["c", 3]], "name": "circuit-2885931", "global_phase": 0.0, "metadata": {}}, "data": {"counts": {"0x0": 1103, "0x1": 811, "0x2": 336, "0x3": 235, "0x4": 654, "0x5": 557, "0x6": 224, "0x7": 176}, "snapshots": null, "memory": null, "statevector": null, "unitary": null}}, {"shots": 4096, "success": true, "status": null, "seed": null, "meas_level": 2, "meas_return": null, "header": {"qubit_labels": [["q", 0], ["q", 1], ["q", 2], ["q", 3], ["q", 4]], "n_qubits": 5, "qreg_sizes": [["q", 5]], "clbit_labels": [["c", 0], ["c", 1], ["c", 2]], "memory_slots": 3, "creg_sizes": [["c", 3]], "name": "circuit-2888567", "global_phase": 0.0, "metadata": {}}, "data": {"counts": {"0x0": 588, "0x1": 512, "0x2": 507, "0x3": 480, "0x4": 546, "0x5": 483, "0x6": 598, "0x7": 382}, "snapshots": null, "memory": null, "statevector": null, "unitary": null}}, {"shots": 4096, "success": true, "status": null, "seed": null, "meas_level": 2, "meas_return": null, "header": {"qubit_labels": [["q", 0], ["q", 1], ["q", 2], ["q", 3], ["q", 4]], "n_qubits": 5, "qreg_sizes": [["q", 5]], "clbit_labels": [["c", 0], ["c", 1], ["c", 2]], "memory_slots": 3, "creg_sizes": [["c", 3]], "name": "circuit-2888568", "global_phase": 0.0, "metadata": {}}, "data": {"counts": {"0x0": 1141, "0x1": 721, "0x2": 373, "0x3": 230, "0x4": 722, "0x5": 482, "0x6": 249, "0x7": 178}, "snapshots": null, "memory": null, "statevector": null, "unitary": null}}, {"shots": 4096, "success": true, "status": null, "seed": null, "meas_level": 2, "meas_return": null, "header": {"qubit_labels": [["q", 0], ["q", 1], ["q", 2], ["q", 3], ["q", 4]], "n_qubits": 5, "qreg_sizes": [["q", 5]], "clbit_labels": [["c", 0], ["c", 1], ["c", 2]], "memory_slots": 3, "creg_sizes": [["c", 3]], "name": "circuit-2891261", "global_phase": 0.0, "metadata": {}}, "data": {"counts": {"0x0": 624, "0x1": 510, "0x2": 516, "0x3": 471, "0x4": 539, "0x5": 439, "0x6": 515, "0x7": 482}, "snapshots": null, "memory": null, "statevector": null, "unitary": null}}, {"shots": 4096, "success": true, "status": null, "seed": null, "meas_level": 2, "meas_return": null, "header": {"qubit_labels": [["q", 0], ["q", 1], ["q", 2], ["q", 3], ["q", 4]], "n_qubits": 5, "qreg_sizes": [["q", 5]], "clbit_labels": [["c", 0], ["c", 1], ["c", 2]], "memory_slots": 3, "creg_sizes": [["c", 3]], "name": "circuit-2891262", "global_phase": 0.0, "metadata": {}}, "data": {"counts": {"0x0": 1001, "0x1": 733, "0x2": 368, "0x3": 231, "0x4": 730, "0x5": 586, "0x6": 264, "0x7": 183}, "snapshots": null, "memory": null, "statevector": null, "unitary": null}}, {"shots": 4096, "success": true, "status": null, "seed": null, "meas_level": 2, "meas_return": null, "header": {"qubit_labels": [["q", 0], ["q", 1], ["q", 2], ["q", 3], ["q", 4]], "n_qubits": 5, "qreg_sizes": [["q", 5]], "clbit_labels": [["c", 0], ["c", 1], ["c", 2]], "memory_slots": 3, "creg_sizes": [["c", 3]], "name": "circuit-2894149", "global_phase": 0.0, "metadata": {}}, "data": {"counts": {"0x0": 555, "0x1": 489, "0x2": 519, "0x3": 436, "0x4": 623, "0x5": 436, "0x6": 542, "0x7": 496}, "snapshots": null, "memory": null, "statevector": null, "unitary": null}}, {"shots": 4096, "success": true, "status": null, "seed": null, "meas_level": 2, "meas_return": null, "header": {"qubit_labels": [["q", 0], ["q", 1], ["q", 2], ["q", 3], ["q", 4]], "n_qubits": 5, "qreg_sizes": [["q", 5]], "clbit_labels": [["c", 0], ["c", 1], ["c", 2]], "memory_slots": 3, "creg_sizes": [["c", 3]], "name": "circuit-2894150", "global_phase": 0.0, "metadata": {}}, "data": {"counts": {"0x0": 1119, "0x1": 668, "0x2": 394, "0x3": 173, "0x4": 744, "0x5": 535, "0x6": 282, "0x7": 181}, "snapshots": null, "memory": null, "statevector": null, "unitary": null}}, {"shots": 4096, "success": true, "status": null, "seed": null, "meas_level": 2, "meas_return": null, "header": {"qubit_labels": [["q", 0], ["q", 1], ["q", 2], ["q", 3], ["q", 4]], "n_qubits": 5, "qreg_sizes": [["q", 5]], "clbit_labels": [["c", 0], ["c", 1], ["c", 2]], "memory_slots": 3, "creg_sizes": [["c", 3]], "name": "circuit-2897192", "global_phase": 0.0, "metadata": {}}, "data": {"counts": {"0x0": 825, "0x1": 169, "0x2": 350, "0x3": 818, "0x4": 311, "0x5": 651, "0x6": 813, "0x7": 159}, "snapshots": null, "memory": null, "statevector": null, "unitary": null}}, {"shots": 4096, "success": true, "status": null, "seed": null, "meas_level": 2, "meas_return": null, "header": {"qubit_labels": [["q", 0], ["q", 1], ["q", 2], ["q", 3], ["q", 4]], "n_qubits": 5, "qreg_sizes": [["q", 5]], "clbit_labels": [["c", 0], ["c", 1], ["c", 2]], "memory_slots": 3, "creg_sizes": [["c", 3]], "name": "circuit-2897193", "global_phase": 0.0, "metadata": {}}, "data": {"counts": {"0x0": 3488, "0x1": 273, "0x2": 89, "0x3": 10, "0x4": 186, "0x5": 42, "0x6": 5, "0x7": 3}, "snapshots": null, "memory": null, "statevector": null, "unitary": null}}, {"shots": 4096, "success": true, "status": null, "seed": null, "meas_level": 2, "meas_return": null, "header": {"qubit_labels": [["q", 0], ["q", 1], ["q", 2], ["q", 3], ["q", 4]], "n_qubits": 5, "qreg_sizes": [["q", 5]], "clbit_labels": [["c", 0], ["c", 1], ["c", 2]], "memory_slots": 3, "creg_sizes": [["c", 3]], "name": "circuit-2897547", "global_phase": 0.0, "metadata": {}}, "data": {"counts": {"0x0": 959, "0x1": 317, "0x2": 361, "0x3": 528, "0x4": 420, "0x5": 639, "0x6": 635, "0x7": 237}, "snapshots": null, "memory": null, "statevector": null, "unitary": null}}, {"shots": 4096, "success": true, "status": null, "seed": null, "meas_level": 2, "meas_return": null, "header": {"qubit_labels": [["q", 0], ["q", 1], ["q", 2], ["q", 3], ["q", 4]], "n_qubits": 5, "qreg_sizes": [["q", 5]], "clbit_labels": [["c", 0], ["c", 1], ["c", 2]], "memory_slots": 3, "creg_sizes": [["c", 3]], "name": "circuit-2897548", "global_phase": 0.0, "metadata": {}}, "data": {"counts": {"0x0": 3188, "0x1": 310, "0x2": 155, "0x3": 17, "0x4": 240, "0x5": 169, "0x6": 11, "0x7": 6}, "snapshots": null, "memory": null, "statevector": null, "unitary": null}}, {"shots": 4096, "success": true, "status": null, "seed": null, "meas_level": 2, "meas_return": null, "header": {"qubit_labels": [["q", 0], ["q", 1], ["q", 2], ["q", 3], ["q", 4]], "n_qubits": 5, "qreg_sizes": [["q", 5]], "clbit_labels": [["c", 0], ["c", 1], ["c", 2]], "memory_slots": 3, "creg_sizes": [["c", 3]], "name": "circuit-2898041", "global_phase": 0.0, "metadata": {}}, "data": {"counts": {"0x0": 707, "0x1": 416, "0x2": 509, "0x3": 680, "0x4": 426, "0x5": 474, "0x6": 592, "0x7": 292}, "snapshots": null, "memory": null, "statevector": null, "unitary": null}}, {"shots": 4096, "success": true, "status": null, "seed": null, "meas_level": 2, "meas_return": null, "header": {"qubit_labels": [["q", 0], ["q", 1], ["q", 2], ["q", 3], ["q", 4]], "n_qubits": 5, "qreg_sizes": [["q", 5]], "clbit_labels": [["c", 0], ["c", 1], ["c", 2]], "memory_slots": 3, "creg_sizes": [["c", 3]], "name": "circuit-2898042", "global_phase": 0.0, "metadata": {}}, "data": {"counts": {"0x0": 3032, "0x1": 399, "0x2": 138, "0x3": 25, "0x4": 341, "0x5": 139, "0x6": 16, "0x7": 6}, "snapshots": null, "memory": null, "statevector": null, "unitary": null}}, {"shots": 4096, "success": true, "status": null, "seed": null, "meas_level": 2, "meas_return": null, "header": {"qubit_labels": [["q", 0], ["q", 1], ["q", 2], ["q", 3], ["q", 4]], "n_qubits": 5, "qreg_sizes": [["q", 5]], "clbit_labels": [["c", 0], ["c", 1], ["c", 2]], "memory_slots": 3, "creg_sizes": [["c", 3]], "name": "circuit-2898664", "global_phase": 0.0, "metadata": {}}, "data": {"counts": {"0x0": 687, "0x1": 479, "0x2": 512, "0x3": 380, "0x4": 673, "0x5": 484, "0x6": 482, "0x7": 399}, "snapshots": null, "memory": null, "statevector": null, "unitary": null}}, {"shots": 4096, "success": true, "status": null, "seed": null, "meas_level": 2, "meas_return": null, "header": {"qubit_labels": [["q", 0], ["q", 1], ["q", 2], ["q", 3], ["q", 4]], "n_qubits": 5, "qreg_sizes": [["q", 5]], "clbit_labels": [["c", 0], ["c", 1], ["c", 2]], "memory_slots": 3, "creg_sizes": [["c", 3]], "name": "circuit-2898665", "global_phase": 0.0, "metadata": {}}, "data": {"counts": {"0x0": 2803, "0x1": 420, "0x2": 187, "0x3": 33, "0x4": 402, "0x5": 218, "0x6": 22, "0x7": 11}, "snapshots": null, "memory": null, "statevector": null, "unitary": null}}, {"shots": 4096, "success": true, "status": null, "seed": null, "meas_level": 2, "meas_return": null, "header": {"qubit_labels": [["q", 0], ["q", 1], ["q", 2], ["q", 3], ["q", 4]], "n_qubits": 5, "qreg_sizes": [["q", 5]], "clbit_labels": [["c", 0], ["c", 1], ["c", 2]], "memory_slots": 3, "creg_sizes": [["c", 3]], "name": "circuit-2899404", "global_phase": 0.0, "metadata": {}}, "data": {"counts": {"0x0": 616, "0x1": 616, "0x2": 666, "0x3": 327, "0x4": 586, "0x5": 361, "0x6": 393, "0x7": 531}, "snapshots": null, "memory": null, "statevector": null, "unitary": null}}, {"shots": 4096, "success": true, "status": null, "seed": null, "meas_level": 2, "meas_return": null, "header": {"qubit_labels": [["q", 0], ["q", 1], ["q", 2], ["q", 3], ["q", 4]], "n_qubits": 5, "qreg_sizes": [["q", 5]], "clbit_labels": [["c", 0], ["c", 1], ["c", 2]], "memory_slots": 3, "creg_sizes": [["c", 3]], "name": "circuit-2899405", "global_phase": 0.0, "metadata": {}}, "data": {"counts": {"0x0": 2460, "0x1": 582, "0x2": 238, "0x3": 39, "0x4": 427, "0x5": 279, "0x6": 41, "0x7": 30}, "snapshots": null, "memory": null, "statevector": null, "unitary": null}}, {"shots": 4096, "success": true, "status": null, "seed": null, "meas_level": 2, "meas_return": null, "header": {"qubit_labels": [["q", 0], ["q", 1], ["q", 2], ["q", 3], ["q", 4]], "n_qubits": 5, "qreg_sizes": [["q", 5]], "clbit_labels": [["c", 0], ["c", 1], ["c", 2]], "memory_slots": 3, "creg_sizes": [["c", 3]], "name": "circuit-2900313", "global_phase": 0.0, "metadata": {}}, "data": {"counts": {"0x0": 483, "0x1": 620, "0x2": 595, "0x3": 312, "0x4": 789, "0x5": 440, "0x6": 375, "0x7": 482}, "snapshots": null, "memory": null, "statevector": null, "unitary": null}}, {"shots": 4096, "success": true, "status": null, "seed": null, "meas_level": 2, "meas_return": null, "header": {"qubit_labels": [["q", 0], ["q", 1], ["q", 2], ["q", 3], ["q", 4]], "n_qubits": 5, "qreg_sizes": [["q", 5]], "clbit_labels": [["c", 0], ["c", 1], ["c", 2]], "memory_slots": 3, "creg_sizes": [["c", 3]], "name": "circuit-2900314", "global_phase": 0.0, "metadata": {}}, "data": {"counts": {"0x0": 2333, "0x1": 621, "0x2": 227, "0x3": 53, "0x4": 497, "0x5": 279, "0x6": 58, "0x7": 28}, "snapshots": null, "memory": null, "statevector": null, "unitary": null}}, {"shots": 4096, "success": true, "status": null, "seed": null, "meas_level": 2, "meas_return": null, "header": {"qubit_labels": [["q", 0], ["q", 1], ["q", 2], ["q", 3], ["q", 4]], "n_qubits": 5, "qreg_sizes": [["q", 5]], "clbit_labels": [["c", 0], ["c", 1], ["c", 2]], "memory_slots": 3, "creg_sizes": [["c", 3]], "name": "circuit-2901368", "global_phase": 0.0, "metadata": {}}, "data": {"counts": {"0x0": 530, "0x1": 667, "0x2": 649, "0x3": 297, "0x4": 726, "0x5": 416, "0x6": 383, "0x7": 428}, "snapshots": null, "memory": null, "statevector": null, "unitary": null}}, {"shots": 4096, "success": true, "status": null, "seed": null, "meas_level": 2, "meas_return": null, "header": {"qubit_labels": [["q", 0], ["q", 1], ["q", 2], ["q", 3], ["q", 4]], "n_qubits": 5, "qreg_sizes": [["q", 5]], "clbit_labels": [["c", 0], ["c", 1], ["c", 2]], "memory_slots": 3, "creg_sizes": [["c", 3]], "name": "circuit-2901369", "global_phase": 0.0, "metadata": {}}, "data": {"counts": {"0x0": 2009, "0x1": 648, "0x2": 260, "0x3": 83, "0x4": 626, "0x5": 350, "0x6": 71, "0x7": 49}, "snapshots": null, "memory": null, "statevector": null, "unitary": null}}, {"shots": 4096, "success": true, "status": null, "seed": null, "meas_level": 2, "meas_return": null, "header": {"qubit_labels": [["q", 0], ["q", 1], ["q", 2], ["q", 3], ["q", 4]], "n_qubits": 5, "qreg_sizes": [["q", 5]], "clbit_labels": [["c", 0], ["c", 1], ["c", 2]], "memory_slots": 3, "creg_sizes": [["c", 3]], "name": "circuit-2902536", "global_phase": 0.0, "metadata": {}}, "data": {"counts": {"0x0": 526, "0x1": 691, "0x2": 581, "0x3": 336, "0x4": 630, "0x5": 340, "0x6": 417, "0x7": 575}, "snapshots": null, "memory": null, "statevector": null, "unitary": null}}, {"shots": 4096, "success": true, "status": null, "seed": null, "meas_level": 2, "meas_return": null, "header": {"qubit_labels": [["q", 0], ["q", 1], ["q", 2], ["q", 3], ["q", 4]], "n_qubits": 5, "qreg_sizes": [["q", 5]], "clbit_labels": [["c", 0], ["c", 1], ["c", 2]], "memory_slots": 3, "creg_sizes": [["c", 3]], "name": "circuit-2902537", "global_phase": 0.0, "metadata": {}}, "data": {"counts": {"0x0": 1990, "0x1": 660, "0x2": 257, "0x3": 73, "0x4": 600, "0x5": 371, "0x6": 93, "0x7": 52}, "snapshots": null, "memory": null, "statevector": null, "unitary": null}}, {"shots": 4096, "success": true, "status": null, "seed": null, "meas_level": 2, "meas_return": null, "header": {"qubit_labels": [["q", 0], ["q", 1], ["q", 2], ["q", 3], ["q", 4]], "n_qubits": 5, "qreg_sizes": [["q", 5]], "clbit_labels": [["c", 0], ["c", 1], ["c", 2]], "memory_slots": 3, "creg_sizes": [["c", 3]], "name": "circuit-2903865", "global_phase": 0.0, "metadata": {}}, "data": {"counts": {"0x0": 513, "0x1": 521, "0x2": 522, "0x3": 356, "0x4": 672, "0x5": 460, "0x6": 542, "0x7": 510}, "snapshots": null, "memory": null, "statevector": null, "unitary": null}}, {"shots": 4096, "success": true, "status": null, "seed": null, "meas_level": 2, "meas_return": null, "header": {"qubit_labels": [["q", 0], ["q", 1], ["q", 2], ["q", 3], ["q", 4]], "n_qubits": 5, "qreg_sizes": [["q", 5]], "clbit_labels": [["c", 0], ["c", 1], ["c", 2]], "memory_slots": 3, "creg_sizes": [["c", 3]], "name": "circuit-2903866", "global_phase": 0.0, "metadata": {}}, "data": {"counts": {"0x0": 1847, "0x1": 674, "0x2": 260, "0x3": 99, "0x4": 640, "0x5": 427, "0x6": 96, "0x7": 53}, "snapshots": null, "memory": null, "statevector": null, "unitary": null}}, {"shots": 4096, "success": true, "status": null, "seed": null, "meas_level": 2, "meas_return": null, "header": {"qubit_labels": [["q", 0], ["q", 1], ["q", 2], ["q", 3], ["q", 4]], "n_qubits": 5, "qreg_sizes": [["q", 5]], "clbit_labels": [["c", 0], ["c", 1], ["c", 2]], "memory_slots": 3, "creg_sizes": [["c", 3]], "name": "circuit-2905337", "global_phase": 0.0, "metadata": {}}, "data": {"counts": {"0x0": 558, "0x1": 423, "0x2": 576, "0x3": 445, "0x4": 654, "0x5": 491, "0x6": 521, "0x7": 428}, "snapshots": null, "memory": null, "statevector": null, "unitary": null}}, {"shots": 4096, "success": true, "status": null, "seed": null, "meas_level": 2, "meas_return": null, "header": {"qubit_labels": [["q", 0], ["q", 1], ["q", 2], ["q", 3], ["q", 4]], "n_qubits": 5, "qreg_sizes": [["q", 5]], "clbit_labels": [["c", 0], ["c", 1], ["c", 2]], "memory_slots": 3, "creg_sizes": [["c", 3]], "name": "circuit-2905338", "global_phase": 0.0, "metadata": {}}, "data": {"counts": {"0x0": 1715, "0x1": 738, "0x2": 289, "0x3": 85, "0x4": 666, "0x5": 424, "0x6": 118, "0x7": 61}, "snapshots": null, "memory": null, "statevector": null, "unitary": null}}, {"shots": 4096, "success": true, "status": null, "seed": null, "meas_level": 2, "meas_return": null, "header": {"qubit_labels": [["q", 0], ["q", 1], ["q", 2], ["q", 3], ["q", 4]], "n_qubits": 5, "qreg_sizes": [["q", 5]], "clbit_labels": [["c", 0], ["c", 1], ["c", 2]], "memory_slots": 3, "creg_sizes": [["c", 3]], "name": "circuit-2906990", "global_phase": 0.0, "metadata": {}}, "data": {"counts": {"0x0": 571, "0x1": 525, "0x2": 509, "0x3": 461, "0x4": 585, "0x5": 448, "0x6": 496, "0x7": 501}, "snapshots": null, "memory": null, "statevector": null, "unitary": null}}, {"shots": 4096, "success": true, "status": null, "seed": null, "meas_level": 2, "meas_return": null, "header": {"qubit_labels": [["q", 0], ["q", 1], ["q", 2], ["q", 3], ["q", 4]], "n_qubits": 5, "qreg_sizes": [["q", 5]], "clbit_labels": [["c", 0], ["c", 1], ["c", 2]], "memory_slots": 3, "creg_sizes": [["c", 3]], "name": "circuit-2906991", "global_phase": 0.0, "metadata": {}}, "data": {"counts": {"0x0": 1566, "0x1": 629, "0x2": 329, "0x3": 143, "0x4": 695, "0x5": 501, "0x6": 139, "0x7": 94}, "snapshots": null, "memory": null, "statevector": null, "unitary": null}}, {"shots": 4096, "success": true, "status": null, "seed": null, "meas_level": 2, "meas_return": null, "header": {"qubit_labels": [["q", 0], ["q", 1], ["q", 2], ["q", 3], ["q", 4]], "n_qubits": 5, "qreg_sizes": [["q", 5]], "clbit_labels": [["c", 0], ["c", 1], ["c", 2]], "memory_slots": 3, "creg_sizes": [["c", 3]], "name": "circuit-2908782", "global_phase": 0.0, "metadata": {}}, "data": {"counts": {"0x0": 597, "0x1": 505, "0x2": 511, "0x3": 462, "0x4": 622, "0x5": 514, "0x6": 496, "0x7": 389}, "snapshots": null, "memory": null, "statevector": null, "unitary": null}}, {"shots": 4096, "success": true, "status": null, "seed": null, "meas_level": 2, "meas_return": null, "header": {"qubit_labels": [["q", 0], ["q", 1], ["q", 2], ["q", 3], ["q", 4]], "n_qubits": 5, "qreg_sizes": [["q", 5]], "clbit_labels": [["c", 0], ["c", 1], ["c", 2]], "memory_slots": 3, "creg_sizes": [["c", 3]], "name": "circuit-2908783", "global_phase": 0.0, "metadata": {}}, "data": {"counts": {"0x0": 1565, "0x1": 674, "0x2": 287, "0x3": 128, "0x4": 757, "0x5": 471, "0x6": 139, "0x7": 75}, "snapshots": null, "memory": null, "statevector": null, "unitary": null}}, {"shots": 4096, "success": true, "status": null, "seed": null, "meas_level": 2, "meas_return": null, "header": {"qubit_labels": [["q", 0], ["q", 1], ["q", 2], ["q", 3], ["q", 4]], "n_qubits": 5, "qreg_sizes": [["q", 5]], "clbit_labels": [["c", 0], ["c", 1], ["c", 2]], "memory_slots": 3, "creg_sizes": [["c", 3]], "name": "circuit-2910661", "global_phase": 0.0, "metadata": {}}, "data": {"counts": {"0x0": 604, "0x1": 420, "0x2": 519, "0x3": 478, "0x4": 549, "0x5": 450, "0x6": 627, "0x7": 449}, "snapshots": null, "memory": null, "statevector": null, "unitary": null}}, {"shots": 4096, "success": true, "status": null, "seed": null, "meas_level": 2, "meas_return": null, "header": {"qubit_labels": [["q", 0], ["q", 1], ["q", 2], ["q", 3], ["q", 4]], "n_qubits": 5, "qreg_sizes": [["q", 5]], "clbit_labels": [["c", 0], ["c", 1], ["c", 2]], "memory_slots": 3, "creg_sizes": [["c", 3]], "name": "circuit-2910662", "global_phase": 0.0, "metadata": {}}, "data": {"counts": {"0x0": 1408, "0x1": 709, "0x2": 295, "0x3": 151, "0x4": 782, "0x5": 483, "0x6": 161, "0x7": 107}, "snapshots": null, "memory": null, "statevector": null, "unitary": null}}, {"shots": 4096, "success": true, "status": null, "seed": null, "meas_level": 2, "meas_return": null, "header": {"qubit_labels": [["q", 0], ["q", 1], ["q", 2], ["q", 3], ["q", 4]], "n_qubits": 5, "qreg_sizes": [["q", 5]], "clbit_labels": [["c", 0], ["c", 1], ["c", 2]], "memory_slots": 3, "creg_sizes": [["c", 3]], "name": "circuit-2912736", "global_phase": 0.0, "metadata": {}}, "data": {"counts": {"0x0": 710, "0x1": 471, "0x2": 467, "0x3": 519, "0x4": 473, "0x5": 447, "0x6": 587, "0x7": 422}, "snapshots": null, "memory": null, "statevector": null, "unitary": null}}, {"shots": 4096, "success": true, "status": null, "seed": null, "meas_level": 2, "meas_return": null, "header": {"qubit_labels": [["q", 0], ["q", 1], ["q", 2], ["q", 3], ["q", 4]], "n_qubits": 5, "qreg_sizes": [["q", 5]], "clbit_labels": [["c", 0], ["c", 1], ["c", 2]], "memory_slots": 3, "creg_sizes": [["c", 3]], "name": "circuit-2912737", "global_phase": 0.0, "metadata": {}}, "data": {"counts": {"0x0": 1355, "0x1": 711, "0x2": 296, "0x3": 178, "0x4": 748, "0x5": 494, "0x6": 191, "0x7": 123}, "snapshots": null, "memory": null, "statevector": null, "unitary": null}}, {"shots": 4096, "success": true, "status": null, "seed": null, "meas_level": 2, "meas_return": null, "header": {"qubit_labels": [["q", 0], ["q", 1], ["q", 2], ["q", 3], ["q", 4]], "n_qubits": 5, "qreg_sizes": [["q", 5]], "clbit_labels": [["c", 0], ["c", 1], ["c", 2]], "memory_slots": 3, "creg_sizes": [["c", 3]], "name": "circuit-2914886", "global_phase": 0.0, "metadata": {}}, "data": {"counts": {"0x0": 592, "0x1": 527, "0x2": 525, "0x3": 477, "0x4": 553, "0x5": 538, "0x6": 521, "0x7": 363}, "snapshots": null, "memory": null, "statevector": null, "unitary": null}}, {"shots": 4096, "success": true, "status": null, "seed": null, "meas_level": 2, "meas_return": null, "header": {"qubit_labels": [["q", 0], ["q", 1], ["q", 2], ["q", 3], ["q", 4]], "n_qubits": 5, "qreg_sizes": [["q", 5]], "clbit_labels": [["c", 0], ["c", 1], ["c", 2]], "memory_slots": 3, "creg_sizes": [["c", 3]], "name": "circuit-2914887", "global_phase": 0.0, "metadata": {}}, "data": {"counts": {"0x0": 1340, "0x1": 731, "0x2": 299, "0x3": 191, "0x4": 740, "0x5": 483, "0x6": 191, "0x7": 121}, "snapshots": null, "memory": null, "statevector": null, "unitary": null}}, {"shots": 4096, "success": true, "status": null, "seed": null, "meas_level": 2, "meas_return": null, "header": {"qubit_labels": [["q", 0], ["q", 1], ["q", 2], ["q", 3], ["q", 4]], "n_qubits": 5, "qreg_sizes": [["q", 5]], "clbit_labels": [["c", 0], ["c", 1], ["c", 2]], "memory_slots": 3, "creg_sizes": [["c", 3]], "name": "circuit-2917219", "global_phase": 0.0, "metadata": {}}, "data": {"counts": {"0x0": 610, "0x1": 500, "0x2": 515, "0x3": 452, "0x4": 539, "0x5": 478, "0x6": 607, "0x7": 395}, "snapshots": null, "memory": null, "statevector": null, "unitary": null}}, {"shots": 4096, "success": true, "status": null, "seed": null, "meas_level": 2, "meas_return": null, "header": {"qubit_labels": [["q", 0], ["q", 1], ["q", 2], ["q", 3], ["q", 4]], "n_qubits": 5, "qreg_sizes": [["q", 5]], "clbit_labels": [["c", 0], ["c", 1], ["c", 2]], "memory_slots": 3, "creg_sizes": [["c", 3]], "name": "circuit-2917220", "global_phase": 0.0, "metadata": {}}, "data": {"counts": {"0x0": 1187, "0x1": 760, "0x2": 376, "0x3": 208, "0x4": 702, "0x5": 508, "0x6": 220, "0x7": 135}, "snapshots": null, "memory": null, "statevector": null, "unitary": null}}, {"shots": 4096, "success": true, "status": null, "seed": null, "meas_level": 2, "meas_return": null, "header": {"qubit_labels": [["q", 0], ["q", 1], ["q", 2], ["q", 3], ["q", 4]], "n_qubits": 5, "qreg_sizes": [["q", 5]], "clbit_labels": [["c", 0], ["c", 1], ["c", 2]], "memory_slots": 3, "creg_sizes": [["c", 3]], "name": "circuit-2919677", "global_phase": 0.0, "metadata": {}}, "data": {"counts": {"0x0": 601, "0x1": 470, "0x2": 552, "0x3": 471, "0x4": 582, "0x5": 466, "0x6": 517, "0x7": 437}, "snapshots": null, "memory": null, "statevector": null, "unitary": null}}, {"shots": 4096, "success": true, "status": null, "seed": null, "meas_level": 2, "meas_return": null, "header": {"qubit_labels": [["q", 0], ["q", 1], ["q", 2], ["q", 3], ["q", 4]], "n_qubits": 5, "qreg_sizes": [["q", 5]], "clbit_labels": [["c", 0], ["c", 1], ["c", 2]], "memory_slots": 3, "creg_sizes": [["c", 3]], "name": "circuit-2919678", "global_phase": 0.0, "metadata": {}}, "data": {"counts": {"0x0": 1176, "0x1": 707, "0x2": 369, "0x3": 230, "0x4": 655, "0x5": 575, "0x6": 230, "0x7": 154}, "snapshots": null, "memory": null, "statevector": null, "unitary": null}}, {"shots": 4096, "success": true, "status": null, "seed": null, "meas_level": 2, "meas_return": null, "header": {"qubit_labels": [["q", 0], ["q", 1], ["q", 2], ["q", 3], ["q", 4]], "n_qubits": 5, "qreg_sizes": [["q", 5]], "clbit_labels": [["c", 0], ["c", 1], ["c", 2]], "memory_slots": 3, "creg_sizes": [["c", 3]], "name": "circuit-2922247", "global_phase": 0.0, "metadata": {}}, "data": {"counts": {"0x0": 594, "0x1": 526, "0x2": 553, "0x3": 504, "0x4": 561, "0x5": 452, "0x6": 536, "0x7": 370}, "snapshots": null, "memory": null, "statevector": null, "unitary": null}}, {"shots": 4096, "success": true, "status": null, "seed": null, "meas_level": 2, "meas_return": null, "header": {"qubit_labels": [["q", 0], ["q", 1], ["q", 2], ["q", 3], ["q", 4]], "n_qubits": 5, "qreg_sizes": [["q", 5]], "clbit_labels": [["c", 0], ["c", 1], ["c", 2]], "memory_slots": 3, "creg_sizes": [["c", 3]], "name": "circuit-2922248", "global_phase": 0.0, "metadata": {}}, "data": {"counts": {"0x0": 1175, "0x1": 684, "0x2": 353, "0x3": 213, "0x4": 741, "0x5": 556, "0x6": 211, "0x7": 163}, "snapshots": null, "memory": null, "statevector": null, "unitary": null}}, {"shots": 4096, "success": true, "status": null, "seed": null, "meas_level": 2, "meas_return": null, "header": {"qubit_labels": [["q", 0], ["q", 1], ["q", 2], ["q", 3], ["q", 4]], "n_qubits": 5, "qreg_sizes": [["q", 5]], "clbit_labels": [["c", 0], ["c", 1], ["c", 2]], "memory_slots": 3, "creg_sizes": [["c", 3]], "name": "circuit-2925036", "global_phase": 0.0, "metadata": {}}, "data": {"counts": {"0x0": 525, "0x1": 483, "0x2": 586, "0x3": 472, "0x4": 572, "0x5": 450, "0x6": 566, "0x7": 442}, "snapshots": null, "memory": null, "statevector": null, "unitary": null}}, {"shots": 4096, "success": true, "status": null, "seed": null, "meas_level": 2, "meas_return": null, "header": {"qubit_labels": [["q", 0], ["q", 1], ["q", 2], ["q", 3], ["q", 4]], "n_qubits": 5, "qreg_sizes": [["q", 5]], "clbit_labels": [["c", 0], ["c", 1], ["c", 2]], "memory_slots": 3, "creg_sizes": [["c", 3]], "name": "circuit-2925037", "global_phase": 0.0, "metadata": {}}, "data": {"counts": {"0x0": 1108, "0x1": 766, "0x2": 329, "0x3": 261, "0x4": 698, "0x5": 537, "0x6": 210, "0x7": 187}, "snapshots": null, "memory": null, "statevector": null, "unitary": null}}, {"shots": 4096, "success": true, "status": null, "seed": null, "meas_level": 2, "meas_return": null, "header": {"qubit_labels": [["q", 0], ["q", 1], ["q", 2], ["q", 3], ["q", 4]], "n_qubits": 5, "qreg_sizes": [["q", 5]], "clbit_labels": [["c", 0], ["c", 1], ["c", 2]], "memory_slots": 3, "creg_sizes": [["c", 3]], "name": "circuit-2927927", "global_phase": 0.0, "metadata": {}}, "data": {"counts": {"0x0": 600, "0x1": 518, "0x2": 537, "0x3": 435, "0x4": 570, "0x5": 459, "0x6": 532, "0x7": 445}, "snapshots": null, "memory": null, "statevector": null, "unitary": null}}, {"shots": 4096, "success": true, "status": null, "seed": null, "meas_level": 2, "meas_return": null, "header": {"qubit_labels": [["q", 0], ["q", 1], ["q", 2], ["q", 3], ["q", 4]], "n_qubits": 5, "qreg_sizes": [["q", 5]], "clbit_labels": [["c", 0], ["c", 1], ["c", 2]], "memory_slots": 3, "creg_sizes": [["c", 3]], "name": "circuit-2927928", "global_phase": 0.0, "metadata": {}}, "data": {"counts": {"0x0": 1072, "0x1": 727, "0x2": 366, "0x3": 207, "0x4": 730, "0x5": 562, "0x6": 243, "0x7": 189}, "snapshots": null, "memory": null, "statevector": null, "unitary": null}}, {"shots": 4096, "success": true, "status": null, "seed": null, "meas_level": 2, "meas_return": null, "header": {"qubit_labels": [["q", 0], ["q", 1], ["q", 2], ["q", 3], ["q", 4]], "n_qubits": 5, "qreg_sizes": [["q", 5]], "clbit_labels": [["c", 0], ["c", 1], ["c", 2]], "memory_slots": 3, "creg_sizes": [["c", 3]], "name": "circuit-2930956", "global_phase": 0.0, "metadata": {}}, "data": {"counts": {"0x0": 878, "0x1": 252, "0x2": 297, "0x3": 560, "0x4": 320, "0x5": 815, "0x6": 832, "0x7": 142}, "snapshots": null, "memory": null, "statevector": null, "unitary": null}}, {"shots": 4096, "success": true, "status": null, "seed": null, "meas_level": 2, "meas_return": null, "header": {"qubit_labels": [["q", 0], ["q", 1], ["q", 2], ["q", 3], ["q", 4]], "n_qubits": 5, "qreg_sizes": [["q", 5]], "clbit_labels": [["c", 0], ["c", 1], ["c", 2]], "memory_slots": 3, "creg_sizes": [["c", 3]], "name": "circuit-2930957", "global_phase": 0.0, "metadata": {}}, "data": {"counts": {"0x0": 3474, "0x1": 189, "0x2": 92, "0x3": 9, "0x4": 204, "0x5": 121, "0x6": 4, "0x7": 3}, "snapshots": null, "memory": null, "statevector": null, "unitary": null}}, {"shots": 4096, "success": true, "status": null, "seed": null, "meas_level": 2, "meas_return": null, "header": {"qubit_labels": [["q", 0], ["q", 1], ["q", 2], ["q", 3], ["q", 4]], "n_qubits": 5, "qreg_sizes": [["q", 5]], "clbit_labels": [["c", 0], ["c", 1], ["c", 2]], "memory_slots": 3, "creg_sizes": [["c", 3]], "name": "circuit-2931309", "global_phase": 0.0, "metadata": {}}, "data": {"counts": {"0x0": 818, "0x1": 265, "0x2": 330, "0x3": 587, "0x4": 370, "0x5": 663, "0x6": 819, "0x7": 244}, "snapshots": null, "memory": null, "statevector": null, "unitary": null}}, {"shots": 4096, "success": true, "status": null, "seed": null, "meas_level": 2, "meas_return": null, "header": {"qubit_labels": [["q", 0], ["q", 1], ["q", 2], ["q", 3], ["q", 4]], "n_qubits": 5, "qreg_sizes": [["q", 5]], "clbit_labels": [["c", 0], ["c", 1], ["c", 2]], "memory_slots": 3, "creg_sizes": [["c", 3]], "name": "circuit-2931310", "global_phase": 0.0, "metadata": {}}, "data": {"counts": {"0x0": 3245, "0x1": 295, "0x2": 131, "0x3": 17, "0x4": 259, "0x5": 129, "0x6": 15, "0x7": 5}, "snapshots": null, "memory": null, "statevector": null, "unitary": null}}, {"shots": 4096, "success": true, "status": null, "seed": null, "meas_level": 2, "meas_return": null, "header": {"qubit_labels": [["q", 0], ["q", 1], ["q", 2], ["q", 3], ["q", 4]], "n_qubits": 5, "qreg_sizes": [["q", 5]], "clbit_labels": [["c", 0], ["c", 1], ["c", 2]], "memory_slots": 3, "creg_sizes": [["c", 3]], "name": "circuit-2931795", "global_phase": 0.0, "metadata": {}}, "data": {"counts": {"0x0": 721, "0x1": 413, "0x2": 408, "0x3": 495, "0x4": 468, "0x5": 584, "0x6": 679, "0x7": 328}, "snapshots": null, "memory": null, "statevector": null, "unitary": null}}, {"shots": 4096, "success": true, "status": null, "seed": null, "meas_level": 2, "meas_return": null, "header": {"qubit_labels": [["q", 0], ["q", 1], ["q", 2], ["q", 3], ["q", 4]], "n_qubits": 5, "qreg_sizes": [["q", 5]], "clbit_labels": [["c", 0], ["c", 1], ["c", 2]], "memory_slots": 3, "creg_sizes": [["c", 3]], "name": "circuit-2931796", "global_phase": 0.0, "metadata": {}}, "data": {"counts": {"0x0": 3087, "0x1": 337, "0x2": 127, "0x3": 21, "0x4": 329, "0x5": 172, "0x6": 13, "0x7": 10}, "snapshots": null, "memory": null, "statevector": null, "unitary": null}}, {"shots": 4096, "success": true, "status": null, "seed": null, "meas_level": 2, "meas_return": null, "header": {"qubit_labels": [["q", 0], ["q", 1], ["q", 2], ["q", 3], ["q", 4]], "n_qubits": 5, "qreg_sizes": [["q", 5]], "clbit_labels": [["c", 0], ["c", 1], ["c", 2]], "memory_slots": 3, "creg_sizes": [["c", 3]], "name": "circuit-2932408", "global_phase": 0.0, "metadata": {}}, "data": {"counts": {"0x0": 655, "0x1": 537, "0x2": 575, "0x3": 478, "0x4": 569, "0x5": 371, "0x6": 490, "0x7": 421}, "snapshots": null, "memory": null, "statevector": null, "unitary": null}}, {"shots": 4096, "success": true, "status": null, "seed": null, "meas_level": 2, "meas_return": null, "header": {"qubit_labels": [["q", 0], ["q", 1], ["q", 2], ["q", 3], ["q", 4]], "n_qubits": 5, "qreg_sizes": [["q", 5]], "clbit_labels": [["c", 0], ["c", 1], ["c", 2]], "memory_slots": 3, "creg_sizes": [["c", 3]], "name": "circuit-2932409", "global_phase": 0.0, "metadata": {}}, "data": {"counts": {"0x0": 2780, "0x1": 407, "0x2": 165, "0x3": 39, "0x4": 428, "0x5": 237, "0x6": 31, "0x7": 9}, "snapshots": null, "memory": null, "statevector": null, "unitary": null}}, {"shots": 4096, "success": true, "status": null, "seed": null, "meas_level": 2, "meas_return": null, "header": {"qubit_labels": [["q", 0], ["q", 1], ["q", 2], ["q", 3], ["q", 4]], "n_qubits": 5, "qreg_sizes": [["q", 5]], "clbit_labels": [["c", 0], ["c", 1], ["c", 2]], "memory_slots": 3, "creg_sizes": [["c", 3]], "name": "circuit-2933176", "global_phase": 0.0, "metadata": {}}, "data": {"counts": {"0x0": 562, "0x1": 564, "0x2": 605, "0x3": 312, "0x4": 649, "0x5": 387, "0x6": 460, "0x7": 557}, "snapshots": null, "memory": null, "statevector": null, "unitary": null}}, {"shots": 4096, "success": true, "status": null, "seed": null, "meas_level": 2, "meas_return": null, "header": {"qubit_labels": [["q", 0], ["q", 1], ["q", 2], ["q", 3], ["q", 4]], "n_qubits": 5, "qreg_sizes": [["q", 5]], "clbit_labels": [["c", 0], ["c", 1], ["c", 2]], "memory_slots": 3, "creg_sizes": [["c", 3]], "name": "circuit-2933177", "global_phase": 0.0, "metadata": {}}, "data": {"counts": {"0x0": 2561, "0x1": 564, "0x2": 189, "0x3": 50, "0x4": 440, "0x5": 226, "0x6": 42, "0x7": 24}, "snapshots": null, "memory": null, "statevector": null, "unitary": null}}, {"shots": 4096, "success": true, "status": null, "seed": null, "meas_level": 2, "meas_return": null, "header": {"qubit_labels": [["q", 0], ["q", 1], ["q", 2], ["q", 3], ["q", 4]], "n_qubits": 5, "qreg_sizes": [["q", 5]], "clbit_labels": [["c", 0], ["c", 1], ["c", 2]], "memory_slots": 3, "creg_sizes": [["c", 3]], "name": "circuit-2934080", "global_phase": 0.0, "metadata": {}}, "data": {"counts": {"0x0": 597, "0x1": 655, "0x2": 662, "0x3": 347, "0x4": 545, "0x5": 411, "0x6": 416, "0x7": 463}, "snapshots": null, "memory": null, "statevector": null, "unitary": null}}, {"shots": 4096, "success": true, "status": null, "seed": null, "meas_level": 2, "meas_return": null, "header": {"qubit_labels": [["q", 0], ["q", 1], ["q", 2], ["q", 3], ["q", 4]], "n_qubits": 5, "qreg_sizes": [["q", 5]], "clbit_labels": [["c", 0], ["c", 1], ["c", 2]], "memory_slots": 3, "creg_sizes": [["c", 3]], "name": "circuit-2934081", "global_phase": 0.0, "metadata": {}}, "data": {"counts": {"0x0": 2303, "0x1": 584, "0x2": 232, "0x3": 56, "0x4": 531, "0x5": 300, "0x6": 60, "0x7": 30}, "snapshots": null, "memory": null, "statevector": null, "unitary": null}}, {"shots": 4096, "success": true, "status": null, "seed": null, "meas_level": 2, "meas_return": null, "header": {"qubit_labels": [["q", 0], ["q", 1], ["q", 2], ["q", 3], ["q", 4]], "n_qubits": 5, "qreg_sizes": [["q", 5]], "clbit_labels": [["c", 0], ["c", 1], ["c", 2]], "memory_slots": 3, "creg_sizes": [["c", 3]], "name": "circuit-2935144", "global_phase": 0.0, "metadata": {}}, "data": {"counts": {"0x0": 479, "0x1": 662, "0x2": 724, "0x3": 340, "0x4": 659, "0x5": 328, "0x6": 407, "0x7": 497}, "snapshots": null, "memory": null, "statevector": null, "unitary": null}}, {"shots": 4096, "success": true, "status": null, "seed": null, "meas_level": 2, "meas_return": null, "header": {"qubit_labels": [["q", 0], ["q", 1], ["q", 2], ["q", 3], ["q", 4]], "n_qubits": 5, "qreg_sizes": [["q", 5]], "clbit_labels": [["c", 0], ["c", 1], ["c", 2]], "memory_slots": 3, "creg_sizes": [["c", 3]], "name": "circuit-2935145", "global_phase": 0.0, "metadata": {}}, "data": {"counts": {"0x0": 2209, "0x1": 606, "0x2": 202, "0x3": 69, "0x4": 550, "0x5": 362, "0x6": 60, "0x7": 38}, "snapshots": null, "memory": null, "statevector": null, "unitary": null}}, {"shots": 4096, "success": true, "status": null, "seed": null, "meas_level": 2, "meas_return": null, "header": {"qubit_labels": [["q", 0], ["q", 1], ["q", 2], ["q", 3], ["q", 4]], "n_qubits": 5, "qreg_sizes": [["q", 5]], "clbit_labels": [["c", 0], ["c", 1], ["c", 2]], "memory_slots": 3, "creg_sizes": [["c", 3]], "name": "circuit-2936350", "global_phase": 0.0, "metadata": {}}, "data": {"counts": {"0x0": 471, "0x1": 561, "0x2": 699, "0x3": 378, "0x4": 675, "0x5": 374, "0x6": 417, "0x7": 521}, "snapshots": null, "memory": null, "statevector": null, "unitary": null}}, {"shots": 4096, "success": true, "status": null, "seed": null, "meas_level": 2, "meas_return": null, "header": {"qubit_labels": [["q", 0], ["q", 1], ["q", 2], ["q", 3], ["q", 4]], "n_qubits": 5, "qreg_sizes": [["q", 5]], "clbit_labels": [["c", 0], ["c", 1], ["c", 2]], "memory_slots": 3, "creg_sizes": [["c", 3]], "name": "circuit-2936351", "global_phase": 0.0, "metadata": {}}, "data": {"counts": {"0x0": 1936, "0x1": 746, "0x2": 229, "0x3": 79, "0x4": 633, "0x5": 351, "0x6": 75, "0x7": 47}, "snapshots": null, "memory": null, "statevector": null, "unitary": null}}, {"shots": 4096, "success": true, "status": null, "seed": null, "meas_level": 2, "meas_return": null, "header": {"qubit_labels": [["q", 0], ["q", 1], ["q", 2], ["q", 3], ["q", 4]], "n_qubits": 5, "qreg_sizes": [["q", 5]], "clbit_labels": [["c", 0], ["c", 1], ["c", 2]], "memory_slots": 3, "creg_sizes": [["c", 3]], "name": "circuit-2937686", "global_phase": 0.0, "metadata": {}}, "data": {"counts": {"0x0": 494, "0x1": 521, "0x2": 619, "0x3": 352, "0x4": 670, "0x5": 424, "0x6": 512, "0x7": 504}, "snapshots": null, "memory": null, "statevector": null, "unitary": null}}, {"shots": 4096, "success": true, "status": null, "seed": null, "meas_level": 2, "meas_return": null, "header": {"qubit_labels": [["q", 0], ["q", 1], ["q", 2], ["q", 3], ["q", 4]], "n_qubits": 5, "qreg_sizes": [["q", 5]], "clbit_labels": [["c", 0], ["c", 1], ["c", 2]], "memory_slots": 3, "creg_sizes": [["c", 3]], "name": "circuit-2937687", "global_phase": 0.0, "metadata": {}}, "data": {"counts": {"0x0": 1771, "0x1": 598, "0x2": 324, "0x3": 119, "0x4": 701, "0x5": 398, "0x6": 126, "0x7": 59}, "snapshots": null, "memory": null, "statevector": null, "unitary": null}}, {"shots": 4096, "success": true, "status": null, "seed": null, "meas_level": 2, "meas_return": null, "header": {"qubit_labels": [["q", 0], ["q", 1], ["q", 2], ["q", 3], ["q", 4]], "n_qubits": 5, "qreg_sizes": [["q", 5]], "clbit_labels": [["c", 0], ["c", 1], ["c", 2]], "memory_slots": 3, "creg_sizes": [["c", 3]], "name": "circuit-2939208", "global_phase": 0.0, "metadata": {}}, "data": {"counts": {"0x0": 558, "0x1": 569, "0x2": 553, "0x3": 447, "0x4": 596, "0x5": 420, "0x6": 534, "0x7": 419}, "snapshots": null, "memory": null, "statevector": null, "unitary": null}}, {"shots": 4096, "success": true, "status": null, "seed": null, "meas_level": 2, "meas_return": null, "header": {"qubit_labels": [["q", 0], ["q", 1], ["q", 2], ["q", 3], ["q", 4]], "n_qubits": 5, "qreg_sizes": [["q", 5]], "clbit_labels": [["c", 0], ["c", 1], ["c", 2]], "memory_slots": 3, "creg_sizes": [["c", 3]], "name": "circuit-2939209", "global_phase": 0.0, "metadata": {}}, "data": {"counts": {"0x0": 1837, "0x1": 662, "0x2": 262, "0x3": 99, "0x4": 666, "0x5": 393, "0x6": 98, "0x7": 79}, "snapshots": null, "memory": null, "statevector": null, "unitary": null}}, {"shots": 4096, "success": true, "status": null, "seed": null, "meas_level": 2, "meas_return": null, "header": {"qubit_labels": [["q", 0], ["q", 1], ["q", 2], ["q", 3], ["q", 4]], "n_qubits": 5, "qreg_sizes": [["q", 5]], "clbit_labels": [["c", 0], ["c", 1], ["c", 2]], "memory_slots": 3, "creg_sizes": [["c", 3]], "name": "circuit-2940785", "global_phase": 0.0, "metadata": {}}, "data": {"counts": {"0x0": 550, "0x1": 517, "0x2": 606, "0x3": 439, "0x4": 549, "0x5": 447, "0x6": 576, "0x7": 412}, "snapshots": null, "memory": null, "statevector": null, "unitary": null}}, {"shots": 4096, "success": true, "status": null, "seed": null, "meas_level": 2, "meas_return": null, "header": {"qubit_labels": [["q", 0], ["q", 1], ["q", 2], ["q", 3], ["q", 4]], "n_qubits": 5, "qreg_sizes": [["q", 5]], "clbit_labels": [["c", 0], ["c", 1], ["c", 2]], "memory_slots": 3, "creg_sizes": [["c", 3]], "name": "circuit-2940786", "global_phase": 0.0, "metadata": {}}, "data": {"counts": {"0x0": 1650, "0x1": 701, "0x2": 267, "0x3": 129, "0x4": 739, "0x5": 421, "0x6": 124, "0x7": 65}, "snapshots": null, "memory": null, "statevector": null, "unitary": null}}, {"shots": 4096, "success": true, "status": null, "seed": null, "meas_level": 2, "meas_return": null, "header": {"qubit_labels": [["q", 0], ["q", 1], ["q", 2], ["q", 3], ["q", 4]], "n_qubits": 5, "qreg_sizes": [["q", 5]], "clbit_labels": [["c", 0], ["c", 1], ["c", 2]], "memory_slots": 3, "creg_sizes": [["c", 3]], "name": "circuit-2942527", "global_phase": 0.0, "metadata": {}}, "data": {"counts": {"0x0": 616, "0x1": 447, "0x2": 556, "0x3": 556, "0x4": 553, "0x5": 407, "0x6": 545, "0x7": 416}, "snapshots": null, "memory": null, "statevector": null, "unitary": null}}, {"shots": 4096, "success": true, "status": null, "seed": null, "meas_level": 2, "meas_return": null, "header": {"qubit_labels": [["q", 0], ["q", 1], ["q", 2], ["q", 3], ["q", 4]], "n_qubits": 5, "qreg_sizes": [["q", 5]], "clbit_labels": [["c", 0], ["c", 1], ["c", 2]], "memory_slots": 3, "creg_sizes": [["c", 3]], "name": "circuit-2942528", "global_phase": 0.0, "metadata": {}}, "data": {"counts": {"0x0": 1537, "0x1": 683, "0x2": 332, "0x3": 120, "0x4": 711, "0x5": 474, "0x6": 159, "0x7": 80}, "snapshots": null, "memory": null, "statevector": null, "unitary": null}}, {"shots": 4096, "success": true, "status": null, "seed": null, "meas_level": 2, "meas_return": null, "header": {"qubit_labels": [["q", 0], ["q", 1], ["q", 2], ["q", 3], ["q", 4]], "n_qubits": 5, "qreg_sizes": [["q", 5]], "clbit_labels": [["c", 0], ["c", 1], ["c", 2]], "memory_slots": 3, "creg_sizes": [["c", 3]], "name": "circuit-2944477", "global_phase": 0.0, "metadata": {}}, "data": {"counts": {"0x0": 562, "0x1": 437, "0x2": 524, "0x3": 553, "0x4": 535, "0x5": 529, "0x6": 583, "0x7": 373}, "snapshots": null, "memory": null, "statevector": null, "unitary": null}}, {"shots": 4096, "success": true, "status": null, "seed": null, "meas_level": 2, "meas_return": null, "header": {"qubit_labels": [["q", 0], ["q", 1], ["q", 2], ["q", 3], ["q", 4]], "n_qubits": 5, "qreg_sizes": [["q", 5]], "clbit_labels": [["c", 0], ["c", 1], ["c", 2]], "memory_slots": 3, "creg_sizes": [["c", 3]], "name": "circuit-2944478", "global_phase": 0.0, "metadata": {}}, "data": {"counts": {"0x0": 1342, "0x1": 760, "0x2": 313, "0x3": 165, "0x4": 692, "0x5": 549, "0x6": 164, "0x7": 111}, "snapshots": null, "memory": null, "statevector": null, "unitary": null}}, {"shots": 4096, "success": true, "status": null, "seed": null, "meas_level": 2, "meas_return": null, "header": {"qubit_labels": [["q", 0], ["q", 1], ["q", 2], ["q", 3], ["q", 4]], "n_qubits": 5, "qreg_sizes": [["q", 5]], "clbit_labels": [["c", 0], ["c", 1], ["c", 2]], "memory_slots": 3, "creg_sizes": [["c", 3]], "name": "circuit-2946537", "global_phase": 0.0, "metadata": {}}, "data": {"counts": {"0x0": 674, "0x1": 477, "0x2": 444, "0x3": 493, "0x4": 526, "0x5": 540, "0x6": 589, "0x7": 353}, "snapshots": null, "memory": null, "statevector": null, "unitary": null}}, {"shots": 4096, "success": true, "status": null, "seed": null, "meas_level": 2, "meas_return": null, "header": {"qubit_labels": [["q", 0], ["q", 1], ["q", 2], ["q", 3], ["q", 4]], "n_qubits": 5, "qreg_sizes": [["q", 5]], "clbit_labels": [["c", 0], ["c", 1], ["c", 2]], "memory_slots": 3, "creg_sizes": [["c", 3]], "name": "circuit-2946538", "global_phase": 0.0, "metadata": {}}, "data": {"counts": {"0x0": 1366, "0x1": 740, "0x2": 308, "0x3": 170, "0x4": 761, "0x5": 497, "0x6": 165, "0x7": 89}, "snapshots": null, "memory": null, "statevector": null, "unitary": null}}, {"shots": 4096, "success": true, "status": null, "seed": null, "meas_level": 2, "meas_return": null, "header": {"qubit_labels": [["q", 0], ["q", 1], ["q", 2], ["q", 3], ["q", 4]], "n_qubits": 5, "qreg_sizes": [["q", 5]], "clbit_labels": [["c", 0], ["c", 1], ["c", 2]], "memory_slots": 3, "creg_sizes": [["c", 3]], "name": "circuit-2948700", "global_phase": 0.0, "metadata": {}}, "data": {"counts": {"0x0": 525, "0x1": 471, "0x2": 589, "0x3": 499, "0x4": 522, "0x5": 432, "0x6": 611, "0x7": 447}, "snapshots": null, "memory": null, "statevector": null, "unitary": null}}, {"shots": 4096, "success": true, "status": null, "seed": null, "meas_level": 2, "meas_return": null, "header": {"qubit_labels": [["q", 0], ["q", 1], ["q", 2], ["q", 3], ["q", 4]], "n_qubits": 5, "qreg_sizes": [["q", 5]], "clbit_labels": [["c", 0], ["c", 1], ["c", 2]], "memory_slots": 3, "creg_sizes": [["c", 3]], "name": "circuit-2948701", "global_phase": 0.0, "metadata": {}}, "data": {"counts": {"0x0": 1224, "0x1": 778, "0x2": 393, "0x3": 184, "0x4": 678, "0x5": 515, "0x6": 198, "0x7": 126}, "snapshots": null, "memory": null, "statevector": null, "unitary": null}}, {"shots": 4096, "success": true, "status": null, "seed": null, "meas_level": 2, "meas_return": null, "header": {"qubit_labels": [["q", 0], ["q", 1], ["q", 2], ["q", 3], ["q", 4]], "n_qubits": 5, "qreg_sizes": [["q", 5]], "clbit_labels": [["c", 0], ["c", 1], ["c", 2]], "memory_slots": 3, "creg_sizes": [["c", 3]], "name": "circuit-2951021", "global_phase": 0.0, "metadata": {}}, "data": {"counts": {"0x0": 628, "0x1": 469, "0x2": 511, "0x3": 496, "0x4": 505, "0x5": 581, "0x6": 515, "0x7": 391}, "snapshots": null, "memory": null, "statevector": null, "unitary": null}}, {"shots": 4096, "success": true, "status": null, "seed": null, "meas_level": 2, "meas_return": null, "header": {"qubit_labels": [["q", 0], ["q", 1], ["q", 2], ["q", 3], ["q", 4]], "n_qubits": 5, "qreg_sizes": [["q", 5]], "clbit_labels": [["c", 0], ["c", 1], ["c", 2]], "memory_slots": 3, "creg_sizes": [["c", 3]], "name": "circuit-2951022", "global_phase": 0.0, "metadata": {}}, "data": {"counts": {"0x0": 1150, "0x1": 746, "0x2": 335, "0x3": 227, "0x4": 746, "0x5": 501, "0x6": 238, "0x7": 153}, "snapshots": null, "memory": null, "statevector": null, "unitary": null}}, {"shots": 4096, "success": true, "status": null, "seed": null, "meas_level": 2, "meas_return": null, "header": {"qubit_labels": [["q", 0], ["q", 1], ["q", 2], ["q", 3], ["q", 4]], "n_qubits": 5, "qreg_sizes": [["q", 5]], "clbit_labels": [["c", 0], ["c", 1], ["c", 2]], "memory_slots": 3, "creg_sizes": [["c", 3]], "name": "circuit-2953513", "global_phase": 0.0, "metadata": {}}, "data": {"counts": {"0x0": 568, "0x1": 499, "0x2": 493, "0x3": 429, "0x4": 537, "0x5": 570, "0x6": 591, "0x7": 409}, "snapshots": null, "memory": null, "statevector": null, "unitary": null}}, {"shots": 4096, "success": true, "status": null, "seed": null, "meas_level": 2, "meas_return": null, "header": {"qubit_labels": [["q", 0], ["q", 1], ["q", 2], ["q", 3], ["q", 4]], "n_qubits": 5, "qreg_sizes": [["q", 5]], "clbit_labels": [["c", 0], ["c", 1], ["c", 2]], "memory_slots": 3, "creg_sizes": [["c", 3]], "name": "circuit-2953514", "global_phase": 0.0, "metadata": {}}, "data": {"counts": {"0x0": 1092, "0x1": 741, "0x2": 364, "0x3": 260, "0x4": 710, "0x5": 543, "0x6": 203, "0x7": 183}, "snapshots": null, "memory": null, "statevector": null, "unitary": null}}, {"shots": 4096, "success": true, "status": null, "seed": null, "meas_level": 2, "meas_return": null, "header": {"qubit_labels": [["q", 0], ["q", 1], ["q", 2], ["q", 3], ["q", 4]], "n_qubits": 5, "qreg_sizes": [["q", 5]], "clbit_labels": [["c", 0], ["c", 1], ["c", 2]], "memory_slots": 3, "creg_sizes": [["c", 3]], "name": "circuit-2956108", "global_phase": 0.0, "metadata": {}}, "data": {"counts": {"0x0": 654, "0x1": 461, "0x2": 513, "0x3": 490, "0x4": 585, "0x5": 491, "0x6": 499, "0x7": 403}, "snapshots": null, "memory": null, "statevector": null, "unitary": null}}, {"shots": 4096, "success": true, "status": null, "seed": null, "meas_level": 2, "meas_return": null, "header": {"qubit_labels": [["q", 0], ["q", 1], ["q", 2], ["q", 3], ["q", 4]], "n_qubits": 5, "qreg_sizes": [["q", 5]], "clbit_labels": [["c", 0], ["c", 1], ["c", 2]], "memory_slots": 3, "creg_sizes": [["c", 3]], "name": "circuit-2956109", "global_phase": 0.0, "metadata": {}}, "data": {"counts": {"0x0": 1151, "0x1": 713, "0x2": 377, "0x3": 255, "0x4": 691, "0x5": 530, "0x6": 223, "0x7": 156}, "snapshots": null, "memory": null, "statevector": null, "unitary": null}}, {"shots": 4096, "success": true, "status": null, "seed": null, "meas_level": 2, "meas_return": null, "header": {"qubit_labels": [["q", 0], ["q", 1], ["q", 2], ["q", 3], ["q", 4]], "n_qubits": 5, "qreg_sizes": [["q", 5]], "clbit_labels": [["c", 0], ["c", 1], ["c", 2]], "memory_slots": 3, "creg_sizes": [["c", 3]], "name": "circuit-2958838", "global_phase": 0.0, "metadata": {}}, "data": {"counts": {"0x0": 581, "0x1": 484, "0x2": 554, "0x3": 493, "0x4": 532, "0x5": 472, "0x6": 524, "0x7": 456}, "snapshots": null, "memory": null, "statevector": null, "unitary": null}}, {"shots": 4096, "success": true, "status": null, "seed": null, "meas_level": 2, "meas_return": null, "header": {"qubit_labels": [["q", 0], ["q", 1], ["q", 2], ["q", 3], ["q", 4]], "n_qubits": 5, "qreg_sizes": [["q", 5]], "clbit_labels": [["c", 0], ["c", 1], ["c", 2]], "memory_slots": 3, "creg_sizes": [["c", 3]], "name": "circuit-2958839", "global_phase": 0.0, "metadata": {}}, "data": {"counts": {"0x0": 1126, "0x1": 720, "0x2": 382, "0x3": 229, "0x4": 684, "0x5": 544, "0x6": 242, "0x7": 169}, "snapshots": null, "memory": null, "statevector": null, "unitary": null}}, {"shots": 4096, "success": true, "status": null, "seed": null, "meas_level": 2, "meas_return": null, "header": {"qubit_labels": [["q", 0], ["q", 1], ["q", 2], ["q", 3], ["q", 4]], "n_qubits": 5, "qreg_sizes": [["q", 5]], "clbit_labels": [["c", 0], ["c", 1], ["c", 2]], "memory_slots": 3, "creg_sizes": [["c", 3]], "name": "circuit-2961737", "global_phase": 0.0, "metadata": {}}, "data": {"counts": {"0x0": 595, "0x1": 504, "0x2": 552, "0x3": 467, "0x4": 524, "0x5": 467, "0x6": 530, "0x7": 457}, "snapshots": null, "memory": null, "statevector": null, "unitary": null}}, {"shots": 4096, "success": true, "status": null, "seed": null, "meas_level": 2, "meas_return": null, "header": {"qubit_labels": [["q", 0], ["q", 1], ["q", 2], ["q", 3], ["q", 4]], "n_qubits": 5, "qreg_sizes": [["q", 5]], "clbit_labels": [["c", 0], ["c", 1], ["c", 2]], "memory_slots": 3, "creg_sizes": [["c", 3]], "name": "circuit-2961738", "global_phase": 0.0, "metadata": {}}, "data": {"counts": {"0x0": 1081, "0x1": 697, "0x2": 404, "0x3": 235, "0x4": 691, "0x5": 554, "0x6": 249, "0x7": 185}, "snapshots": null, "memory": null, "statevector": null, "unitary": null}}], "error": null}