{"backend_name": "ibmq_manila", "backend_version": "1.0.35", "qobj_id": "89becd1a-8773-4a63-a1cb-03849d5be1b5", "job_id": "62e8305e5923b64a5a5f6bfc", "date": "2022-08-01T20:28:34Z", "success": true, "status": "Successful completion", "execution_id": "3621ad0e-11d8-11ed-be18-bc97e15b08d0", "time_taken": 130.63805508613586, "header": {"backend_name": "ibmq_manila", "backend_version": "1.0.35"}, "results": [{"shots": 4096, "success": true, "status": null, "seed": null, "meas_level": 2, "meas_return": null, "header": {"qubit_labels": [["q", 0], ["q", 1], ["q", 2], ["q", 3], ["q", 4]], "n_qubits": 5, "qreg_sizes": [["q", 5]], "clbit_labels": [["c", 0], ["c", 1], ["c", 2]], "memory_slots": 3, "creg_sizes": [["c", 3]], "name": "circuit-2873209", "global_phase": 2.356194490192353, "metadata": {}}, "data": {"counts": {"0x0": 600, "0x1": 470, "0x2": 546, "0x3": 524, "0x4": 513, "0x5": 446, "0x6": 538, "0x7": 459}, "snapshots": null, "memory": null, "statevector": null, "unitary": null}}, {"shots": 4096, "success": true, "status": null, "seed": null, "meas_level": 2, "meas_return": null, "header": {"qubit_labels": [["q", 0], ["q", 1], ["q", 2], ["q", 3], ["q", 4]], "n_qubits": 5, "qreg_sizes": [["q", 5]], "clbit_labels": [["c", 0], ["c", 1], ["c", 2]], "memory_slots": 3, "creg_sizes": [["c", 3]], "name": "circuit-2873210", "global_phase": 1.5707963267949294, "metadata": {}}, "data": {"counts": {"0x0": 745, "0x1": 330, "0x2": 1462, "0x3": 618, "0x4": 195, "0x5": 162, "0x6": 299, "0x7": 285}, "snapshots": null, "memory": null, "statevector": null, "unitary": null}}, {"shots": 4096, "success": true, "status": null, "seed": null, "meas_level": 2, "meas_return": null, "header": {"qubit_labels": [["q", 0], ["q", 1], ["q", 2], ["q", 3], ["q", 4]], "n_qubits": 5, "qreg_sizes": [["q", 5]], "clbit_labels": [["c", 0], ["c", 1], ["c", 2]], "memory_slots": 3, "creg_sizes": [["c", 3]], "name": "circuit-2874964", "global_phase": 2.356194490192358, "metadata": {}}, "data": {"counts": {"0x0": 497, "0x1": 499, "0x2": 621, "0x3": 537, "0x4": 461, "0x5": 394, "0x6": 585, "0x7": 502}, "snapshots": null, "memory": null, "statevector": null, "unitary": null}}, {"shots": 4096, "success": true, "status": null, "seed": null, "meas_level": 2, "meas_return": null, "header": {"qubit_labels": [["q", 0], ["q", 1], ["q", 2], ["q", 3], ["q", 4]], "n_qubits": 5, "qreg_sizes": [["q", 5]], "clbit_labels": [["c", 0], ["c", 1], ["c", 2]], "memory_slots": 3, "creg_sizes": [["c", 3]], "name": "circuit-2874965", "global_phase": 4.712388980384724, "metadata": {}}, "data": {"counts": {"0x0": 738, "0x1": 387, "0x2": 1375, "0x3": 630, "0x4": 211, "0x5": 175, "0x6": 329, "0x7": 251}, "snapshots": null, "memory": null, "statevector": null, "unitary": null}}, {"shots": 4096, "success": true, "status": null, "seed": null, "meas_level": 2, "meas_return": null, "header": {"qubit_labels": [["q", 0], ["q", 1], ["q", 2], ["q", 3], ["q", 4]], "n_qubits": 5, "qreg_sizes": [["q", 5]], "clbit_labels": [["c", 0], ["c", 1], ["c", 2]], "memory_slots": 3, "creg_sizes": [["c", 3]], "name": "circuit-2876843", "global_phase": 5.497787143782145, "metadata": {}}, "data": {"counts": {"0x0": 486, "0x1": 420, "0x2": 601, "0x3": 552, "0x4": 535, "0x5": 399, "0x6": 601, "0x7": 502}, "snapshots": null, "memory": null, "statevector": null, "unitary": null}}, {"shots": 4096, "success": true, "status": null, "seed": null, "meas_level": 2, "meas_return": null, "header": {"qubit_labels": [["q", 0], ["q", 1], ["q", 2], ["q", 3], ["q", 4]], "n_qubits": 5, "qreg_sizes": [["q", 5]], "clbit_labels": [["c", 0], ["c", 1], ["c", 2]], "memory_slots": 3, "creg_sizes": [["c", 3]], "name": "circuit-2876844", "global_phase": 3.1415926535898286, "metadata": {}}, "data": {"counts": {"0x0": 839, "0x1": 418, "0x2": 1228, "0x3": 622, "0x4": 225, "0x5": 178, "0x6": 307, "0x7": 279}, "snapshots": null, "memory": null, "statevector": null, "unitary": null}}, {"shots": 4096, "success": true, "status": null, "seed": null, "meas_level": 2, "meas_return": null, "header": {"qubit_labels": [["q", 0], ["q", 1], ["q", 2], ["q", 3], ["q", 4]], "n_qubits": 5, "qreg_sizes": [["q", 5]], "clbit_labels": [["c", 0], ["c", 1], ["c", 2]], "memory_slots": 3, "creg_sizes": [["c", 3]], "name": "circuit-2878856", "global_phase": 2.3561944901923564, "metadata": {}}, "data": {"counts": {"0x0": 436, "0x1": 385, "0x2": 647, "0x3": 585, "0x4": 415, "0x5": 413, "0x6": 634, "0x7": 581}, "snapshots": null, "memory": null, "statevector": null, "unitary": null}}, {"shots": 4096, "success": true, "status": null, "seed": null, "meas_level": 2, "meas_return": null, "header": {"qubit_labels": [["q", 0], ["q", 1], ["q", 2], ["q", 3], ["q", 4]], "n_qubits": 5, "qreg_sizes": [["q", 5]], "clbit_labels": [["c", 0], ["c", 1], ["c", 2]], "memory_slots": 3, "creg_sizes": [["c", 3]], "name": "circuit-2878857", "global_phase": 1.5707963267949259, "metadata": {}}, "data": {"counts": {"0x0": 833, "0x1": 410, "0x2": 1207, "0x3": 579, "0x4": 236, "0x5": 211, "0x6": 318, "0x7": 302}, "snapshots": null, "memory": null, "statevector": null, "unitary": null}}, {"shots": 4096, "success": true, "status": null, "seed": null, "meas_level": 2, "meas_return": null, "header": {"qubit_labels": [["q", 0], ["q", 1], ["q", 2], ["q", 3], ["q", 4]], "n_qubits": 5, "qreg_sizes": [["q", 5]], "clbit_labels": [["c", 0], ["c", 1], ["c", 2]], "memory_slots": 3, "creg_sizes": [["c", 3]], "name": "circuit-2881077", "global_phase": 2.3561944901923635, "metadata": {}}, "data": {"counts": {"0x0": 438, "0x1": 406, "0x2": 675, "0x3": 565, "0x4": 423, "0x5": 414, "0x6": 668, "0x7": 507}, "snapshots": null, "memory": null, "statevector": null, "unitary": null}}, {"shots": 4096, "success": true, "status": null, "seed": null, "meas_level": 2, "meas_return": null, "header": {"qubit_labels": [["q", 0], ["q", 1], ["q", 2], ["q", 3], ["q", 4]], "n_qubits": 5, "qreg_sizes": [["q", 5]], "clbit_labels": [["c", 0], ["c", 1], ["c", 2]], "memory_slots": 3, "creg_sizes": [["c", 3]], "name": "circuit-2881078", "global_phase": 3.1415926535898304, "metadata": {}}, "data": {"counts": {"0x0": 969, "0x1": 411, "0x2": 1065, "0x3": 560, "0x4": 289, "0x5": 194, "0x6": 335, "0x7": 273}, "snapshots": null, "memory": null, "statevector": null, "unitary": null}}, {"shots": 4096, "success": true, "status": null, "seed": null, "meas_level": 2, "meas_return": null, "header": {"qubit_labels": [["q", 0], ["q", 1], ["q", 2], ["q", 3], ["q", 4]], "n_qubits": 5, "qreg_sizes": [["q", 5]], "clbit_labels": [["c", 0], ["c", 1], ["c", 2]], "memory_slots": 3, "creg_sizes": [["c", 3]], "name": "circuit-2883408", "global_phase": 3.9269908169872565, "metadata": {}}, "data": {"counts": {"0x0": 420, "0x1": 383, "0x2": 670, "0x3": 599, "0x4": 397, "0x5": 358, "0x6": 685, "0x7": 584}, "snapshots": null, "memory": null, "statevector": null, "unitary": null}}, {"shots": 4096, "success": true, "status": null, "seed": null, "meas_level": 2, "meas_return": null, "header": {"qubit_labels": [["q", 0], ["q", 1], ["q", 2], ["q", 3], ["q", 4]], "n_qubits": 5, "qreg_sizes": [["q", 5]], "clbit_labels": [["c", 0], ["c", 1], ["c", 2]], "memory_slots": 3, "creg_sizes": [["c", 3]], "name": "circuit-2883409", "global_phase": 4.263256414560601e-14, "metadata": {}}, "data": {"counts": {"0x0": 874, "0x1": 561, "0x2": 990, "0x3": 585, "0x4": 255, "0x5": 220, "0x6": 340, "0x7": 271}, "snapshots": null, "memory": null, "statevector": null, "unitary": null}}, {"shots": 4096, "success": true, "status": null, "seed": null, "meas_level": 2, "meas_return": null, "header": {"qubit_labels": [["q", 0], ["q", 1], ["q", 2], ["q", 3], ["q", 4]], "n_qubits": 5, "qreg_sizes": [["q", 5]], "clbit_labels": [["c", 0], ["c", 1], ["c", 2]], "memory_slots": 3, "creg_sizes": [["c", 3]], "name": "circuit-2885930", "global_phase": 3.926990816987262, "metadata": {}}, "data": {"counts": {"0x0": 452, "0x1": 373, "0x2": 706, "0x3": 585, "0x4": 371, "0x5": 355, "0x6": 664, "0x7": 590}, "snapshots": null, "memory": null, "statevector": null, "unitary": null}}, {"shots": 4096, "success": true, "status": null, "seed": null, "meas_level": 2, "meas_return": null, "header": {"qubit_labels": [["q", 0], ["q", 1], ["q", 2], ["q", 3], ["q", 4]], "n_qubits": 5, "qreg_sizes": [["q", 5]], "clbit_labels": [["c", 0], ["c", 1], ["c", 2]], "memory_slots": 3, "creg_sizes": [["c", 3]], "name": "circuit-2885931", "global_phase": 4.712388980384728, "metadata": {}}, "data": {"counts": {"0x0": 949, "0x1": 569, "0x2": 849, "0x3": 514, "0x4": 335, "0x5": 317, "0x6": 278, "0x7": 285}, "snapshots": null, "memory": null, "statevector": null, "unitary": null}}, {"shots": 4096, "success": true, "status": null, "seed": null, "meas_level": 2, "meas_return": null, "header": {"qubit_labels": [["q", 0], ["q", 1], ["q", 2], ["q", 3], ["q", 4]], "n_qubits": 5, "qreg_sizes": [["q", 5]], "clbit_labels": [["c", 0], ["c", 1], ["c", 2]], "memory_slots": 3, "creg_sizes": [["c", 3]], "name": "circuit-2888567", "global_phase": 2.356194490192375, "metadata": {}}, "data": {"counts": {"0x0": 416, "0x1": 423, "0x2": 656, "0x3": 593, "0x4": 426, "0x5": 386, "0x6": 638, "0x7": 558}, "snapshots": null, "memory": null, "statevector": null, "unitary": null}}, {"shots": 4096, "success": true, "status": null, "seed": null, "meas_level": 2, "meas_return": null, "header": {"qubit_labels": [["q", 0], ["q", 1], ["q", 2], ["q", 3], ["q", 4]], "n_qubits": 5, "qreg_sizes": [["q", 5]], "clbit_labels": [["c", 0], ["c", 1], ["c", 2]], "memory_slots": 3, "creg_sizes": [["c", 3]], "name": "circuit-2888568", "global_phase": 4.1744385725905886e-14, "metadata": {}}, "data": {"counts": {"0x0": 911, "0x1": 585, "0x2": 866, "0x3": 532, "0x4": 329, "0x5": 271, "0x6": 317, "0x7": 285}, "snapshots": null, "memory": null, "statevector": null, "unitary": null}}, {"shots": 4096, "success": true, "status": null, "seed": null, "meas_level": 2, "meas_return": null, "header": {"qubit_labels": [["q", 0], ["q", 1], ["q", 2], ["q", 3], ["q", 4]], "n_qubits": 5, "qreg_sizes": [["q", 5]], "clbit_labels": [["c", 0], ["c", 1], ["c", 2]], "memory_slots": 3, "creg_sizes": [["c", 3]], "name": "circuit-2891261", "global_phase": 0.7853981633974687, "metadata": {}}, "data": {"counts": {"0x0": 454, "0x1": 428, "0x2": 691, "0x3": 578, "0x4": 412, "0x5": 366, "0x6": 624, "0x7": 543}, "snapshots": null, "memory": null, "statevector": null, "unitary": null}}, {"shots": 4096, "success": true, "status": null, "seed": null, "meas_level": 2, "meas_return": null, "header": {"qubit_labels": [["q", 0], ["q", 1], ["q", 2], ["q", 3], ["q", 4]], "n_qubits": 5, "qreg_sizes": [["q", 5]], "clbit_labels": [["c", 0], ["c", 1], ["c", 2]], "memory_slots": 3, "creg_sizes": [["c", 3]], "name": "circuit-2891262", "global_phase": 1.5707963267949472, "metadata": {}}, "data": {"counts": {"0x0": 915, "0x1": 617, "0x2": 765, "0x3": 506, "0x4": 388, "0x5": 312, "0x6": 322, "0x7": 271}, "snapshots": null, "memory": null, "statevector": null, "unitary": null}}, {"shots": 4096, "success": true, "status": null, "seed": null, "meas_level": 2, "meas_return": null, "header": {"qubit_labels": [["q", 0], ["q", 1], ["q", 2], ["q", 3], ["q", 4]], "n_qubits": 5, "qreg_sizes": [["q", 5]], "clbit_labels": [["c", 0], ["c", 1], ["c", 2]], "memory_slots": 3, "creg_sizes": [["c", 3]], "name": "circuit-2894149", "global_phase": 2.3561944901923546, "metadata": {}}, "data": {"counts": {"0x0": 511, "0x1": 396, "0x2": 627, "0x3": 616, "0x4": 421, "0x5": 347, "0x6": 593, "0x7": 585}, "snapshots": null, "memory": null, "statevector": null, "unitary": null}}, {"shots": 4096, "success": true, "status": null, "seed": null, "meas_level": 2, "meas_return": null, "header": {"qubit_labels": [["q", 0], ["q", 1], ["q", 2], ["q", 3], ["q", 4]], "n_qubits": 5, "qreg_sizes": [["q", 5]], "clbit_labels": [["c", 0], ["c", 1], ["c", 2]], "memory_slots": 3, "creg_sizes": [["c", 3]], "name": "circuit-2894150", "global_phase": 3.141592653589843, "metadata": {}}, "data": {"counts": {"0x0": 968, "0x1": 513, "0x2": 864, "0x3": 530, "0x4": 371, "0x5": 277, "0x6": 310, "0x7": 263}, "snapshots": null, "memory": null, "statevector": null, "unitary": null}}, {"shots": 4096, "success": true, "status": null, "seed": null, "meas_level": 2, "meas_return": null, "header": {"qubit_labels": [["q", 0], ["q", 1], ["q", 2], ["q", 3], ["q", 4]], "n_qubits": 5, "qreg_sizes": [["q", 5]], "clbit_labels": [["c", 0], ["c", 1], ["c", 2]], "memory_slots": 3, "creg_sizes": [["c", 3]], "name": "circuit-2897192", "global_phase": 5.497787143782137, "metadata": {}}, "data": {"counts": {"0x0": 589, "0x1": 173, "0x2": 396, "0x3": 996, "0x4": 232, "0x5": 498, "0x6": 927, "0x7": 285}, "snapshots": null, "memory": null, "statevector": null, "unitary": null}}, {"shots": 4096, "success": true, "status": null, "seed": null, "meas_level": 2, "meas_return": null, "header": {"qubit_labels": [["q", 0], ["q", 1], ["q", 2], ["q", 3], ["q", 4]], "n_qubits": 5, "qreg_sizes": [["q", 5]], "clbit_labels": [["c", 0], ["c", 1], ["c", 2]], "memory_slots": 3, "creg_sizes": [["c", 3]], "name": "circuit-2897193", "global_phase": 3.141592653589795, "metadata": {}}, "data": {"counts": {"0x0": 3341, "0x1": 261, "0x2": 258, "0x3": 31, "0x4": 144, "0x5": 47, "0x6": 9, "0x7": 5}, "snapshots": null, "memory": null, "statevector": null, "unitary": null}}, {"shots": 4096, "success": true, "status": null, "seed": null, "meas_level": 2, "meas_return": null, "header": {"qubit_labels": [["q", 0], ["q", 1], ["q", 2], ["q", 3], ["q", 4]], "n_qubits": 5, "qreg_sizes": [["q", 5]], "clbit_labels": [["c", 0], ["c", 1], ["c", 2]], "memory_slots": 3, "creg_sizes": [["c", 3]], "name": "circuit-2897547", "global_phase": 5.497787143782139, "metadata": {}}, "data": {"counts": {"0x0": 569, "0x1": 304, "0x2": 546, "0x3": 691, "0x4": 368, "0x5": 384, "0x6": 850, "0x7": 384}, "snapshots": null, "memory": null, "statevector": null, "unitary": null}}, {"shots": 4096, "success": true, "status": null, "seed": null, "meas_level": 2, "meas_return": null, "header": {"qubit_labels": [["q", 0], ["q", 1], ["q", 2], ["q", 3], ["q", 4]], "n_qubits": 5, "qreg_sizes": [["q", 5]], "clbit_labels": [["c", 0], ["c", 1], ["c", 2]], "memory_slots": 3, "creg_sizes": [["c", 3]], "name": "circuit-2897548", "global_phase": 3.1415926535897993, "metadata": {}}, "data": {"counts": {"0x0": 3082, "0x1": 279, "0x2": 371, "0x3": 31, "0x4": 170, "0x5": 139, "0x6": 9, "0x7": 15}, "snapshots": null, "memory": null, "statevector": null, "unitary": null}}, {"shots": 4096, "success": true, "status": null, "seed": null, "meas_level": 2, "meas_return": null, "header": {"qubit_labels": [["q", 0], ["q", 1], ["q", 2], ["q", 3], ["q", 4]], "n_qubits": 5, "qreg_sizes": [["q", 5]], "clbit_labels": [["c", 0], ["c", 1], ["c", 2]], "memory_slots": 3, "creg_sizes": [["c", 3]], "name": "circuit-2898041", "global_phase": 2.3561944901923475, "metadata": {}}, "data": {"counts": {"0x0": 310, "0x1": 312, "0x2": 676, "0x3": 902, "0x4": 330, "0x5": 247, "0x6": 806, "0x7": 513}, "snapshots": null, "memory": null, "statevector": null, "unitary": null}}, {"shots": 4096, "success": true, "status": null, "seed": null, "meas_level": 2, "meas_return": null, "header": {"qubit_labels": [["q", 0], ["q", 1], ["q", 2], ["q", 3], ["q", 4]], "n_qubits": 5, "qreg_sizes": [["q", 5]], "clbit_labels": [["c", 0], ["c", 1], ["c", 2]], "memory_slots": 3, "creg_sizes": [["c", 3]], "name": "circuit-2898042", "global_phase": 1.5707963267948983, "metadata": {}}, "data": {"counts": {"0x0": 2596, "0x1": 378, "0x2": 643, "0x3": 89, "0x4": 200, "0x5": 118, "0x6": 54, "0x7": 18}, "snapshots": null, "memory": null, "statevector": null, "unitary": null}}, {"shots": 4096, "success": true, "status": null, "seed": null, "meas_level": 2, "meas_return": null, "header": {"qubit_labels": [["q", 0], ["q", 1], ["q", 2], ["q", 3], ["q", 4]], "n_qubits": 5, "qreg_sizes": [["q", 5]], "clbit_labels": [["c", 0], ["c", 1], ["c", 2]], "memory_slots": 3, "creg_sizes": [["c", 3]], "name": "circuit-2898664", "global_phase": 0.7853981633974509, "metadata": {}}, "data": {"counts": {"0x0": 319, "0x1": 368, "0x2": 812, "0x3": 579, "0x4": 427, "0x5": 231, "0x6": 626, "0x7": 734}, "snapshots": null, "memory": null, "statevector": null, "unitary": null}}, {"shots": 4096, "success": true, "status": null, "seed": null, "meas_level": 2, "meas_return": null, "header": {"qubit_labels": [["q", 0], ["q", 1], ["q", 2], ["q", 3], ["q", 4]], "n_qubits": 5, "qreg_sizes": [["q", 5]], "clbit_labels": [["c", 0], ["c", 1], ["c", 2]], "memory_slots": 3, "creg_sizes": [["c", 3]], "name": "circuit-2898665", "global_phase": 3.141592653589802, "metadata": {}}, "data": {"counts": {"0x0": 2313, "0x1": 357, "0x2": 833, "0x3": 115, "0x4": 209, "0x5": 150, "0x6": 55, "0x7": 64}, "snapshots": null, "memory": null, "statevector": null, "unitary": null}}, {"shots": 4096, "success": true, "status": null, "seed": null, "meas_level": 2, "meas_return": null, "header": {"qubit_labels": [["q", 0], ["q", 1], ["q", 2], ["q", 3], ["q", 4]], "n_qubits": 5, "qreg_sizes": [["q", 5]], "clbit_labels": [["c", 0], ["c", 1], ["c", 2]], "memory_slots": 3, "creg_sizes": [["c", 3]], "name": "circuit-2899404", "global_phase": 0.7853981633974545, "metadata": {}}, "data": {"counts": {"0x0": 335, "0x1": 334, "0x2": 973, "0x3": 540, "0x4": 345, "0x5": 260, "0x6": 574, "0x7": 735}, "snapshots": null, "memory": null, "statevector": null, "unitary": null}}, {"shots": 4096, "success": true, "status": null, "seed": null, "meas_level": 2, "meas_return": null, "header": {"qubit_labels": [["q", 0], ["q", 1], ["q", 2], ["q", 3], ["q", 4]], "n_qubits": 5, "qreg_sizes": [["q", 5]], "clbit_labels": [["c", 0], ["c", 1], ["c", 2]], "memory_slots": 3, "creg_sizes": [["c", 3]], "name": "circuit-2899405", "global_phase": 3.1415926535898073, "metadata": {}}, "data": {"counts": {"0x0": 1786, "0x1": 384, "0x2": 1094, "0x3": 252, "0x4": 167, "0x5": 156, "0x6": 143, "0x7": 114}, "snapshots": null, "memory": null, "statevector": null, "unitary": null}}, {"shots": 4096, "success": true, "status": null, "seed": null, "meas_level": 2, "meas_return": null, "header": {"qubit_labels": [["q", 0], ["q", 1], ["q", 2], ["q", 3], ["q", 4]], "n_qubits": 5, "qreg_sizes": [["q", 5]], "clbit_labels": [["c", 0], ["c", 1], ["c", 2]], "memory_slots": 3, "creg_sizes": [["c", 3]], "name": "circuit-2900313", "global_phase": 5.497787143782144, "metadata": {}}, "data": {"counts": {"0x0": 405, "0x1": 381, "0x2": 887, "0x3": 458, "0x4": 419, "0x5": 330, "0x6": 559, "0x7": 657}, "snapshots": null, "memory": null, "statevector": null, "unitary": null}}, {"shots": 4096, "success": true, "status": null, "seed": null, "meas_level": 2, "meas_return": null, "header": {"qubit_labels": [["q", 0], ["q", 1], ["q", 2], ["q", 3], ["q", 4]], "n_qubits": 5, "qreg_sizes": [["q", 5]], "clbit_labels": [["c", 0], ["c", 1], ["c", 2]], "memory_slots": 3, "creg_sizes": [["c", 3]], "name": "circuit-2900314", "global_phase": 1.4210854715202004e-14, "metadata": {}}, "data": {"counts": {"0x0": 1545, "0x1": 438, "0x2": 1287, "0x3": 255, "0x4": 178, "0x5": 133, "0x6": 139, "0x7": 121}, "snapshots": null, "memory": null, "statevector": null, "unitary": null}}, {"shots": 4096, "success": true, "status": null, "seed": null, "meas_level": 2, "meas_return": null, "header": {"qubit_labels": [["q", 0], ["q", 1], ["q", 2], ["q", 3], ["q", 4]], "n_qubits": 5, "qreg_sizes": [["q", 5]], "clbit_labels": [["c", 0], ["c", 1], ["c", 2]], "memory_slots": 3, "creg_sizes": [["c", 3]], "name": "circuit-2901368", "global_phase": 0.7853981633974563, "metadata": {}}, "data": {"counts": {"0x0": 520, "0x1": 433, "0x2": 685, "0x3": 503, "0x4": 449, "0x5": 425, "0x6": 590, "0x7": 491}, "snapshots": null, "memory": null, "statevector": null, "unitary": null}}, {"shots": 4096, "success": true, "status": null, "seed": null, "meas_level": 2, "meas_return": null, "header": {"qubit_labels": [["q", 0], ["q", 1], ["q", 2], ["q", 3], ["q", 4]], "n_qubits": 5, "qreg_sizes": [["q", 5]], "clbit_labels": [["c", 0], ["c", 1], ["c", 2]], "memory_slots": 3, "creg_sizes": [["c", 3]], "name": "circuit-2901369", "global_phase": 1.9539925233402755e-14, "metadata": {}}, "data": {"counts": {"0x0": 1317, "0x1": 408, "0x2": 1297, "0x3": 356, "0x4": 186, "0x5": 164, "0x6": 218, "0x7": 150}, "snapshots": null, "memory": null, "statevector": null, "unitary": null}}, {"shots": 4096, "success": true, "status": null, "seed": null, "meas_level": 2, "meas_return": null, "header": {"qubit_labels": [["q", 0], ["q", 1], ["q", 2], ["q", 3], ["q", 4]], "n_qubits": 5, "qreg_sizes": [["q", 5]], "clbit_labels": [["c", 0], ["c", 1], ["c", 2]], "memory_slots": 3, "creg_sizes": [["c", 3]], "name": "circuit-2902536", "global_phase": 0.7853981633974616, "metadata": {}}, "data": {"counts": {"0x0": 567, "0x1": 398, "0x2": 671, "0x3": 489, "0x4": 387, "0x5": 395, "0x6": 591, "0x7": 598}, "snapshots": null, "memory": null, "statevector": null, "unitary": null}}, {"shots": 4096, "success": true, "status": null, "seed": null, "meas_level": 2, "meas_return": null, "header": {"qubit_labels": [["q", 0], ["q", 1], ["q", 2], ["q", 3], ["q", 4]], "n_qubits": 5, "qreg_sizes": [["q", 5]], "clbit_labels": [["c", 0], ["c", 1], ["c", 2]], "memory_slots": 3, "creg_sizes": [["c", 3]], "name": "circuit-2902537", "global_phase": 1.570796326794916, "metadata": {}}, "data": {"counts": {"0x0": 1065, "0x1": 412, "0x2": 1455, "0x3": 396, "0x4": 215, "0x5": 144, "0x6": 236, "0x7": 173}, "snapshots": null, "memory": null, "statevector": null, "unitary": null}}, {"shots": 4096, "success": true, "status": null, "seed": null, "meas_level": 2, "meas_return": null, "header": {"qubit_labels": [["q", 0], ["q", 1], ["q", 2], ["q", 3], ["q", 4]], "n_qubits": 5, "qreg_sizes": [["q", 5]], "clbit_labels": [["c", 0], ["c", 1], ["c", 2]], "memory_slots": 3, "creg_sizes": [["c", 3]], "name": "circuit-2903865", "global_phase": 5.497787143782148, "metadata": {}}, "data": {"counts": {"0x0": 571, "0x1": 468, "0x2": 536, "0x3": 438, "0x4": 470, "0x5": 510, "0x6": 613, "0x7": 490}, "snapshots": null, "memory": null, "statevector": null, "unitary": null}}, {"shots": 4096, "success": true, "status": null, "seed": null, "meas_level": 2, "meas_return": null, "header": {"qubit_labels": [["q", 0], ["q", 1], ["q", 2], ["q", 3], ["q", 4]], "n_qubits": 5, "qreg_sizes": [["q", 5]], "clbit_labels": [["c", 0], ["c", 1], ["c", 2]], "memory_slots": 3, "creg_sizes": [["c", 3]], "name": "circuit-2903866", "global_phase": 1.5707963267949214, "metadata": {}}, "data": {"counts": {"0x0": 844, "0x1": 371, "0x2": 1514, "0x3": 536, "0x4": 163, "0x5": 156, "0x6": 283, "0x7": 229}, "snapshots": null, "memory": null, "statevector": null, "unitary": null}}, {"shots": 4096, "success": true, "status": null, "seed": null, "meas_level": 2, "meas_return": null, "header": {"qubit_labels": [["q", 0], ["q", 1], ["q", 2], ["q", 3], ["q", 4]], "n_qubits": 5, "qreg_sizes": [["q", 5]], "clbit_labels": [["c", 0], ["c", 1], ["c", 2]], "memory_slots": 3, "creg_sizes": [["c", 3]], "name": "circuit-2905337", "global_phase": 2.35619449019235, "metadata": {}}, "data": {"counts": {"0x0": 569, "0x1": 434, "0x2": 576, "0x3": 539, "0x4": 517, "0x5": 473, "0x6": 548, "0x7": 440}, "snapshots": null, "memory": null, "statevector": null, "unitary": null}}, {"shots": 4096, "success": true, "status": null, "seed": null, "meas_level": 2, "meas_return": null, "header": {"qubit_labels": [["q", 0], ["q", 1], ["q", 2], ["q", 3], ["q", 4]], "n_qubits": 5, "qreg_sizes": [["q", 5]], "clbit_labels": [["c", 0], ["c", 1], ["c", 2]], "memory_slots": 3, "creg_sizes": [["c", 3]], "name": "circuit-2905338", "global_phase": 1.5707963267949223, "metadata": {}}, "data": {"counts": {"0x0": 814, "0x1": 377, "0x2": 1447, "0x3": 570, "0x4": 169, "0x5": 124, "0x6": 328, "0x7": 267}, "snapshots": null, "memory": null, "statevector": null, "unitary": null}}, {"shots": 4096, "success": true, "status": null, "seed": null, "meas_level": 2, "meas_return": null, "header": {"qubit_labels": [["q", 0], ["q", 1], ["q", 2], ["q", 3], ["q", 4]], "n_qubits": 5, "qreg_sizes": [["q", 5]], "clbit_labels": [["c", 0], ["c", 1], ["c", 2]], "memory_slots": 3, "creg_sizes": [["c", 3]], "name": "circuit-2906990", "global_phase": 5.497787143782146, "metadata": {}}, "data": {"counts": {"0x0": 569, "0x1": 462, "0x2": 559, "0x3": 492, "0x4": 519, "0x5": 482, "0x6": 562, "0x7": 451}, "snapshots": null, "memory": null, "statevector": null, "unitary": null}}, {"shots": 4096, "success": true, "status": null, "seed": null, "meas_level": 2, "meas_return": null, "header": {"qubit_labels": [["q", 0], ["q", 1], ["q", 2], ["q", 3], ["q", 4]], "n_qubits": 5, "qreg_sizes": [["q", 5]], "clbit_labels": [["c", 0], ["c", 1], ["c", 2]], "memory_slots": 3, "creg_sizes": [["c", 3]], "name": "circuit-2906991", "global_phase": 4.712388980384716, "metadata": {}}, "data": {"counts": {"0x0": 828, "0x1": 317, "0x2": 1447, "0x3": 514, "0x4": 201, "0x5": 158, "0x6": 338, "0x7": 293}, "snapshots": null, "memory": null, "statevector": null, "unitary": null}}, {"shots": 4096, "success": true, "status": null, "seed": null, "meas_level": 2, "meas_return": null, "header": {"qubit_labels": [["q", 0], ["q", 1], ["q", 2], ["q", 3], ["q", 4]], "n_qubits": 5, "qreg_sizes": [["q", 5]], "clbit_labels": [["c", 0], ["c", 1], ["c", 2]], "memory_slots": 3, "creg_sizes": [["c", 3]], "name": "circuit-2908782", "global_phase": 3.926990816987251, "metadata": {}}, "data": {"counts": {"0x0": 576, "0x1": 441, "0x2": 550, "0x3": 449, "0x4": 523, "0x5": 501, "0x6": 588, "0x7": 468}, "snapshots": null, "memory": null, "statevector": null, "unitary": null}}, {"shots": 4096, "success": true, "status": null, "seed": null, "meas_level": 2, "meas_return": null, "header": {"qubit_labels": [["q", 0], ["q", 1], ["q", 2], ["q", 3], ["q", 4]], "n_qubits": 5, "qreg_sizes": [["q", 5]], "clbit_labels": [["c", 0], ["c", 1], ["c", 2]], "memory_slots": 3, "creg_sizes": [["c", 3]], "name": "circuit-2908783", "global_phase": 4.712388980384716, "metadata": {}}, "data": {"counts": {"0x0": 806, "0x1": 373, "0x2": 1378, "0x3": 568, "0x4": 187, "0x5": 161, "0x6": 352, "0x7": 271}, "snapshots": null, "memory": null, "statevector": null, "unitary": null}}, {"shots": 4096, "success": true, "status": null, "seed": null, "meas_level": 2, "meas_return": null, "header": {"qubit_labels": [["q", 0], ["q", 1], ["q", 2], ["q", 3], ["q", 4]], "n_qubits": 5, "qreg_sizes": [["q", 5]], "clbit_labels": [["c", 0], ["c", 1], ["c", 2]], "memory_slots": 3, "creg_sizes": [["c", 3]], "name": "circuit-2910661", "global_phase": 5.4977871437821495, "metadata": {}}, "data": {"counts": {"0x0": 492, "0x1": 407, "0x2": 610, "0x3": 510, "0x4": 493, "0x5": 424, "0x6": 635, "0x7": 525}, "snapshots": null, "memory": null, "statevector": null, "unitary": null}}, {"shots": 4096, "success": true, "status": null, "seed": null, "meas_level": 2, "meas_return": null, "header": {"qubit_labels": [["q", 0], ["q", 1], ["q", 2], ["q", 3], ["q", 4]], "n_qubits": 5, "qreg_sizes": [["q", 5]], "clbit_labels": [["c", 0], ["c", 1], ["c", 2]], "memory_slots": 3, "creg_sizes": [["c", 3]], "name": "circuit-2910662", "global_phase": 3.141592653589828, "metadata": {}}, "data": {"counts": {"0x0": 817, "0x1": 412, "0x2": 1345, "0x3": 535, "0x4": 222, "0x5": 179, "0x6": 350, "0x7": 236}, "snapshots": null, "memory": null, "statevector": null, "unitary": null}}, {"shots": 4096, "success": true, "status": null, "seed": null, "meas_level": 2, "meas_return": null, "header": {"qubit_labels": [["q", 0], ["q", 1], ["q", 2], ["q", 3], ["q", 4]], "n_qubits": 5, "qreg_sizes": [["q", 5]], "clbit_labels": [["c", 0], ["c", 1], ["c", 2]], "memory_slots": 3, "creg_sizes": [["c", 3]], "name": "circuit-2912736", "global_phase": 5.497787143782159, "metadata": {}}, "data": {"counts": {"0x0": 484, "0x1": 425, "0x2": 654, "0x3": 571, "0x4": 437, "0x5": 359, "0x6": 605, "0x7": 561}, "snapshots": null, "memory": null, "statevector": null, "unitary": null}}, {"shots": 4096, "success": true, "status": null, "seed": null, "meas_level": 2, "meas_return": null, "header": {"qubit_labels": [["q", 0], ["q", 1], ["q", 2], ["q", 3], ["q", 4]], "n_qubits": 5, "qreg_sizes": [["q", 5]], "clbit_labels": [["c", 0], ["c", 1], ["c", 2]], "memory_slots": 3, "creg_sizes": [["c", 3]], "name": "circuit-2912737", "global_phase": 1.57079632679494, "metadata": {}}, "data": {"counts": {"0x0": 871, "0x1": 458, "0x2": 1170, "0x3": 576, "0x4": 246, "0x5": 195, "0x6": 325, "0x7": 255}, "snapshots": null, "memory": null, "statevector": null, "unitary": null}}, {"shots": 4096, "success": true, "status": null, "seed": null, "meas_level": 2, "meas_return": null, "header": {"qubit_labels": [["q", 0], ["q", 1], ["q", 2], ["q", 3], ["q", 4]], "n_qubits": 5, "qreg_sizes": [["q", 5]], "clbit_labels": [["c", 0], ["c", 1], ["c", 2]], "memory_slots": 3, "creg_sizes": [["c", 3]], "name": "circuit-2914886", "global_phase": 2.35619449019235, "metadata": {}}, "data": {"counts": {"0x0": 436, "0x1": 419, "0x2": 651, "0x3": 599, "0x4": 381, "0x5": 409, "0x6": 624, "0x7": 577}, "snapshots": null, "memory": null, "statevector": null, "unitary": null}}, {"shots": 4096, "success": true, "status": null, "seed": null, "meas_level": 2, "meas_return": null, "header": {"qubit_labels": [["q", 0], ["q", 1], ["q", 2], ["q", 3], ["q", 4]], "n_qubits": 5, "qreg_sizes": [["q", 5]], "clbit_labels": [["c", 0], ["c", 1], ["c", 2]], "memory_slots": 3, "creg_sizes": [["c", 3]], "name": "circuit-2914887", "global_phase": 3.141592653589832, "metadata": {}}, "data": {"counts": {"0x0": 865, "0x1": 528, "0x2": 1061, "0x3": 542, "0x4": 260, "0x5": 234, "0x6": 363, "0x7": 243}, "snapshots": null, "memory": null, "statevector": null, "unitary": null}}, {"shots": 4096, "success": true, "status": null, "seed": null, "meas_level": 2, "meas_return": null, "header": {"qubit_labels": [["q", 0], ["q", 1], ["q", 2], ["q", 3], ["q", 4]], "n_qubits": 5, "qreg_sizes": [["q", 5]], "clbit_labels": [["c", 0], ["c", 1], ["c", 2]], "memory_slots": 3, "creg_sizes": [["c", 3]], "name": "circuit-2917219", "global_phase": 2.3561944901923715, "metadata": {}}, "data": {"counts": {"0x0": 401, "0x1": 374, "0x2": 710, "0x3": 638, "0x4": 384, "0x5": 383, "0x6": 669, "0x7": 537}, "snapshots": null, "memory": null, "statevector": null, "unitary": null}}, {"shots": 4096, "success": true, "status": null, "seed": null, "meas_level": 2, "meas_return": null, "header": {"qubit_labels": [["q", 0], ["q", 1], ["q", 2], ["q", 3], ["q", 4]], "n_qubits": 5, "qreg_sizes": [["q", 5]], "clbit_labels": [["c", 0], ["c", 1], ["c", 2]], "memory_slots": 3, "creg_sizes": [["c", 3]], "name": "circuit-2917220", "global_phase": 3.1415926535898278, "metadata": {}}, "data": {"counts": {"0x0": 914, "0x1": 611, "0x2": 889, "0x3": 622, "0x4": 269, "0x5": 243, "0x6": 301, "0x7": 247}, "snapshots": null, "memory": null, "statevector": null, "unitary": null}}, {"shots": 4096, "success": true, "status": null, "seed": null, "meas_level": 2, "meas_return": null, "header": {"qubit_labels": [["q", 0], ["q", 1], ["q", 2], ["q", 3], ["q", 4]], "n_qubits": 5, "qreg_sizes": [["q", 5]], "clbit_labels": [["c", 0], ["c", 1], ["c", 2]], "memory_slots": 3, "creg_sizes": [["c", 3]], "name": "circuit-2919677", "global_phase": 3.9269908169872583, "metadata": {}}, "data": {"counts": {"0x0": 480, "0x1": 380, "0x2": 711, "0x3": 608, "0x4": 392, "0x5": 383, "0x6": 632, "0x7": 510}, "snapshots": null, "memory": null, "statevector": null, "unitary": null}}, {"shots": 4096, "success": true, "status": null, "seed": null, "meas_level": 2, "meas_return": null, "header": {"qubit_labels": [["q", 0], ["q", 1], ["q", 2], ["q", 3], ["q", 4]], "n_qubits": 5, "qreg_sizes": [["q", 5]], "clbit_labels": [["c", 0], ["c", 1], ["c", 2]], "memory_slots": 3, "creg_sizes": [["c", 3]], "name": "circuit-2919678", "global_phase": 4.1744385725905886e-14, "metadata": {}}, "data": {"counts": {"0x0": 1003, "0x1": 492, "0x2": 833, "0x3": 507, "0x4": 359, "0x5": 291, "0x6": 327, "0x7": 284}, "snapshots": null, "memory": null, "statevector": null, "unitary": null}}, {"shots": 4096, "success": true, "status": null, "seed": null, "meas_level": 2, "meas_return": null, "header": {"qubit_labels": [["q", 0], ["q", 1], ["q", 2], ["q", 3], ["q", 4]], "n_qubits": 5, "qreg_sizes": [["q", 5]], "clbit_labels": [["c", 0], ["c", 1], ["c", 2]], "memory_slots": 3, "creg_sizes": [["c", 3]], "name": "circuit-2922247", "global_phase": 5.49778714378215, "metadata": {}}, "data": {"counts": {"0x0": 431, "0x1": 380, "0x2": 673, "0x3": 651, "0x4": 426, "0x5": 332, "0x6": 657, "0x7": 546}, "snapshots": null, "memory": null, "statevector": null, "unitary": null}}, {"shots": 4096, "success": true, "status": null, "seed": null, "meas_level": 2, "meas_return": null, "header": {"qubit_labels": [["q", 0], ["q", 1], ["q", 2], ["q", 3], ["q", 4]], "n_qubits": 5, "qreg_sizes": [["q", 5]], "clbit_labels": [["c", 0], ["c", 1], ["c", 2]], "memory_slots": 3, "creg_sizes": [["c", 3]], "name": "circuit-2922248", "global_phase": 1.5707963267949392, "metadata": {}}, "data": {"counts": {"0x0": 1006, "0x1": 509, "0x2": 886, "0x3": 498, "0x4": 356, "0x5": 273, "0x6": 290, "0x7": 278}, "snapshots": null, "memory": null, "statevector": null, "unitary": null}}, {"shots": 4096, "success": true, "status": null, "seed": null, "meas_level": 2, "meas_return": null, "header": {"qubit_labels": [["q", 0], ["q", 1], ["q", 2], ["q", 3], ["q", 4]], "n_qubits": 5, "qreg_sizes": [["q", 5]], "clbit_labels": [["c", 0], ["c", 1], ["c", 2]], "memory_slots": 3, "creg_sizes": [["c", 3]], "name": "circuit-2925036", "global_phase": 5.49778714378214, "metadata": {}}, "data": {"counts": {"0x0": 403, "0x1": 366, "0x2": 667, "0x3": 608, "0x4": 440, "0x5": 376, "0x6": 693, "0x7": 543}, "snapshots": null, "memory": null, "statevector": null, "unitary": null}}, {"shots": 4096, "success": true, "status": null, "seed": null, "meas_level": 2, "meas_return": null, "header": {"qubit_labels": [["q", 0], ["q", 1], ["q", 2], ["q", 3], ["q", 4]], "n_qubits": 5, "qreg_sizes": [["q", 5]], "clbit_labels": [["c", 0], ["c", 1], ["c", 2]], "memory_slots": 3, "creg_sizes": [["c", 3]], "name": "circuit-2925037", "global_phase": 4.712388980384744, "metadata": {}}, "data": {"counts": {"0x0": 913, "0x1": 599, "0x2": 794, "0x3": 610, "0x4": 352, "0x5": 288, "0x6": 264, "0x7": 276}, "snapshots": null, "memory": null, "statevector": null, "unitary": null}}, {"shots": 4096, "success": true, "status": null, "seed": null, "meas_level": 2, "meas_return": null, "header": {"qubit_labels": [["q", 0], ["q", 1], ["q", 2], ["q", 3], ["q", 4]], "n_qubits": 5, "qreg_sizes": [["q", 5]], "clbit_labels": [["c", 0], ["c", 1], ["c", 2]], "memory_slots": 3, "creg_sizes": [["c", 3]], "name": "circuit-2927927", "global_phase": 3.9269908169872547, "metadata": {}}, "data": {"counts": {"0x0": 443, "0x1": 397, "0x2": 649, "0x3": 611, "0x4": 387, "0x5": 391, "0x6": 657, "0x7": 561}, "snapshots": null, "memory": null, "statevector": null, "unitary": null}}, {"shots": 4096, "success": true, "status": null, "seed": null, "meas_level": 2, "meas_return": null, "header": {"qubit_labels": [["q", 0], ["q", 1], ["q", 2], ["q", 3], ["q", 4]], "n_qubits": 5, "qreg_sizes": [["q", 5]], "clbit_labels": [["c", 0], ["c", 1], ["c", 2]], "memory_slots": 3, "creg_sizes": [["c", 3]], "name": "circuit-2927928", "global_phase": 1.5707963267949392, "metadata": {}}, "data": {"counts": {"0x0": 901, "0x1": 593, "0x2": 795, "0x3": 547, "0x4": 379, "0x5": 276, "0x6": 318, "0x7": 287}, "snapshots": null, "memory": null, "statevector": null, "unitary": null}}, {"shots": 4096, "success": true, "status": null, "seed": null, "meas_level": 2, "meas_return": null, "header": {"qubit_labels": [["q", 0], ["q", 1], ["q", 2], ["q", 3], ["q", 4]], "n_qubits": 5, "qreg_sizes": [["q", 5]], "clbit_labels": [["c", 0], ["c", 1], ["c", 2]], "memory_slots": 3, "creg_sizes": [["c", 3]], "name": "circuit-2930956", "global_phase": 5.497787143782137, "metadata": {}}, "data": {"counts": {"0x0": 676, "0x1": 192, "0x2": 384, "0x3": 852, "0x4": 246, "0x5": 591, "0x6": 949, "0x7": 206}, "snapshots": null, "memory": null, "statevector": null, "unitary": null}}, {"shots": 4096, "success": true, "status": null, "seed": null, "meas_level": 2, "meas_return": null, "header": {"qubit_labels": [["q", 0], ["q", 1], ["q", 2], ["q", 3], ["q", 4]], "n_qubits": 5, "qreg_sizes": [["q", 5]], "clbit_labels": [["c", 0], ["c", 1], ["c", 2]], "memory_slots": 3, "creg_sizes": [["c", 3]], "name": "circuit-2930957", "global_phase": 1.5707963267948974, "metadata": {}}, "data": {"counts": {"0x0": 3367, "0x1": 195, "0x2": 239, "0x3": 16, "0x4": 149, "0x5": 103, "0x6": 13, "0x7": 14}, "snapshots": null, "memory": null, "statevector": null, "unitary": null}}, {"shots": 4096, "success": true, "status": null, "seed": null, "meas_level": 2, "meas_return": null, "header": {"qubit_labels": [["q", 0], ["q", 1], ["q", 2], ["q", 3], ["q", 4]], "n_qubits": 5, "qreg_sizes": [["q", 5]], "clbit_labels": [["c", 0], ["c", 1], ["c", 2]], "memory_slots": 3, "creg_sizes": [["c", 3]], "name": "circuit-2931309", "global_phase": 3.926990816987244, "metadata": {}}, "data": {"counts": {"0x0": 491, "0x1": 271, "0x2": 472, "0x3": 799, "0x4": 309, "0x5": 370, "0x6": 1044, "0x7": 340}, "snapshots": null, "memory": null, "statevector": null, "unitary": null}}, {"shots": 4096, "success": true, "status": null, "seed": null, "meas_level": 2, "meas_return": null, "header": {"qubit_labels": [["q", 0], ["q", 1], ["q", 2], ["q", 3], ["q", 4]], "n_qubits": 5, "qreg_sizes": [["q", 5]], "clbit_labels": [["c", 0], ["c", 1], ["c", 2]], "memory_slots": 3, "creg_sizes": [["c", 3]], "name": "circuit-2931310", "global_phase": 6.217248937900877e-15, "metadata": {}}, "data": {"counts": {"0x0": 2985, "0x1": 312, "0x2": 400, "0x3": 36, "0x4": 169, "0x5": 140, "0x6": 19, "0x7": 35}, "snapshots": null, "memory": null, "statevector": null, "unitary": null}}, {"shots": 4096, "success": true, "status": null, "seed": null, "meas_level": 2, "meas_return": null, "header": {"qubit_labels": [["q", 0], ["q", 1], ["q", 2], ["q", 3], ["q", 4]], "n_qubits": 5, "qreg_sizes": [["q", 5]], "clbit_labels": [["c", 0], ["c", 1], ["c", 2]], "memory_slots": 3, "creg_sizes": [["c", 3]], "name": "circuit-2931795", "global_phase": 2.356194490192344, "metadata": {}}, "data": {"counts": {"0x0": 327, "0x1": 339, "0x2": 674, "0x3": 676, "0x4": 336, "0x5": 301, "0x6": 868, "0x7": 575}, "snapshots": null, "memory": null, "statevector": null, "unitary": null}}, {"shots": 4096, "success": true, "status": null, "seed": null, "meas_level": 2, "meas_return": null, "header": {"qubit_labels": [["q", 0], ["q", 1], ["q", 2], ["q", 3], ["q", 4]], "n_qubits": 5, "qreg_sizes": [["q", 5]], "clbit_labels": [["c", 0], ["c", 1], ["c", 2]], "memory_slots": 3, "creg_sizes": [["c", 3]], "name": "circuit-2931796", "global_phase": 3.1415926535897984, "metadata": {}}, "data": {"counts": {"0x0": 2612, "0x1": 302, "0x2": 681, "0x3": 67, "0x4": 196, "0x5": 154, "0x6": 56, "0x7": 28}, "snapshots": null, "memory": null, "statevector": null, "unitary": null}}, {"shots": 4096, "success": true, "status": null, "seed": null, "meas_level": 2, "meas_return": null, "header": {"qubit_labels": [["q", 0], ["q", 1], ["q", 2], ["q", 3], ["q", 4]], "n_qubits": 5, "qreg_sizes": [["q", 5]], "clbit_labels": [["c", 0], ["c", 1], ["c", 2]], "memory_slots": 3, "creg_sizes": [["c", 3]], "name": "circuit-2932408", "global_phase": 2.356194490192352, "metadata": {}}, "data": {"counts": {"0x0": 291, "0x1": 364, "0x2": 900, "0x3": 660, "0x4": 371, "0x5": 209, "0x6": 621, "0x7": 680}, "snapshots": null, "memory": null, "statevector": null, "unitary": null}}, {"shots": 4096, "success": true, "status": null, "seed": null, "meas_level": 2, "meas_return": null, "header": {"qubit_labels": [["q", 0], ["q", 1], ["q", 2], ["q", 3], ["q", 4]], "n_qubits": 5, "qreg_sizes": [["q", 5]], "clbit_labels": [["c", 0], ["c", 1], ["c", 2]], "memory_slots": 3, "creg_sizes": [["c", 3]], "name": "circuit-2932409", "global_phase": 4.712388980384699, "metadata": {}}, "data": {"counts": {"0x0": 2116, "0x1": 376, "0x2": 952, "0x3": 131, "0x4": 209, "0x5": 129, "0x6": 88, "0x7": 95}, "snapshots": null, "memory": null, "statevector": null, "unitary": null}}, {"shots": 4096, "success": true, "status": null, "seed": null, "meas_level": 2, "meas_return": null, "header": {"qubit_labels": [["q", 0], ["q", 1], ["q", 2], ["q", 3], ["q", 4]], "n_qubits": 5, "qreg_sizes": [["q", 5]], "clbit_labels": [["c", 0], ["c", 1], ["c", 2]], "memory_slots": 3, "creg_sizes": [["c", 3]], "name": "circuit-2933176", "global_phase": 0.7853981633974509, "metadata": {}}, "data": {"counts": {"0x0": 289, "0x1": 328, "0x2": 851, "0x3": 555, "0x4": 409, "0x5": 243, "0x6": 595, "0x7": 826}, "snapshots": null, "memory": null, "statevector": null, "unitary": null}}, {"shots": 4096, "success": true, "status": null, "seed": null, "meas_level": 2, "meas_return": null, "header": {"qubit_labels": [["q", 0], ["q", 1], ["q", 2], ["q", 3], ["q", 4]], "n_qubits": 5, "qreg_sizes": [["q", 5]], "clbit_labels": [["c", 0], ["c", 1], ["c", 2]], "memory_slots": 3, "creg_sizes": [["c", 3]], "name": "circuit-2933177", "global_phase": 1.570796326794908, "metadata": {}}, "data": {"counts": {"0x0": 1825, "0x1": 355, "0x2": 1073, "0x3": 295, "0x4": 192, "0x5": 128, "0x6": 131, "0x7": 97}, "snapshots": null, "memory": null, "statevector": null, "unitary": null}}, {"shots": 4096, "success": true, "status": null, "seed": null, "meas_level": 2, "meas_return": null, "header": {"qubit_labels": [["q", 0], ["q", 1], ["q", 2], ["q", 3], ["q", 4]], "n_qubits": 5, "qreg_sizes": [["q", 5]], "clbit_labels": [["c", 0], ["c", 1], ["c", 2]], "memory_slots": 3, "creg_sizes": [["c", 3]], "name": "circuit-2934080", "global_phase": 5.4977871437821415, "metadata": {}}, "data": {"counts": {"0x0": 382, "0x1": 393, "0x2": 857, "0x3": 547, "0x4": 378, "0x5": 324, "0x6": 580, "0x7": 635}, "snapshots": null, "memory": null, "statevector": null, "unitary": null}}, {"shots": 4096, "success": true, "status": null, "seed": null, "meas_level": 2, "meas_return": null, "header": {"qubit_labels": [["q", 0], ["q", 1], ["q", 2], ["q", 3], ["q", 4]], "n_qubits": 5, "qreg_sizes": [["q", 5]], "clbit_labels": [["c", 0], ["c", 1], ["c", 2]], "memory_slots": 3, "creg_sizes": [["c", 3]], "name": "circuit-2934081", "global_phase": 1.5707963267949143, "metadata": {}}, "data": {"counts": {"0x0": 1608, "0x1": 387, "0x2": 1259, "0x3": 247, "0x4": 177, "0x5": 124, "0x6": 148, "0x7": 146}, "snapshots": null, "memory": null, "statevector": null, "unitary": null}}, {"shots": 4096, "success": true, "status": null, "seed": null, "meas_level": 2, "meas_return": null, "header": {"qubit_labels": [["q", 0], ["q", 1], ["q", 2], ["q", 3], ["q", 4]], "n_qubits": 5, "qreg_sizes": [["q", 5]], "clbit_labels": [["c", 0], ["c", 1], ["c", 2]], "memory_slots": 3, "creg_sizes": [["c", 3]], "name": "circuit-2935144", "global_phase": 2.3561944901923475, "metadata": {}}, "data": {"counts": {"0x0": 512, "0x1": 394, "0x2": 770, "0x3": 503, "0x4": 441, "0x5": 349, "0x6": 583, "0x7": 544}, "snapshots": null, "memory": null, "statevector": null, "unitary": null}}, {"shots": 4096, "success": true, "status": null, "seed": null, "meas_level": 2, "meas_return": null, "header": {"qubit_labels": [["q", 0], ["q", 1], ["q", 2], ["q", 3], ["q", 4]], "n_qubits": 5, "qreg_sizes": [["q", 5]], "clbit_labels": [["c", 0], ["c", 1], ["c", 2]], "memory_slots": 3, "creg_sizes": [["c", 3]], "name": "circuit-2935145", "global_phase": 1.509903313490213e-14, "metadata": {}}, "data": {"counts": {"0x0": 1176, "0x1": 396, "0x2": 1486, "0x3": 320, "0x4": 188, "0x5": 157, "0x6": 195, "0x7": 178}, "snapshots": null, "memory": null, "statevector": null, "unitary": null}}, {"shots": 4096, "success": true, "status": null, "seed": null, "meas_level": 2, "meas_return": null, "header": {"qubit_labels": [["q", 0], ["q", 1], ["q", 2], ["q", 3], ["q", 4]], "n_qubits": 5, "qreg_sizes": [["q", 5]], "clbit_labels": [["c", 0], ["c", 1], ["c", 2]], "memory_slots": 3, "creg_sizes": [["c", 3]], "name": "circuit-2936350", "global_phase": 3.926990816987244, "metadata": {}}, "data": {"counts": {"0x0": 581, "0x1": 388, "0x2": 670, "0x3": 444, "0x4": 437, "0x5": 485, "0x6": 590, "0x7": 501}, "snapshots": null, "memory": null, "statevector": null, "unitary": null}}, {"shots": 4096, "success": true, "status": null, "seed": null, "meas_level": 2, "meas_return": null, "header": {"qubit_labels": [["q", 0], ["q", 1], ["q", 2], ["q", 3], ["q", 4]], "n_qubits": 5, "qreg_sizes": [["q", 5]], "clbit_labels": [["c", 0], ["c", 1], ["c", 2]], "memory_slots": 3, "creg_sizes": [["c", 3]], "name": "circuit-2936351", "global_phase": 3.1415926535898078, "metadata": {}}, "data": {"counts": {"0x0": 1057, "0x1": 385, "0x2": 1383, "0x3": 519, "0x4": 185, "0x5": 134, "0x6": 240, "0x7": 193}, "snapshots": null, "memory": null, "statevector": null, "unitary": null}}, {"shots": 4096, "success": true, "status": null, "seed": null, "meas_level": 2, "meas_return": null, "header": {"qubit_labels": [["q", 0], ["q", 1], ["q", 2], ["q", 3], ["q", 4]], "n_qubits": 5, "qreg_sizes": [["q", 5]], "clbit_labels": [["c", 0], ["c", 1], ["c", 2]], "memory_slots": 3, "creg_sizes": [["c", 3]], "name": "circuit-2937686", "global_phase": 5.497787143782146, "metadata": {}}, "data": {"counts": {"0x0": 537, "0x1": 401, "0x2": 560, "0x3": 518, "0x4": 454, "0x5": 467, "0x6": 647, "0x7": 512}, "snapshots": null, "memory": null, "statevector": null, "unitary": null}}, {"shots": 4096, "success": true, "status": null, "seed": null, "meas_level": 2, "meas_return": null, "header": {"qubit_labels": [["q", 0], ["q", 1], ["q", 2], ["q", 3], ["q", 4]], "n_qubits": 5, "qreg_sizes": [["q", 5]], "clbit_labels": [["c", 0], ["c", 1], ["c", 2]], "memory_slots": 3, "creg_sizes": [["c", 3]], "name": "circuit-2937687", "global_phase": 1.570796326794916, "metadata": {}}, "data": {"counts": {"0x0": 842, "0x1": 318, "0x2": 1587, "0x3": 445, "0x4": 160, "0x5": 175, "0x6": 318, "0x7": 251}, "snapshots": null, "memory": null, "statevector": null, "unitary": null}}, {"shots": 4096, "success": true, "status": null, "seed": null, "meas_level": 2, "meas_return": null, "header": {"qubit_labels": [["q", 0], ["q", 1], ["q", 2], ["q", 3], ["q", 4]], "n_qubits": 5, "qreg_sizes": [["q", 5]], "clbit_labels": [["c", 0], ["c", 1], ["c", 2]], "memory_slots": 3, "creg_sizes": [["c", 3]], "name": "circuit-2939208", "global_phase": 3.9269908169872494, "metadata": {}}, "data": {"counts": {"0x0": 556, "0x1": 414, "0x2": 571, "0x3": 516, "0x4": 518, "0x5": 488, "0x6": 588, "0x7": 445}, "snapshots": null, "memory": null, "statevector": null, "unitary": null}}, {"shots": 4096, "success": true, "status": null, "seed": null, "meas_level": 2, "meas_return": null, "header": {"qubit_labels": [["q", 0], ["q", 1], ["q", 2], ["q", 3], ["q", 4]], "n_qubits": 5, "qreg_sizes": [["q", 5]], "clbit_labels": [["c", 0], ["c", 1], ["c", 2]], "memory_slots": 3, "creg_sizes": [["c", 3]], "name": "circuit-2939209", "global_phase": 2.220446049250313e-14, "metadata": {}}, "data": {"counts": {"0x0": 773, "0x1": 368, "0x2": 1614, "0x3": 504, "0x4": 169, "0x5": 149, "0x6": 294, "0x7": 225}, "snapshots": null, "memory": null, "statevector": null, "unitary": null}}, {"shots": 4096, "success": true, "status": null, "seed": null, "meas_level": 2, "meas_return": null, "header": {"qubit_labels": [["q", 0], ["q", 1], ["q", 2], ["q", 3], ["q", 4]], "n_qubits": 5, "qreg_sizes": [["q", 5]], "clbit_labels": [["c", 0], ["c", 1], ["c", 2]], "memory_slots": 3, "creg_sizes": [["c", 3]], "name": "circuit-2940785", "global_phase": 0.7853981633974474, "metadata": {}}, "data": {"counts": {"0x0": 589, "0x1": 470, "0x2": 526, "0x3": 552, "0x4": 494, "0x5": 389, "0x6": 562, "0x7": 514}, "snapshots": null, "memory": null, "statevector": null, "unitary": null}}, {"shots": 4096, "success": true, "status": null, "seed": null, "meas_level": 2, "meas_return": null, "header": {"qubit_labels": [["q", 0], ["q", 1], ["q", 2], ["q", 3], ["q", 4]], "n_qubits": 5, "qreg_sizes": [["q", 5]], "clbit_labels": [["c", 0], ["c", 1], ["c", 2]], "memory_slots": 3, "creg_sizes": [["c", 3]], "name": "circuit-2940786", "global_phase": 1.570796326794925, "metadata": {}}, "data": {"counts": {"0x0": 808, "0x1": 347, "0x2": 1432, "0x3": 607, "0x4": 207, "0x5": 148, "0x6": 312, "0x7": 235}, "snapshots": null, "memory": null, "statevector": null, "unitary": null}}, {"shots": 4096, "success": true, "status": null, "seed": null, "meas_level": 2, "meas_return": null, "header": {"qubit_labels": [["q", 0], ["q", 1], ["q", 2], ["q", 3], ["q", 4]], "n_qubits": 5, "qreg_sizes": [["q", 5]], "clbit_labels": [["c", 0], ["c", 1], ["c", 2]], "memory_slots": 3, "creg_sizes": [["c", 3]], "name": "circuit-2942527", "global_phase": 0.7853981633974616, "metadata": {}}, "data": {"counts": {"0x0": 544, "0x1": 473, "0x2": 584, "0x3": 548, "0x4": 470, "0x5": 400, "0x6": 572, "0x7": 505}, "snapshots": null, "memory": null, "statevector": null, "unitary": null}}, {"shots": 4096, "success": true, "status": null, "seed": null, "meas_level": 2, "meas_return": null, "header": {"qubit_labels": [["q", 0], ["q", 1], ["q", 2], ["q", 3], ["q", 4]], "n_qubits": 5, "qreg_sizes": [["q", 5]], "clbit_labels": [["c", 0], ["c", 1], ["c", 2]], "memory_slots": 3, "creg_sizes": [["c", 3]], "name": "circuit-2942528", "global_phase": 1.5707963267949285, "metadata": {}}, "data": {"counts": {"0x0": 815, "0x1": 351, "0x2": 1411, "0x3": 533, "0x4": 219, "0x5": 150, "0x6": 324, "0x7": 293}, "snapshots": null, "memory": null, "statevector": null, "unitary": null}}, {"shots": 4096, "success": true, "status": null, "seed": null, "meas_level": 2, "meas_return": null, "header": {"qubit_labels": [["q", 0], ["q", 1], ["q", 2], ["q", 3], ["q", 4]], "n_qubits": 5, "qreg_sizes": [["q", 5]], "clbit_labels": [["c", 0], ["c", 1], ["c", 2]], "memory_slots": 3, "creg_sizes": [["c", 3]], "name": "circuit-2944477", "global_phase": 0.7853981633974616, "metadata": {}}, "data": {"counts": {"0x0": 492, "0x1": 435, "0x2": 665, "0x3": 580, "0x4": 461, "0x5": 389, "0x6": 568, "0x7": 506}, "snapshots": null, "memory": null, "statevector": null, "unitary": null}}, {"shots": 4096, "success": true, "status": null, "seed": null, "meas_level": 2, "meas_return": null, "header": {"qubit_labels": [["q", 0], ["q", 1], ["q", 2], ["q", 3], ["q", 4]], "n_qubits": 5, "qreg_sizes": [["q", 5]], "clbit_labels": [["c", 0], ["c", 1], ["c", 2]], "memory_slots": 3, "creg_sizes": [["c", 3]], "name": "circuit-2944478", "global_phase": 3.552713678800501e-14, "metadata": {}}, "data": {"counts": {"0x0": 733, "0x1": 395, "0x2": 1230, "0x3": 680, "0x4": 207, "0x5": 191, "0x6": 313, "0x7": 347}, "snapshots": null, "memory": null, "statevector": null, "unitary": null}}, {"shots": 4096, "success": true, "status": null, "seed": null, "meas_level": 2, "meas_return": null, "header": {"qubit_labels": [["q", 0], ["q", 1], ["q", 2], ["q", 3], ["q", 4]], "n_qubits": 5, "qreg_sizes": [["q", 5]], "clbit_labels": [["c", 0], ["c", 1], ["c", 2]], "memory_slots": 3, "creg_sizes": [["c", 3]], "name": "circuit-2946537", "global_phase": 0.785398163397458, "metadata": {}}, "data": {"counts": {"0x0": 458, "0x1": 406, "0x2": 632, "0x3": 589, "0x4": 424, "0x5": 384, "0x6": 636, "0x7": 567}, "snapshots": null, "memory": null, "statevector": null, "unitary": null}}, {"shots": 4096, "success": true, "status": null, "seed": null, "meas_level": 2, "meas_return": null, "header": {"qubit_labels": [["q", 0], ["q", 1], ["q", 2], ["q", 3], ["q", 4]], "n_qubits": 5, "qreg_sizes": [["q", 5]], "clbit_labels": [["c", 0], ["c", 1], ["c", 2]], "memory_slots": 3, "creg_sizes": [["c", 3]], "name": "circuit-2946538", "global_phase": 1.570796326794932, "metadata": {}}, "data": {"counts": {"0x0": 861, "0x1": 421, "0x2": 1189, "0x3": 575, "0x4": 233, "0x5": 190, "0x6": 355, "0x7": 272}, "snapshots": null, "memory": null, "statevector": null, "unitary": null}}, {"shots": 4096, "success": true, "status": null, "seed": null, "meas_level": 2, "meas_return": null, "header": {"qubit_labels": [["q", 0], ["q", 1], ["q", 2], ["q", 3], ["q", 4]], "n_qubits": 5, "qreg_sizes": [["q", 5]], "clbit_labels": [["c", 0], ["c", 1], ["c", 2]], "memory_slots": 3, "creg_sizes": [["c", 3]], "name": "circuit-2948700", "global_phase": 5.497787143782156, "metadata": {}}, "data": {"counts": {"0x0": 446, "0x1": 365, "0x2": 744, "0x3": 611, "0x4": 393, "0x5": 374, "0x6": 635, "0x7": 528}, "snapshots": null, "memory": null, "statevector": null, "unitary": null}}, {"shots": 4096, "success": true, "status": null, "seed": null, "meas_level": 2, "meas_return": null, "header": {"qubit_labels": [["q", 0], ["q", 1], ["q", 2], ["q", 3], ["q", 4]], "n_qubits": 5, "qreg_sizes": [["q", 5]], "clbit_labels": [["c", 0], ["c", 1], ["c", 2]], "memory_slots": 3, "creg_sizes": [["c", 3]], "name": "circuit-2948701", "global_phase": 3.197442310920451e-14, "metadata": {}}, "data": {"counts": {"0x0": 820, "0x1": 476, "0x2": 1120, "0x3": 569, "0x4": 262, "0x5": 221, "0x6": 357, "0x7": 271}, "snapshots": null, "memory": null, "statevector": null, "unitary": null}}, {"shots": 4096, "success": true, "status": null, "seed": null, "meas_level": 2, "meas_return": null, "header": {"qubit_labels": [["q", 0], ["q", 1], ["q", 2], ["q", 3], ["q", 4]], "n_qubits": 5, "qreg_sizes": [["q", 5]], "clbit_labels": [["c", 0], ["c", 1], ["c", 2]], "memory_slots": 3, "creg_sizes": [["c", 3]], "name": "circuit-2951021", "global_phase": 0.7853981633974616, "metadata": {}}, "data": {"counts": {"0x0": 389, "0x1": 384, "0x2": 674, "0x3": 575, "0x4": 447, "0x5": 390, "0x6": 654, "0x7": 583}, "snapshots": null, "memory": null, "statevector": null, "unitary": null}}, {"shots": 4096, "success": true, "status": null, "seed": null, "meas_level": 2, "meas_return": null, "header": {"qubit_labels": [["q", 0], ["q", 1], ["q", 2], ["q", 3], ["q", 4]], "n_qubits": 5, "qreg_sizes": [["q", 5]], "clbit_labels": [["c", 0], ["c", 1], ["c", 2]], "memory_slots": 3, "creg_sizes": [["c", 3]], "name": "circuit-2951022", "global_phase": 3.141592653589832, "metadata": {}}, "data": {"counts": {"0x0": 937, "0x1": 541, "0x2": 942, "0x3": 566, "0x4": 273, "0x5": 247, "0x6": 323, "0x7": 267}, "snapshots": null, "memory": null, "statevector": null, "unitary": null}}, {"shots": 4096, "success": true, "status": null, "seed": null, "meas_level": 2, "meas_return": null, "header": {"qubit_labels": [["q", 0], ["q", 1], ["q", 2], ["q", 3], ["q", 4]], "n_qubits": 5, "qreg_sizes": [["q", 5]], "clbit_labels": [["c", 0], ["c", 1], ["c", 2]], "memory_slots": 3, "creg_sizes": [["c", 3]], "name": "circuit-2953513", "global_phase": 3.92699081698726, "metadata": {}}, "data": {"counts": {"0x0": 440, "0x1": 362, "0x2": 662, "0x3": 576, "0x4": 405, "0x5": 364, "0x6": 690, "0x7": 597}, "snapshots": null, "memory": null, "statevector": null, "unitary": null}}, {"shots": 4096, "success": true, "status": null, "seed": null, "meas_level": 2, "meas_return": null, "header": {"qubit_labels": [["q", 0], ["q", 1], ["q", 2], ["q", 3], ["q", 4]], "n_qubits": 5, "qreg_sizes": [["q", 5]], "clbit_labels": [["c", 0], ["c", 1], ["c", 2]], "memory_slots": 3, "creg_sizes": [["c", 3]], "name": "circuit-2953514", "global_phase": 3.4638958368304884e-14, "metadata": {}}, "data": {"counts": {"0x0": 927, "0x1": 514, "0x2": 873, "0x3": 548, "0x4": 309, "0x5": 280, "0x6": 322, "0x7": 323}, "snapshots": null, "memory": null, "statevector": null, "unitary": null}}, {"shots": 4096, "success": true, "status": null, "seed": null, "meas_level": 2, "meas_return": null, "header": {"qubit_labels": [["q", 0], ["q", 1], ["q", 2], ["q", 3], ["q", 4]], "n_qubits": 5, "qreg_sizes": [["q", 5]], "clbit_labels": [["c", 0], ["c", 1], ["c", 2]], "memory_slots": 3, "creg_sizes": [["c", 3]], "name": "circuit-2956108", "global_phase": 0.7853981633974652, "metadata": {}}, "data": {"counts": {"0x0": 434, "0x1": 370, "0x2": 680, "0x3": 545, "0x4": 414, "0x5": 386, "0x6": 654, "0x7": 613}, "snapshots": null, "memory": null, "statevector": null, "unitary": null}}, {"shots": 4096, "success": true, "status": null, "seed": null, "meas_level": 2, "meas_return": null, "header": {"qubit_labels": [["q", 0], ["q", 1], ["q", 2], ["q", 3], ["q", 4]], "n_qubits": 5, "qreg_sizes": [["q", 5]], "clbit_labels": [["c", 0], ["c", 1], ["c", 2]], "memory_slots": 3, "creg_sizes": [["c", 3]], "name": "circuit-2956109", "global_phase": 4.529709940470639e-14, "metadata": {}}, "data": {"counts": {"0x0": 990, "0x1": 592, "0x2": 851, "0x3": 502, "0x4": 344, "0x5": 274, "0x6": 317, "0x7": 226}, "snapshots": null, "memory": null, "statevector": null, "unitary": null}}, {"shots": 4096, "success": true, "status": null, "seed": null, "meas_level": 2, "meas_return": null, "header": {"qubit_labels": [["q", 0], ["q", 1], ["q", 2], ["q", 3], ["q", 4]], "n_qubits": 5, "qreg_sizes": [["q", 5]], "clbit_labels": [["c", 0], ["c", 1], ["c", 2]], "memory_slots": 3, "creg_sizes": [["c", 3]], "name": "circuit-2958838", "global_phase": 2.356194490192353, "metadata": {}}, "data": {"counts": {"0x0": 429, "0x1": 386, "0x2": 717, "0x3": 569, "0x4": 393, "0x5": 394, "0x6": 635, "0x7": 573}, "snapshots": null, "memory": null, "statevector": null, "unitary": null}}, {"shots": 4096, "success": true, "status": null, "seed": null, "meas_level": 2, "meas_return": null, "header": {"qubit_labels": [["q", 0], ["q", 1], ["q", 2], ["q", 3], ["q", 4]], "n_qubits": 5, "qreg_sizes": [["q", 5]], "clbit_labels": [["c", 0], ["c", 1], ["c", 2]], "memory_slots": 3, "creg_sizes": [["c", 3]], "name": "circuit-2958839", "global_phase": 1.5707963267949383, "metadata": {}}, "data": {"counts": {"0x0": 1032, "0x1": 574, "0x2": 786, "0x3": 517, "0x4": 335, "0x5": 283, "0x6": 305, "0x7": 264}, "snapshots": null, "memory": null, "statevector": null, "unitary": null}}, {"shots": 4096, "success": true, "status": null, "seed": null, "meas_level": 2, "meas_return": null, "header": {"qubit_labels": [["q", 0], ["q", 1], ["q", 2], ["q", 3], ["q", 4]], "n_qubits": 5, "qreg_sizes": [["q", 5]], "clbit_labels": [["c", 0], ["c", 1], ["c", 2]], "memory_slots": 3, "creg_sizes": [["c", 3]], "name": "circuit-2961737", "global_phase": 3.9269908169872583, "metadata": {}}, "data": {"counts": {"0x0": 469, "0x1": 427, "0x2": 645, "0x3": 605, "0x4": 447, "0x5": 371, "0x6": 606, "0x7": 526}, "snapshots": null, "memory": null, "statevector": null, "unitary": null}}, {"shots": 4096, "success": true, "status": null, "seed": null, "meas_level": 2, "meas_return": null, "header": {"qubit_labels": [["q", 0], ["q", 1], ["q", 2], ["q", 3], ["q", 4]], "n_qubits": 5, "qreg_sizes": [["q", 5]], "clbit_labels": [["c", 0], ["c", 1], ["c", 2]], "memory_slots": 3, "creg_sizes": [["c", 3]], "name": "circuit-2961738", "global_phase": 4.707345624410664e-14, "metadata": {}}, "data": {"counts": {"0x0": 997, "0x1": 514, "0x2": 862, "0x3": 489, "0x4": 371, "0x5": 283, "0x6": 323, "0x7": 257}, "snapshots": null, "memory": null, "statevector": null, "unitary": null}}], "error": null}