{"backend_name": "ibmq_quito", "backend_version": "1.1.33", "qobj_id": "36e6d879-fb41-42fe-bece-1ea5b0dee389", "job_id": "62e170643e2c284884bd2289", "date": "2022-07-27T17:20:21Z", "success": true, "status": "Successful completion", "execution_id": "0e424e44-0dd0-11ed-986f-b02628f7f59e", "time_taken": 145.329243183136, "header": {"backend_name": "ibmq_quito", "backend_version": "1.1.33"}, "results": [{"shots": 4096, "success": true, "status": null, "seed": null, "meas_level": 2, "meas_return": null, "header": {"qubit_labels": [["q", 0], ["q", 1], ["q", 2], ["q", 3], ["q", 4]], "n_qubits": 5, "qreg_sizes": [["q", 5]], "clbit_labels": [["c", 0], ["c", 1], ["c", 2]], "memory_slots": 3, "creg_sizes": [["c", 3]], "name": "circuit-694933", "global_phase": 0.0, "metadata": {}}, "data": {"counts": {"0x0": 565, "0x1": 667, "0x2": 405, "0x3": 379, "0x4": 508, "0x5": 410, "0x6": 638, "0x7": 524}, "snapshots": null, "memory": null, "statevector": null, "unitary": null}}, {"shots": 4096, "success": true, "status": null, "seed": null, "meas_level": 2, "meas_return": null, "header": {"qubit_labels": [["q", 0], ["q", 1], ["q", 2], ["q", 3], ["q", 4]], "n_qubits": 5, "qreg_sizes": [["q", 5]], "clbit_labels": [["c", 0], ["c", 1], ["c", 2]], "memory_slots": 3, "creg_sizes": [["c", 3]], "name": "circuit-694934", "global_phase": 0.0, "metadata": {}}, "data": {"counts": {"0x0": 1918, "0x1": 433, "0x2": 530, "0x3": 146, "0x4": 536, "0x5": 289, "0x6": 147, "0x7": 97}, "snapshots": null, "memory": null, "statevector": null, "unitary": null}}, {"shots": 4096, "success": true, "status": null, "seed": null, "meas_level": 2, "meas_return": null, "header": {"qubit_labels": [["q", 0], ["q", 1], ["q", 2], ["q", 3], ["q", 4]], "n_qubits": 5, "qreg_sizes": [["q", 5]], "clbit_labels": [["c", 0], ["c", 1], ["c", 2]], "memory_slots": 3, "creg_sizes": [["c", 3]], "name": "circuit-696671", "global_phase": 0.0, "metadata": {}}, "data": {"counts": {"0x0": 952, "0x1": 504, "0x2": 430, "0x3": 668, "0x4": 312, "0x5": 453, "0x6": 351, "0x7": 426}, "snapshots": null, "memory": null, "statevector": null, "unitary": null}}, {"shots": 4096, "success": true, "status": null, "seed": null, "meas_level": 2, "meas_return": null, "header": {"qubit_labels": [["q", 0], ["q", 1], ["q", 2], ["q", 3], ["q", 4]], "n_qubits": 5, "qreg_sizes": [["q", 5]], "clbit_labels": [["c", 0], ["c", 1], ["c", 2]], "memory_slots": 3, "creg_sizes": [["c", 3]], "name": "circuit-696672", "global_phase": 0.0, "metadata": {}}, "data": {"counts": {"0x0": 1859, "0x1": 403, "0x2": 510, "0x3": 112, "0x4": 635, "0x5": 340, "0x6": 168, "0x7": 69}, "snapshots": null, "memory": null, "statevector": null, "unitary": null}}, {"shots": 4096, "success": true, "status": null, "seed": null, "meas_level": 2, "meas_return": null, "header": {"qubit_labels": [["q", 0], ["q", 1], ["q", 2], ["q", 3], ["q", 4]], "n_qubits": 5, "qreg_sizes": [["q", 5]], "clbit_labels": [["c", 0], ["c", 1], ["c", 2]], "memory_slots": 3, "creg_sizes": [["c", 3]], "name": "circuit-698554", "global_phase": 0.0, "metadata": {}}, "data": {"counts": {"0x0": 491, "0x1": 597, "0x2": 465, "0x3": 637, "0x4": 316, "0x5": 668, "0x6": 467, "0x7": 455}, "snapshots": null, "memory": null, "statevector": null, "unitary": null}}, {"shots": 4096, "success": true, "status": null, "seed": null, "meas_level": 2, "meas_return": null, "header": {"qubit_labels": [["q", 0], ["q", 1], ["q", 2], ["q", 3], ["q", 4]], "n_qubits": 5, "qreg_sizes": [["q", 5]], "clbit_labels": [["c", 0], ["c", 1], ["c", 2]], "memory_slots": 3, "creg_sizes": [["c", 3]], "name": "circuit-698555", "global_phase": 0.0, "metadata": {}}, "data": {"counts": {"0x0": 1499, "0x1": 523, "0x2": 708, "0x3": 368, "0x4": 288, "0x5": 329, "0x6": 144, "0x7": 237}, "snapshots": null, "memory": null, "statevector": null, "unitary": null}}, {"shots": 4096, "success": true, "status": null, "seed": null, "meas_level": 2, "meas_return": null, "header": {"qubit_labels": [["q", 0], ["q", 1], ["q", 2], ["q", 3], ["q", 4]], "n_qubits": 5, "qreg_sizes": [["q", 5]], "clbit_labels": [["c", 0], ["c", 1], ["c", 2]], "memory_slots": 3, "creg_sizes": [["c", 3]], "name": "circuit-700581", "global_phase": 0.0, "metadata": {}}, "data": {"counts": {"0x0": 448, "0x1": 509, "0x2": 347, "0x3": 776, "0x4": 380, "0x5": 567, "0x6": 564, "0x7": 505}, "snapshots": null, "memory": null, "statevector": null, "unitary": null}}, {"shots": 4096, "success": true, "status": null, "seed": null, "meas_level": 2, "meas_return": null, "header": {"qubit_labels": [["q", 0], ["q", 1], ["q", 2], ["q", 3], ["q", 4]], "n_qubits": 5, "qreg_sizes": [["q", 5]], "clbit_labels": [["c", 0], ["c", 1], ["c", 2]], "memory_slots": 3, "creg_sizes": [["c", 3]], "name": "circuit-700582", "global_phase": 0.0, "metadata": {}}, "data": {"counts": {"0x0": 1199, "0x1": 939, "0x2": 604, "0x3": 396, "0x4": 274, "0x5": 352, "0x6": 153, "0x7": 179}, "snapshots": null, "memory": null, "statevector": null, "unitary": null}}, {"shots": 4096, "success": true, "status": null, "seed": null, "meas_level": 2, "meas_return": null, "header": {"qubit_labels": [["q", 0], ["q", 1], ["q", 2], ["q", 3], ["q", 4]], "n_qubits": 5, "qreg_sizes": [["q", 5]], "clbit_labels": [["c", 0], ["c", 1], ["c", 2]], "memory_slots": 3, "creg_sizes": [["c", 3]], "name": "circuit-702792", "global_phase": 0.0, "metadata": {}}, "data": {"counts": {"0x0": 442, "0x1": 560, "0x2": 473, "0x3": 819, "0x4": 407, "0x5": 593, "0x6": 397, "0x7": 405}, "snapshots": null, "memory": null, "statevector": null, "unitary": null}}, {"shots": 4096, "success": true, "status": null, "seed": null, "meas_level": 2, "meas_return": null, "header": {"qubit_labels": [["q", 0], ["q", 1], ["q", 2], ["q", 3], ["q", 4]], "n_qubits": 5, "qreg_sizes": [["q", 5]], "clbit_labels": [["c", 0], ["c", 1], ["c", 2]], "memory_slots": 3, "creg_sizes": [["c", 3]], "name": "circuit-702793", "global_phase": 0.0, "metadata": {}}, "data": {"counts": {"0x0": 1478, "0x1": 520, "0x2": 762, "0x3": 317, "0x4": 326, "0x5": 309, "0x6": 177, "0x7": 207}, "snapshots": null, "memory": null, "statevector": null, "unitary": null}}, {"shots": 4096, "success": true, "status": null, "seed": null, "meas_level": 2, "meas_return": null, "header": {"qubit_labels": [["q", 0], ["q", 1], ["q", 2], ["q", 3], ["q", 4]], "n_qubits": 5, "qreg_sizes": [["q", 5]], "clbit_labels": [["c", 0], ["c", 1], ["c", 2]], "memory_slots": 3, "creg_sizes": [["c", 3]], "name": "circuit-705168", "global_phase": 0.0, "metadata": {}}, "data": {"counts": {"0x0": 631, "0x1": 540, "0x2": 495, "0x3": 500, "0x4": 365, "0x5": 664, "0x6": 453, "0x7": 448}, "snapshots": null, "memory": null, "statevector": null, "unitary": null}}, {"shots": 4096, "success": true, "status": null, "seed": null, "meas_level": 2, "meas_return": null, "header": {"qubit_labels": [["q", 0], ["q", 1], ["q", 2], ["q", 3], ["q", 4]], "n_qubits": 5, "qreg_sizes": [["q", 5]], "clbit_labels": [["c", 0], ["c", 1], ["c", 2]], "memory_slots": 3, "creg_sizes": [["c", 3]], "name": "circuit-705169", "global_phase": 0.0, "metadata": {}}, "data": {"counts": {"0x0": 1388, "0x1": 673, "0x2": 615, "0x3": 313, "0x4": 297, "0x5": 392, "0x6": 175, "0x7": 243}, "snapshots": null, "memory": null, "statevector": null, "unitary": null}}, {"shots": 4096, "success": true, "status": null, "seed": null, "meas_level": 2, "meas_return": null, "header": {"qubit_labels": [["q", 0], ["q", 1], ["q", 2], ["q", 3], ["q", 4]], "n_qubits": 5, "qreg_sizes": [["q", 5]], "clbit_labels": [["c", 0], ["c", 1], ["c", 2]], "memory_slots": 3, "creg_sizes": [["c", 3]], "name": "circuit-707654", "global_phase": 0.0, "metadata": {}}, "data": {"counts": {"0x0": 564, "0x1": 502, "0x2": 463, "0x3": 621, "0x4": 368, "0x5": 588, "0x6": 550, "0x7": 440}, "snapshots": null, "memory": null, "statevector": null, "unitary": null}}, {"shots": 4096, "success": true, "status": null, "seed": null, "meas_level": 2, "meas_return": null, "header": {"qubit_labels": [["q", 0], ["q", 1], ["q", 2], ["q", 3], ["q", 4]], "n_qubits": 5, "qreg_sizes": [["q", 5]], "clbit_labels": [["c", 0], ["c", 1], ["c", 2]], "memory_slots": 3, "creg_sizes": [["c", 3]], "name": "circuit-707655", "global_phase": 0.0, "metadata": {}}, "data": {"counts": {"0x0": 1625, "0x1": 490, "0x2": 514, "0x3": 172, "0x4": 601, "0x5": 371, "0x6": 191, "0x7": 132}, "snapshots": null, "memory": null, "statevector": null, "unitary": null}}, {"shots": 4096, "success": true, "status": null, "seed": null, "meas_level": 2, "meas_return": null, "header": {"qubit_labels": [["q", 0], ["q", 1], ["q", 2], ["q", 3], ["q", 4]], "n_qubits": 5, "qreg_sizes": [["q", 5]], "clbit_labels": [["c", 0], ["c", 1], ["c", 2]], "memory_slots": 3, "creg_sizes": [["c", 3]], "name": "circuit-710250", "global_phase": 0.0, "metadata": {}}, "data": {"counts": {"0x0": 412, "0x1": 518, "0x2": 386, "0x3": 598, "0x4": 398, "0x5": 728, "0x6": 461, "0x7": 595}, "snapshots": null, "memory": null, "statevector": null, "unitary": null}}, {"shots": 4096, "success": true, "status": null, "seed": null, "meas_level": 2, "meas_return": null, "header": {"qubit_labels": [["q", 0], ["q", 1], ["q", 2], ["q", 3], ["q", 4]], "n_qubits": 5, "qreg_sizes": [["q", 5]], "clbit_labels": [["c", 0], ["c", 1], ["c", 2]], "memory_slots": 3, "creg_sizes": [["c", 3]], "name": "circuit-710251", "global_phase": 0.0, "metadata": {}}, "data": {"counts": {"0x0": 958, "0x1": 712, "0x2": 764, "0x3": 470, "0x4": 294, "0x5": 378, "0x6": 230, "0x7": 290}, "snapshots": null, "memory": null, "statevector": null, "unitary": null}}, {"shots": 4096, "success": true, "status": null, "seed": null, "meas_level": 2, "meas_return": null, "header": {"qubit_labels": [["q", 0], ["q", 1], ["q", 2], ["q", 3], ["q", 4]], "n_qubits": 5, "qreg_sizes": [["q", 5]], "clbit_labels": [["c", 0], ["c", 1], ["c", 2]], "memory_slots": 3, "creg_sizes": [["c", 3]], "name": "circuit-713003", "global_phase": 0.0, "metadata": {}}, "data": {"counts": {"0x0": 511, "0x1": 610, "0x2": 494, "0x3": 530, "0x4": 439, "0x5": 581, "0x6": 453, "0x7": 478}, "snapshots": null, "memory": null, "statevector": null, "unitary": null}}, {"shots": 4096, "success": true, "status": null, "seed": null, "meas_level": 2, "meas_return": null, "header": {"qubit_labels": [["q", 0], ["q", 1], ["q", 2], ["q", 3], ["q", 4]], "n_qubits": 5, "qreg_sizes": [["q", 5]], "clbit_labels": [["c", 0], ["c", 1], ["c", 2]], "memory_slots": 3, "creg_sizes": [["c", 3]], "name": "circuit-713004", "global_phase": 0.0, "metadata": {}}, "data": {"counts": {"0x0": 875, "0x1": 832, "0x2": 720, "0x3": 455, "0x4": 265, "0x5": 410, "0x6": 231, "0x7": 308}, "snapshots": null, "memory": null, "statevector": null, "unitary": null}}, {"shots": 4096, "success": true, "status": null, "seed": null, "meas_level": 2, "meas_return": null, "header": {"qubit_labels": [["q", 0], ["q", 1], ["q", 2], ["q", 3], ["q", 4]], "n_qubits": 5, "qreg_sizes": [["q", 5]], "clbit_labels": [["c", 0], ["c", 1], ["c", 2]], "memory_slots": 3, "creg_sizes": [["c", 3]], "name": "circuit-715980", "global_phase": 0.0, "metadata": {}}, "data": {"counts": {"0x0": 564, "0x1": 458, "0x2": 476, "0x3": 557, "0x4": 477, "0x5": 457, "0x6": 585, "0x7": 522}, "snapshots": null, "memory": null, "statevector": null, "unitary": null}}, {"shots": 4096, "success": true, "status": null, "seed": null, "meas_level": 2, "meas_return": null, "header": {"qubit_labels": [["q", 0], ["q", 1], ["q", 2], ["q", 3], ["q", 4]], "n_qubits": 5, "qreg_sizes": [["q", 5]], "clbit_labels": [["c", 0], ["c", 1], ["c", 2]], "memory_slots": 3, "creg_sizes": [["c", 3]], "name": "circuit-715981", "global_phase": 0.0, "metadata": {}}, "data": {"counts": {"0x0": 1231, "0x1": 477, "0x2": 629, "0x3": 210, "0x4": 613, "0x5": 452, "0x6": 290, "0x7": 194}, "snapshots": null, "memory": null, "statevector": null, "unitary": null}}, {"shots": 4096, "success": true, "status": null, "seed": null, "meas_level": 2, "meas_return": null, "header": {"qubit_labels": [["q", 0], ["q", 1], ["q", 2], ["q", 3], ["q", 4]], "n_qubits": 5, "qreg_sizes": [["q", 5]], "clbit_labels": [["c", 0], ["c", 1], ["c", 2]], "memory_slots": 3, "creg_sizes": [["c", 3]], "name": "circuit-719013", "global_phase": 0.0, "metadata": {}}, "data": {"counts": {"0x0": 919, "0x1": 216, "0x2": 259, "0x3": 683, "0x4": 198, "0x5": 843, "0x6": 774, "0x7": 204}, "snapshots": null, "memory": null, "statevector": null, "unitary": null}}, {"shots": 4096, "success": true, "status": null, "seed": null, "meas_level": 2, "meas_return": null, "header": {"qubit_labels": [["q", 0], ["q", 1], ["q", 2], ["q", 3], ["q", 4]], "n_qubits": 5, "qreg_sizes": [["q", 5]], "clbit_labels": [["c", 0], ["c", 1], ["c", 2]], "memory_slots": 3, "creg_sizes": [["c", 3]], "name": "circuit-719014", "global_phase": 0.0, "metadata": {}}, "data": {"counts": {"0x0": 2951, "0x1": 262, "0x2": 394, "0x3": 58, "0x4": 307, "0x5": 89, "0x6": 23, "0x7": 12}, "snapshots": null, "memory": null, "statevector": null, "unitary": null}}, {"shots": 4096, "success": true, "status": null, "seed": null, "meas_level": 2, "meas_return": null, "header": {"qubit_labels": [["q", 0], ["q", 1], ["q", 2], ["q", 3], ["q", 4]], "n_qubits": 5, "qreg_sizes": [["q", 5]], "clbit_labels": [["c", 0], ["c", 1], ["c", 2]], "memory_slots": 3, "creg_sizes": [["c", 3]], "name": "circuit-719363", "global_phase": 0.0, "metadata": {}}, "data": {"counts": {"0x0": 860, "0x1": 312, "0x2": 422, "0x3": 668, "0x4": 315, "0x5": 579, "0x6": 722, "0x7": 218}, "snapshots": null, "memory": null, "statevector": null, "unitary": null}}, {"shots": 4096, "success": true, "status": null, "seed": null, "meas_level": 2, "meas_return": null, "header": {"qubit_labels": [["q", 0], ["q", 1], ["q", 2], ["q", 3], ["q", 4]], "n_qubits": 5, "qreg_sizes": [["q", 5]], "clbit_labels": [["c", 0], ["c", 1], ["c", 2]], "memory_slots": 3, "creg_sizes": [["c", 3]], "name": "circuit-719364", "global_phase": 0.0, "metadata": {}}, "data": {"counts": {"0x0": 3068, "0x1": 239, "0x2": 402, "0x3": 59, "0x4": 200, "0x5": 72, "0x6": 30, "0x7": 26}, "snapshots": null, "memory": null, "statevector": null, "unitary": null}}, {"shots": 4096, "success": true, "status": null, "seed": null, "meas_level": 2, "meas_return": null, "header": {"qubit_labels": [["q", 0], ["q", 1], ["q", 2], ["q", 3], ["q", 4]], "n_qubits": 5, "qreg_sizes": [["q", 5]], "clbit_labels": [["c", 0], ["c", 1], ["c", 2]], "memory_slots": 3, "creg_sizes": [["c", 3]], "name": "circuit-719857", "global_phase": 0.0, "metadata": {}}, "data": {"counts": {"0x0": 556, "0x1": 311, "0x2": 427, "0x3": 565, "0x4": 388, "0x5": 740, "0x6": 776, "0x7": 333}, "snapshots": null, "memory": null, "statevector": null, "unitary": null}}, {"shots": 4096, "success": true, "status": null, "seed": null, "meas_level": 2, "meas_return": null, "header": {"qubit_labels": [["q", 0], ["q", 1], ["q", 2], ["q", 3], ["q", 4]], "n_qubits": 5, "qreg_sizes": [["q", 5]], "clbit_labels": [["c", 0], ["c", 1], ["c", 2]], "memory_slots": 3, "creg_sizes": [["c", 3]], "name": "circuit-719858", "global_phase": 0.0, "metadata": {}}, "data": {"counts": {"0x0": 2832, "0x1": 293, "0x2": 391, "0x3": 59, "0x4": 296, "0x5": 159, "0x6": 33, "0x7": 33}, "snapshots": null, "memory": null, "statevector": null, "unitary": null}}, {"shots": 4096, "success": true, "status": null, "seed": null, "meas_level": 2, "meas_return": null, "header": {"qubit_labels": [["q", 0], ["q", 1], ["q", 2], ["q", 3], ["q", 4]], "n_qubits": 5, "qreg_sizes": [["q", 5]], "clbit_labels": [["c", 0], ["c", 1], ["c", 2]], "memory_slots": 3, "creg_sizes": [["c", 3]], "name": "circuit-720484", "global_phase": 0.0, "metadata": {}}, "data": {"counts": {"0x0": 637, "0x1": 284, "0x2": 679, "0x3": 738, "0x4": 456, "0x5": 233, "0x6": 544, "0x7": 525}, "snapshots": null, "memory": null, "statevector": null, "unitary": null}}, {"shots": 4096, "success": true, "status": null, "seed": null, "meas_level": 2, "meas_return": null, "header": {"qubit_labels": [["q", 0], ["q", 1], ["q", 2], ["q", 3], ["q", 4]], "n_qubits": 5, "qreg_sizes": [["q", 5]], "clbit_labels": [["c", 0], ["c", 1], ["c", 2]], "memory_slots": 3, "creg_sizes": [["c", 3]], "name": "circuit-720485", "global_phase": 0.0, "metadata": {}}, "data": {"counts": {"0x0": 2556, "0x1": 301, "0x2": 516, "0x3": 71, "0x4": 321, "0x5": 219, "0x6": 64, "0x7": 48}, "snapshots": null, "memory": null, "statevector": null, "unitary": null}}, {"shots": 4096, "success": true, "status": null, "seed": null, "meas_level": 2, "meas_return": null, "header": {"qubit_labels": [["q", 0], ["q", 1], ["q", 2], ["q", 3], ["q", 4]], "n_qubits": 5, "qreg_sizes": [["q", 5]], "clbit_labels": [["c", 0], ["c", 1], ["c", 2]], "memory_slots": 3, "creg_sizes": [["c", 3]], "name": "circuit-721263", "global_phase": 0.0, "metadata": {}}, "data": {"counts": {"0x0": 465, "0x1": 534, "0x2": 418, "0x3": 558, "0x4": 590, "0x5": 450, "0x6": 598, "0x7": 483}, "snapshots": null, "memory": null, "statevector": null, "unitary": null}}, {"shots": 4096, "success": true, "status": null, "seed": null, "meas_level": 2, "meas_return": null, "header": {"qubit_labels": [["q", 0], ["q", 1], ["q", 2], ["q", 3], ["q", 4]], "n_qubits": 5, "qreg_sizes": [["q", 5]], "clbit_labels": [["c", 0], ["c", 1], ["c", 2]], "memory_slots": 3, "creg_sizes": [["c", 3]], "name": "circuit-721264", "global_phase": 0.0, "metadata": {}}, "data": {"counts": {"0x0": 2366, "0x1": 505, "0x2": 422, "0x3": 275, "0x4": 277, "0x5": 138, "0x6": 60, "0x7": 53}, "snapshots": null, "memory": null, "statevector": null, "unitary": null}}, {"shots": 4096, "success": true, "status": null, "seed": null, "meas_level": 2, "meas_return": null, "header": {"qubit_labels": [["q", 0], ["q", 1], ["q", 2], ["q", 3], ["q", 4]], "n_qubits": 5, "qreg_sizes": [["q", 5]], "clbit_labels": [["c", 0], ["c", 1], ["c", 2]], "memory_slots": 3, "creg_sizes": [["c", 3]], "name": "circuit-722176", "global_phase": 0.0, "metadata": {}}, "data": {"counts": {"0x0": 300, "0x1": 435, "0x2": 789, "0x3": 458, "0x4": 703, "0x5": 359, "0x6": 404, "0x7": 648}, "snapshots": null, "memory": null, "statevector": null, "unitary": null}}, {"shots": 4096, "success": true, "status": null, "seed": null, "meas_level": 2, "meas_return": null, "header": {"qubit_labels": [["q", 0], ["q", 1], ["q", 2], ["q", 3], ["q", 4]], "n_qubits": 5, "qreg_sizes": [["q", 5]], "clbit_labels": [["c", 0], ["c", 1], ["c", 2]], "memory_slots": 3, "creg_sizes": [["c", 3]], "name": "circuit-722177", "global_phase": 0.0, "metadata": {}}, "data": {"counts": {"0x0": 2330, "0x1": 413, "0x2": 622, "0x3": 197, "0x4": 219, "0x5": 170, "0x6": 58, "0x7": 87}, "snapshots": null, "memory": null, "statevector": null, "unitary": null}}, {"shots": 4096, "success": true, "status": null, "seed": null, "meas_level": 2, "meas_return": null, "header": {"qubit_labels": [["q", 0], ["q", 1], ["q", 2], ["q", 3], ["q", 4]], "n_qubits": 5, "qreg_sizes": [["q", 5]], "clbit_labels": [["c", 0], ["c", 1], ["c", 2]], "memory_slots": 3, "creg_sizes": [["c", 3]], "name": "circuit-723232", "global_phase": 0.0, "metadata": {}}, "data": {"counts": {"0x0": 333, "0x1": 656, "0x2": 918, "0x3": 432, "0x4": 327, "0x5": 371, "0x6": 355, "0x7": 704}, "snapshots": null, "memory": null, "statevector": null, "unitary": null}}, {"shots": 4096, "success": true, "status": null, "seed": null, "meas_level": 2, "meas_return": null, "header": {"qubit_labels": [["q", 0], ["q", 1], ["q", 2], ["q", 3], ["q", 4]], "n_qubits": 5, "qreg_sizes": [["q", 5]], "clbit_labels": [["c", 0], ["c", 1], ["c", 2]], "memory_slots": 3, "creg_sizes": [["c", 3]], "name": "circuit-723233", "global_phase": 0.0, "metadata": {}}, "data": {"counts": {"0x0": 2240, "0x1": 392, "0x2": 677, "0x3": 151, "0x4": 259, "0x5": 212, "0x6": 79, "0x7": 86}, "snapshots": null, "memory": null, "statevector": null, "unitary": null}}, {"shots": 4096, "success": true, "status": null, "seed": null, "meas_level": 2, "meas_return": null, "header": {"qubit_labels": [["q", 0], ["q", 1], ["q", 2], ["q", 3], ["q", 4]], "n_qubits": 5, "qreg_sizes": [["q", 5]], "clbit_labels": [["c", 0], ["c", 1], ["c", 2]], "memory_slots": 3, "creg_sizes": [["c", 3]], "name": "circuit-724449", "global_phase": 0.0, "metadata": {}}, "data": {"counts": {"0x0": 354, "0x1": 689, "0x2": 655, "0x3": 573, "0x4": 291, "0x5": 585, "0x6": 272, "0x7": 677}, "snapshots": null, "memory": null, "statevector": null, "unitary": null}}, {"shots": 4096, "success": true, "status": null, "seed": null, "meas_level": 2, "meas_return": null, "header": {"qubit_labels": [["q", 0], ["q", 1], ["q", 2], ["q", 3], ["q", 4]], "n_qubits": 5, "qreg_sizes": [["q", 5]], "clbit_labels": [["c", 0], ["c", 1], ["c", 2]], "memory_slots": 3, "creg_sizes": [["c", 3]], "name": "circuit-724450", "global_phase": 0.0, "metadata": {}}, "data": {"counts": {"0x0": 2073, "0x1": 463, "0x2": 406, "0x3": 108, "0x4": 621, "0x5": 240, "0x6": 131, "0x7": 54}, "snapshots": null, "memory": null, "statevector": null, "unitary": null}}, {"shots": 4096, "success": true, "status": null, "seed": null, "meas_level": 2, "meas_return": null, "header": {"qubit_labels": [["q", 0], ["q", 1], ["q", 2], ["q", 3], ["q", 4]], "n_qubits": 5, "qreg_sizes": [["q", 5]], "clbit_labels": [["c", 0], ["c", 1], ["c", 2]], "memory_slots": 3, "creg_sizes": [["c", 3]], "name": "circuit-725762", "global_phase": 0.0, "metadata": {}}, "data": {"counts": {"0x0": 412, "0x1": 777, "0x2": 482, "0x3": 451, "0x4": 559, "0x5": 461, "0x6": 322, "0x7": 632}, "snapshots": null, "memory": null, "statevector": null, "unitary": null}}, {"shots": 4096, "success": true, "status": null, "seed": null, "meas_level": 2, "meas_return": null, "header": {"qubit_labels": [["q", 0], ["q", 1], ["q", 2], ["q", 3], ["q", 4]], "n_qubits": 5, "qreg_sizes": [["q", 5]], "clbit_labels": [["c", 0], ["c", 1], ["c", 2]], "memory_slots": 3, "creg_sizes": [["c", 3]], "name": "circuit-725763", "global_phase": 0.0, "metadata": {}}, "data": {"counts": {"0x0": 1545, "0x1": 596, "0x2": 568, "0x3": 663, "0x4": 284, "0x5": 188, "0x6": 121, "0x7": 131}, "snapshots": null, "memory": null, "statevector": null, "unitary": null}}, {"shots": 4096, "success": true, "status": null, "seed": null, "meas_level": 2, "meas_return": null, "header": {"qubit_labels": [["q", 0], ["q", 1], ["q", 2], ["q", 3], ["q", 4]], "n_qubits": 5, "qreg_sizes": [["q", 5]], "clbit_labels": [["c", 0], ["c", 1], ["c", 2]], "memory_slots": 3, "creg_sizes": [["c", 3]], "name": "circuit-727196", "global_phase": 0.0, "metadata": {}}, "data": {"counts": {"0x0": 434, "0x1": 533, "0x2": 543, "0x3": 496, "0x4": 667, "0x5": 448, "0x6": 403, "0x7": 572}, "snapshots": null, "memory": null, "statevector": null, "unitary": null}}, {"shots": 4096, "success": true, "status": null, "seed": null, "meas_level": 2, "meas_return": null, "header": {"qubit_labels": [["q", 0], ["q", 1], ["q", 2], ["q", 3], ["q", 4]], "n_qubits": 5, "qreg_sizes": [["q", 5]], "clbit_labels": [["c", 0], ["c", 1], ["c", 2]], "memory_slots": 3, "creg_sizes": [["c", 3]], "name": "circuit-727197", "global_phase": 0.0, "metadata": {}}, "data": {"counts": {"0x0": 1825, "0x1": 574, "0x2": 626, "0x3": 220, "0x4": 355, "0x5": 253, "0x6": 113, "0x7": 130}, "snapshots": null, "memory": null, "statevector": null, "unitary": null}}, {"shots": 4096, "success": true, "status": null, "seed": null, "meas_level": 2, "meas_return": null, "header": {"qubit_labels": [["q", 0], ["q", 1], ["q", 2], ["q", 3], ["q", 4]], "n_qubits": 5, "qreg_sizes": [["q", 5]], "clbit_labels": [["c", 0], ["c", 1], ["c", 2]], "memory_slots": 3, "creg_sizes": [["c", 3]], "name": "circuit-728838", "global_phase": 0.0, "metadata": {}}, "data": {"counts": {"0x0": 416, "0x1": 554, "0x2": 529, "0x3": 706, "0x4": 453, "0x5": 573, "0x6": 368, "0x7": 497}, "snapshots": null, "memory": null, "statevector": null, "unitary": null}}, {"shots": 4096, "success": true, "status": null, "seed": null, "meas_level": 2, "meas_return": null, "header": {"qubit_labels": [["q", 0], ["q", 1], ["q", 2], ["q", 3], ["q", 4]], "n_qubits": 5, "qreg_sizes": [["q", 5]], "clbit_labels": [["c", 0], ["c", 1], ["c", 2]], "memory_slots": 3, "creg_sizes": [["c", 3]], "name": "circuit-728839", "global_phase": 0.0, "metadata": {}}, "data": {"counts": {"0x0": 1449, "0x1": 692, "0x2": 639, "0x3": 353, "0x4": 350, "0x5": 310, "0x6": 147, "0x7": 156}, "snapshots": null, "memory": null, "statevector": null, "unitary": null}}, {"shots": 4096, "success": true, "status": null, "seed": null, "meas_level": 2, "meas_return": null, "header": {"qubit_labels": [["q", 0], ["q", 1], ["q", 2], ["q", 3], ["q", 4]], "n_qubits": 5, "qreg_sizes": [["q", 5]], "clbit_labels": [["c", 0], ["c", 1], ["c", 2]], "memory_slots": 3, "creg_sizes": [["c", 3]], "name": "circuit-730570", "global_phase": 0.0, "metadata": {}}, "data": {"counts": {"0x0": 469, "0x1": 409, "0x2": 478, "0x3": 522, "0x4": 565, "0x5": 454, "0x6": 619, "0x7": 580}, "snapshots": null, "memory": null, "statevector": null, "unitary": null}}, {"shots": 4096, "success": true, "status": null, "seed": null, "meas_level": 2, "meas_return": null, "header": {"qubit_labels": [["q", 0], ["q", 1], ["q", 2], ["q", 3], ["q", 4]], "n_qubits": 5, "qreg_sizes": [["q", 5]], "clbit_labels": [["c", 0], ["c", 1], ["c", 2]], "memory_slots": 3, "creg_sizes": [["c", 3]], "name": "circuit-730571", "global_phase": 0.0, "metadata": {}}, "data": {"counts": {"0x0": 1523, "0x1": 489, "0x2": 844, "0x3": 327, "0x4": 300, "0x5": 272, "0x6": 159, "0x7": 182}, "snapshots": null, "memory": null, "statevector": null, "unitary": null}}, {"shots": 4096, "success": true, "status": null, "seed": null, "meas_level": 2, "meas_return": null, "header": {"qubit_labels": [["q", 0], ["q", 1], ["q", 2], ["q", 3], ["q", 4]], "n_qubits": 5, "qreg_sizes": [["q", 5]], "clbit_labels": [["c", 0], ["c", 1], ["c", 2]], "memory_slots": 3, "creg_sizes": [["c", 3]], "name": "circuit-732422", "global_phase": 0.0, "metadata": {}}, "data": {"counts": {"0x0": 711, "0x1": 425, "0x2": 380, "0x3": 706, "0x4": 433, "0x5": 597, "0x6": 434, "0x7": 410}, "snapshots": null, "memory": null, "statevector": null, "unitary": null}}, {"shots": 4096, "success": true, "status": null, "seed": null, "meas_level": 2, "meas_return": null, "header": {"qubit_labels": [["q", 0], ["q", 1], ["q", 2], ["q", 3], ["q", 4]], "n_qubits": 5, "qreg_sizes": [["q", 5]], "clbit_labels": [["c", 0], ["c", 1], ["c", 2]], "memory_slots": 3, "creg_sizes": [["c", 3]], "name": "circuit-732423", "global_phase": 0.0, "metadata": {}}, "data": {"counts": {"0x0": 1823, "0x1": 495, "0x2": 522, "0x3": 150, "0x4": 513, "0x5": 309, "0x6": 158, "0x7": 126}, "snapshots": null, "memory": null, "statevector": null, "unitary": null}}, {"shots": 4096, "success": true, "status": null, "seed": null, "meas_level": 2, "meas_return": null, "header": {"qubit_labels": [["q", 0], ["q", 1], ["q", 2], ["q", 3], ["q", 4]], "n_qubits": 5, "qreg_sizes": [["q", 5]], "clbit_labels": [["c", 0], ["c", 1], ["c", 2]], "memory_slots": 3, "creg_sizes": [["c", 3]], "name": "circuit-734468", "global_phase": 0.0, "metadata": {}}, "data": {"counts": {"0x0": 515, "0x1": 375, "0x2": 413, "0x3": 662, "0x4": 407, "0x5": 622, "0x6": 697, "0x7": 405}, "snapshots": null, "memory": null, "statevector": null, "unitary": null}}, {"shots": 4096, "success": true, "status": null, "seed": null, "meas_level": 2, "meas_return": null, "header": {"qubit_labels": [["q", 0], ["q", 1], ["q", 2], ["q", 3], ["q", 4]], "n_qubits": 5, "qreg_sizes": [["q", 5]], "clbit_labels": [["c", 0], ["c", 1], ["c", 2]], "memory_slots": 3, "creg_sizes": [["c", 3]], "name": "circuit-734469", "global_phase": 0.0, "metadata": {}}, "data": {"counts": {"0x0": 1163, "0x1": 649, "0x2": 557, "0x3": 674, "0x4": 314, "0x5": 352, "0x6": 168, "0x7": 219}, "snapshots": null, "memory": null, "statevector": null, "unitary": null}}, {"shots": 4096, "success": true, "status": null, "seed": null, "meas_level": 2, "meas_return": null, "header": {"qubit_labels": [["q", 0], ["q", 1], ["q", 2], ["q", 3], ["q", 4]], "n_qubits": 5, "qreg_sizes": [["q", 5]], "clbit_labels": [["c", 0], ["c", 1], ["c", 2]], "memory_slots": 3, "creg_sizes": [["c", 3]], "name": "circuit-736680", "global_phase": 0.0, "metadata": {}}, "data": {"counts": {"0x0": 530, "0x1": 499, "0x2": 427, "0x3": 705, "0x4": 433, "0x5": 564, "0x6": 451, "0x7": 487}, "snapshots": null, "memory": null, "statevector": null, "unitary": null}}, {"shots": 4096, "success": true, "status": null, "seed": null, "meas_level": 2, "meas_return": null, "header": {"qubit_labels": [["q", 0], ["q", 1], ["q", 2], ["q", 3], ["q", 4]], "n_qubits": 5, "qreg_sizes": [["q", 5]], "clbit_labels": [["c", 0], ["c", 1], ["c", 2]], "memory_slots": 3, "creg_sizes": [["c", 3]], "name": "circuit-736681", "global_phase": 0.0, "metadata": {}}, "data": {"counts": {"0x0": 872, "0x1": 1098, "0x2": 581, "0x3": 461, "0x4": 278, "0x5": 339, "0x6": 188, "0x7": 279}, "snapshots": null, "memory": null, "statevector": null, "unitary": null}}, {"shots": 4096, "success": true, "status": null, "seed": null, "meas_level": 2, "meas_return": null, "header": {"qubit_labels": [["q", 0], ["q", 1], ["q", 2], ["q", 3], ["q", 4]], "n_qubits": 5, "qreg_sizes": [["q", 5]], "clbit_labels": [["c", 0], ["c", 1], ["c", 2]], "memory_slots": 3, "creg_sizes": [["c", 3]], "name": "circuit-739088", "global_phase": 0.0, "metadata": {}}, "data": {"counts": {"0x0": 591, "0x1": 392, "0x2": 408, "0x3": 651, "0x4": 402, "0x5": 557, "0x6": 641, "0x7": 454}, "snapshots": null, "memory": null, "statevector": null, "unitary": null}}, {"shots": 4096, "success": true, "status": null, "seed": null, "meas_level": 2, "meas_return": null, "header": {"qubit_labels": [["q", 0], ["q", 1], ["q", 2], ["q", 3], ["q", 4]], "n_qubits": 5, "qreg_sizes": [["q", 5]], "clbit_labels": [["c", 0], ["c", 1], ["c", 2]], "memory_slots": 3, "creg_sizes": [["c", 3]], "name": "circuit-739089", "global_phase": 0.0, "metadata": {}}, "data": {"counts": {"0x0": 1237, "0x1": 680, "0x2": 682, "0x3": 413, "0x4": 313, "0x5": 344, "0x6": 189, "0x7": 238}, "snapshots": null, "memory": null, "statevector": null, "unitary": null}}, {"shots": 4096, "success": true, "status": null, "seed": null, "meas_level": 2, "meas_return": null, "header": {"qubit_labels": [["q", 0], ["q", 1], ["q", 2], ["q", 3], ["q", 4]], "n_qubits": 5, "qreg_sizes": [["q", 5]], "clbit_labels": [["c", 0], ["c", 1], ["c", 2]], "memory_slots": 3, "creg_sizes": [["c", 3]], "name": "circuit-741546", "global_phase": 0.0, "metadata": {}}, "data": {"counts": {"0x0": 586, "0x1": 406, "0x2": 437, "0x3": 656, "0x4": 450, "0x5": 513, "0x6": 620, "0x7": 428}, "snapshots": null, "memory": null, "statevector": null, "unitary": null}}, {"shots": 4096, "success": true, "status": null, "seed": null, "meas_level": 2, "meas_return": null, "header": {"qubit_labels": [["q", 0], ["q", 1], ["q", 2], ["q", 3], ["q", 4]], "n_qubits": 5, "qreg_sizes": [["q", 5]], "clbit_labels": [["c", 0], ["c", 1], ["c", 2]], "memory_slots": 3, "creg_sizes": [["c", 3]], "name": "circuit-741547", "global_phase": 0.0, "metadata": {}}, "data": {"counts": {"0x0": 1266, "0x1": 618, "0x2": 668, "0x3": 615, "0x4": 261, "0x5": 272, "0x6": 176, "0x7": 220}, "snapshots": null, "memory": null, "statevector": null, "unitary": null}}, {"shots": 4096, "success": true, "status": null, "seed": null, "meas_level": 2, "meas_return": null, "header": {"qubit_labels": [["q", 0], ["q", 1], ["q", 2], ["q", 3], ["q", 4]], "n_qubits": 5, "qreg_sizes": [["q", 5]], "clbit_labels": [["c", 0], ["c", 1], ["c", 2]], "memory_slots": 3, "creg_sizes": [["c", 3]], "name": "circuit-744181", "global_phase": 0.0, "metadata": {}}, "data": {"counts": {"0x0": 527, "0x1": 560, "0x2": 465, "0x3": 498, "0x4": 394, "0x5": 702, "0x6": 481, "0x7": 469}, "snapshots": null, "memory": null, "statevector": null, "unitary": null}}, {"shots": 4096, "success": true, "status": null, "seed": null, "meas_level": 2, "meas_return": null, "header": {"qubit_labels": [["q", 0], ["q", 1], ["q", 2], ["q", 3], ["q", 4]], "n_qubits": 5, "qreg_sizes": [["q", 5]], "clbit_labels": [["c", 0], ["c", 1], ["c", 2]], "memory_slots": 3, "creg_sizes": [["c", 3]], "name": "circuit-744182", "global_phase": 0.0, "metadata": {}}, "data": {"counts": {"0x0": 981, "0x1": 734, "0x2": 606, "0x3": 594, "0x4": 333, "0x5": 358, "0x6": 193, "0x7": 297}, "snapshots": null, "memory": null, "statevector": null, "unitary": null}}, {"shots": 4096, "success": true, "status": null, "seed": null, "meas_level": 2, "meas_return": null, "header": {"qubit_labels": [["q", 0], ["q", 1], ["q", 2], ["q", 3], ["q", 4]], "n_qubits": 5, "qreg_sizes": [["q", 5]], "clbit_labels": [["c", 0], ["c", 1], ["c", 2]], "memory_slots": 3, "creg_sizes": [["c", 3]], "name": "circuit-746932", "global_phase": 0.0, "metadata": {}}, "data": {"counts": {"0x0": 408, "0x1": 541, "0x2": 451, "0x3": 539, "0x4": 512, "0x5": 726, "0x6": 396, "0x7": 523}, "snapshots": null, "memory": null, "statevector": null, "unitary": null}}, {"shots": 4096, "success": true, "status": null, "seed": null, "meas_level": 2, "meas_return": null, "header": {"qubit_labels": [["q", 0], ["q", 1], ["q", 2], ["q", 3], ["q", 4]], "n_qubits": 5, "qreg_sizes": [["q", 5]], "clbit_labels": [["c", 0], ["c", 1], ["c", 2]], "memory_slots": 3, "creg_sizes": [["c", 3]], "name": "circuit-746933", "global_phase": 0.0, "metadata": {}}, "data": {"counts": {"0x0": 1446, "0x1": 509, "0x2": 554, "0x3": 200, "0x4": 604, "0x5": 398, "0x6": 233, "0x7": 152}, "snapshots": null, "memory": null, "statevector": null, "unitary": null}}, {"shots": 4096, "success": true, "status": null, "seed": null, "meas_level": 2, "meas_return": null, "header": {"qubit_labels": [["q", 0], ["q", 1], ["q", 2], ["q", 3], ["q", 4]], "n_qubits": 5, "qreg_sizes": [["q", 5]], "clbit_labels": [["c", 0], ["c", 1], ["c", 2]], "memory_slots": 3, "creg_sizes": [["c", 3]], "name": "circuit-749856", "global_phase": 0.0, "metadata": {}}, "data": {"counts": {"0x0": 439, "0x1": 562, "0x2": 530, "0x3": 597, "0x4": 501, "0x5": 509, "0x6": 509, "0x7": 449}, "snapshots": null, "memory": null, "statevector": null, "unitary": null}}, {"shots": 4096, "success": true, "status": null, "seed": null, "meas_level": 2, "meas_return": null, "header": {"qubit_labels": [["q", 0], ["q", 1], ["q", 2], ["q", 3], ["q", 4]], "n_qubits": 5, "qreg_sizes": [["q", 5]], "clbit_labels": [["c", 0], ["c", 1], ["c", 2]], "memory_slots": 3, "creg_sizes": [["c", 3]], "name": "circuit-749857", "global_phase": 0.0, "metadata": {}}, "data": {"counts": {"0x0": 1140, "0x1": 677, "0x2": 577, "0x3": 475, "0x4": 361, "0x5": 374, "0x6": 185, "0x7": 307}, "snapshots": null, "memory": null, "statevector": null, "unitary": null}}, {"shots": 4096, "success": true, "status": null, "seed": null, "meas_level": 2, "meas_return": null, "header": {"qubit_labels": [["q", 0], ["q", 1], ["q", 2], ["q", 3], ["q", 4]], "n_qubits": 5, "qreg_sizes": [["q", 5]], "clbit_labels": [["c", 0], ["c", 1], ["c", 2]], "memory_slots": 3, "creg_sizes": [["c", 3]], "name": "circuit-752874", "global_phase": 0.0, "metadata": {}}, "data": {"counts": {"0x0": 693, "0x1": 340, "0x2": 207, "0x3": 795, "0x4": 178, "0x5": 867, "0x6": 881, "0x7": 135}, "snapshots": null, "memory": null, "statevector": null, "unitary": null}}, {"shots": 4096, "success": true, "status": null, "seed": null, "meas_level": 2, "meas_return": null, "header": {"qubit_labels": [["q", 0], ["q", 1], ["q", 2], ["q", 3], ["q", 4]], "n_qubits": 5, "qreg_sizes": [["q", 5]], "clbit_labels": [["c", 0], ["c", 1], ["c", 2]], "memory_slots": 3, "creg_sizes": [["c", 3]], "name": "circuit-752875", "global_phase": 0.0, "metadata": {}}, "data": {"counts": {"0x0": 3196, "0x1": 183, "0x2": 360, "0x3": 73, "0x4": 192, "0x5": 58, "0x6": 20, "0x7": 14}, "snapshots": null, "memory": null, "statevector": null, "unitary": null}}, {"shots": 4096, "success": true, "status": null, "seed": null, "meas_level": 2, "meas_return": null, "header": {"qubit_labels": [["q", 0], ["q", 1], ["q", 2], ["q", 3], ["q", 4]], "n_qubits": 5, "qreg_sizes": [["q", 5]], "clbit_labels": [["c", 0], ["c", 1], ["c", 2]], "memory_slots": 3, "creg_sizes": [["c", 3]], "name": "circuit-753230", "global_phase": 0.0, "metadata": {}}, "data": {"counts": {"0x0": 1126, "0x1": 225, "0x2": 268, "0x3": 507, "0x4": 424, "0x5": 638, "0x6": 663, "0x7": 245}, "snapshots": null, "memory": null, "statevector": null, "unitary": null}}, {"shots": 4096, "success": true, "status": null, "seed": null, "meas_level": 2, "meas_return": null, "header": {"qubit_labels": [["q", 0], ["q", 1], ["q", 2], ["q", 3], ["q", 4]], "n_qubits": 5, "qreg_sizes": [["q", 5]], "clbit_labels": [["c", 0], ["c", 1], ["c", 2]], "memory_slots": 3, "creg_sizes": [["c", 3]], "name": "circuit-753231", "global_phase": 0.0, "metadata": {}}, "data": {"counts": {"0x0": 3153, "0x1": 288, "0x2": 305, "0x3": 44, "0x4": 203, "0x5": 57, "0x6": 27, "0x7": 19}, "snapshots": null, "memory": null, "statevector": null, "unitary": null}}, {"shots": 4096, "success": true, "status": null, "seed": null, "meas_level": 2, "meas_return": null, "header": {"qubit_labels": [["q", 0], ["q", 1], ["q", 2], ["q", 3], ["q", 4]], "n_qubits": 5, "qreg_sizes": [["q", 5]], "clbit_labels": [["c", 0], ["c", 1], ["c", 2]], "memory_slots": 3, "creg_sizes": [["c", 3]], "name": "circuit-753735", "global_phase": 0.0, "metadata": {}}, "data": {"counts": {"0x0": 585, "0x1": 386, "0x2": 480, "0x3": 573, "0x4": 382, "0x5": 732, "0x6": 620, "0x7": 338}, "snapshots": null, "memory": null, "statevector": null, "unitary": null}}, {"shots": 4096, "success": true, "status": null, "seed": null, "meas_level": 2, "meas_return": null, "header": {"qubit_labels": [["q", 0], ["q", 1], ["q", 2], ["q", 3], ["q", 4]], "n_qubits": 5, "qreg_sizes": [["q", 5]], "clbit_labels": [["c", 0], ["c", 1], ["c", 2]], "memory_slots": 3, "creg_sizes": [["c", 3]], "name": "circuit-753736", "global_phase": 0.0, "metadata": {}}, "data": {"counts": {"0x0": 2834, "0x1": 305, "0x2": 487, "0x3": 61, "0x4": 184, "0x5": 139, "0x6": 45, "0x7": 41}, "snapshots": null, "memory": null, "statevector": null, "unitary": null}}, {"shots": 4096, "success": true, "status": null, "seed": null, "meas_level": 2, "meas_return": null, "header": {"qubit_labels": [["q", 0], ["q", 1], ["q", 2], ["q", 3], ["q", 4]], "n_qubits": 5, "qreg_sizes": [["q", 5]], "clbit_labels": [["c", 0], ["c", 1], ["c", 2]], "memory_slots": 3, "creg_sizes": [["c", 3]], "name": "circuit-754387", "global_phase": 0.0, "metadata": {}}, "data": {"counts": {"0x0": 675, "0x1": 355, "0x2": 471, "0x3": 760, "0x4": 471, "0x5": 482, "0x6": 496, "0x7": 386}, "snapshots": null, "memory": null, "statevector": null, "unitary": null}}, {"shots": 4096, "success": true, "status": null, "seed": null, "meas_level": 2, "meas_return": null, "header": {"qubit_labels": [["q", 0], ["q", 1], ["q", 2], ["q", 3], ["q", 4]], "n_qubits": 5, "qreg_sizes": [["q", 5]], "clbit_labels": [["c", 0], ["c", 1], ["c", 2]], "memory_slots": 3, "creg_sizes": [["c", 3]], "name": "circuit-754388", "global_phase": 0.0, "metadata": {}}, "data": {"counts": {"0x0": 2405, "0x1": 388, "0x2": 480, "0x3": 120, "0x4": 356, "0x5": 203, "0x6": 94, "0x7": 50}, "snapshots": null, "memory": null, "statevector": null, "unitary": null}}, {"shots": 4096, "success": true, "status": null, "seed": null, "meas_level": 2, "meas_return": null, "header": {"qubit_labels": [["q", 0], ["q", 1], ["q", 2], ["q", 3], ["q", 4]], "n_qubits": 5, "qreg_sizes": [["q", 5]], "clbit_labels": [["c", 0], ["c", 1], ["c", 2]], "memory_slots": 3, "creg_sizes": [["c", 3]], "name": "circuit-755147", "global_phase": 0.0, "metadata": {}}, "data": {"counts": {"0x0": 532, "0x1": 559, "0x2": 554, "0x3": 491, "0x4": 625, "0x5": 331, "0x6": 435, "0x7": 569}, "snapshots": null, "memory": null, "statevector": null, "unitary": null}}, {"shots": 4096, "success": true, "status": null, "seed": null, "meas_level": 2, "meas_return": null, "header": {"qubit_labels": [["q", 0], ["q", 1], ["q", 2], ["q", 3], ["q", 4]], "n_qubits": 5, "qreg_sizes": [["q", 5]], "clbit_labels": [["c", 0], ["c", 1], ["c", 2]], "memory_slots": 3, "creg_sizes": [["c", 3]], "name": "circuit-755148", "global_phase": 0.0, "metadata": {}}, "data": {"counts": {"0x0": 2521, "0x1": 310, "0x2": 430, "0x3": 100, "0x4": 441, "0x5": 168, "0x6": 93, "0x7": 33}, "snapshots": null, "memory": null, "statevector": null, "unitary": null}}, {"shots": 4096, "success": true, "status": null, "seed": null, "meas_level": 2, "meas_return": null, "header": {"qubit_labels": [["q", 0], ["q", 1], ["q", 2], ["q", 3], ["q", 4]], "n_qubits": 5, "qreg_sizes": [["q", 5]], "clbit_labels": [["c", 0], ["c", 1], ["c", 2]], "memory_slots": 3, "creg_sizes": [["c", 3]], "name": "circuit-756074", "global_phase": 0.0, "metadata": {}}, "data": {"counts": {"0x0": 329, "0x1": 804, "0x2": 779, "0x3": 388, "0x4": 369, "0x5": 303, "0x6": 302, "0x7": 822}, "snapshots": null, "memory": null, "statevector": null, "unitary": null}}, {"shots": 4096, "success": true, "status": null, "seed": null, "meas_level": 2, "meas_return": null, "header": {"qubit_labels": [["q", 0], ["q", 1], ["q", 2], ["q", 3], ["q", 4]], "n_qubits": 5, "qreg_sizes": [["q", 5]], "clbit_labels": [["c", 0], ["c", 1], ["c", 2]], "memory_slots": 3, "creg_sizes": [["c", 3]], "name": "circuit-756075", "global_phase": 0.0, "metadata": {}}, "data": {"counts": {"0x0": 2381, "0x1": 379, "0x2": 459, "0x3": 94, "0x4": 442, "0x5": 200, "0x6": 87, "0x7": 54}, "snapshots": null, "memory": null, "statevector": null, "unitary": null}}, {"shots": 4096, "success": true, "status": null, "seed": null, "meas_level": 2, "meas_return": null, "header": {"qubit_labels": [["q", 0], ["q", 1], ["q", 2], ["q", 3], ["q", 4]], "n_qubits": 5, "qreg_sizes": [["q", 5]], "clbit_labels": [["c", 0], ["c", 1], ["c", 2]], "memory_slots": 3, "creg_sizes": [["c", 3]], "name": "circuit-757157", "global_phase": 0.0, "metadata": {}}, "data": {"counts": {"0x0": 321, "0x1": 722, "0x2": 797, "0x3": 482, "0x4": 411, "0x5": 349, "0x6": 267, "0x7": 747}, "snapshots": null, "memory": null, "statevector": null, "unitary": null}}, {"shots": 4096, "success": true, "status": null, "seed": null, "meas_level": 2, "meas_return": null, "header": {"qubit_labels": [["q", 0], ["q", 1], ["q", 2], ["q", 3], ["q", 4]], "n_qubits": 5, "qreg_sizes": [["q", 5]], "clbit_labels": [["c", 0], ["c", 1], ["c", 2]], "memory_slots": 3, "creg_sizes": [["c", 3]], "name": "circuit-757158", "global_phase": 0.0, "metadata": {}}, "data": {"counts": {"0x0": 2203, "0x1": 335, "0x2": 549, "0x3": 91, "0x4": 411, "0x5": 304, "0x6": 109, "0x7": 94}, "snapshots": null, "memory": null, "statevector": null, "unitary": null}}, {"shots": 4096, "success": true, "status": null, "seed": null, "meas_level": 2, "meas_return": null, "header": {"qubit_labels": [["q", 0], ["q", 1], ["q", 2], ["q", 3], ["q", 4]], "n_qubits": 5, "qreg_sizes": [["q", 5]], "clbit_labels": [["c", 0], ["c", 1], ["c", 2]], "memory_slots": 3, "creg_sizes": [["c", 3]], "name": "circuit-758386", "global_phase": 0.0, "metadata": {}}, "data": {"counts": {"0x0": 356, "0x1": 575, "0x2": 466, "0x3": 379, "0x4": 802, "0x5": 367, "0x6": 419, "0x7": 732}, "snapshots": null, "memory": null, "statevector": null, "unitary": null}}, {"shots": 4096, "success": true, "status": null, "seed": null, "meas_level": 2, "meas_return": null, "header": {"qubit_labels": [["q", 0], ["q", 1], ["q", 2], ["q", 3], ["q", 4]], "n_qubits": 5, "qreg_sizes": [["q", 5]], "clbit_labels": [["c", 0], ["c", 1], ["c", 2]], "memory_slots": 3, "creg_sizes": [["c", 3]], "name": "circuit-758387", "global_phase": 0.0, "metadata": {}}, "data": {"counts": {"0x0": 2026, "0x1": 453, "0x2": 457, "0x3": 124, "0x4": 496, "0x5": 322, "0x6": 117, "0x7": 101}, "snapshots": null, "memory": null, "statevector": null, "unitary": null}}, {"shots": 4096, "success": true, "status": null, "seed": null, "meas_level": 2, "meas_return": null, "header": {"qubit_labels": [["q", 0], ["q", 1], ["q", 2], ["q", 3], ["q", 4]], "n_qubits": 5, "qreg_sizes": [["q", 5]], "clbit_labels": [["c", 0], ["c", 1], ["c", 2]], "memory_slots": 3, "creg_sizes": [["c", 3]], "name": "circuit-759716", "global_phase": 0.0, "metadata": {}}, "data": {"counts": {"0x0": 373, "0x1": 700, "0x2": 585, "0x3": 503, "0x4": 560, "0x5": 354, "0x6": 305, "0x7": 716}, "snapshots": null, "memory": null, "statevector": null, "unitary": null}}, {"shots": 4096, "success": true, "status": null, "seed": null, "meas_level": 2, "meas_return": null, "header": {"qubit_labels": [["q", 0], ["q", 1], ["q", 2], ["q", 3], ["q", 4]], "n_qubits": 5, "qreg_sizes": [["q", 5]], "clbit_labels": [["c", 0], ["c", 1], ["c", 2]], "memory_slots": 3, "creg_sizes": [["c", 3]], "name": "circuit-759717", "global_phase": 0.0, "metadata": {}}, "data": {"counts": {"0x0": 1831, "0x1": 507, "0x2": 569, "0x3": 288, "0x4": 349, "0x5": 286, "0x6": 114, "0x7": 152}, "snapshots": null, "memory": null, "statevector": null, "unitary": null}}, {"shots": 4096, "success": true, "status": null, "seed": null, "meas_level": 2, "meas_return": null, "header": {"qubit_labels": [["q", 0], ["q", 1], ["q", 2], ["q", 3], ["q", 4]], "n_qubits": 5, "qreg_sizes": [["q", 5]], "clbit_labels": [["c", 0], ["c", 1], ["c", 2]], "memory_slots": 3, "creg_sizes": [["c", 3]], "name": "circuit-761227", "global_phase": 0.0, "metadata": {}}, "data": {"counts": {"0x0": 418, "0x1": 632, "0x2": 547, "0x3": 608, "0x4": 554, "0x5": 586, "0x6": 260, "0x7": 491}, "snapshots": null, "memory": null, "statevector": null, "unitary": null}}, {"shots": 4096, "success": true, "status": null, "seed": null, "meas_level": 2, "meas_return": null, "header": {"qubit_labels": [["q", 0], ["q", 1], ["q", 2], ["q", 3], ["q", 4]], "n_qubits": 5, "qreg_sizes": [["q", 5]], "clbit_labels": [["c", 0], ["c", 1], ["c", 2]], "memory_slots": 3, "creg_sizes": [["c", 3]], "name": "circuit-761228", "global_phase": 0.0, "metadata": {}}, "data": {"counts": {"0x0": 1653, "0x1": 432, "0x2": 674, "0x3": 416, "0x4": 289, "0x5": 300, "0x6": 125, "0x7": 207}, "snapshots": null, "memory": null, "statevector": null, "unitary": null}}, {"shots": 4096, "success": true, "status": null, "seed": null, "meas_level": 2, "meas_return": null, "header": {"qubit_labels": [["q", 0], ["q", 1], ["q", 2], ["q", 3], ["q", 4]], "n_qubits": 5, "qreg_sizes": [["q", 5]], "clbit_labels": [["c", 0], ["c", 1], ["c", 2]], "memory_slots": 3, "creg_sizes": [["c", 3]], "name": "circuit-762849", "global_phase": 0.0, "metadata": {}}, "data": {"counts": {"0x0": 497, "0x1": 517, "0x2": 399, "0x3": 539, "0x4": 458, "0x5": 469, "0x6": 677, "0x7": 540}, "snapshots": null, "memory": null, "statevector": null, "unitary": null}}, {"shots": 4096, "success": true, "status": null, "seed": null, "meas_level": 2, "meas_return": null, "header": {"qubit_labels": [["q", 0], ["q", 1], ["q", 2], ["q", 3], ["q", 4]], "n_qubits": 5, "qreg_sizes": [["q", 5]], "clbit_labels": [["c", 0], ["c", 1], ["c", 2]], "memory_slots": 3, "creg_sizes": [["c", 3]], "name": "circuit-762850", "global_phase": 0.0, "metadata": {}}, "data": {"counts": {"0x0": 1548, "0x1": 853, "0x2": 609, "0x3": 255, "0x4": 302, "0x5": 269, "0x6": 107, "0x7": 153}, "snapshots": null, "memory": null, "statevector": null, "unitary": null}}, {"shots": 4096, "success": true, "status": null, "seed": null, "meas_level": 2, "meas_return": null, "header": {"qubit_labels": [["q", 0], ["q", 1], ["q", 2], ["q", 3], ["q", 4]], "n_qubits": 5, "qreg_sizes": [["q", 5]], "clbit_labels": [["c", 0], ["c", 1], ["c", 2]], "memory_slots": 3, "creg_sizes": [["c", 3]], "name": "circuit-764603", "global_phase": 0.0, "metadata": {}}, "data": {"counts": {"0x0": 483, "0x1": 454, "0x2": 513, "0x3": 505, "0x4": 584, "0x5": 431, "0x6": 438, "0x7": 688}, "snapshots": null, "memory": null, "statevector": null, "unitary": null}}, {"shots": 4096, "success": true, "status": null, "seed": null, "meas_level": 2, "meas_return": null, "header": {"qubit_labels": [["q", 0], ["q", 1], ["q", 2], ["q", 3], ["q", 4]], "n_qubits": 5, "qreg_sizes": [["q", 5]], "clbit_labels": [["c", 0], ["c", 1], ["c", 2]], "memory_slots": 3, "creg_sizes": [["c", 3]], "name": "circuit-764604", "global_phase": 0.0, "metadata": {}}, "data": {"counts": {"0x0": 1557, "0x1": 482, "0x2": 799, "0x3": 363, "0x4": 329, "0x5": 221, "0x6": 158, "0x7": 187}, "snapshots": null, "memory": null, "statevector": null, "unitary": null}}, {"shots": 4096, "success": true, "status": null, "seed": null, "meas_level": 2, "meas_return": null, "header": {"qubit_labels": [["q", 0], ["q", 1], ["q", 2], ["q", 3], ["q", 4]], "n_qubits": 5, "qreg_sizes": [["q", 5]], "clbit_labels": [["c", 0], ["c", 1], ["c", 2]], "memory_slots": 3, "creg_sizes": [["c", 3]], "name": "circuit-766509", "global_phase": 0.0, "metadata": {}}, "data": {"counts": {"0x0": 501, "0x1": 433, "0x2": 457, "0x3": 490, "0x4": 575, "0x5": 526, "0x6": 519, "0x7": 595}, "snapshots": null, "memory": null, "statevector": null, "unitary": null}}, {"shots": 4096, "success": true, "status": null, "seed": null, "meas_level": 2, "meas_return": null, "header": {"qubit_labels": [["q", 0], ["q", 1], ["q", 2], ["q", 3], ["q", 4]], "n_qubits": 5, "qreg_sizes": [["q", 5]], "clbit_labels": [["c", 0], ["c", 1], ["c", 2]], "memory_slots": 3, "creg_sizes": [["c", 3]], "name": "circuit-766510", "global_phase": 0.0, "metadata": {}}, "data": {"counts": {"0x0": 995, "0x1": 626, "0x2": 571, "0x3": 927, "0x4": 235, "0x5": 277, "0x6": 172, "0x7": 293}, "snapshots": null, "memory": null, "statevector": null, "unitary": null}}, {"shots": 4096, "success": true, "status": null, "seed": null, "meas_level": 2, "meas_return": null, "header": {"qubit_labels": [["q", 0], ["q", 1], ["q", 2], ["q", 3], ["q", 4]], "n_qubits": 5, "qreg_sizes": [["q", 5]], "clbit_labels": [["c", 0], ["c", 1], ["c", 2]], "memory_slots": 3, "creg_sizes": [["c", 3]], "name": "circuit-768546", "global_phase": 0.0, "metadata": {}}, "data": {"counts": {"0x0": 379, "0x1": 483, "0x2": 424, "0x3": 495, "0x4": 329, "0x5": 555, "0x6": 953, "0x7": 478}, "snapshots": null, "memory": null, "statevector": null, "unitary": null}}, {"shots": 4096, "success": true, "status": null, "seed": null, "meas_level": 2, "meas_return": null, "header": {"qubit_labels": [["q", 0], ["q", 1], ["q", 2], ["q", 3], ["q", 4]], "n_qubits": 5, "qreg_sizes": [["q", 5]], "clbit_labels": [["c", 0], ["c", 1], ["c", 2]], "memory_slots": 3, "creg_sizes": [["c", 3]], "name": "circuit-768547", "global_phase": 0.0, "metadata": {}}, "data": {"counts": {"0x0": 1503, "0x1": 531, "0x2": 605, "0x3": 377, "0x4": 361, "0x5": 314, "0x6": 153, "0x7": 252}, "snapshots": null, "memory": null, "statevector": null, "unitary": null}}, {"shots": 4096, "success": true, "status": null, "seed": null, "meas_level": 2, "meas_return": null, "header": {"qubit_labels": [["q", 0], ["q", 1], ["q", 2], ["q", 3], ["q", 4]], "n_qubits": 5, "qreg_sizes": [["q", 5]], "clbit_labels": [["c", 0], ["c", 1], ["c", 2]], "memory_slots": 3, "creg_sizes": [["c", 3]], "name": "circuit-770784", "global_phase": 0.0, "metadata": {}}, "data": {"counts": {"0x0": 399, "0x1": 507, "0x2": 368, "0x3": 612, "0x4": 395, "0x5": 770, "0x6": 555, "0x7": 490}, "snapshots": null, "memory": null, "statevector": null, "unitary": null}}, {"shots": 4096, "success": true, "status": null, "seed": null, "meas_level": 2, "meas_return": null, "header": {"qubit_labels": [["q", 0], ["q", 1], ["q", 2], ["q", 3], ["q", 4]], "n_qubits": 5, "qreg_sizes": [["q", 5]], "clbit_labels": [["c", 0], ["c", 1], ["c", 2]], "memory_slots": 3, "creg_sizes": [["c", 3]], "name": "circuit-770785", "global_phase": 0.0, "metadata": {}}, "data": {"counts": {"0x0": 1189, "0x1": 639, "0x2": 682, "0x3": 603, "0x4": 309, "0x5": 267, "0x6": 164, "0x7": 243}, "snapshots": null, "memory": null, "statevector": null, "unitary": null}}, {"shots": 4096, "success": true, "status": null, "seed": null, "meas_level": 2, "meas_return": null, "header": {"qubit_labels": [["q", 0], ["q", 1], ["q", 2], ["q", 3], ["q", 4]], "n_qubits": 5, "qreg_sizes": [["q", 5]], "clbit_labels": [["c", 0], ["c", 1], ["c", 2]], "memory_slots": 3, "creg_sizes": [["c", 3]], "name": "circuit-773109", "global_phase": 0.0, "metadata": {}}, "data": {"counts": {"0x0": 404, "0x1": 485, "0x2": 389, "0x3": 548, "0x4": 430, "0x5": 604, "0x6": 562, "0x7": 674}, "snapshots": null, "memory": null, "statevector": null, "unitary": null}}, {"shots": 4096, "success": true, "status": null, "seed": null, "meas_level": 2, "meas_return": null, "header": {"qubit_labels": [["q", 0], ["q", 1], ["q", 2], ["q", 3], ["q", 4]], "n_qubits": 5, "qreg_sizes": [["q", 5]], "clbit_labels": [["c", 0], ["c", 1], ["c", 2]], "memory_slots": 3, "creg_sizes": [["c", 3]], "name": "circuit-773110", "global_phase": 0.0, "metadata": {}}, "data": {"counts": {"0x0": 1391, "0x1": 615, "0x2": 484, "0x3": 182, "0x4": 633, "0x5": 418, "0x6": 220, "0x7": 153}, "snapshots": null, "memory": null, "statevector": null, "unitary": null}}, {"shots": 4096, "success": true, "status": null, "seed": null, "meas_level": 2, "meas_return": null, "header": {"qubit_labels": [["q", 0], ["q", 1], ["q", 2], ["q", 3], ["q", 4]], "n_qubits": 5, "qreg_sizes": [["q", 5]], "clbit_labels": [["c", 0], ["c", 1], ["c", 2]], "memory_slots": 3, "creg_sizes": [["c", 3]], "name": "circuit-775608", "global_phase": 0.0, "metadata": {}}, "data": {"counts": {"0x0": 577, "0x1": 442, "0x2": 455, "0x3": 586, "0x4": 419, "0x5": 536, "0x6": 685, "0x7": 396}, "snapshots": null, "memory": null, "statevector": null, "unitary": null}}, {"shots": 4096, "success": true, "status": null, "seed": null, "meas_level": 2, "meas_return": null, "header": {"qubit_labels": [["q", 0], ["q", 1], ["q", 2], ["q", 3], ["q", 4]], "n_qubits": 5, "qreg_sizes": [["q", 5]], "clbit_labels": [["c", 0], ["c", 1], ["c", 2]], "memory_slots": 3, "creg_sizes": [["c", 3]], "name": "circuit-775609", "global_phase": 0.0, "metadata": {}}, "data": {"counts": {"0x0": 1221, "0x1": 623, "0x2": 518, "0x3": 262, "0x4": 560, "0x5": 492, "0x6": 225, "0x7": 195}, "snapshots": null, "memory": null, "statevector": null, "unitary": null}}, {"shots": 4096, "success": true, "status": null, "seed": null, "meas_level": 2, "meas_return": null, "header": {"qubit_labels": [["q", 0], ["q", 1], ["q", 2], ["q", 3], ["q", 4]], "n_qubits": 5, "qreg_sizes": [["q", 5]], "clbit_labels": [["c", 0], ["c", 1], ["c", 2]], "memory_slots": 3, "creg_sizes": [["c", 3]], "name": "circuit-778247", "global_phase": 0.0, "metadata": {}}, "data": {"counts": {"0x0": 576, "0x1": 568, "0x2": 394, "0x3": 683, "0x4": 322, "0x5": 598, "0x6": 334, "0x7": 621}, "snapshots": null, "memory": null, "statevector": null, "unitary": null}}, {"shots": 4096, "success": true, "status": null, "seed": null, "meas_level": 2, "meas_return": null, "header": {"qubit_labels": [["q", 0], ["q", 1], ["q", 2], ["q", 3], ["q", 4]], "n_qubits": 5, "qreg_sizes": [["q", 5]], "clbit_labels": [["c", 0], ["c", 1], ["c", 2]], "memory_slots": 3, "creg_sizes": [["c", 3]], "name": "circuit-778248", "global_phase": 0.0, "metadata": {}}, "data": {"counts": {"0x0": 1079, "0x1": 559, "0x2": 574, "0x3": 310, "0x4": 585, "0x5": 474, "0x6": 275, "0x7": 240}, "snapshots": null, "memory": null, "statevector": null, "unitary": null}}, {"shots": 4096, "success": true, "status": null, "seed": null, "meas_level": 2, "meas_return": null, "header": {"qubit_labels": [["q", 0], ["q", 1], ["q", 2], ["q", 3], ["q", 4]], "n_qubits": 5, "qreg_sizes": [["q", 5]], "clbit_labels": [["c", 0], ["c", 1], ["c", 2]], "memory_slots": 3, "creg_sizes": [["c", 3]], "name": "circuit-781075", "global_phase": 0.0, "metadata": {}}, "data": {"counts": {"0x0": 500, "0x1": 529, "0x2": 568, "0x3": 585, "0x4": 494, "0x5": 558, "0x6": 369, "0x7": 493}, "snapshots": null, "memory": null, "statevector": null, "unitary": null}}, {"shots": 4096, "success": true, "status": null, "seed": null, "meas_level": 2, "meas_return": null, "header": {"qubit_labels": [["q", 0], ["q", 1], ["q", 2], ["q", 3], ["q", 4]], "n_qubits": 5, "qreg_sizes": [["q", 5]], "clbit_labels": [["c", 0], ["c", 1], ["c", 2]], "memory_slots": 3, "creg_sizes": [["c", 3]], "name": "circuit-781076", "global_phase": 0.0, "metadata": {}}, "data": {"counts": {"0x0": 1360, "0x1": 511, "0x2": 581, "0x3": 232, "0x4": 587, "0x5": 408, "0x6": 264, "0x7": 153}, "snapshots": null, "memory": null, "statevector": null, "unitary": null}}, {"shots": 4096, "success": true, "status": null, "seed": null, "meas_level": 2, "meas_return": null, "header": {"qubit_labels": [["q", 0], ["q", 1], ["q", 2], ["q", 3], ["q", 4]], "n_qubits": 5, "qreg_sizes": [["q", 5]], "clbit_labels": [["c", 0], ["c", 1], ["c", 2]], "memory_slots": 3, "creg_sizes": [["c", 3]], "name": "circuit-784021", "global_phase": 0.0, "metadata": {}}, "data": {"counts": {"0x0": 474, "0x1": 547, "0x2": 517, "0x3": 553, "0x4": 398, "0x5": 688, "0x6": 481, "0x7": 438}, "snapshots": null, "memory": null, "statevector": null, "unitary": null}}, {"shots": 4096, "success": true, "status": null, "seed": null, "meas_level": 2, "meas_return": null, "header": {"qubit_labels": [["q", 0], ["q", 1], ["q", 2], ["q", 3], ["q", 4]], "n_qubits": 5, "qreg_sizes": [["q", 5]], "clbit_labels": [["c", 0], ["c", 1], ["c", 2]], "memory_slots": 3, "creg_sizes": [["c", 3]], "name": "circuit-784022", "global_phase": 0.0, "metadata": {}}, "data": {"counts": {"0x0": 1289, "0x1": 535, "0x2": 615, "0x3": 210, "0x4": 540, "0x5": 413, "0x6": 294, "0x7": 200}, "snapshots": null, "memory": null, "statevector": null, "unitary": null}}], "error": null}