{"backend_name": "ibmq_manila", "backend_version": "1.0.35", "qobj_id": "e4d57c3c-faa9-4cb2-ac8d-b12572e988b5", "job_id": "62e84c4122b5f524ba5685c5", "date": "2022-08-01T22:26:21Z", "success": true, "status": "Successful completion", "execution_id": "a9785aea-11e8-11ed-be18-bc97e15b08d0", "time_taken": 132.17859888076782, "header": {"backend_name": "ibmq_manila", "backend_version": "1.0.35"}, "results": [{"shots": 4096, "success": true, "status": null, "seed": null, "meas_level": 2, "meas_return": null, "header": {"qubit_labels": [["q", 0], ["q", 1], ["q", 2], ["q", 3], ["q", 4]], "n_qubits": 5, "qreg_sizes": [["q", 5]], "clbit_labels": [["c", 0], ["c", 1], ["c", 2]], "memory_slots": 3, "creg_sizes": [["c", 3]], "name": "circuit-2795396", "global_phase": 0.0, "metadata": {}}, "data": {"counts": {"0x0": 976, "0x1": 209, "0x2": 297, "0x3": 686, "0x4": 274, "0x5": 773, "0x6": 761, "0x7": 120}, "snapshots": null, "memory": null, "statevector": null, "unitary": null}}, {"shots": 4096, "success": true, "status": null, "seed": null, "meas_level": 2, "meas_return": null, "header": {"qubit_labels": [["q", 0], ["q", 1], ["q", 2], ["q", 3], ["q", 4]], "n_qubits": 5, "qreg_sizes": [["q", 5]], "clbit_labels": [["c", 0], ["c", 1], ["c", 2]], "memory_slots": 3, "creg_sizes": [["c", 3]], "name": "circuit-2795397", "global_phase": 0.0, "metadata": {}}, "data": {"counts": {"0x0": 3557, "0x1": 172, "0x2": 79, "0x3": 6, "0x4": 179, "0x5": 93, "0x6": 2, "0x7": 8}, "snapshots": null, "memory": null, "statevector": null, "unitary": null}}, {"shots": 4096, "success": true, "status": null, "seed": null, "meas_level": 2, "meas_return": null, "header": {"qubit_labels": [["q", 0], ["q", 1], ["q", 2], ["q", 3], ["q", 4]], "n_qubits": 5, "qreg_sizes": [["q", 5]], "clbit_labels": [["c", 0], ["c", 1], ["c", 2]], "memory_slots": 3, "creg_sizes": [["c", 3]], "name": "circuit-2795736", "global_phase": 0.0, "metadata": {}}, "data": {"counts": {"0x0": 872, "0x1": 346, "0x2": 371, "0x3": 556, "0x4": 344, "0x5": 697, "0x6": 701, "0x7": 209}, "snapshots": null, "memory": null, "statevector": null, "unitary": null}}, {"shots": 4096, "success": true, "status": null, "seed": null, "meas_level": 2, "meas_return": null, "header": {"qubit_labels": [["q", 0], ["q", 1], ["q", 2], ["q", 3], ["q", 4]], "n_qubits": 5, "qreg_sizes": [["q", 5]], "clbit_labels": [["c", 0], ["c", 1], ["c", 2]], "memory_slots": 3, "creg_sizes": [["c", 3]], "name": "circuit-2795737", "global_phase": 0.0, "metadata": {}}, "data": {"counts": {"0x0": 3336, "0x1": 260, "0x2": 121, "0x3": 13, "0x4": 245, "0x5": 104, "0x6": 13, "0x7": 4}, "snapshots": null, "memory": null, "statevector": null, "unitary": null}}, {"shots": 4096, "success": true, "status": null, "seed": null, "meas_level": 2, "meas_return": null, "header": {"qubit_labels": [["q", 0], ["q", 1], ["q", 2], ["q", 3], ["q", 4]], "n_qubits": 5, "qreg_sizes": [["q", 5]], "clbit_labels": [["c", 0], ["c", 1], ["c", 2]], "memory_slots": 3, "creg_sizes": [["c", 3]], "name": "circuit-2796225", "global_phase": 0.0, "metadata": {}}, "data": {"counts": {"0x0": 739, "0x1": 372, "0x2": 462, "0x3": 538, "0x4": 480, "0x5": 541, "0x6": 581, "0x7": 383}, "snapshots": null, "memory": null, "statevector": null, "unitary": null}}, {"shots": 4096, "success": true, "status": null, "seed": null, "meas_level": 2, "meas_return": null, "header": {"qubit_labels": [["q", 0], ["q", 1], ["q", 2], ["q", 3], ["q", 4]], "n_qubits": 5, "qreg_sizes": [["q", 5]], "clbit_labels": [["c", 0], ["c", 1], ["c", 2]], "memory_slots": 3, "creg_sizes": [["c", 3]], "name": "circuit-2796226", "global_phase": 0.0, "metadata": {}}, "data": {"counts": {"0x0": 3039, "0x1": 343, "0x2": 183, "0x3": 18, "0x4": 325, "0x5": 167, "0x6": 12, "0x7": 9}, "snapshots": null, "memory": null, "statevector": null, "unitary": null}}, {"shots": 4096, "success": true, "status": null, "seed": null, "meas_level": 2, "meas_return": null, "header": {"qubit_labels": [["q", 0], ["q", 1], ["q", 2], ["q", 3], ["q", 4]], "n_qubits": 5, "qreg_sizes": [["q", 5]], "clbit_labels": [["c", 0], ["c", 1], ["c", 2]], "memory_slots": 3, "creg_sizes": [["c", 3]], "name": "circuit-2796820", "global_phase": 0.0, "metadata": {}}, "data": {"counts": {"0x0": 594, "0x1": 510, "0x2": 530, "0x3": 412, "0x4": 530, "0x5": 491, "0x6": 569, "0x7": 460}, "snapshots": null, "memory": null, "statevector": null, "unitary": null}}, {"shots": 4096, "success": true, "status": null, "seed": null, "meas_level": 2, "meas_return": null, "header": {"qubit_labels": [["q", 0], ["q", 1], ["q", 2], ["q", 3], ["q", 4]], "n_qubits": 5, "qreg_sizes": [["q", 5]], "clbit_labels": [["c", 0], ["c", 1], ["c", 2]], "memory_slots": 3, "creg_sizes": [["c", 3]], "name": "circuit-2796821", "global_phase": 0.0, "metadata": {}}, "data": {"counts": {"0x0": 2843, "0x1": 474, "0x2": 156, "0x3": 21, "0x4": 388, "0x5": 184, "0x6": 18, "0x7": 12}, "snapshots": null, "memory": null, "statevector": null, "unitary": null}}, {"shots": 4096, "success": true, "status": null, "seed": null, "meas_level": 2, "meas_return": null, "header": {"qubit_labels": [["q", 0], ["q", 1], ["q", 2], ["q", 3], ["q", 4]], "n_qubits": 5, "qreg_sizes": [["q", 5]], "clbit_labels": [["c", 0], ["c", 1], ["c", 2]], "memory_slots": 3, "creg_sizes": [["c", 3]], "name": "circuit-2797586", "global_phase": 0.0, "metadata": {}}, "data": {"counts": {"0x0": 629, "0x1": 608, "0x2": 583, "0x3": 328, "0x4": 757, "0x5": 419, "0x6": 301, "0x7": 471}, "snapshots": null, "memory": null, "statevector": null, "unitary": null}}, {"shots": 4096, "success": true, "status": null, "seed": null, "meas_level": 2, "meas_return": null, "header": {"qubit_labels": [["q", 0], ["q", 1], ["q", 2], ["q", 3], ["q", 4]], "n_qubits": 5, "qreg_sizes": [["q", 5]], "clbit_labels": [["c", 0], ["c", 1], ["c", 2]], "memory_slots": 3, "creg_sizes": [["c", 3]], "name": "circuit-2797587", "global_phase": 0.0, "metadata": {}}, "data": {"counts": {"0x0": 2410, "0x1": 585, "0x2": 258, "0x3": 59, "0x4": 458, "0x5": 251, "0x6": 51, "0x7": 24}, "snapshots": null, "memory": null, "statevector": null, "unitary": null}}, {"shots": 4096, "success": true, "status": null, "seed": null, "meas_level": 2, "meas_return": null, "header": {"qubit_labels": [["q", 0], ["q", 1], ["q", 2], ["q", 3], ["q", 4]], "n_qubits": 5, "qreg_sizes": [["q", 5]], "clbit_labels": [["c", 0], ["c", 1], ["c", 2]], "memory_slots": 3, "creg_sizes": [["c", 3]], "name": "circuit-2798501", "global_phase": 0.0, "metadata": {}}, "data": {"counts": {"0x0": 527, "0x1": 611, "0x2": 624, "0x3": 323, "0x4": 807, "0x5": 354, "0x6": 348, "0x7": 502}, "snapshots": null, "memory": null, "statevector": null, "unitary": null}}, {"shots": 4096, "success": true, "status": null, "seed": null, "meas_level": 2, "meas_return": null, "header": {"qubit_labels": [["q", 0], ["q", 1], ["q", 2], ["q", 3], ["q", 4]], "n_qubits": 5, "qreg_sizes": [["q", 5]], "clbit_labels": [["c", 0], ["c", 1], ["c", 2]], "memory_slots": 3, "creg_sizes": [["c", 3]], "name": "circuit-2798502", "global_phase": 0.0, "metadata": {}}, "data": {"counts": {"0x0": 2395, "0x1": 546, "0x2": 193, "0x3": 49, "0x4": 538, "0x5": 309, "0x6": 40, "0x7": 26}, "snapshots": null, "memory": null, "statevector": null, "unitary": null}}, {"shots": 4096, "success": true, "status": null, "seed": null, "meas_level": 2, "meas_return": null, "header": {"qubit_labels": [["q", 0], ["q", 1], ["q", 2], ["q", 3], ["q", 4]], "n_qubits": 5, "qreg_sizes": [["q", 5]], "clbit_labels": [["c", 0], ["c", 1], ["c", 2]], "memory_slots": 3, "creg_sizes": [["c", 3]], "name": "circuit-2799568", "global_phase": 0.0, "metadata": {}}, "data": {"counts": {"0x0": 496, "0x1": 663, "0x2": 693, "0x3": 337, "0x4": 733, "0x5": 334, "0x6": 383, "0x7": 457}, "snapshots": null, "memory": null, "statevector": null, "unitary": null}}, {"shots": 4096, "success": true, "status": null, "seed": null, "meas_level": 2, "meas_return": null, "header": {"qubit_labels": [["q", 0], ["q", 1], ["q", 2], ["q", 3], ["q", 4]], "n_qubits": 5, "qreg_sizes": [["q", 5]], "clbit_labels": [["c", 0], ["c", 1], ["c", 2]], "memory_slots": 3, "creg_sizes": [["c", 3]], "name": "circuit-2799569", "global_phase": 0.0, "metadata": {}}, "data": {"counts": {"0x0": 2131, "0x1": 607, "0x2": 251, "0x3": 67, "0x4": 615, "0x5": 321, "0x6": 71, "0x7": 33}, "snapshots": null, "memory": null, "statevector": null, "unitary": null}}, {"shots": 4096, "success": true, "status": null, "seed": null, "meas_level": 2, "meas_return": null, "header": {"qubit_labels": [["q", 0], ["q", 1], ["q", 2], ["q", 3], ["q", 4]], "n_qubits": 5, "qreg_sizes": [["q", 5]], "clbit_labels": [["c", 0], ["c", 1], ["c", 2]], "memory_slots": 3, "creg_sizes": [["c", 3]], "name": "circuit-2800769", "global_phase": 0.0, "metadata": {}}, "data": {"counts": {"0x0": 537, "0x1": 706, "0x2": 604, "0x3": 341, "0x4": 628, "0x5": 377, "0x6": 434, "0x7": 469}, "snapshots": null, "memory": null, "statevector": null, "unitary": null}}, {"shots": 4096, "success": true, "status": null, "seed": null, "meas_level": 2, "meas_return": null, "header": {"qubit_labels": [["q", 0], ["q", 1], ["q", 2], ["q", 3], ["q", 4]], "n_qubits": 5, "qreg_sizes": [["q", 5]], "clbit_labels": [["c", 0], ["c", 1], ["c", 2]], "memory_slots": 3, "creg_sizes": [["c", 3]], "name": "circuit-2800770", "global_phase": 0.0, "metadata": {}}, "data": {"counts": {"0x0": 2044, "0x1": 642, "0x2": 232, "0x3": 69, "0x4": 655, "0x5": 323, "0x6": 86, "0x7": 45}, "snapshots": null, "memory": null, "statevector": null, "unitary": null}}, {"shots": 4096, "success": true, "status": null, "seed": null, "meas_level": 2, "meas_return": null, "header": {"qubit_labels": [["q", 0], ["q", 1], ["q", 2], ["q", 3], ["q", 4]], "n_qubits": 5, "qreg_sizes": [["q", 5]], "clbit_labels": [["c", 0], ["c", 1], ["c", 2]], "memory_slots": 3, "creg_sizes": [["c", 3]], "name": "circuit-2802137", "global_phase": 0.0, "metadata": {}}, "data": {"counts": {"0x0": 543, "0x1": 633, "0x2": 694, "0x3": 371, "0x4": 624, "0x5": 366, "0x6": 388, "0x7": 477}, "snapshots": null, "memory": null, "statevector": null, "unitary": null}}, {"shots": 4096, "success": true, "status": null, "seed": null, "meas_level": 2, "meas_return": null, "header": {"qubit_labels": [["q", 0], ["q", 1], ["q", 2], ["q", 3], ["q", 4]], "n_qubits": 5, "qreg_sizes": [["q", 5]], "clbit_labels": [["c", 0], ["c", 1], ["c", 2]], "memory_slots": 3, "creg_sizes": [["c", 3]], "name": "circuit-2802138", "global_phase": 0.0, "metadata": {}}, "data": {"counts": {"0x0": 1736, "0x1": 596, "0x2": 427, "0x3": 118, "0x4": 632, "0x5": 367, "0x6": 140, "0x7": 80}, "snapshots": null, "memory": null, "statevector": null, "unitary": null}}, {"shots": 4096, "success": true, "status": null, "seed": null, "meas_level": 2, "meas_return": null, "header": {"qubit_labels": [["q", 0], ["q", 1], ["q", 2], ["q", 3], ["q", 4]], "n_qubits": 5, "qreg_sizes": [["q", 5]], "clbit_labels": [["c", 0], ["c", 1], ["c", 2]], "memory_slots": 3, "creg_sizes": [["c", 3]], "name": "circuit-2803625", "global_phase": 0.0, "metadata": {}}, "data": {"counts": {"0x0": 542, "0x1": 467, "0x2": 553, "0x3": 488, "0x4": 639, "0x5": 479, "0x6": 534, "0x7": 394}, "snapshots": null, "memory": null, "statevector": null, "unitary": null}}, {"shots": 4096, "success": true, "status": null, "seed": null, "meas_level": 2, "meas_return": null, "header": {"qubit_labels": [["q", 0], ["q", 1], ["q", 2], ["q", 3], ["q", 4]], "n_qubits": 5, "qreg_sizes": [["q", 5]], "clbit_labels": [["c", 0], ["c", 1], ["c", 2]], "memory_slots": 3, "creg_sizes": [["c", 3]], "name": "circuit-2803626", "global_phase": 0.0, "metadata": {}}, "data": {"counts": {"0x0": 1658, "0x1": 688, "0x2": 317, "0x3": 122, "0x4": 695, "0x5": 400, "0x6": 125, "0x7": 91}, "snapshots": null, "memory": null, "statevector": null, "unitary": null}}, {"shots": 4096, "success": true, "status": null, "seed": null, "meas_level": 2, "meas_return": null, "header": {"qubit_labels": [["q", 0], ["q", 1], ["q", 2], ["q", 3], ["q", 4]], "n_qubits": 5, "qreg_sizes": [["q", 5]], "clbit_labels": [["c", 0], ["c", 1], ["c", 2]], "memory_slots": 3, "creg_sizes": [["c", 3]], "name": "circuit-2805201", "global_phase": 0.0, "metadata": {}}, "data": {"counts": {"0x0": 596, "0x1": 546, "0x2": 495, "0x3": 420, "0x4": 582, "0x5": 503, "0x6": 530, "0x7": 424}, "snapshots": null, "memory": null, "statevector": null, "unitary": null}}, {"shots": 4096, "success": true, "status": null, "seed": null, "meas_level": 2, "meas_return": null, "header": {"qubit_labels": [["q", 0], ["q", 1], ["q", 2], ["q", 3], ["q", 4]], "n_qubits": 5, "qreg_sizes": [["q", 5]], "clbit_labels": [["c", 0], ["c", 1], ["c", 2]], "memory_slots": 3, "creg_sizes": [["c", 3]], "name": "circuit-2805202", "global_phase": 0.0, "metadata": {}}, "data": {"counts": {"0x0": 1694, "0x1": 637, "0x2": 320, "0x3": 118, "0x4": 733, "0x5": 378, "0x6": 136, "0x7": 80}, "snapshots": null, "memory": null, "statevector": null, "unitary": null}}, {"shots": 4096, "success": true, "status": null, "seed": null, "meas_level": 2, "meas_return": null, "header": {"qubit_labels": [["q", 0], ["q", 1], ["q", 2], ["q", 3], ["q", 4]], "n_qubits": 5, "qreg_sizes": [["q", 5]], "clbit_labels": [["c", 0], ["c", 1], ["c", 2]], "memory_slots": 3, "creg_sizes": [["c", 3]], "name": "circuit-2806989", "global_phase": 0.0, "metadata": {}}, "data": {"counts": {"0x0": 610, "0x1": 478, "0x2": 534, "0x3": 468, "0x4": 501, "0x5": 498, "0x6": 575, "0x7": 432}, "snapshots": null, "memory": null, "statevector": null, "unitary": null}}, {"shots": 4096, "success": true, "status": null, "seed": null, "meas_level": 2, "meas_return": null, "header": {"qubit_labels": [["q", 0], ["q", 1], ["q", 2], ["q", 3], ["q", 4]], "n_qubits": 5, "qreg_sizes": [["q", 5]], "clbit_labels": [["c", 0], ["c", 1], ["c", 2]], "memory_slots": 3, "creg_sizes": [["c", 3]], "name": "circuit-2806990", "global_phase": 0.0, "metadata": {}}, "data": {"counts": {"0x0": 1329, "0x1": 679, "0x2": 414, "0x3": 185, "0x4": 706, "0x5": 451, "0x6": 207, "0x7": 125}, "snapshots": null, "memory": null, "statevector": null, "unitary": null}}, {"shots": 4096, "success": true, "status": null, "seed": null, "meas_level": 2, "meas_return": null, "header": {"qubit_labels": [["q", 0], ["q", 1], ["q", 2], ["q", 3], ["q", 4]], "n_qubits": 5, "qreg_sizes": [["q", 5]], "clbit_labels": [["c", 0], ["c", 1], ["c", 2]], "memory_slots": 3, "creg_sizes": [["c", 3]], "name": "circuit-2808928", "global_phase": 0.0, "metadata": {}}, "data": {"counts": {"0x0": 683, "0x1": 435, "0x2": 494, "0x3": 506, "0x4": 538, "0x5": 501, "0x6": 532, "0x7": 407}, "snapshots": null, "memory": null, "statevector": null, "unitary": null}}, {"shots": 4096, "success": true, "status": null, "seed": null, "meas_level": 2, "meas_return": null, "header": {"qubit_labels": [["q", 0], ["q", 1], ["q", 2], ["q", 3], ["q", 4]], "n_qubits": 5, "qreg_sizes": [["q", 5]], "clbit_labels": [["c", 0], ["c", 1], ["c", 2]], "memory_slots": 3, "creg_sizes": [["c", 3]], "name": "circuit-2808929", "global_phase": 0.0, "metadata": {}}, "data": {"counts": {"0x0": 1352, "0x1": 790, "0x2": 337, "0x3": 177, "0x4": 660, "0x5": 487, "0x6": 181, "0x7": 112}, "snapshots": null, "memory": null, "statevector": null, "unitary": null}}, {"shots": 4096, "success": true, "status": null, "seed": null, "meas_level": 2, "meas_return": null, "header": {"qubit_labels": [["q", 0], ["q", 1], ["q", 2], ["q", 3], ["q", 4]], "n_qubits": 5, "qreg_sizes": [["q", 5]], "clbit_labels": [["c", 0], ["c", 1], ["c", 2]], "memory_slots": 3, "creg_sizes": [["c", 3]], "name": "circuit-2810954", "global_phase": 0.0, "metadata": {}}, "data": {"counts": {"0x0": 608, "0x1": 420, "0x2": 545, "0x3": 599, "0x4": 461, "0x5": 473, "0x6": 574, "0x7": 416}, "snapshots": null, "memory": null, "statevector": null, "unitary": null}}, {"shots": 4096, "success": true, "status": null, "seed": null, "meas_level": 2, "meas_return": null, "header": {"qubit_labels": [["q", 0], ["q", 1], ["q", 2], ["q", 3], ["q", 4]], "n_qubits": 5, "qreg_sizes": [["q", 5]], "clbit_labels": [["c", 0], ["c", 1], ["c", 2]], "memory_slots": 3, "creg_sizes": [["c", 3]], "name": "circuit-2810955", "global_phase": 0.0, "metadata": {}}, "data": {"counts": {"0x0": 1393, "0x1": 722, "0x2": 343, "0x3": 163, "0x4": 736, "0x5": 475, "0x6": 167, "0x7": 97}, "snapshots": null, "memory": null, "statevector": null, "unitary": null}}, {"shots": 4096, "success": true, "status": null, "seed": null, "meas_level": 2, "meas_return": null, "header": {"qubit_labels": [["q", 0], ["q", 1], ["q", 2], ["q", 3], ["q", 4]], "n_qubits": 5, "qreg_sizes": [["q", 5]], "clbit_labels": [["c", 0], ["c", 1], ["c", 2]], "memory_slots": 3, "creg_sizes": [["c", 3]], "name": "circuit-2813157", "global_phase": 0.0, "metadata": {}}, "data": {"counts": {"0x0": 651, "0x1": 443, "0x2": 516, "0x3": 497, "0x4": 527, "0x5": 437, "0x6": 585, "0x7": 440}, "snapshots": null, "memory": null, "statevector": null, "unitary": null}}, {"shots": 4096, "success": true, "status": null, "seed": null, "meas_level": 2, "meas_return": null, "header": {"qubit_labels": [["q", 0], ["q", 1], ["q", 2], ["q", 3], ["q", 4]], "n_qubits": 5, "qreg_sizes": [["q", 5]], "clbit_labels": [["c", 0], ["c", 1], ["c", 2]], "memory_slots": 3, "creg_sizes": [["c", 3]], "name": "circuit-2813158", "global_phase": 0.0, "metadata": {}}, "data": {"counts": {"0x0": 1366, "0x1": 682, "0x2": 344, "0x3": 168, "0x4": 760, "0x5": 464, "0x6": 189, "0x7": 123}, "snapshots": null, "memory": null, "statevector": null, "unitary": null}}, {"shots": 4096, "success": true, "status": null, "seed": null, "meas_level": 2, "meas_return": null, "header": {"qubit_labels": [["q", 0], ["q", 1], ["q", 2], ["q", 3], ["q", 4]], "n_qubits": 5, "qreg_sizes": [["q", 5]], "clbit_labels": [["c", 0], ["c", 1], ["c", 2]], "memory_slots": 3, "creg_sizes": [["c", 3]], "name": "circuit-2815482", "global_phase": 0.0, "metadata": {}}, "data": {"counts": {"0x0": 646, "0x1": 498, "0x2": 525, "0x3": 478, "0x4": 526, "0x5": 418, "0x6": 536, "0x7": 469}, "snapshots": null, "memory": null, "statevector": null, "unitary": null}}, {"shots": 4096, "success": true, "status": null, "seed": null, "meas_level": 2, "meas_return": null, "header": {"qubit_labels": [["q", 0], ["q", 1], ["q", 2], ["q", 3], ["q", 4]], "n_qubits": 5, "qreg_sizes": [["q", 5]], "clbit_labels": [["c", 0], ["c", 1], ["c", 2]], "memory_slots": 3, "creg_sizes": [["c", 3]], "name": "circuit-2815483", "global_phase": 0.0, "metadata": {}}, "data": {"counts": {"0x0": 1115, "0x1": 622, "0x2": 463, "0x3": 284, "0x4": 675, "0x5": 437, "0x6": 306, "0x7": 194}, "snapshots": null, "memory": null, "statevector": null, "unitary": null}}, {"shots": 4096, "success": true, "status": null, "seed": null, "meas_level": 2, "meas_return": null, "header": {"qubit_labels": [["q", 0], ["q", 1], ["q", 2], ["q", 3], ["q", 4]], "n_qubits": 5, "qreg_sizes": [["q", 5]], "clbit_labels": [["c", 0], ["c", 1], ["c", 2]], "memory_slots": 3, "creg_sizes": [["c", 3]], "name": "circuit-2817976", "global_phase": 0.0, "metadata": {}}, "data": {"counts": {"0x0": 598, "0x1": 473, "0x2": 514, "0x3": 455, "0x4": 514, "0x5": 527, "0x6": 575, "0x7": 440}, "snapshots": null, "memory": null, "statevector": null, "unitary": null}}, {"shots": 4096, "success": true, "status": null, "seed": null, "meas_level": 2, "meas_return": null, "header": {"qubit_labels": [["q", 0], ["q", 1], ["q", 2], ["q", 3], ["q", 4]], "n_qubits": 5, "qreg_sizes": [["q", 5]], "clbit_labels": [["c", 0], ["c", 1], ["c", 2]], "memory_slots": 3, "creg_sizes": [["c", 3]], "name": "circuit-2817977", "global_phase": 0.0, "metadata": {}}, "data": {"counts": {"0x0": 1173, "0x1": 675, "0x2": 367, "0x3": 222, "0x4": 802, "0x5": 470, "0x6": 241, "0x7": 146}, "snapshots": null, "memory": null, "statevector": null, "unitary": null}}, {"shots": 4096, "success": true, "status": null, "seed": null, "meas_level": 2, "meas_return": null, "header": {"qubit_labels": [["q", 0], ["q", 1], ["q", 2], ["q", 3], ["q", 4]], "n_qubits": 5, "qreg_sizes": [["q", 5]], "clbit_labels": [["c", 0], ["c", 1], ["c", 2]], "memory_slots": 3, "creg_sizes": [["c", 3]], "name": "circuit-2820562", "global_phase": 0.0, "metadata": {}}, "data": {"counts": {"0x0": 564, "0x1": 566, "0x2": 543, "0x3": 446, "0x4": 523, "0x5": 508, "0x6": 502, "0x7": 444}, "snapshots": null, "memory": null, "statevector": null, "unitary": null}}, {"shots": 4096, "success": true, "status": null, "seed": null, "meas_level": 2, "meas_return": null, "header": {"qubit_labels": [["q", 0], ["q", 1], ["q", 2], ["q", 3], ["q", 4]], "n_qubits": 5, "qreg_sizes": [["q", 5]], "clbit_labels": [["c", 0], ["c", 1], ["c", 2]], "memory_slots": 3, "creg_sizes": [["c", 3]], "name": "circuit-2820563", "global_phase": 0.0, "metadata": {}}, "data": {"counts": {"0x0": 1032, "0x1": 659, "0x2": 394, "0x3": 285, "0x4": 722, "0x5": 539, "0x6": 262, "0x7": 203}, "snapshots": null, "memory": null, "statevector": null, "unitary": null}}, {"shots": 4096, "success": true, "status": null, "seed": null, "meas_level": 2, "meas_return": null, "header": {"qubit_labels": [["q", 0], ["q", 1], ["q", 2], ["q", 3], ["q", 4]], "n_qubits": 5, "qreg_sizes": [["q", 5]], "clbit_labels": [["c", 0], ["c", 1], ["c", 2]], "memory_slots": 3, "creg_sizes": [["c", 3]], "name": "circuit-2823360", "global_phase": 0.0, "metadata": {}}, "data": {"counts": {"0x0": 580, "0x1": 508, "0x2": 575, "0x3": 440, "0x4": 596, "0x5": 483, "0x6": 492, "0x7": 422}, "snapshots": null, "memory": null, "statevector": null, "unitary": null}}, {"shots": 4096, "success": true, "status": null, "seed": null, "meas_level": 2, "meas_return": null, "header": {"qubit_labels": [["q", 0], ["q", 1], ["q", 2], ["q", 3], ["q", 4]], "n_qubits": 5, "qreg_sizes": [["q", 5]], "clbit_labels": [["c", 0], ["c", 1], ["c", 2]], "memory_slots": 3, "creg_sizes": [["c", 3]], "name": "circuit-2823361", "global_phase": 0.0, "metadata": {}}, "data": {"counts": {"0x0": 976, "0x1": 702, "0x2": 489, "0x3": 257, "0x4": 657, "0x5": 500, "0x6": 306, "0x7": 209}, "snapshots": null, "memory": null, "statevector": null, "unitary": null}}, {"shots": 4096, "success": true, "status": null, "seed": null, "meas_level": 2, "meas_return": null, "header": {"qubit_labels": [["q", 0], ["q", 1], ["q", 2], ["q", 3], ["q", 4]], "n_qubits": 5, "qreg_sizes": [["q", 5]], "clbit_labels": [["c", 0], ["c", 1], ["c", 2]], "memory_slots": 3, "creg_sizes": [["c", 3]], "name": "circuit-2826229", "global_phase": 0.0, "metadata": {}}, "data": {"counts": {"0x0": 562, "0x1": 493, "0x2": 597, "0x3": 476, "0x4": 541, "0x5": 457, "0x6": 507, "0x7": 463}, "snapshots": null, "memory": null, "statevector": null, "unitary": null}}, {"shots": 4096, "success": true, "status": null, "seed": null, "meas_level": 2, "meas_return": null, "header": {"qubit_labels": [["q", 0], ["q", 1], ["q", 2], ["q", 3], ["q", 4]], "n_qubits": 5, "qreg_sizes": [["q", 5]], "clbit_labels": [["c", 0], ["c", 1], ["c", 2]], "memory_slots": 3, "creg_sizes": [["c", 3]], "name": "circuit-2826230", "global_phase": 0.0, "metadata": {}}, "data": {"counts": {"0x0": 1008, "0x1": 642, "0x2": 503, "0x3": 203, "0x4": 708, "0x5": 529, "0x6": 344, "0x7": 159}, "snapshots": null, "memory": null, "statevector": null, "unitary": null}}, {"shots": 4096, "success": true, "status": null, "seed": null, "meas_level": 2, "meas_return": null, "header": {"qubit_labels": [["q", 0], ["q", 1], ["q", 2], ["q", 3], ["q", 4]], "n_qubits": 5, "qreg_sizes": [["q", 5]], "clbit_labels": [["c", 0], ["c", 1], ["c", 2]], "memory_slots": 3, "creg_sizes": [["c", 3]], "name": "circuit-2829296", "global_phase": 0.0, "metadata": {}}, "data": {"counts": {"0x0": 953, "0x1": 214, "0x2": 292, "0x3": 716, "0x4": 263, "0x5": 794, "0x6": 735, "0x7": 129}, "snapshots": null, "memory": null, "statevector": null, "unitary": null}}, {"shots": 4096, "success": true, "status": null, "seed": null, "meas_level": 2, "meas_return": null, "header": {"qubit_labels": [["q", 0], ["q", 1], ["q", 2], ["q", 3], ["q", 4]], "n_qubits": 5, "qreg_sizes": [["q", 5]], "clbit_labels": [["c", 0], ["c", 1], ["c", 2]], "memory_slots": 3, "creg_sizes": [["c", 3]], "name": "circuit-2829297", "global_phase": 0.0, "metadata": {}}, "data": {"counts": {"0x0": 3576, "0x1": 198, "0x2": 100, "0x3": 10, "0x4": 164, "0x5": 42, "0x6": 4, "0x7": 2}, "snapshots": null, "memory": null, "statevector": null, "unitary": null}}, {"shots": 4096, "success": true, "status": null, "seed": null, "meas_level": 2, "meas_return": null, "header": {"qubit_labels": [["q", 0], ["q", 1], ["q", 2], ["q", 3], ["q", 4]], "n_qubits": 5, "qreg_sizes": [["q", 5]], "clbit_labels": [["c", 0], ["c", 1], ["c", 2]], "memory_slots": 3, "creg_sizes": [["c", 3]], "name": "circuit-2829641", "global_phase": 0.0, "metadata": {}}, "data": {"counts": {"0x0": 851, "0x1": 356, "0x2": 300, "0x3": 537, "0x4": 402, "0x5": 726, "0x6": 705, "0x7": 219}, "snapshots": null, "memory": null, "statevector": null, "unitary": null}}, {"shots": 4096, "success": true, "status": null, "seed": null, "meas_level": 2, "meas_return": null, "header": {"qubit_labels": [["q", 0], ["q", 1], ["q", 2], ["q", 3], ["q", 4]], "n_qubits": 5, "qreg_sizes": [["q", 5]], "clbit_labels": [["c", 0], ["c", 1], ["c", 2]], "memory_slots": 3, "creg_sizes": [["c", 3]], "name": "circuit-2829642", "global_phase": 0.0, "metadata": {}}, "data": {"counts": {"0x0": 3310, "0x1": 263, "0x2": 123, "0x3": 5, "0x4": 253, "0x5": 121, "0x6": 9, "0x7": 12}, "snapshots": null, "memory": null, "statevector": null, "unitary": null}}, {"shots": 4096, "success": true, "status": null, "seed": null, "meas_level": 2, "meas_return": null, "header": {"qubit_labels": [["q", 0], ["q", 1], ["q", 2], ["q", 3], ["q", 4]], "n_qubits": 5, "qreg_sizes": [["q", 5]], "clbit_labels": [["c", 0], ["c", 1], ["c", 2]], "memory_slots": 3, "creg_sizes": [["c", 3]], "name": "circuit-2830119", "global_phase": 0.0, "metadata": {}}, "data": {"counts": {"0x0": 785, "0x1": 401, "0x2": 451, "0x3": 570, "0x4": 486, "0x5": 500, "0x6": 561, "0x7": 342}, "snapshots": null, "memory": null, "statevector": null, "unitary": null}}, {"shots": 4096, "success": true, "status": null, "seed": null, "meas_level": 2, "meas_return": null, "header": {"qubit_labels": [["q", 0], ["q", 1], ["q", 2], ["q", 3], ["q", 4]], "n_qubits": 5, "qreg_sizes": [["q", 5]], "clbit_labels": [["c", 0], ["c", 1], ["c", 2]], "memory_slots": 3, "creg_sizes": [["c", 3]], "name": "circuit-2830120", "global_phase": 0.0, "metadata": {}}, "data": {"counts": {"0x0": 3013, "0x1": 426, "0x2": 166, "0x3": 18, "0x4": 300, "0x5": 155, "0x6": 13, "0x7": 5}, "snapshots": null, "memory": null, "statevector": null, "unitary": null}}, {"shots": 4096, "success": true, "status": null, "seed": null, "meas_level": 2, "meas_return": null, "header": {"qubit_labels": [["q", 0], ["q", 1], ["q", 2], ["q", 3], ["q", 4]], "n_qubits": 5, "qreg_sizes": [["q", 5]], "clbit_labels": [["c", 0], ["c", 1], ["c", 2]], "memory_slots": 3, "creg_sizes": [["c", 3]], "name": "circuit-2830745", "global_phase": 0.0, "metadata": {}}, "data": {"counts": {"0x0": 545, "0x1": 538, "0x2": 588, "0x3": 348, "0x4": 643, "0x5": 416, "0x6": 504, "0x7": 514}, "snapshots": null, "memory": null, "statevector": null, "unitary": null}}, {"shots": 4096, "success": true, "status": null, "seed": null, "meas_level": 2, "meas_return": null, "header": {"qubit_labels": [["q", 0], ["q", 1], ["q", 2], ["q", 3], ["q", 4]], "n_qubits": 5, "qreg_sizes": [["q", 5]], "clbit_labels": [["c", 0], ["c", 1], ["c", 2]], "memory_slots": 3, "creg_sizes": [["c", 3]], "name": "circuit-2830746", "global_phase": 0.0, "metadata": {}}, "data": {"counts": {"0x0": 2644, "0x1": 524, "0x2": 276, "0x3": 54, "0x4": 374, "0x5": 175, "0x6": 34, "0x7": 15}, "snapshots": null, "memory": null, "statevector": null, "unitary": null}}, {"shots": 4096, "success": true, "status": null, "seed": null, "meas_level": 2, "meas_return": null, "header": {"qubit_labels": [["q", 0], ["q", 1], ["q", 2], ["q", 3], ["q", 4]], "n_qubits": 5, "qreg_sizes": [["q", 5]], "clbit_labels": [["c", 0], ["c", 1], ["c", 2]], "memory_slots": 3, "creg_sizes": [["c", 3]], "name": "circuit-2831532", "global_phase": 0.0, "metadata": {}}, "data": {"counts": {"0x0": 530, "0x1": 586, "0x2": 528, "0x3": 321, "0x4": 764, "0x5": 385, "0x6": 381, "0x7": 601}, "snapshots": null, "memory": null, "statevector": null, "unitary": null}}, {"shots": 4096, "success": true, "status": null, "seed": null, "meas_level": 2, "meas_return": null, "header": {"qubit_labels": [["q", 0], ["q", 1], ["q", 2], ["q", 3], ["q", 4]], "n_qubits": 5, "qreg_sizes": [["q", 5]], "clbit_labels": [["c", 0], ["c", 1], ["c", 2]], "memory_slots": 3, "creg_sizes": [["c", 3]], "name": "circuit-2831533", "global_phase": 0.0, "metadata": {}}, "data": {"counts": {"0x0": 2543, "0x1": 534, "0x2": 209, "0x3": 50, "0x4": 463, "0x5": 239, "0x6": 33, "0x7": 25}, "snapshots": null, "memory": null, "statevector": null, "unitary": null}}, {"shots": 4096, "success": true, "status": null, "seed": null, "meas_level": 2, "meas_return": null, "header": {"qubit_labels": [["q", 0], ["q", 1], ["q", 2], ["q", 3], ["q", 4]], "n_qubits": 5, "qreg_sizes": [["q", 5]], "clbit_labels": [["c", 0], ["c", 1], ["c", 2]], "memory_slots": 3, "creg_sizes": [["c", 3]], "name": "circuit-2832435", "global_phase": 0.0, "metadata": {}}, "data": {"counts": {"0x0": 537, "0x1": 568, "0x2": 626, "0x3": 353, "0x4": 742, "0x5": 381, "0x6": 391, "0x7": 498}, "snapshots": null, "memory": null, "statevector": null, "unitary": null}}, {"shots": 4096, "success": true, "status": null, "seed": null, "meas_level": 2, "meas_return": null, "header": {"qubit_labels": [["q", 0], ["q", 1], ["q", 2], ["q", 3], ["q", 4]], "n_qubits": 5, "qreg_sizes": [["q", 5]], "clbit_labels": [["c", 0], ["c", 1], ["c", 2]], "memory_slots": 3, "creg_sizes": [["c", 3]], "name": "circuit-2832436", "global_phase": 0.0, "metadata": {}}, "data": {"counts": {"0x0": 2355, "0x1": 608, "0x2": 221, "0x3": 54, "0x4": 521, "0x5": 272, "0x6": 45, "0x7": 20}, "snapshots": null, "memory": null, "statevector": null, "unitary": null}}, {"shots": 4096, "success": true, "status": null, "seed": null, "meas_level": 2, "meas_return": null, "header": {"qubit_labels": [["q", 0], ["q", 1], ["q", 2], ["q", 3], ["q", 4]], "n_qubits": 5, "qreg_sizes": [["q", 5]], "clbit_labels": [["c", 0], ["c", 1], ["c", 2]], "memory_slots": 3, "creg_sizes": [["c", 3]], "name": "circuit-2833528", "global_phase": 0.0, "metadata": {}}, "data": {"counts": {"0x0": 448, "0x1": 695, "0x2": 575, "0x3": 336, "0x4": 660, "0x5": 389, "0x6": 419, "0x7": 574}, "snapshots": null, "memory": null, "statevector": null, "unitary": null}}, {"shots": 4096, "success": true, "status": null, "seed": null, "meas_level": 2, "meas_return": null, "header": {"qubit_labels": [["q", 0], ["q", 1], ["q", 2], ["q", 3], ["q", 4]], "n_qubits": 5, "qreg_sizes": [["q", 5]], "clbit_labels": [["c", 0], ["c", 1], ["c", 2]], "memory_slots": 3, "creg_sizes": [["c", 3]], "name": "circuit-2833529", "global_phase": 0.0, "metadata": {}}, "data": {"counts": {"0x0": 2201, "0x1": 617, "0x2": 254, "0x3": 67, "0x4": 543, "0x5": 310, "0x6": 59, "0x7": 45}, "snapshots": null, "memory": null, "statevector": null, "unitary": null}}, {"shots": 4096, "success": true, "status": null, "seed": null, "meas_level": 2, "meas_return": null, "header": {"qubit_labels": [["q", 0], ["q", 1], ["q", 2], ["q", 3], ["q", 4]], "n_qubits": 5, "qreg_sizes": [["q", 5]], "clbit_labels": [["c", 0], ["c", 1], ["c", 2]], "memory_slots": 3, "creg_sizes": [["c", 3]], "name": "circuit-2834725", "global_phase": 0.0, "metadata": {}}, "data": {"counts": {"0x0": 545, "0x1": 515, "0x2": 573, "0x3": 415, "0x4": 717, "0x5": 388, "0x6": 443, "0x7": 500}, "snapshots": null, "memory": null, "statevector": null, "unitary": null}}, {"shots": 4096, "success": true, "status": null, "seed": null, "meas_level": 2, "meas_return": null, "header": {"qubit_labels": [["q", 0], ["q", 1], ["q", 2], ["q", 3], ["q", 4]], "n_qubits": 5, "qreg_sizes": [["q", 5]], "clbit_labels": [["c", 0], ["c", 1], ["c", 2]], "memory_slots": 3, "creg_sizes": [["c", 3]], "name": "circuit-2834726", "global_phase": 0.0, "metadata": {}}, "data": {"counts": {"0x0": 1908, "0x1": 624, "0x2": 307, "0x3": 78, "0x4": 651, "0x5": 372, "0x6": 96, "0x7": 60}, "snapshots": null, "memory": null, "statevector": null, "unitary": null}}, {"shots": 4096, "success": true, "status": null, "seed": null, "meas_level": 2, "meas_return": null, "header": {"qubit_labels": [["q", 0], ["q", 1], ["q", 2], ["q", 3], ["q", 4]], "n_qubits": 5, "qreg_sizes": [["q", 5]], "clbit_labels": [["c", 0], ["c", 1], ["c", 2]], "memory_slots": 3, "creg_sizes": [["c", 3]], "name": "circuit-2836046", "global_phase": 0.0, "metadata": {}}, "data": {"counts": {"0x0": 527, "0x1": 543, "0x2": 607, "0x3": 368, "0x4": 691, "0x5": 418, "0x6": 460, "0x7": 482}, "snapshots": null, "memory": null, "statevector": null, "unitary": null}}, {"shots": 4096, "success": true, "status": null, "seed": null, "meas_level": 2, "meas_return": null, "header": {"qubit_labels": [["q", 0], ["q", 1], ["q", 2], ["q", 3], ["q", 4]], "n_qubits": 5, "qreg_sizes": [["q", 5]], "clbit_labels": [["c", 0], ["c", 1], ["c", 2]], "memory_slots": 3, "creg_sizes": [["c", 3]], "name": "circuit-2836047", "global_phase": 0.0, "metadata": {}}, "data": {"counts": {"0x0": 1850, "0x1": 689, "0x2": 315, "0x3": 99, "0x4": 669, "0x5": 313, "0x6": 89, "0x7": 72}, "snapshots": null, "memory": null, "statevector": null, "unitary": null}}, {"shots": 4096, "success": true, "status": null, "seed": null, "meas_level": 2, "meas_return": null, "header": {"qubit_labels": [["q", 0], ["q", 1], ["q", 2], ["q", 3], ["q", 4]], "n_qubits": 5, "qreg_sizes": [["q", 5]], "clbit_labels": [["c", 0], ["c", 1], ["c", 2]], "memory_slots": 3, "creg_sizes": [["c", 3]], "name": "circuit-2837521", "global_phase": 0.0, "metadata": {}}, "data": {"counts": {"0x0": 564, "0x1": 505, "0x2": 606, "0x3": 460, "0x4": 571, "0x5": 442, "0x6": 523, "0x7": 425}, "snapshots": null, "memory": null, "statevector": null, "unitary": null}}, {"shots": 4096, "success": true, "status": null, "seed": null, "meas_level": 2, "meas_return": null, "header": {"qubit_labels": [["q", 0], ["q", 1], ["q", 2], ["q", 3], ["q", 4]], "n_qubits": 5, "qreg_sizes": [["q", 5]], "clbit_labels": [["c", 0], ["c", 1], ["c", 2]], "memory_slots": 3, "creg_sizes": [["c", 3]], "name": "circuit-2837522", "global_phase": 0.0, "metadata": {}}, "data": {"counts": {"0x0": 1689, "0x1": 699, "0x2": 299, "0x3": 144, "0x4": 701, "0x5": 378, "0x6": 126, "0x7": 60}, "snapshots": null, "memory": null, "statevector": null, "unitary": null}}, {"shots": 4096, "success": true, "status": null, "seed": null, "meas_level": 2, "meas_return": null, "header": {"qubit_labels": [["q", 0], ["q", 1], ["q", 2], ["q", 3], ["q", 4]], "n_qubits": 5, "qreg_sizes": [["q", 5]], "clbit_labels": [["c", 0], ["c", 1], ["c", 2]], "memory_slots": 3, "creg_sizes": [["c", 3]], "name": "circuit-2839179", "global_phase": 0.0, "metadata": {}}, "data": {"counts": {"0x0": 603, "0x1": 533, "0x2": 576, "0x3": 441, "0x4": 474, "0x5": 450, "0x6": 602, "0x7": 417}, "snapshots": null, "memory": null, "statevector": null, "unitary": null}}, {"shots": 4096, "success": true, "status": null, "seed": null, "meas_level": 2, "meas_return": null, "header": {"qubit_labels": [["q", 0], ["q", 1], ["q", 2], ["q", 3], ["q", 4]], "n_qubits": 5, "qreg_sizes": [["q", 5]], "clbit_labels": [["c", 0], ["c", 1], ["c", 2]], "memory_slots": 3, "creg_sizes": [["c", 3]], "name": "circuit-2839180", "global_phase": 0.0, "metadata": {}}, "data": {"counts": {"0x0": 1685, "0x1": 703, "0x2": 273, "0x3": 105, "0x4": 718, "0x5": 426, "0x6": 132, "0x7": 54}, "snapshots": null, "memory": null, "statevector": null, "unitary": null}}, {"shots": 4096, "success": true, "status": null, "seed": null, "meas_level": 2, "meas_return": null, "header": {"qubit_labels": [["q", 0], ["q", 1], ["q", 2], ["q", 3], ["q", 4]], "n_qubits": 5, "qreg_sizes": [["q", 5]], "clbit_labels": [["c", 0], ["c", 1], ["c", 2]], "memory_slots": 3, "creg_sizes": [["c", 3]], "name": "circuit-2840928", "global_phase": 0.0, "metadata": {}}, "data": {"counts": {"0x0": 596, "0x1": 492, "0x2": 544, "0x3": 508, "0x4": 498, "0x5": 488, "0x6": 587, "0x7": 383}, "snapshots": null, "memory": null, "statevector": null, "unitary": null}}, {"shots": 4096, "success": true, "status": null, "seed": null, "meas_level": 2, "meas_return": null, "header": {"qubit_labels": [["q", 0], ["q", 1], ["q", 2], ["q", 3], ["q", 4]], "n_qubits": 5, "qreg_sizes": [["q", 5]], "clbit_labels": [["c", 0], ["c", 1], ["c", 2]], "memory_slots": 3, "creg_sizes": [["c", 3]], "name": "circuit-2840929", "global_phase": 0.0, "metadata": {}}, "data": {"counts": {"0x0": 1241, "0x1": 758, "0x2": 467, "0x3": 194, "0x4": 629, "0x5": 448, "0x6": 222, "0x7": 137}, "snapshots": null, "memory": null, "statevector": null, "unitary": null}}, {"shots": 4096, "success": true, "status": null, "seed": null, "meas_level": 2, "meas_return": null, "header": {"qubit_labels": [["q", 0], ["q", 1], ["q", 2], ["q", 3], ["q", 4]], "n_qubits": 5, "qreg_sizes": [["q", 5]], "clbit_labels": [["c", 0], ["c", 1], ["c", 2]], "memory_slots": 3, "creg_sizes": [["c", 3]], "name": "circuit-2842841", "global_phase": 0.0, "metadata": {}}, "data": {"counts": {"0x0": 591, "0x1": 507, "0x2": 529, "0x3": 499, "0x4": 517, "0x5": 508, "0x6": 573, "0x7": 372}, "snapshots": null, "memory": null, "statevector": null, "unitary": null}}, {"shots": 4096, "success": true, "status": null, "seed": null, "meas_level": 2, "meas_return": null, "header": {"qubit_labels": [["q", 0], ["q", 1], ["q", 2], ["q", 3], ["q", 4]], "n_qubits": 5, "qreg_sizes": [["q", 5]], "clbit_labels": [["c", 0], ["c", 1], ["c", 2]], "memory_slots": 3, "creg_sizes": [["c", 3]], "name": "circuit-2842842", "global_phase": 0.0, "metadata": {}}, "data": {"counts": {"0x0": 1356, "0x1": 705, "0x2": 388, "0x3": 175, "0x4": 722, "0x5": 439, "0x6": 186, "0x7": 125}, "snapshots": null, "memory": null, "statevector": null, "unitary": null}}, {"shots": 4096, "success": true, "status": null, "seed": null, "meas_level": 2, "meas_return": null, "header": {"qubit_labels": [["q", 0], ["q", 1], ["q", 2], ["q", 3], ["q", 4]], "n_qubits": 5, "qreg_sizes": [["q", 5]], "clbit_labels": [["c", 0], ["c", 1], ["c", 2]], "memory_slots": 3, "creg_sizes": [["c", 3]], "name": "circuit-2844905", "global_phase": 0.0, "metadata": {}}, "data": {"counts": {"0x0": 626, "0x1": 468, "0x2": 499, "0x3": 475, "0x4": 501, "0x5": 563, "0x6": 552, "0x7": 412}, "snapshots": null, "memory": null, "statevector": null, "unitary": null}}, {"shots": 4096, "success": true, "status": null, "seed": null, "meas_level": 2, "meas_return": null, "header": {"qubit_labels": [["q", 0], ["q", 1], ["q", 2], ["q", 3], ["q", 4]], "n_qubits": 5, "qreg_sizes": [["q", 5]], "clbit_labels": [["c", 0], ["c", 1], ["c", 2]], "memory_slots": 3, "creg_sizes": [["c", 3]], "name": "circuit-2844906", "global_phase": 0.0, "metadata": {}}, "data": {"counts": {"0x0": 1292, "0x1": 652, "0x2": 406, "0x3": 172, "0x4": 724, "0x5": 492, "0x6": 224, "0x7": 134}, "snapshots": null, "memory": null, "statevector": null, "unitary": null}}, {"shots": 4096, "success": true, "status": null, "seed": null, "meas_level": 2, "meas_return": null, "header": {"qubit_labels": [["q", 0], ["q", 1], ["q", 2], ["q", 3], ["q", 4]], "n_qubits": 5, "qreg_sizes": [["q", 5]], "clbit_labels": [["c", 0], ["c", 1], ["c", 2]], "memory_slots": 3, "creg_sizes": [["c", 3]], "name": "circuit-2847124", "global_phase": 0.0, "metadata": {}}, "data": {"counts": {"0x0": 699, "0x1": 493, "0x2": 510, "0x3": 536, "0x4": 504, "0x5": 432, "0x6": 538, "0x7": 384}, "snapshots": null, "memory": null, "statevector": null, "unitary": null}}, {"shots": 4096, "success": true, "status": null, "seed": null, "meas_level": 2, "meas_return": null, "header": {"qubit_labels": [["q", 0], ["q", 1], ["q", 2], ["q", 3], ["q", 4]], "n_qubits": 5, "qreg_sizes": [["q", 5]], "clbit_labels": [["c", 0], ["c", 1], ["c", 2]], "memory_slots": 3, "creg_sizes": [["c", 3]], "name": "circuit-2847125", "global_phase": 0.0, "metadata": {}}, "data": {"counts": {"0x0": 1270, "0x1": 758, "0x2": 307, "0x3": 179, "0x4": 740, "0x5": 551, "0x6": 177, "0x7": 114}, "snapshots": null, "memory": null, "statevector": null, "unitary": null}}, {"shots": 4096, "success": true, "status": null, "seed": null, "meas_level": 2, "meas_return": null, "header": {"qubit_labels": [["q", 0], ["q", 1], ["q", 2], ["q", 3], ["q", 4]], "n_qubits": 5, "qreg_sizes": [["q", 5]], "clbit_labels": [["c", 0], ["c", 1], ["c", 2]], "memory_slots": 3, "creg_sizes": [["c", 3]], "name": "circuit-2849454", "global_phase": 0.0, "metadata": {}}, "data": {"counts": {"0x0": 612, "0x1": 551, "0x2": 542, "0x3": 417, "0x4": 537, "0x5": 460, "0x6": 542, "0x7": 435}, "snapshots": null, "memory": null, "statevector": null, "unitary": null}}, {"shots": 4096, "success": true, "status": null, "seed": null, "meas_level": 2, "meas_return": null, "header": {"qubit_labels": [["q", 0], ["q", 1], ["q", 2], ["q", 3], ["q", 4]], "n_qubits": 5, "qreg_sizes": [["q", 5]], "clbit_labels": [["c", 0], ["c", 1], ["c", 2]], "memory_slots": 3, "creg_sizes": [["c", 3]], "name": "circuit-2849455", "global_phase": 0.0, "metadata": {}}, "data": {"counts": {"0x0": 1264, "0x1": 661, "0x2": 395, "0x3": 218, "0x4": 719, "0x5": 483, "0x6": 207, "0x7": 149}, "snapshots": null, "memory": null, "statevector": null, "unitary": null}}, {"shots": 4096, "success": true, "status": null, "seed": null, "meas_level": 2, "meas_return": null, "header": {"qubit_labels": [["q", 0], ["q", 1], ["q", 2], ["q", 3], ["q", 4]], "n_qubits": 5, "qreg_sizes": [["q", 5]], "clbit_labels": [["c", 0], ["c", 1], ["c", 2]], "memory_slots": 3, "creg_sizes": [["c", 3]], "name": "circuit-2851914", "global_phase": 0.0, "metadata": {}}, "data": {"counts": {"0x0": 632, "0x1": 526, "0x2": 551, "0x3": 516, "0x4": 481, "0x5": 449, "0x6": 517, "0x7": 424}, "snapshots": null, "memory": null, "statevector": null, "unitary": null}}, {"shots": 4096, "success": true, "status": null, "seed": null, "meas_level": 2, "meas_return": null, "header": {"qubit_labels": [["q", 0], ["q", 1], ["q", 2], ["q", 3], ["q", 4]], "n_qubits": 5, "qreg_sizes": [["q", 5]], "clbit_labels": [["c", 0], ["c", 1], ["c", 2]], "memory_slots": 3, "creg_sizes": [["c", 3]], "name": "circuit-2851915", "global_phase": 0.0, "metadata": {}}, "data": {"counts": {"0x0": 1190, "0x1": 771, "0x2": 330, "0x3": 189, "0x4": 709, "0x5": 567, "0x6": 202, "0x7": 138}, "snapshots": null, "memory": null, "statevector": null, "unitary": null}}, {"shots": 4096, "success": true, "status": null, "seed": null, "meas_level": 2, "meas_return": null, "header": {"qubit_labels": [["q", 0], ["q", 1], ["q", 2], ["q", 3], ["q", 4]], "n_qubits": 5, "qreg_sizes": [["q", 5]], "clbit_labels": [["c", 0], ["c", 1], ["c", 2]], "memory_slots": 3, "creg_sizes": [["c", 3]], "name": "circuit-2854561", "global_phase": 0.0, "metadata": {}}, "data": {"counts": {"0x0": 546, "0x1": 503, "0x2": 568, "0x3": 459, "0x4": 528, "0x5": 460, "0x6": 565, "0x7": 467}, "snapshots": null, "memory": null, "statevector": null, "unitary": null}}, {"shots": 4096, "success": true, "status": null, "seed": null, "meas_level": 2, "meas_return": null, "header": {"qubit_labels": [["q", 0], ["q", 1], ["q", 2], ["q", 3], ["q", 4]], "n_qubits": 5, "qreg_sizes": [["q", 5]], "clbit_labels": [["c", 0], ["c", 1], ["c", 2]], "memory_slots": 3, "creg_sizes": [["c", 3]], "name": "circuit-2854562", "global_phase": 0.0, "metadata": {}}, "data": {"counts": {"0x0": 1014, "0x1": 668, "0x2": 498, "0x3": 271, "0x4": 644, "0x5": 514, "0x6": 287, "0x7": 200}, "snapshots": null, "memory": null, "statevector": null, "unitary": null}}, {"shots": 4096, "success": true, "status": null, "seed": null, "meas_level": 2, "meas_return": null, "header": {"qubit_labels": [["q", 0], ["q", 1], ["q", 2], ["q", 3], ["q", 4]], "n_qubits": 5, "qreg_sizes": [["q", 5]], "clbit_labels": [["c", 0], ["c", 1], ["c", 2]], "memory_slots": 3, "creg_sizes": [["c", 3]], "name": "circuit-2857314", "global_phase": 0.0, "metadata": {}}, "data": {"counts": {"0x0": 524, "0x1": 482, "0x2": 613, "0x3": 444, "0x4": 585, "0x5": 432, "0x6": 574, "0x7": 442}, "snapshots": null, "memory": null, "statevector": null, "unitary": null}}, {"shots": 4096, "success": true, "status": null, "seed": null, "meas_level": 2, "meas_return": null, "header": {"qubit_labels": [["q", 0], ["q", 1], ["q", 2], ["q", 3], ["q", 4]], "n_qubits": 5, "qreg_sizes": [["q", 5]], "clbit_labels": [["c", 0], ["c", 1], ["c", 2]], "memory_slots": 3, "creg_sizes": [["c", 3]], "name": "circuit-2857315", "global_phase": 0.0, "metadata": {}}, "data": {"counts": {"0x0": 990, "0x1": 648, "0x2": 400, "0x3": 244, "0x4": 742, "0x5": 561, "0x6": 294, "0x7": 217}, "snapshots": null, "memory": null, "statevector": null, "unitary": null}}, {"shots": 4096, "success": true, "status": null, "seed": null, "meas_level": 2, "meas_return": null, "header": {"qubit_labels": [["q", 0], ["q", 1], ["q", 2], ["q", 3], ["q", 4]], "n_qubits": 5, "qreg_sizes": [["q", 5]], "clbit_labels": [["c", 0], ["c", 1], ["c", 2]], "memory_slots": 3, "creg_sizes": [["c", 3]], "name": "circuit-2860198", "global_phase": 0.0, "metadata": {}}, "data": {"counts": {"0x0": 585, "0x1": 595, "0x2": 575, "0x3": 421, "0x4": 593, "0x5": 477, "0x6": 445, "0x7": 405}, "snapshots": null, "memory": null, "statevector": null, "unitary": null}}, {"shots": 4096, "success": true, "status": null, "seed": null, "meas_level": 2, "meas_return": null, "header": {"qubit_labels": [["q", 0], ["q", 1], ["q", 2], ["q", 3], ["q", 4]], "n_qubits": 5, "qreg_sizes": [["q", 5]], "clbit_labels": [["c", 0], ["c", 1], ["c", 2]], "memory_slots": 3, "creg_sizes": [["c", 3]], "name": "circuit-2860199", "global_phase": 0.0, "metadata": {}}, "data": {"counts": {"0x0": 1014, "0x1": 635, "0x2": 438, "0x3": 276, "0x4": 732, "0x5": 507, "0x6": 293, "0x7": 201}, "snapshots": null, "memory": null, "statevector": null, "unitary": null}}, {"shots": 4096, "success": true, "status": null, "seed": null, "meas_level": 2, "meas_return": null, "header": {"qubit_labels": [["q", 0], ["q", 1], ["q", 2], ["q", 3], ["q", 4]], "n_qubits": 5, "qreg_sizes": [["q", 5]], "clbit_labels": [["c", 0], ["c", 1], ["c", 2]], "memory_slots": 3, "creg_sizes": [["c", 3]], "name": "circuit-2863338", "global_phase": 0.0, "metadata": {}}, "data": {"counts": {"0x0": 908, "0x1": 200, "0x2": 330, "0x3": 712, "0x4": 269, "0x5": 762, "0x6": 778, "0x7": 137}, "snapshots": null, "memory": null, "statevector": null, "unitary": null}}, {"shots": 4096, "success": true, "status": null, "seed": null, "meas_level": 2, "meas_return": null, "header": {"qubit_labels": [["q", 0], ["q", 1], ["q", 2], ["q", 3], ["q", 4]], "n_qubits": 5, "qreg_sizes": [["q", 5]], "clbit_labels": [["c", 0], ["c", 1], ["c", 2]], "memory_slots": 3, "creg_sizes": [["c", 3]], "name": "circuit-2863339", "global_phase": 0.0, "metadata": {}}, "data": {"counts": {"0x0": 3526, "0x1": 231, "0x2": 96, "0x3": 8, "0x4": 170, "0x5": 57, "0x6": 6, "0x7": 2}, "snapshots": null, "memory": null, "statevector": null, "unitary": null}}, {"shots": 4096, "success": true, "status": null, "seed": null, "meas_level": 2, "meas_return": null, "header": {"qubit_labels": [["q", 0], ["q", 1], ["q", 2], ["q", 3], ["q", 4]], "n_qubits": 5, "qreg_sizes": [["q", 5]], "clbit_labels": [["c", 0], ["c", 1], ["c", 2]], "memory_slots": 3, "creg_sizes": [["c", 3]], "name": "circuit-2863698", "global_phase": 0.0, "metadata": {}}, "data": {"counts": {"0x0": 795, "0x1": 371, "0x2": 400, "0x3": 629, "0x4": 394, "0x5": 577, "0x6": 660, "0x7": 270}, "snapshots": null, "memory": null, "statevector": null, "unitary": null}}, {"shots": 4096, "success": true, "status": null, "seed": null, "meas_level": 2, "meas_return": null, "header": {"qubit_labels": [["q", 0], ["q", 1], ["q", 2], ["q", 3], ["q", 4]], "n_qubits": 5, "qreg_sizes": [["q", 5]], "clbit_labels": [["c", 0], ["c", 1], ["c", 2]], "memory_slots": 3, "creg_sizes": [["c", 3]], "name": "circuit-2863699", "global_phase": 0.0, "metadata": {}}, "data": {"counts": {"0x0": 3289, "0x1": 299, "0x2": 125, "0x3": 13, "0x4": 236, "0x5": 117, "0x6": 11, "0x7": 6}, "snapshots": null, "memory": null, "statevector": null, "unitary": null}}, {"shots": 4096, "success": true, "status": null, "seed": null, "meas_level": 2, "meas_return": null, "header": {"qubit_labels": [["q", 0], ["q", 1], ["q", 2], ["q", 3], ["q", 4]], "n_qubits": 5, "qreg_sizes": [["q", 5]], "clbit_labels": [["c", 0], ["c", 1], ["c", 2]], "memory_slots": 3, "creg_sizes": [["c", 3]], "name": "circuit-2864185", "global_phase": 0.0, "metadata": {}}, "data": {"counts": {"0x0": 807, "0x1": 456, "0x2": 427, "0x3": 508, "0x4": 496, "0x5": 528, "0x6": 536, "0x7": 338}, "snapshots": null, "memory": null, "statevector": null, "unitary": null}}, {"shots": 4096, "success": true, "status": null, "seed": null, "meas_level": 2, "meas_return": null, "header": {"qubit_labels": [["q", 0], ["q", 1], ["q", 2], ["q", 3], ["q", 4]], "n_qubits": 5, "qreg_sizes": [["q", 5]], "clbit_labels": [["c", 0], ["c", 1], ["c", 2]], "memory_slots": 3, "creg_sizes": [["c", 3]], "name": "circuit-2864186", "global_phase": 0.0, "metadata": {}}, "data": {"counts": {"0x0": 3054, "0x1": 390, "0x2": 142, "0x3": 32, "0x4": 326, "0x5": 126, "0x6": 18, "0x7": 8}, "snapshots": null, "memory": null, "statevector": null, "unitary": null}}, {"shots": 4096, "success": true, "status": null, "seed": null, "meas_level": 2, "meas_return": null, "header": {"qubit_labels": [["q", 0], ["q", 1], ["q", 2], ["q", 3], ["q", 4]], "n_qubits": 5, "qreg_sizes": [["q", 5]], "clbit_labels": [["c", 0], ["c", 1], ["c", 2]], "memory_slots": 3, "creg_sizes": [["c", 3]], "name": "circuit-2864824", "global_phase": 0.0, "metadata": {}}, "data": {"counts": {"0x0": 738, "0x1": 523, "0x2": 477, "0x3": 367, "0x4": 642, "0x5": 433, "0x6": 418, "0x7": 498}, "snapshots": null, "memory": null, "statevector": null, "unitary": null}}, {"shots": 4096, "success": true, "status": null, "seed": null, "meas_level": 2, "meas_return": null, "header": {"qubit_labels": [["q", 0], ["q", 1], ["q", 2], ["q", 3], ["q", 4]], "n_qubits": 5, "qreg_sizes": [["q", 5]], "clbit_labels": [["c", 0], ["c", 1], ["c", 2]], "memory_slots": 3, "creg_sizes": [["c", 3]], "name": "circuit-2864825", "global_phase": 0.0, "metadata": {}}, "data": {"counts": {"0x0": 2888, "0x1": 443, "0x2": 167, "0x3": 22, "0x4": 380, "0x5": 166, "0x6": 18, "0x7": 12}, "snapshots": null, "memory": null, "statevector": null, "unitary": null}}, {"shots": 4096, "success": true, "status": null, "seed": null, "meas_level": 2, "meas_return": null, "header": {"qubit_labels": [["q", 0], ["q", 1], ["q", 2], ["q", 3], ["q", 4]], "n_qubits": 5, "qreg_sizes": [["q", 5]], "clbit_labels": [["c", 0], ["c", 1], ["c", 2]], "memory_slots": 3, "creg_sizes": [["c", 3]], "name": "circuit-2865577", "global_phase": 0.0, "metadata": {}}, "data": {"counts": {"0x0": 521, "0x1": 637, "0x2": 605, "0x3": 285, "0x4": 655, "0x5": 372, "0x6": 399, "0x7": 622}, "snapshots": null, "memory": null, "statevector": null, "unitary": null}}, {"shots": 4096, "success": true, "status": null, "seed": null, "meas_level": 2, "meas_return": null, "header": {"qubit_labels": [["q", 0], ["q", 1], ["q", 2], ["q", 3], ["q", 4]], "n_qubits": 5, "qreg_sizes": [["q", 5]], "clbit_labels": [["c", 0], ["c", 1], ["c", 2]], "memory_slots": 3, "creg_sizes": [["c", 3]], "name": "circuit-2865578", "global_phase": 0.0, "metadata": {}}, "data": {"counts": {"0x0": 2667, "0x1": 484, "0x2": 181, "0x3": 26, "0x4": 480, "0x5": 209, "0x6": 32, "0x7": 17}, "snapshots": null, "memory": null, "statevector": null, "unitary": null}}, {"shots": 4096, "success": true, "status": null, "seed": null, "meas_level": 2, "meas_return": null, "header": {"qubit_labels": [["q", 0], ["q", 1], ["q", 2], ["q", 3], ["q", 4]], "n_qubits": 5, "qreg_sizes": [["q", 5]], "clbit_labels": [["c", 0], ["c", 1], ["c", 2]], "memory_slots": 3, "creg_sizes": [["c", 3]], "name": "circuit-2866488", "global_phase": 0.0, "metadata": {}}, "data": {"counts": {"0x0": 442, "0x1": 656, "0x2": 727, "0x3": 289, "0x4": 763, "0x5": 338, "0x6": 383, "0x7": 498}, "snapshots": null, "memory": null, "statevector": null, "unitary": null}}, {"shots": 4096, "success": true, "status": null, "seed": null, "meas_level": 2, "meas_return": null, "header": {"qubit_labels": [["q", 0], ["q", 1], ["q", 2], ["q", 3], ["q", 4]], "n_qubits": 5, "qreg_sizes": [["q", 5]], "clbit_labels": [["c", 0], ["c", 1], ["c", 2]], "memory_slots": 3, "creg_sizes": [["c", 3]], "name": "circuit-2866489", "global_phase": 0.0, "metadata": {}}, "data": {"counts": {"0x0": 2294, "0x1": 540, "0x2": 321, "0x3": 55, "0x4": 520, "0x5": 259, "0x6": 82, "0x7": 25}, "snapshots": null, "memory": null, "statevector": null, "unitary": null}}, {"shots": 4096, "success": true, "status": null, "seed": null, "meas_level": 2, "meas_return": null, "header": {"qubit_labels": [["q", 0], ["q", 1], ["q", 2], ["q", 3], ["q", 4]], "n_qubits": 5, "qreg_sizes": [["q", 5]], "clbit_labels": [["c", 0], ["c", 1], ["c", 2]], "memory_slots": 3, "creg_sizes": [["c", 3]], "name": "circuit-2867560", "global_phase": 0.0, "metadata": {}}, "data": {"counts": {"0x0": 493, "0x1": 617, "0x2": 691, "0x3": 345, "0x4": 719, "0x5": 307, "0x6": 391, "0x7": 533}, "snapshots": null, "memory": null, "statevector": null, "unitary": null}}, {"shots": 4096, "success": true, "status": null, "seed": null, "meas_level": 2, "meas_return": null, "header": {"qubit_labels": [["q", 0], ["q", 1], ["q", 2], ["q", 3], ["q", 4]], "n_qubits": 5, "qreg_sizes": [["q", 5]], "clbit_labels": [["c", 0], ["c", 1], ["c", 2]], "memory_slots": 3, "creg_sizes": [["c", 3]], "name": "circuit-2867561", "global_phase": 0.0, "metadata": {}}, "data": {"counts": {"0x0": 2175, "0x1": 589, "0x2": 263, "0x3": 65, "0x4": 582, "0x5": 319, "0x6": 66, "0x7": 37}, "snapshots": null, "memory": null, "statevector": null, "unitary": null}}, {"shots": 4096, "success": true, "status": null, "seed": null, "meas_level": 2, "meas_return": null, "header": {"qubit_labels": [["q", 0], ["q", 1], ["q", 2], ["q", 3], ["q", 4]], "n_qubits": 5, "qreg_sizes": [["q", 5]], "clbit_labels": [["c", 0], ["c", 1], ["c", 2]], "memory_slots": 3, "creg_sizes": [["c", 3]], "name": "circuit-2868752", "global_phase": 0.0, "metadata": {}}, "data": {"counts": {"0x0": 471, "0x1": 517, "0x2": 655, "0x3": 382, "0x4": 690, "0x5": 397, "0x6": 455, "0x7": 529}, "snapshots": null, "memory": null, "statevector": null, "unitary": null}}, {"shots": 4096, "success": true, "status": null, "seed": null, "meas_level": 2, "meas_return": null, "header": {"qubit_labels": [["q", 0], ["q", 1], ["q", 2], ["q", 3], ["q", 4]], "n_qubits": 5, "qreg_sizes": [["q", 5]], "clbit_labels": [["c", 0], ["c", 1], ["c", 2]], "memory_slots": 3, "creg_sizes": [["c", 3]], "name": "circuit-2868753", "global_phase": 0.0, "metadata": {}}, "data": {"counts": {"0x0": 1990, "0x1": 614, "0x2": 286, "0x3": 98, "0x4": 653, "0x5": 320, "0x6": 89, "0x7": 46}, "snapshots": null, "memory": null, "statevector": null, "unitary": null}}, {"shots": 4096, "success": true, "status": null, "seed": null, "meas_level": 2, "meas_return": null, "header": {"qubit_labels": [["q", 0], ["q", 1], ["q", 2], ["q", 3], ["q", 4]], "n_qubits": 5, "qreg_sizes": [["q", 5]], "clbit_labels": [["c", 0], ["c", 1], ["c", 2]], "memory_slots": 3, "creg_sizes": [["c", 3]], "name": "circuit-2870110", "global_phase": 0.0, "metadata": {}}, "data": {"counts": {"0x0": 543, "0x1": 653, "0x2": 591, "0x3": 402, "0x4": 602, "0x5": 425, "0x6": 467, "0x7": 413}, "snapshots": null, "memory": null, "statevector": null, "unitary": null}}, {"shots": 4096, "success": true, "status": null, "seed": null, "meas_level": 2, "meas_return": null, "header": {"qubit_labels": [["q", 0], ["q", 1], ["q", 2], ["q", 3], ["q", 4]], "n_qubits": 5, "qreg_sizes": [["q", 5]], "clbit_labels": [["c", 0], ["c", 1], ["c", 2]], "memory_slots": 3, "creg_sizes": [["c", 3]], "name": "circuit-2870111", "global_phase": 0.0, "metadata": {}}, "data": {"counts": {"0x0": 1919, "0x1": 622, "0x2": 252, "0x3": 76, "0x4": 662, "0x5": 424, "0x6": 84, "0x7": 57}, "snapshots": null, "memory": null, "statevector": null, "unitary": null}}, {"shots": 4096, "success": true, "status": null, "seed": null, "meas_level": 2, "meas_return": null, "header": {"qubit_labels": [["q", 0], ["q", 1], ["q", 2], ["q", 3], ["q", 4]], "n_qubits": 5, "qreg_sizes": [["q", 5]], "clbit_labels": [["c", 0], ["c", 1], ["c", 2]], "memory_slots": 3, "creg_sizes": [["c", 3]], "name": "circuit-2871574", "global_phase": 0.0, "metadata": {}}, "data": {"counts": {"0x0": 583, "0x1": 567, "0x2": 504, "0x3": 468, "0x4": 616, "0x5": 448, "0x6": 528, "0x7": 382}, "snapshots": null, "memory": null, "statevector": null, "unitary": null}}, {"shots": 4096, "success": true, "status": null, "seed": null, "meas_level": 2, "meas_return": null, "header": {"qubit_labels": [["q", 0], ["q", 1], ["q", 2], ["q", 3], ["q", 4]], "n_qubits": 5, "qreg_sizes": [["q", 5]], "clbit_labels": [["c", 0], ["c", 1], ["c", 2]], "memory_slots": 3, "creg_sizes": [["c", 3]], "name": "circuit-2871575", "global_phase": 0.0, "metadata": {}}, "data": {"counts": {"0x0": 1557, "0x1": 642, "0x2": 421, "0x3": 146, "0x4": 692, "0x5": 373, "0x6": 173, "0x7": 92}, "snapshots": null, "memory": null, "statevector": null, "unitary": null}}], "error": null}