,sim type,nt,pauli twirling,dynamic decoupling,epsilon,mass,counts bare,counts mitigated
0,evolution,1,True,False,0.4,1.0,"{'0x0': 182, '0x1': 73, '0x2': 110, '0x3': 186, '0x4': 70, '0x5': 127, '0x6': 187, '0x7': 65}","{'0x0': 0.17984564003422177, '0x1': 0.06222464075526384, '0x2': 0.08898304329522569, '0x3': 0.20500283417948775, '0x4': 0.05474306830380351, '0x5': 0.14203479585925624, '0x6': 0.20065347752432214, '0x7': 0.06651250004841912}"
1,evolution,1,True,False,0.4,1.0,"{'0x0': 182, '0x1': 73, '0x2': 110, '0x3': 186, '0x4': 70, '0x5': 127, '0x6': 187, '0x7': 65}","{'0x0': 0.17984564003422177, '0x1': 0.06222464075526384, '0x2': 0.08898304329522569, '0x3': 0.20500283417948775, '0x4': 0.05474306830380351, '0x5': 0.14203479585925624, '0x6': 0.20065347752432214, '0x7': 0.06651250004841912}"
2,evolution,1,True,False,0.4,1.0,"{'0x0': 182, '0x1': 73, '0x2': 110, '0x3': 186, '0x4': 70, '0x5': 127, '0x6': 187, '0x7': 65}","{'0x0': 0.17984564003422177, '0x1': 0.06222464075526384, '0x2': 0.08898304329522569, '0x3': 0.20500283417948775, '0x4': 0.05474306830380351, '0x5': 0.14203479585925624, '0x6': 0.20065347752432214, '0x7': 0.06651250004841912}"
3,evolution,1,True,False,0.4,1.0,"{'0x0': 182, '0x1': 73, '0x2': 110, '0x3': 186, '0x4': 70, '0x5': 127, '0x6': 187, '0x7': 65}","{'0x0': 0.17984564003422177, '0x1': 0.06222464075526384, '0x2': 0.08898304329522569, '0x3': 0.20500283417948775, '0x4': 0.05474306830380351, '0x5': 0.14203479585925624, '0x6': 0.20065347752432214, '0x7': 0.06651250004841912}"
4,evolution,1,True,False,0.4,1.0,"{'0x0': 182, '0x1': 73, '0x2': 110, '0x3': 186, '0x4': 70, '0x5': 127, '0x6': 187, '0x7': 65}","{'0x0': 0.17984564003422177, '0x1': 0.06222464075526384, '0x2': 0.08898304329522569, '0x3': 0.20500283417948775, '0x4': 0.05474306830380351, '0x5': 0.14203479585925624, '0x6': 0.20065347752432214, '0x7': 0.06651250004841912}"
5,evolution,1,True,False,0.4,1.0,"{'0x0': 182, '0x1': 73, '0x2': 110, '0x3': 186, '0x4': 70, '0x5': 127, '0x6': 187, '0x7': 65}","{'0x0': 0.17984564003422177, '0x1': 0.06222464075526384, '0x2': 0.08898304329522569, '0x3': 0.20500283417948775, '0x4': 0.05474306830380351, '0x5': 0.14203479585925624, '0x6': 0.20065347752432214, '0x7': 0.06651250004841912}"
6,evolution,1,True,False,0.4,1.0,"{'0x0': 182, '0x1': 73, '0x2': 110, '0x3': 186, '0x4': 70, '0x5': 127, '0x6': 187, '0x7': 65}","{'0x0': 0.17984564003422177, '0x1': 0.06222464075526384, '0x2': 0.08898304329522569, '0x3': 0.20500283417948775, '0x4': 0.05474306830380351, '0x5': 0.14203479585925624, '0x6': 0.20065347752432214, '0x7': 0.06651250004841912}"
7,evolution,1,True,False,0.4,1.0,"{'0x0': 182, '0x1': 73, '0x2': 110, '0x3': 186, '0x4': 70, '0x5': 127, '0x6': 187, '0x7': 65}","{'0x0': 0.17984564003422177, '0x1': 0.06222464075526384, '0x2': 0.08898304329522569, '0x3': 0.20500283417948775, '0x4': 0.05474306830380351, '0x5': 0.14203479585925624, '0x6': 0.20065347752432214, '0x7': 0.06651250004841912}"
8,evolution,1,True,False,0.4,1.0,"{'0x0': 182, '0x1': 73, '0x2': 110, '0x3': 186, '0x4': 70, '0x5': 127, '0x6': 187, '0x7': 65}","{'0x0': 0.17984564003422177, '0x1': 0.06222464075526384, '0x2': 0.08898304329522569, '0x3': 0.20500283417948775, '0x4': 0.05474306830380351, '0x5': 0.14203479585925624, '0x6': 0.20065347752432214, '0x7': 0.06651250004841912}"
9,evolution,1,True,False,0.4,1.0,"{'0x0': 182, '0x1': 73, '0x2': 110, '0x3': 186, '0x4': 70, '0x5': 127, '0x6': 187, '0x7': 65}","{'0x0': 0.17984564003422177, '0x1': 0.06222464075526384, '0x2': 0.08898304329522569, '0x3': 0.20500283417948775, '0x4': 0.05474306830380351, '0x5': 0.14203479585925624, '0x6': 0.20065347752432214, '0x7': 0.06651250004841912}"
10,evolution,1,True,False,0.4,1.0,"{'0x0': 182, '0x1': 73, '0x2': 110, '0x3': 186, '0x4': 70, '0x5': 127, '0x6': 187, '0x7': 65}","{'0x0': 0.17984564003422177, '0x1': 0.06222464075526384, '0x2': 0.08898304329522569, '0x3': 0.20500283417948775, '0x4': 0.05474306830380351, '0x5': 0.14203479585925624, '0x6': 0.20065347752432214, '0x7': 0.06651250004841912}"
11,evolution,1,True,False,0.4,1.0,"{'0x0': 182, '0x1': 73, '0x2': 110, '0x3': 186, '0x4': 70, '0x5': 127, '0x6': 187, '0x7': 65}","{'0x0': 0.17984564003422177, '0x1': 0.06222464075526384, '0x2': 0.08898304329522569, '0x3': 0.20500283417948775, '0x4': 0.05474306830380351, '0x5': 0.14203479585925624, '0x6': 0.20065347752432214, '0x7': 0.06651250004841912}"
12,evolution,1,True,False,0.4,1.0,"{'0x0': 182, '0x1': 73, '0x2': 110, '0x3': 186, '0x4': 70, '0x5': 127, '0x6': 187, '0x7': 65}","{'0x0': 0.17984564003422177, '0x1': 0.06222464075526384, '0x2': 0.08898304329522569, '0x3': 0.20500283417948775, '0x4': 0.05474306830380351, '0x5': 0.14203479585925624, '0x6': 0.20065347752432214, '0x7': 0.06651250004841912}"
13,evolution,1,True,False,0.4,1.0,"{'0x0': 182, '0x1': 73, '0x2': 110, '0x3': 186, '0x4': 70, '0x5': 127, '0x6': 187, '0x7': 65}","{'0x0': 0.17984564003422177, '0x1': 0.06222464075526384, '0x2': 0.08898304329522569, '0x3': 0.20500283417948775, '0x4': 0.05474306830380351, '0x5': 0.14203479585925624, '0x6': 0.20065347752432214, '0x7': 0.06651250004841912}"
14,evolution,1,True,False,0.4,1.0,"{'0x0': 182, '0x1': 73, '0x2': 110, '0x3': 186, '0x4': 70, '0x5': 127, '0x6': 187, '0x7': 65}","{'0x0': 0.17984564003422177, '0x1': 0.06222464075526384, '0x2': 0.08898304329522569, '0x3': 0.20500283417948775, '0x4': 0.05474306830380351, '0x5': 0.14203479585925624, '0x6': 0.20065347752432214, '0x7': 0.06651250004841912}"
15,evolution,1,True,False,0.4,1.0,"{'0x0': 182, '0x1': 73, '0x2': 110, '0x3': 186, '0x4': 70, '0x5': 127, '0x6': 187, '0x7': 65}","{'0x0': 0.17984564003422177, '0x1': 0.06222464075526384, '0x2': 0.08898304329522569, '0x3': 0.20500283417948775, '0x4': 0.05474306830380351, '0x5': 0.14203479585925624, '0x6': 0.20065347752432214, '0x7': 0.06651250004841912}"
16,evolution,1,True,False,0.4,1.0,"{'0x0': 182, '0x1': 73, '0x2': 110, '0x3': 186, '0x4': 70, '0x5': 127, '0x6': 187, '0x7': 65}","{'0x0': 0.17984564003422177, '0x1': 0.06222464075526384, '0x2': 0.08898304329522569, '0x3': 0.20500283417948775, '0x4': 0.05474306830380351, '0x5': 0.14203479585925624, '0x6': 0.20065347752432214, '0x7': 0.06651250004841912}"
17,evolution,1,True,False,0.4,1.0,"{'0x0': 182, '0x1': 73, '0x2': 110, '0x3': 186, '0x4': 70, '0x5': 127, '0x6': 187, '0x7': 65}","{'0x0': 0.17984564003422177, '0x1': 0.06222464075526384, '0x2': 0.08898304329522569, '0x3': 0.20500283417948775, '0x4': 0.05474306830380351, '0x5': 0.14203479585925624, '0x6': 0.20065347752432214, '0x7': 0.06651250004841912}"
18,evolution,1,True,False,0.4,1.0,"{'0x0': 182, '0x1': 73, '0x2': 110, '0x3': 186, '0x4': 70, '0x5': 127, '0x6': 187, '0x7': 65}","{'0x0': 0.17984564003422177, '0x1': 0.06222464075526384, '0x2': 0.08898304329522569, '0x3': 0.20500283417948775, '0x4': 0.05474306830380351, '0x5': 0.14203479585925624, '0x6': 0.20065347752432214, '0x7': 0.06651250004841912}"
19,evolution,1,True,False,0.4,1.0,"{'0x0': 182, '0x1': 73, '0x2': 110, '0x3': 186, '0x4': 70, '0x5': 127, '0x6': 187, '0x7': 65}","{'0x0': 0.17984564003422177, '0x1': 0.06222464075526384, '0x2': 0.08898304329522569, '0x3': 0.20500283417948775, '0x4': 0.05474306830380351, '0x5': 0.14203479585925624, '0x6': 0.20065347752432214, '0x7': 0.06651250004841912}"
20,rescaling,1,True,False,0.4,1.0,"{'0x0': 182, '0x1': 73, '0x2': 110, '0x3': 186, '0x4': 70, '0x5': 127, '0x6': 187, '0x7': 65}","{'0x0': 0.17984564003422177, '0x1': 0.06222464075526384, '0x2': 0.08898304329522569, '0x3': 0.20500283417948775, '0x4': 0.05474306830380351, '0x5': 0.14203479585925624, '0x6': 0.20065347752432214, '0x7': 0.06651250004841912}"
21,rescaling,1,True,False,0.4,1.0,"{'0x0': 182, '0x1': 73, '0x2': 110, '0x3': 186, '0x4': 70, '0x5': 127, '0x6': 187, '0x7': 65}","{'0x0': 0.17984564003422177, '0x1': 0.06222464075526384, '0x2': 0.08898304329522569, '0x3': 0.20500283417948775, '0x4': 0.05474306830380351, '0x5': 0.14203479585925624, '0x6': 0.20065347752432214, '0x7': 0.06651250004841912}"
22,rescaling,1,True,False,0.4,1.0,"{'0x0': 182, '0x1': 73, '0x2': 110, '0x3': 186, '0x4': 70, '0x5': 127, '0x6': 187, '0x7': 65}","{'0x0': 0.17984564003422177, '0x1': 0.06222464075526384, '0x2': 0.08898304329522569, '0x3': 0.20500283417948775, '0x4': 0.05474306830380351, '0x5': 0.14203479585925624, '0x6': 0.20065347752432214, '0x7': 0.06651250004841912}"
23,rescaling,1,True,False,0.4,1.0,"{'0x0': 182, '0x1': 73, '0x2': 110, '0x3': 186, '0x4': 70, '0x5': 127, '0x6': 187, '0x7': 65}","{'0x0': 0.17984564003422177, '0x1': 0.06222464075526384, '0x2': 0.08898304329522569, '0x3': 0.20500283417948775, '0x4': 0.05474306830380351, '0x5': 0.14203479585925624, '0x6': 0.20065347752432214, '0x7': 0.06651250004841912}"
24,rescaling,1,True,False,0.4,1.0,"{'0x0': 182, '0x1': 73, '0x2': 110, '0x3': 186, '0x4': 70, '0x5': 127, '0x6': 187, '0x7': 65}","{'0x0': 0.17984564003422177, '0x1': 0.06222464075526384, '0x2': 0.08898304329522569, '0x3': 0.20500283417948775, '0x4': 0.05474306830380351, '0x5': 0.14203479585925624, '0x6': 0.20065347752432214, '0x7': 0.06651250004841912}"
25,rescaling,1,True,False,0.4,1.0,"{'0x0': 182, '0x1': 73, '0x2': 110, '0x3': 186, '0x4': 70, '0x5': 127, '0x6': 187, '0x7': 65}","{'0x0': 0.17984564003422177, '0x1': 0.06222464075526384, '0x2': 0.08898304329522569, '0x3': 0.20500283417948775, '0x4': 0.05474306830380351, '0x5': 0.14203479585925624, '0x6': 0.20065347752432214, '0x7': 0.06651250004841912}"
26,rescaling,1,True,False,0.4,1.0,"{'0x0': 182, '0x1': 73, '0x2': 110, '0x3': 186, '0x4': 70, '0x5': 127, '0x6': 187, '0x7': 65}","{'0x0': 0.17984564003422177, '0x1': 0.06222464075526384, '0x2': 0.08898304329522569, '0x3': 0.20500283417948775, '0x4': 0.05474306830380351, '0x5': 0.14203479585925624, '0x6': 0.20065347752432214, '0x7': 0.06651250004841912}"
27,rescaling,1,True,False,0.4,1.0,"{'0x0': 182, '0x1': 73, '0x2': 110, '0x3': 186, '0x4': 70, '0x5': 127, '0x6': 187, '0x7': 65}","{'0x0': 0.17984564003422177, '0x1': 0.06222464075526384, '0x2': 0.08898304329522569, '0x3': 0.20500283417948775, '0x4': 0.05474306830380351, '0x5': 0.14203479585925624, '0x6': 0.20065347752432214, '0x7': 0.06651250004841912}"
28,rescaling,1,True,False,0.4,1.0,"{'0x0': 182, '0x1': 73, '0x2': 110, '0x3': 186, '0x4': 70, '0x5': 127, '0x6': 187, '0x7': 65}","{'0x0': 0.17984564003422177, '0x1': 0.06222464075526384, '0x2': 0.08898304329522569, '0x3': 0.20500283417948775, '0x4': 0.05474306830380351, '0x5': 0.14203479585925624, '0x6': 0.20065347752432214, '0x7': 0.06651250004841912}"
29,rescaling,1,True,False,0.4,1.0,"{'0x0': 182, '0x1': 73, '0x2': 110, '0x3': 186, '0x4': 70, '0x5': 127, '0x6': 187, '0x7': 65}","{'0x0': 0.17984564003422177, '0x1': 0.06222464075526384, '0x2': 0.08898304329522569, '0x3': 0.20500283417948775, '0x4': 0.05474306830380351, '0x5': 0.14203479585925624, '0x6': 0.20065347752432214, '0x7': 0.06651250004841912}"
30,rescaling,1,True,False,0.4,1.0,"{'0x0': 182, '0x1': 73, '0x2': 110, '0x3': 186, '0x4': 70, '0x5': 127, '0x6': 187, '0x7': 65}","{'0x0': 0.17984564003422177, '0x1': 0.06222464075526384, '0x2': 0.08898304329522569, '0x3': 0.20500283417948775, '0x4': 0.05474306830380351, '0x5': 0.14203479585925624, '0x6': 0.20065347752432214, '0x7': 0.06651250004841912}"
31,rescaling,1,True,False,0.4,1.0,"{'0x0': 182, '0x1': 73, '0x2': 110, '0x3': 186, '0x4': 70, '0x5': 127, '0x6': 187, '0x7': 65}","{'0x0': 0.17984564003422177, '0x1': 0.06222464075526384, '0x2': 0.08898304329522569, '0x3': 0.20500283417948775, '0x4': 0.05474306830380351, '0x5': 0.14203479585925624, '0x6': 0.20065347752432214, '0x7': 0.06651250004841912}"
32,rescaling,1,True,False,0.4,1.0,"{'0x0': 182, '0x1': 73, '0x2': 110, '0x3': 186, '0x4': 70, '0x5': 127, '0x6': 187, '0x7': 65}","{'0x0': 0.17984564003422177, '0x1': 0.06222464075526384, '0x2': 0.08898304329522569, '0x3': 0.20500283417948775, '0x4': 0.05474306830380351, '0x5': 0.14203479585925624, '0x6': 0.20065347752432214, '0x7': 0.06651250004841912}"
33,rescaling,1,True,False,0.4,1.0,"{'0x0': 182, '0x1': 73, '0x2': 110, '0x3': 186, '0x4': 70, '0x5': 127, '0x6': 187, '0x7': 65}","{'0x0': 0.17984564003422177, '0x1': 0.06222464075526384, '0x2': 0.08898304329522569, '0x3': 0.20500283417948775, '0x4': 0.05474306830380351, '0x5': 0.14203479585925624, '0x6': 0.20065347752432214, '0x7': 0.06651250004841912}"
34,rescaling,1,True,False,0.4,1.0,"{'0x0': 182, '0x1': 73, '0x2': 110, '0x3': 186, '0x4': 70, '0x5': 127, '0x6': 187, '0x7': 65}","{'0x0': 0.17984564003422177, '0x1': 0.06222464075526384, '0x2': 0.08898304329522569, '0x3': 0.20500283417948775, '0x4': 0.05474306830380351, '0x5': 0.14203479585925624, '0x6': 0.20065347752432214, '0x7': 0.06651250004841912}"
35,rescaling,1,True,False,0.4,1.0,"{'0x0': 182, '0x1': 73, '0x2': 110, '0x3': 186, '0x4': 70, '0x5': 127, '0x6': 187, '0x7': 65}","{'0x0': 0.17984564003422177, '0x1': 0.06222464075526384, '0x2': 0.08898304329522569, '0x3': 0.20500283417948775, '0x4': 0.05474306830380351, '0x5': 0.14203479585925624, '0x6': 0.20065347752432214, '0x7': 0.06651250004841912}"
36,rescaling,1,True,False,0.4,1.0,"{'0x0': 182, '0x1': 73, '0x2': 110, '0x3': 186, '0x4': 70, '0x5': 127, '0x6': 187, '0x7': 65}","{'0x0': 0.17984564003422177, '0x1': 0.06222464075526384, '0x2': 0.08898304329522569, '0x3': 0.20500283417948775, '0x4': 0.05474306830380351, '0x5': 0.14203479585925624, '0x6': 0.20065347752432214, '0x7': 0.06651250004841912}"
37,rescaling,1,True,False,0.4,1.0,"{'0x0': 182, '0x1': 73, '0x2': 110, '0x3': 186, '0x4': 70, '0x5': 127, '0x6': 187, '0x7': 65}","{'0x0': 0.17984564003422177, '0x1': 0.06222464075526384, '0x2': 0.08898304329522569, '0x3': 0.20500283417948775, '0x4': 0.05474306830380351, '0x5': 0.14203479585925624, '0x6': 0.20065347752432214, '0x7': 0.06651250004841912}"
38,rescaling,1,True,False,0.4,1.0,"{'0x0': 182, '0x1': 73, '0x2': 110, '0x3': 186, '0x4': 70, '0x5': 127, '0x6': 187, '0x7': 65}","{'0x0': 0.17984564003422177, '0x1': 0.06222464075526384, '0x2': 0.08898304329522569, '0x3': 0.20500283417948775, '0x4': 0.05474306830380351, '0x5': 0.14203479585925624, '0x6': 0.20065347752432214, '0x7': 0.06651250004841912}"
39,rescaling,1,True,False,0.4,1.0,"{'0x0': 182, '0x1': 73, '0x2': 110, '0x3': 186, '0x4': 70, '0x5': 127, '0x6': 187, '0x7': 65}","{'0x0': 0.17984564003422177, '0x1': 0.06222464075526384, '0x2': 0.08898304329522569, '0x3': 0.20500283417948775, '0x4': 0.05474306830380351, '0x5': 0.14203479585925624, '0x6': 0.20065347752432214, '0x7': 0.06651250004841912}"
40,evolution,2,True,False,0.4,1.0,"{'0x0': 182, '0x1': 73, '0x2': 110, '0x3': 186, '0x4': 70, '0x5': 127, '0x6': 187, '0x7': 65}","{'0x0': 0.17984564003422177, '0x1': 0.06222464075526384, '0x2': 0.08898304329522569, '0x3': 0.20500283417948775, '0x4': 0.05474306830380351, '0x5': 0.14203479585925624, '0x6': 0.20065347752432214, '0x7': 0.06651250004841912}"
41,evolution,2,True,False,0.4,1.0,"{'0x0': 182, '0x1': 73, '0x2': 110, '0x3': 186, '0x4': 70, '0x5': 127, '0x6': 187, '0x7': 65}","{'0x0': 0.17984564003422177, '0x1': 0.06222464075526384, '0x2': 0.08898304329522569, '0x3': 0.20500283417948775, '0x4': 0.05474306830380351, '0x5': 0.14203479585925624, '0x6': 0.20065347752432214, '0x7': 0.06651250004841912}"
42,evolution,2,True,False,0.4,1.0,"{'0x0': 182, '0x1': 73, '0x2': 110, '0x3': 186, '0x4': 70, '0x5': 127, '0x6': 187, '0x7': 65}","{'0x0': 0.17984564003422177, '0x1': 0.06222464075526384, '0x2': 0.08898304329522569, '0x3': 0.20500283417948775, '0x4': 0.05474306830380351, '0x5': 0.14203479585925624, '0x6': 0.20065347752432214, '0x7': 0.06651250004841912}"
43,evolution,2,True,False,0.4,1.0,"{'0x0': 182, '0x1': 73, '0x2': 110, '0x3': 186, '0x4': 70, '0x5': 127, '0x6': 187, '0x7': 65}","{'0x0': 0.17984564003422177, '0x1': 0.06222464075526384, '0x2': 0.08898304329522569, '0x3': 0.20500283417948775, '0x4': 0.05474306830380351, '0x5': 0.14203479585925624, '0x6': 0.20065347752432214, '0x7': 0.06651250004841912}"
44,evolution,2,True,False,0.4,1.0,"{'0x0': 182, '0x1': 73, '0x2': 110, '0x3': 186, '0x4': 70, '0x5': 127, '0x6': 187, '0x7': 65}","{'0x0': 0.17984564003422177, '0x1': 0.06222464075526384, '0x2': 0.08898304329522569, '0x3': 0.20500283417948775, '0x4': 0.05474306830380351, '0x5': 0.14203479585925624, '0x6': 0.20065347752432214, '0x7': 0.06651250004841912}"
45,evolution,2,True,False,0.4,1.0,"{'0x0': 182, '0x1': 73, '0x2': 110, '0x3': 186, '0x4': 70, '0x5': 127, '0x6': 187, '0x7': 65}","{'0x0': 0.17984564003422177, '0x1': 0.06222464075526384, '0x2': 0.08898304329522569, '0x3': 0.20500283417948775, '0x4': 0.05474306830380351, '0x5': 0.14203479585925624, '0x6': 0.20065347752432214, '0x7': 0.06651250004841912}"
46,evolution,2,True,False,0.4,1.0,"{'0x0': 182, '0x1': 73, '0x2': 110, '0x3': 186, '0x4': 70, '0x5': 127, '0x6': 187, '0x7': 65}","{'0x0': 0.17984564003422177, '0x1': 0.06222464075526384, '0x2': 0.08898304329522569, '0x3': 0.20500283417948775, '0x4': 0.05474306830380351, '0x5': 0.14203479585925624, '0x6': 0.20065347752432214, '0x7': 0.06651250004841912}"
47,evolution,2,True,False,0.4,1.0,"{'0x0': 182, '0x1': 73, '0x2': 110, '0x3': 186, '0x4': 70, '0x5': 127, '0x6': 187, '0x7': 65}","{'0x0': 0.17984564003422177, '0x1': 0.06222464075526384, '0x2': 0.08898304329522569, '0x3': 0.20500283417948775, '0x4': 0.05474306830380351, '0x5': 0.14203479585925624, '0x6': 0.20065347752432214, '0x7': 0.06651250004841912}"
48,evolution,2,True,False,0.4,1.0,"{'0x0': 182, '0x1': 73, '0x2': 110, '0x3': 186, '0x4': 70, '0x5': 127, '0x6': 187, '0x7': 65}","{'0x0': 0.17984564003422177, '0x1': 0.06222464075526384, '0x2': 0.08898304329522569, '0x3': 0.20500283417948775, '0x4': 0.05474306830380351, '0x5': 0.14203479585925624, '0x6': 0.20065347752432214, '0x7': 0.06651250004841912}"
49,evolution,2,True,False,0.4,1.0,"{'0x0': 182, '0x1': 73, '0x2': 110, '0x3': 186, '0x4': 70, '0x5': 127, '0x6': 187, '0x7': 65}","{'0x0': 0.17984564003422177, '0x1': 0.06222464075526384, '0x2': 0.08898304329522569, '0x3': 0.20500283417948775, '0x4': 0.05474306830380351, '0x5': 0.14203479585925624, '0x6': 0.20065347752432214, '0x7': 0.06651250004841912}"
50,evolution,2,True,False,0.4,1.0,"{'0x0': 182, '0x1': 73, '0x2': 110, '0x3': 186, '0x4': 70, '0x5': 127, '0x6': 187, '0x7': 65}","{'0x0': 0.17984564003422177, '0x1': 0.06222464075526384, '0x2': 0.08898304329522569, '0x3': 0.20500283417948775, '0x4': 0.05474306830380351, '0x5': 0.14203479585925624, '0x6': 0.20065347752432214, '0x7': 0.06651250004841912}"
51,evolution,2,True,False,0.4,1.0,"{'0x0': 182, '0x1': 73, '0x2': 110, '0x3': 186, '0x4': 70, '0x5': 127, '0x6': 187, '0x7': 65}","{'0x0': 0.17984564003422177, '0x1': 0.06222464075526384, '0x2': 0.08898304329522569, '0x3': 0.20500283417948775, '0x4': 0.05474306830380351, '0x5': 0.14203479585925624, '0x6': 0.20065347752432214, '0x7': 0.06651250004841912}"
52,evolution,2,True,False,0.4,1.0,"{'0x0': 182, '0x1': 73, '0x2': 110, '0x3': 186, '0x4': 70, '0x5': 127, '0x6': 187, '0x7': 65}","{'0x0': 0.17984564003422177, '0x1': 0.06222464075526384, '0x2': 0.08898304329522569, '0x3': 0.20500283417948775, '0x4': 0.05474306830380351, '0x5': 0.14203479585925624, '0x6': 0.20065347752432214, '0x7': 0.06651250004841912}"
53,evolution,2,True,False,0.4,1.0,"{'0x0': 182, '0x1': 73, '0x2': 110, '0x3': 186, '0x4': 70, '0x5': 127, '0x6': 187, '0x7': 65}","{'0x0': 0.17984564003422177, '0x1': 0.06222464075526384, '0x2': 0.08898304329522569, '0x3': 0.20500283417948775, '0x4': 0.05474306830380351, '0x5': 0.14203479585925624, '0x6': 0.20065347752432214, '0x7': 0.06651250004841912}"
54,evolution,2,True,False,0.4,1.0,"{'0x0': 182, '0x1': 73, '0x2': 110, '0x3': 186, '0x4': 70, '0x5': 127, '0x6': 187, '0x7': 65}","{'0x0': 0.17984564003422177, '0x1': 0.06222464075526384, '0x2': 0.08898304329522569, '0x3': 0.20500283417948775, '0x4': 0.05474306830380351, '0x5': 0.14203479585925624, '0x6': 0.20065347752432214, '0x7': 0.06651250004841912}"
55,evolution,2,True,False,0.4,1.0,"{'0x0': 182, '0x1': 73, '0x2': 110, '0x3': 186, '0x4': 70, '0x5': 127, '0x6': 187, '0x7': 65}","{'0x0': 0.17984564003422177, '0x1': 0.06222464075526384, '0x2': 0.08898304329522569, '0x3': 0.20500283417948775, '0x4': 0.05474306830380351, '0x5': 0.14203479585925624, '0x6': 0.20065347752432214, '0x7': 0.06651250004841912}"
56,evolution,2,True,False,0.4,1.0,"{'0x0': 182, '0x1': 73, '0x2': 110, '0x3': 186, '0x4': 70, '0x5': 127, '0x6': 187, '0x7': 65}","{'0x0': 0.17984564003422177, '0x1': 0.06222464075526384, '0x2': 0.08898304329522569, '0x3': 0.20500283417948775, '0x4': 0.05474306830380351, '0x5': 0.14203479585925624, '0x6': 0.20065347752432214, '0x7': 0.06651250004841912}"
57,evolution,2,True,False,0.4,1.0,"{'0x0': 182, '0x1': 73, '0x2': 110, '0x3': 186, '0x4': 70, '0x5': 127, '0x6': 187, '0x7': 65}","{'0x0': 0.17984564003422177, '0x1': 0.06222464075526384, '0x2': 0.08898304329522569, '0x3': 0.20500283417948775, '0x4': 0.05474306830380351, '0x5': 0.14203479585925624, '0x6': 0.20065347752432214, '0x7': 0.06651250004841912}"
58,evolution,2,True,False,0.4,1.0,"{'0x0': 182, '0x1': 73, '0x2': 110, '0x3': 186, '0x4': 70, '0x5': 127, '0x6': 187, '0x7': 65}","{'0x0': 0.17984564003422177, '0x1': 0.06222464075526384, '0x2': 0.08898304329522569, '0x3': 0.20500283417948775, '0x4': 0.05474306830380351, '0x5': 0.14203479585925624, '0x6': 0.20065347752432214, '0x7': 0.06651250004841912}"
59,evolution,2,True,False,0.4,1.0,"{'0x0': 182, '0x1': 73, '0x2': 110, '0x3': 186, '0x4': 70, '0x5': 127, '0x6': 187, '0x7': 65}","{'0x0': 0.17984564003422177, '0x1': 0.06222464075526384, '0x2': 0.08898304329522569, '0x3': 0.20500283417948775, '0x4': 0.05474306830380351, '0x5': 0.14203479585925624, '0x6': 0.20065347752432214, '0x7': 0.06651250004841912}"
60,rescaling,2,True,False,0.4,1.0,"{'0x0': 182, '0x1': 73, '0x2': 110, '0x3': 186, '0x4': 70, '0x5': 127, '0x6': 187, '0x7': 65}","{'0x0': 0.17984564003422177, '0x1': 0.06222464075526384, '0x2': 0.08898304329522569, '0x3': 0.20500283417948775, '0x4': 0.05474306830380351, '0x5': 0.14203479585925624, '0x6': 0.20065347752432214, '0x7': 0.06651250004841912}"
61,rescaling,2,True,False,0.4,1.0,"{'0x0': 182, '0x1': 73, '0x2': 110, '0x3': 186, '0x4': 70, '0x5': 127, '0x6': 187, '0x7': 65}","{'0x0': 0.17984564003422177, '0x1': 0.06222464075526384, '0x2': 0.08898304329522569, '0x3': 0.20500283417948775, '0x4': 0.05474306830380351, '0x5': 0.14203479585925624, '0x6': 0.20065347752432214, '0x7': 0.06651250004841912}"
62,rescaling,2,True,False,0.4,1.0,"{'0x0': 182, '0x1': 73, '0x2': 110, '0x3': 186, '0x4': 70, '0x5': 127, '0x6': 187, '0x7': 65}","{'0x0': 0.17984564003422177, '0x1': 0.06222464075526384, '0x2': 0.08898304329522569, '0x3': 0.20500283417948775, '0x4': 0.05474306830380351, '0x5': 0.14203479585925624, '0x6': 0.20065347752432214, '0x7': 0.06651250004841912}"
63,rescaling,2,True,False,0.4,1.0,"{'0x0': 182, '0x1': 73, '0x2': 110, '0x3': 186, '0x4': 70, '0x5': 127, '0x6': 187, '0x7': 65}","{'0x0': 0.17984564003422177, '0x1': 0.06222464075526384, '0x2': 0.08898304329522569, '0x3': 0.20500283417948775, '0x4': 0.05474306830380351, '0x5': 0.14203479585925624, '0x6': 0.20065347752432214, '0x7': 0.06651250004841912}"
64,rescaling,2,True,False,0.4,1.0,"{'0x0': 182, '0x1': 73, '0x2': 110, '0x3': 186, '0x4': 70, '0x5': 127, '0x6': 187, '0x7': 65}","{'0x0': 0.17984564003422177, '0x1': 0.06222464075526384, '0x2': 0.08898304329522569, '0x3': 0.20500283417948775, '0x4': 0.05474306830380351, '0x5': 0.14203479585925624, '0x6': 0.20065347752432214, '0x7': 0.06651250004841912}"
65,rescaling,2,True,False,0.4,1.0,"{'0x0': 182, '0x1': 73, '0x2': 110, '0x3': 186, '0x4': 70, '0x5': 127, '0x6': 187, '0x7': 65}","{'0x0': 0.17984564003422177, '0x1': 0.06222464075526384, '0x2': 0.08898304329522569, '0x3': 0.20500283417948775, '0x4': 0.05474306830380351, '0x5': 0.14203479585925624, '0x6': 0.20065347752432214, '0x7': 0.06651250004841912}"
66,rescaling,2,True,False,0.4,1.0,"{'0x0': 182, '0x1': 73, '0x2': 110, '0x3': 186, '0x4': 70, '0x5': 127, '0x6': 187, '0x7': 65}","{'0x0': 0.17984564003422177, '0x1': 0.06222464075526384, '0x2': 0.08898304329522569, '0x3': 0.20500283417948775, '0x4': 0.05474306830380351, '0x5': 0.14203479585925624, '0x6': 0.20065347752432214, '0x7': 0.06651250004841912}"
67,rescaling,2,True,False,0.4,1.0,"{'0x0': 182, '0x1': 73, '0x2': 110, '0x3': 186, '0x4': 70, '0x5': 127, '0x6': 187, '0x7': 65}","{'0x0': 0.17984564003422177, '0x1': 0.06222464075526384, '0x2': 0.08898304329522569, '0x3': 0.20500283417948775, '0x4': 0.05474306830380351, '0x5': 0.14203479585925624, '0x6': 0.20065347752432214, '0x7': 0.06651250004841912}"
68,rescaling,2,True,False,0.4,1.0,"{'0x0': 182, '0x1': 73, '0x2': 110, '0x3': 186, '0x4': 70, '0x5': 127, '0x6': 187, '0x7': 65}","{'0x0': 0.17984564003422177, '0x1': 0.06222464075526384, '0x2': 0.08898304329522569, '0x3': 0.20500283417948775, '0x4': 0.05474306830380351, '0x5': 0.14203479585925624, '0x6': 0.20065347752432214, '0x7': 0.06651250004841912}"
69,rescaling,2,True,False,0.4,1.0,"{'0x0': 182, '0x1': 73, '0x2': 110, '0x3': 186, '0x4': 70, '0x5': 127, '0x6': 187, '0x7': 65}","{'0x0': 0.17984564003422177, '0x1': 0.06222464075526384, '0x2': 0.08898304329522569, '0x3': 0.20500283417948775, '0x4': 0.05474306830380351, '0x5': 0.14203479585925624, '0x6': 0.20065347752432214, '0x7': 0.06651250004841912}"
70,rescaling,2,True,False,0.4,1.0,"{'0x0': 182, '0x1': 73, '0x2': 110, '0x3': 186, '0x4': 70, '0x5': 127, '0x6': 187, '0x7': 65}","{'0x0': 0.17984564003422177, '0x1': 0.06222464075526384, '0x2': 0.08898304329522569, '0x3': 0.20500283417948775, '0x4': 0.05474306830380351, '0x5': 0.14203479585925624, '0x6': 0.20065347752432214, '0x7': 0.06651250004841912}"
71,rescaling,2,True,False,0.4,1.0,"{'0x0': 182, '0x1': 73, '0x2': 110, '0x3': 186, '0x4': 70, '0x5': 127, '0x6': 187, '0x7': 65}","{'0x0': 0.17984564003422177, '0x1': 0.06222464075526384, '0x2': 0.08898304329522569, '0x3': 0.20500283417948775, '0x4': 0.05474306830380351, '0x5': 0.14203479585925624, '0x6': 0.20065347752432214, '0x7': 0.06651250004841912}"
72,rescaling,2,True,False,0.4,1.0,"{'0x0': 182, '0x1': 73, '0x2': 110, '0x3': 186, '0x4': 70, '0x5': 127, '0x6': 187, '0x7': 65}","{'0x0': 0.17984564003422177, '0x1': 0.06222464075526384, '0x2': 0.08898304329522569, '0x3': 0.20500283417948775, '0x4': 0.05474306830380351, '0x5': 0.14203479585925624, '0x6': 0.20065347752432214, '0x7': 0.06651250004841912}"
73,rescaling,2,True,False,0.4,1.0,"{'0x0': 182, '0x1': 73, '0x2': 110, '0x3': 186, '0x4': 70, '0x5': 127, '0x6': 187, '0x7': 65}","{'0x0': 0.17984564003422177, '0x1': 0.06222464075526384, '0x2': 0.08898304329522569, '0x3': 0.20500283417948775, '0x4': 0.05474306830380351, '0x5': 0.14203479585925624, '0x6': 0.20065347752432214, '0x7': 0.06651250004841912}"
74,rescaling,2,True,False,0.4,1.0,"{'0x0': 182, '0x1': 73, '0x2': 110, '0x3': 186, '0x4': 70, '0x5': 127, '0x6': 187, '0x7': 65}","{'0x0': 0.17984564003422177, '0x1': 0.06222464075526384, '0x2': 0.08898304329522569, '0x3': 0.20500283417948775, '0x4': 0.05474306830380351, '0x5': 0.14203479585925624, '0x6': 0.20065347752432214, '0x7': 0.06651250004841912}"
75,rescaling,2,True,False,0.4,1.0,"{'0x0': 182, '0x1': 73, '0x2': 110, '0x3': 186, '0x4': 70, '0x5': 127, '0x6': 187, '0x7': 65}","{'0x0': 0.17984564003422177, '0x1': 0.06222464075526384, '0x2': 0.08898304329522569, '0x3': 0.20500283417948775, '0x4': 0.05474306830380351, '0x5': 0.14203479585925624, '0x6': 0.20065347752432214, '0x7': 0.06651250004841912}"
76,rescaling,2,True,False,0.4,1.0,"{'0x0': 182, '0x1': 73, '0x2': 110, '0x3': 186, '0x4': 70, '0x5': 127, '0x6': 187, '0x7': 65}","{'0x0': 0.17984564003422177, '0x1': 0.06222464075526384, '0x2': 0.08898304329522569, '0x3': 0.20500283417948775, '0x4': 0.05474306830380351, '0x5': 0.14203479585925624, '0x6': 0.20065347752432214, '0x7': 0.06651250004841912}"
77,rescaling,2,True,False,0.4,1.0,"{'0x0': 182, '0x1': 73, '0x2': 110, '0x3': 186, '0x4': 70, '0x5': 127, '0x6': 187, '0x7': 65}","{'0x0': 0.17984564003422177, '0x1': 0.06222464075526384, '0x2': 0.08898304329522569, '0x3': 0.20500283417948775, '0x4': 0.05474306830380351, '0x5': 0.14203479585925624, '0x6': 0.20065347752432214, '0x7': 0.06651250004841912}"
78,rescaling,2,True,False,0.4,1.0,"{'0x0': 182, '0x1': 73, '0x2': 110, '0x3': 186, '0x4': 70, '0x5': 127, '0x6': 187, '0x7': 65}","{'0x0': 0.17984564003422177, '0x1': 0.06222464075526384, '0x2': 0.08898304329522569, '0x3': 0.20500283417948775, '0x4': 0.05474306830380351, '0x5': 0.14203479585925624, '0x6': 0.20065347752432214, '0x7': 0.06651250004841912}"
79,rescaling,2,True,False,0.4,1.0,"{'0x0': 182, '0x1': 73, '0x2': 110, '0x3': 186, '0x4': 70, '0x5': 127, '0x6': 187, '0x7': 65}","{'0x0': 0.17984564003422177, '0x1': 0.06222464075526384, '0x2': 0.08898304329522569, '0x3': 0.20500283417948775, '0x4': 0.05474306830380351, '0x5': 0.14203479585925624, '0x6': 0.20065347752432214, '0x7': 0.06651250004841912}"
80,evolution,3,True,False,0.4,1.0,"{'0x0': 182, '0x1': 73, '0x2': 110, '0x3': 186, '0x4': 70, '0x5': 127, '0x6': 187, '0x7': 65}","{'0x0': 0.17984564003422177, '0x1': 0.06222464075526384, '0x2': 0.08898304329522569, '0x3': 0.20500283417948775, '0x4': 0.05474306830380351, '0x5': 0.14203479585925624, '0x6': 0.20065347752432214, '0x7': 0.06651250004841912}"
81,evolution,3,True,False,0.4,1.0,"{'0x0': 182, '0x1': 73, '0x2': 110, '0x3': 186, '0x4': 70, '0x5': 127, '0x6': 187, '0x7': 65}","{'0x0': 0.17984564003422177, '0x1': 0.06222464075526384, '0x2': 0.08898304329522569, '0x3': 0.20500283417948775, '0x4': 0.05474306830380351, '0x5': 0.14203479585925624, '0x6': 0.20065347752432214, '0x7': 0.06651250004841912}"
82,evolution,3,True,False,0.4,1.0,"{'0x0': 182, '0x1': 73, '0x2': 110, '0x3': 186, '0x4': 70, '0x5': 127, '0x6': 187, '0x7': 65}","{'0x0': 0.17984564003422177, '0x1': 0.06222464075526384, '0x2': 0.08898304329522569, '0x3': 0.20500283417948775, '0x4': 0.05474306830380351, '0x5': 0.14203479585925624, '0x6': 0.20065347752432214, '0x7': 0.06651250004841912}"
83,evolution,3,True,False,0.4,1.0,"{'0x0': 182, '0x1': 73, '0x2': 110, '0x3': 186, '0x4': 70, '0x5': 127, '0x6': 187, '0x7': 65}","{'0x0': 0.17984564003422177, '0x1': 0.06222464075526384, '0x2': 0.08898304329522569, '0x3': 0.20500283417948775, '0x4': 0.05474306830380351, '0x5': 0.14203479585925624, '0x6': 0.20065347752432214, '0x7': 0.06651250004841912}"
84,evolution,3,True,False,0.4,1.0,"{'0x0': 182, '0x1': 73, '0x2': 110, '0x3': 186, '0x4': 70, '0x5': 127, '0x6': 187, '0x7': 65}","{'0x0': 0.17984564003422177, '0x1': 0.06222464075526384, '0x2': 0.08898304329522569, '0x3': 0.20500283417948775, '0x4': 0.05474306830380351, '0x5': 0.14203479585925624, '0x6': 0.20065347752432214, '0x7': 0.06651250004841912}"
85,evolution,3,True,False,0.4,1.0,"{'0x0': 182, '0x1': 73, '0x2': 110, '0x3': 186, '0x4': 70, '0x5': 127, '0x6': 187, '0x7': 65}","{'0x0': 0.17984564003422177, '0x1': 0.06222464075526384, '0x2': 0.08898304329522569, '0x3': 0.20500283417948775, '0x4': 0.05474306830380351, '0x5': 0.14203479585925624, '0x6': 0.20065347752432214, '0x7': 0.06651250004841912}"
86,evolution,3,True,False,0.4,1.0,"{'0x0': 182, '0x1': 73, '0x2': 110, '0x3': 186, '0x4': 70, '0x5': 127, '0x6': 187, '0x7': 65}","{'0x0': 0.17984564003422177, '0x1': 0.06222464075526384, '0x2': 0.08898304329522569, '0x3': 0.20500283417948775, '0x4': 0.05474306830380351, '0x5': 0.14203479585925624, '0x6': 0.20065347752432214, '0x7': 0.06651250004841912}"
87,evolution,3,True,False,0.4,1.0,"{'0x0': 182, '0x1': 73, '0x2': 110, '0x3': 186, '0x4': 70, '0x5': 127, '0x6': 187, '0x7': 65}","{'0x0': 0.17984564003422177, '0x1': 0.06222464075526384, '0x2': 0.08898304329522569, '0x3': 0.20500283417948775, '0x4': 0.05474306830380351, '0x5': 0.14203479585925624, '0x6': 0.20065347752432214, '0x7': 0.06651250004841912}"
88,evolution,3,True,False,0.4,1.0,"{'0x0': 182, '0x1': 73, '0x2': 110, '0x3': 186, '0x4': 70, '0x5': 127, '0x6': 187, '0x7': 65}","{'0x0': 0.17984564003422177, '0x1': 0.06222464075526384, '0x2': 0.08898304329522569, '0x3': 0.20500283417948775, '0x4': 0.05474306830380351, '0x5': 0.14203479585925624, '0x6': 0.20065347752432214, '0x7': 0.06651250004841912}"
89,evolution,3,True,False,0.4,1.0,"{'0x0': 182, '0x1': 73, '0x2': 110, '0x3': 186, '0x4': 70, '0x5': 127, '0x6': 187, '0x7': 65}","{'0x0': 0.17984564003422177, '0x1': 0.06222464075526384, '0x2': 0.08898304329522569, '0x3': 0.20500283417948775, '0x4': 0.05474306830380351, '0x5': 0.14203479585925624, '0x6': 0.20065347752432214, '0x7': 0.06651250004841912}"
90,evolution,3,True,False,0.4,1.0,"{'0x0': 182, '0x1': 73, '0x2': 110, '0x3': 186, '0x4': 70, '0x5': 127, '0x6': 187, '0x7': 65}","{'0x0': 0.17984564003422177, '0x1': 0.06222464075526384, '0x2': 0.08898304329522569, '0x3': 0.20500283417948775, '0x4': 0.05474306830380351, '0x5': 0.14203479585925624, '0x6': 0.20065347752432214, '0x7': 0.06651250004841912}"
91,evolution,3,True,False,0.4,1.0,"{'0x0': 182, '0x1': 73, '0x2': 110, '0x3': 186, '0x4': 70, '0x5': 127, '0x6': 187, '0x7': 65}","{'0x0': 0.17984564003422177, '0x1': 0.06222464075526384, '0x2': 0.08898304329522569, '0x3': 0.20500283417948775, '0x4': 0.05474306830380351, '0x5': 0.14203479585925624, '0x6': 0.20065347752432214, '0x7': 0.06651250004841912}"
92,evolution,3,True,False,0.4,1.0,"{'0x0': 182, '0x1': 73, '0x2': 110, '0x3': 186, '0x4': 70, '0x5': 127, '0x6': 187, '0x7': 65}","{'0x0': 0.17984564003422177, '0x1': 0.06222464075526384, '0x2': 0.08898304329522569, '0x3': 0.20500283417948775, '0x4': 0.05474306830380351, '0x5': 0.14203479585925624, '0x6': 0.20065347752432214, '0x7': 0.06651250004841912}"
93,evolution,3,True,False,0.4,1.0,"{'0x0': 182, '0x1': 73, '0x2': 110, '0x3': 186, '0x4': 70, '0x5': 127, '0x6': 187, '0x7': 65}","{'0x0': 0.17984564003422177, '0x1': 0.06222464075526384, '0x2': 0.08898304329522569, '0x3': 0.20500283417948775, '0x4': 0.05474306830380351, '0x5': 0.14203479585925624, '0x6': 0.20065347752432214, '0x7': 0.06651250004841912}"
94,evolution,3,True,False,0.4,1.0,"{'0x0': 182, '0x1': 73, '0x2': 110, '0x3': 186, '0x4': 70, '0x5': 127, '0x6': 187, '0x7': 65}","{'0x0': 0.17984564003422177, '0x1': 0.06222464075526384, '0x2': 0.08898304329522569, '0x3': 0.20500283417948775, '0x4': 0.05474306830380351, '0x5': 0.14203479585925624, '0x6': 0.20065347752432214, '0x7': 0.06651250004841912}"
95,evolution,3,True,False,0.4,1.0,"{'0x0': 182, '0x1': 73, '0x2': 110, '0x3': 186, '0x4': 70, '0x5': 127, '0x6': 187, '0x7': 65}","{'0x0': 0.17984564003422177, '0x1': 0.06222464075526384, '0x2': 0.08898304329522569, '0x3': 0.20500283417948775, '0x4': 0.05474306830380351, '0x5': 0.14203479585925624, '0x6': 0.20065347752432214, '0x7': 0.06651250004841912}"
96,evolution,3,True,False,0.4,1.0,"{'0x0': 182, '0x1': 73, '0x2': 110, '0x3': 186, '0x4': 70, '0x5': 127, '0x6': 187, '0x7': 65}","{'0x0': 0.17984564003422177, '0x1': 0.06222464075526384, '0x2': 0.08898304329522569, '0x3': 0.20500283417948775, '0x4': 0.05474306830380351, '0x5': 0.14203479585925624, '0x6': 0.20065347752432214, '0x7': 0.06651250004841912}"
97,evolution,3,True,False,0.4,1.0,"{'0x0': 182, '0x1': 73, '0x2': 110, '0x3': 186, '0x4': 70, '0x5': 127, '0x6': 187, '0x7': 65}","{'0x0': 0.17984564003422177, '0x1': 0.06222464075526384, '0x2': 0.08898304329522569, '0x3': 0.20500283417948775, '0x4': 0.05474306830380351, '0x5': 0.14203479585925624, '0x6': 0.20065347752432214, '0x7': 0.06651250004841912}"
98,evolution,3,True,False,0.4,1.0,"{'0x0': 182, '0x1': 73, '0x2': 110, '0x3': 186, '0x4': 70, '0x5': 127, '0x6': 187, '0x7': 65}","{'0x0': 0.17984564003422177, '0x1': 0.06222464075526384, '0x2': 0.08898304329522569, '0x3': 0.20500283417948775, '0x4': 0.05474306830380351, '0x5': 0.14203479585925624, '0x6': 0.20065347752432214, '0x7': 0.06651250004841912}"
99,evolution,3,True,False,0.4,1.0,"{'0x0': 182, '0x1': 73, '0x2': 110, '0x3': 186, '0x4': 70, '0x5': 127, '0x6': 187, '0x7': 65}","{'0x0': 0.17984564003422177, '0x1': 0.06222464075526384, '0x2': 0.08898304329522569, '0x3': 0.20500283417948775, '0x4': 0.05474306830380351, '0x5': 0.14203479585925624, '0x6': 0.20065347752432214, '0x7': 0.06651250004841912}"
100,rescaling,3,True,False,0.4,1.0,"{'0x0': 182, '0x1': 73, '0x2': 110, '0x3': 186, '0x4': 70, '0x5': 127, '0x6': 187, '0x7': 65}","{'0x0': 0.17984564003422177, '0x1': 0.06222464075526384, '0x2': 0.08898304329522569, '0x3': 0.20500283417948775, '0x4': 0.05474306830380351, '0x5': 0.14203479585925624, '0x6': 0.20065347752432214, '0x7': 0.06651250004841912}"
101,rescaling,3,True,False,0.4,1.0,"{'0x0': 182, '0x1': 73, '0x2': 110, '0x3': 186, '0x4': 70, '0x5': 127, '0x6': 187, '0x7': 65}","{'0x0': 0.17984564003422177, '0x1': 0.06222464075526384, '0x2': 0.08898304329522569, '0x3': 0.20500283417948775, '0x4': 0.05474306830380351, '0x5': 0.14203479585925624, '0x6': 0.20065347752432214, '0x7': 0.06651250004841912}"
102,rescaling,3,True,False,0.4,1.0,"{'0x0': 182, '0x1': 73, '0x2': 110, '0x3': 186, '0x4': 70, '0x5': 127, '0x6': 187, '0x7': 65}","{'0x0': 0.17984564003422177, '0x1': 0.06222464075526384, '0x2': 0.08898304329522569, '0x3': 0.20500283417948775, '0x4': 0.05474306830380351, '0x5': 0.14203479585925624, '0x6': 0.20065347752432214, '0x7': 0.06651250004841912}"
103,rescaling,3,True,False,0.4,1.0,"{'0x0': 182, '0x1': 73, '0x2': 110, '0x3': 186, '0x4': 70, '0x5': 127, '0x6': 187, '0x7': 65}","{'0x0': 0.17984564003422177, '0x1': 0.06222464075526384, '0x2': 0.08898304329522569, '0x3': 0.20500283417948775, '0x4': 0.05474306830380351, '0x5': 0.14203479585925624, '0x6': 0.20065347752432214, '0x7': 0.06651250004841912}"
104,rescaling,3,True,False,0.4,1.0,"{'0x0': 182, '0x1': 73, '0x2': 110, '0x3': 186, '0x4': 70, '0x5': 127, '0x6': 187, '0x7': 65}","{'0x0': 0.17984564003422177, '0x1': 0.06222464075526384, '0x2': 0.08898304329522569, '0x3': 0.20500283417948775, '0x4': 0.05474306830380351, '0x5': 0.14203479585925624, '0x6': 0.20065347752432214, '0x7': 0.06651250004841912}"
105,rescaling,3,True,False,0.4,1.0,"{'0x0': 182, '0x1': 73, '0x2': 110, '0x3': 186, '0x4': 70, '0x5': 127, '0x6': 187, '0x7': 65}","{'0x0': 0.17984564003422177, '0x1': 0.06222464075526384, '0x2': 0.08898304329522569, '0x3': 0.20500283417948775, '0x4': 0.05474306830380351, '0x5': 0.14203479585925624, '0x6': 0.20065347752432214, '0x7': 0.06651250004841912}"
106,rescaling,3,True,False,0.4,1.0,"{'0x0': 182, '0x1': 73, '0x2': 110, '0x3': 186, '0x4': 70, '0x5': 127, '0x6': 187, '0x7': 65}","{'0x0': 0.17984564003422177, '0x1': 0.06222464075526384, '0x2': 0.08898304329522569, '0x3': 0.20500283417948775, '0x4': 0.05474306830380351, '0x5': 0.14203479585925624, '0x6': 0.20065347752432214, '0x7': 0.06651250004841912}"
107,rescaling,3,True,False,0.4,1.0,"{'0x0': 182, '0x1': 73, '0x2': 110, '0x3': 186, '0x4': 70, '0x5': 127, '0x6': 187, '0x7': 65}","{'0x0': 0.17984564003422177, '0x1': 0.06222464075526384, '0x2': 0.08898304329522569, '0x3': 0.20500283417948775, '0x4': 0.05474306830380351, '0x5': 0.14203479585925624, '0x6': 0.20065347752432214, '0x7': 0.06651250004841912}"
108,rescaling,3,True,False,0.4,1.0,"{'0x0': 182, '0x1': 73, '0x2': 110, '0x3': 186, '0x4': 70, '0x5': 127, '0x6': 187, '0x7': 65}","{'0x0': 0.17984564003422177, '0x1': 0.06222464075526384, '0x2': 0.08898304329522569, '0x3': 0.20500283417948775, '0x4': 0.05474306830380351, '0x5': 0.14203479585925624, '0x6': 0.20065347752432214, '0x7': 0.06651250004841912}"
109,rescaling,3,True,False,0.4,1.0,"{'0x0': 182, '0x1': 73, '0x2': 110, '0x3': 186, '0x4': 70, '0x5': 127, '0x6': 187, '0x7': 65}","{'0x0': 0.17984564003422177, '0x1': 0.06222464075526384, '0x2': 0.08898304329522569, '0x3': 0.20500283417948775, '0x4': 0.05474306830380351, '0x5': 0.14203479585925624, '0x6': 0.20065347752432214, '0x7': 0.06651250004841912}"
110,rescaling,3,True,False,0.4,1.0,"{'0x0': 182, '0x1': 73, '0x2': 110, '0x3': 186, '0x4': 70, '0x5': 127, '0x6': 187, '0x7': 65}","{'0x0': 0.17984564003422177, '0x1': 0.06222464075526384, '0x2': 0.08898304329522569, '0x3': 0.20500283417948775, '0x4': 0.05474306830380351, '0x5': 0.14203479585925624, '0x6': 0.20065347752432214, '0x7': 0.06651250004841912}"
111,rescaling,3,True,False,0.4,1.0,"{'0x0': 182, '0x1': 73, '0x2': 110, '0x3': 186, '0x4': 70, '0x5': 127, '0x6': 187, '0x7': 65}","{'0x0': 0.17984564003422177, '0x1': 0.06222464075526384, '0x2': 0.08898304329522569, '0x3': 0.20500283417948775, '0x4': 0.05474306830380351, '0x5': 0.14203479585925624, '0x6': 0.20065347752432214, '0x7': 0.06651250004841912}"
112,rescaling,3,True,False,0.4,1.0,"{'0x0': 182, '0x1': 73, '0x2': 110, '0x3': 186, '0x4': 70, '0x5': 127, '0x6': 187, '0x7': 65}","{'0x0': 0.17984564003422177, '0x1': 0.06222464075526384, '0x2': 0.08898304329522569, '0x3': 0.20500283417948775, '0x4': 0.05474306830380351, '0x5': 0.14203479585925624, '0x6': 0.20065347752432214, '0x7': 0.06651250004841912}"
113,rescaling,3,True,False,0.4,1.0,"{'0x0': 182, '0x1': 73, '0x2': 110, '0x3': 186, '0x4': 70, '0x5': 127, '0x6': 187, '0x7': 65}","{'0x0': 0.17984564003422177, '0x1': 0.06222464075526384, '0x2': 0.08898304329522569, '0x3': 0.20500283417948775, '0x4': 0.05474306830380351, '0x5': 0.14203479585925624, '0x6': 0.20065347752432214, '0x7': 0.06651250004841912}"
114,rescaling,3,True,False,0.4,1.0,"{'0x0': 182, '0x1': 73, '0x2': 110, '0x3': 186, '0x4': 70, '0x5': 127, '0x6': 187, '0x7': 65}","{'0x0': 0.17984564003422177, '0x1': 0.06222464075526384, '0x2': 0.08898304329522569, '0x3': 0.20500283417948775, '0x4': 0.05474306830380351, '0x5': 0.14203479585925624, '0x6': 0.20065347752432214, '0x7': 0.06651250004841912}"
115,rescaling,3,True,False,0.4,1.0,"{'0x0': 182, '0x1': 73, '0x2': 110, '0x3': 186, '0x4': 70, '0x5': 127, '0x6': 187, '0x7': 65}","{'0x0': 0.17984564003422177, '0x1': 0.06222464075526384, '0x2': 0.08898304329522569, '0x3': 0.20500283417948775, '0x4': 0.05474306830380351, '0x5': 0.14203479585925624, '0x6': 0.20065347752432214, '0x7': 0.06651250004841912}"
116,rescaling,3,True,False,0.4,1.0,"{'0x0': 182, '0x1': 73, '0x2': 110, '0x3': 186, '0x4': 70, '0x5': 127, '0x6': 187, '0x7': 65}","{'0x0': 0.17984564003422177, '0x1': 0.06222464075526384, '0x2': 0.08898304329522569, '0x3': 0.20500283417948775, '0x4': 0.05474306830380351, '0x5': 0.14203479585925624, '0x6': 0.20065347752432214, '0x7': 0.06651250004841912}"
117,rescaling,3,True,False,0.4,1.0,"{'0x0': 182, '0x1': 73, '0x2': 110, '0x3': 186, '0x4': 70, '0x5': 127, '0x6': 187, '0x7': 65}","{'0x0': 0.17984564003422177, '0x1': 0.06222464075526384, '0x2': 0.08898304329522569, '0x3': 0.20500283417948775, '0x4': 0.05474306830380351, '0x5': 0.14203479585925624, '0x6': 0.20065347752432214, '0x7': 0.06651250004841912}"
118,rescaling,3,True,False,0.4,1.0,"{'0x0': 182, '0x1': 73, '0x2': 110, '0x3': 186, '0x4': 70, '0x5': 127, '0x6': 187, '0x7': 65}","{'0x0': 0.17984564003422177, '0x1': 0.06222464075526384, '0x2': 0.08898304329522569, '0x3': 0.20500283417948775, '0x4': 0.05474306830380351, '0x5': 0.14203479585925624, '0x6': 0.20065347752432214, '0x7': 0.06651250004841912}"
119,rescaling,3,True,False,0.4,1.0,"{'0x0': 182, '0x1': 73, '0x2': 110, '0x3': 186, '0x4': 70, '0x5': 127, '0x6': 187, '0x7': 65}","{'0x0': 0.17984564003422177, '0x1': 0.06222464075526384, '0x2': 0.08898304329522569, '0x3': 0.20500283417948775, '0x4': 0.05474306830380351, '0x5': 0.14203479585925624, '0x6': 0.20065347752432214, '0x7': 0.06651250004841912}"
120,evolution,4,True,False,0.4,1.0,"{'0x0': 182, '0x1': 73, '0x2': 110, '0x3': 186, '0x4': 70, '0x5': 127, '0x6': 187, '0x7': 65}","{'0x0': 0.17984564003422177, '0x1': 0.06222464075526384, '0x2': 0.08898304329522569, '0x3': 0.20500283417948775, '0x4': 0.05474306830380351, '0x5': 0.14203479585925624, '0x6': 0.20065347752432214, '0x7': 0.06651250004841912}"
121,evolution,4,True,False,0.4,1.0,"{'0x0': 182, '0x1': 73, '0x2': 110, '0x3': 186, '0x4': 70, '0x5': 127, '0x6': 187, '0x7': 65}","{'0x0': 0.17984564003422177, '0x1': 0.06222464075526384, '0x2': 0.08898304329522569, '0x3': 0.20500283417948775, '0x4': 0.05474306830380351, '0x5': 0.14203479585925624, '0x6': 0.20065347752432214, '0x7': 0.06651250004841912}"
122,evolution,4,True,False,0.4,1.0,"{'0x0': 182, '0x1': 73, '0x2': 110, '0x3': 186, '0x4': 70, '0x5': 127, '0x6': 187, '0x7': 65}","{'0x0': 0.17984564003422177, '0x1': 0.06222464075526384, '0x2': 0.08898304329522569, '0x3': 0.20500283417948775, '0x4': 0.05474306830380351, '0x5': 0.14203479585925624, '0x6': 0.20065347752432214, '0x7': 0.06651250004841912}"
123,evolution,4,True,False,0.4,1.0,"{'0x0': 182, '0x1': 73, '0x2': 110, '0x3': 186, '0x4': 70, '0x5': 127, '0x6': 187, '0x7': 65}","{'0x0': 0.17984564003422177, '0x1': 0.06222464075526384, '0x2': 0.08898304329522569, '0x3': 0.20500283417948775, '0x4': 0.05474306830380351, '0x5': 0.14203479585925624, '0x6': 0.20065347752432214, '0x7': 0.06651250004841912}"
124,evolution,4,True,False,0.4,1.0,"{'0x0': 182, '0x1': 73, '0x2': 110, '0x3': 186, '0x4': 70, '0x5': 127, '0x6': 187, '0x7': 65}","{'0x0': 0.17984564003422177, '0x1': 0.06222464075526384, '0x2': 0.08898304329522569, '0x3': 0.20500283417948775, '0x4': 0.05474306830380351, '0x5': 0.14203479585925624, '0x6': 0.20065347752432214, '0x7': 0.06651250004841912}"
125,evolution,4,True,False,0.4,1.0,"{'0x0': 182, '0x1': 73, '0x2': 110, '0x3': 186, '0x4': 70, '0x5': 127, '0x6': 187, '0x7': 65}","{'0x0': 0.17984564003422177, '0x1': 0.06222464075526384, '0x2': 0.08898304329522569, '0x3': 0.20500283417948775, '0x4': 0.05474306830380351, '0x5': 0.14203479585925624, '0x6': 0.20065347752432214, '0x7': 0.06651250004841912}"
126,evolution,4,True,False,0.4,1.0,"{'0x0': 182, '0x1': 73, '0x2': 110, '0x3': 186, '0x4': 70, '0x5': 127, '0x6': 187, '0x7': 65}","{'0x0': 0.17984564003422177, '0x1': 0.06222464075526384, '0x2': 0.08898304329522569, '0x3': 0.20500283417948775, '0x4': 0.05474306830380351, '0x5': 0.14203479585925624, '0x6': 0.20065347752432214, '0x7': 0.06651250004841912}"
127,evolution,4,True,False,0.4,1.0,"{'0x0': 182, '0x1': 73, '0x2': 110, '0x3': 186, '0x4': 70, '0x5': 127, '0x6': 187, '0x7': 65}","{'0x0': 0.17984564003422177, '0x1': 0.06222464075526384, '0x2': 0.08898304329522569, '0x3': 0.20500283417948775, '0x4': 0.05474306830380351, '0x5': 0.14203479585925624, '0x6': 0.20065347752432214, '0x7': 0.06651250004841912}"
128,evolution,4,True,False,0.4,1.0,"{'0x0': 182, '0x1': 73, '0x2': 110, '0x3': 186, '0x4': 70, '0x5': 127, '0x6': 187, '0x7': 65}","{'0x0': 0.17984564003422177, '0x1': 0.06222464075526384, '0x2': 0.08898304329522569, '0x3': 0.20500283417948775, '0x4': 0.05474306830380351, '0x5': 0.14203479585925624, '0x6': 0.20065347752432214, '0x7': 0.06651250004841912}"
129,evolution,4,True,False,0.4,1.0,"{'0x0': 182, '0x1': 73, '0x2': 110, '0x3': 186, '0x4': 70, '0x5': 127, '0x6': 187, '0x7': 65}","{'0x0': 0.17984564003422177, '0x1': 0.06222464075526384, '0x2': 0.08898304329522569, '0x3': 0.20500283417948775, '0x4': 0.05474306830380351, '0x5': 0.14203479585925624, '0x6': 0.20065347752432214, '0x7': 0.06651250004841912}"
130,evolution,4,True,False,0.4,1.0,"{'0x0': 182, '0x1': 73, '0x2': 110, '0x3': 186, '0x4': 70, '0x5': 127, '0x6': 187, '0x7': 65}","{'0x0': 0.17984564003422177, '0x1': 0.06222464075526384, '0x2': 0.08898304329522569, '0x3': 0.20500283417948775, '0x4': 0.05474306830380351, '0x5': 0.14203479585925624, '0x6': 0.20065347752432214, '0x7': 0.06651250004841912}"
131,evolution,4,True,False,0.4,1.0,"{'0x0': 182, '0x1': 73, '0x2': 110, '0x3': 186, '0x4': 70, '0x5': 127, '0x6': 187, '0x7': 65}","{'0x0': 0.17984564003422177, '0x1': 0.06222464075526384, '0x2': 0.08898304329522569, '0x3': 0.20500283417948775, '0x4': 0.05474306830380351, '0x5': 0.14203479585925624, '0x6': 0.20065347752432214, '0x7': 0.06651250004841912}"
132,evolution,4,True,False,0.4,1.0,"{'0x0': 182, '0x1': 73, '0x2': 110, '0x3': 186, '0x4': 70, '0x5': 127, '0x6': 187, '0x7': 65}","{'0x0': 0.17984564003422177, '0x1': 0.06222464075526384, '0x2': 0.08898304329522569, '0x3': 0.20500283417948775, '0x4': 0.05474306830380351, '0x5': 0.14203479585925624, '0x6': 0.20065347752432214, '0x7': 0.06651250004841912}"
133,evolution,4,True,False,0.4,1.0,"{'0x0': 182, '0x1': 73, '0x2': 110, '0x3': 186, '0x4': 70, '0x5': 127, '0x6': 187, '0x7': 65}","{'0x0': 0.17984564003422177, '0x1': 0.06222464075526384, '0x2': 0.08898304329522569, '0x3': 0.20500283417948775, '0x4': 0.05474306830380351, '0x5': 0.14203479585925624, '0x6': 0.20065347752432214, '0x7': 0.06651250004841912}"
134,evolution,4,True,False,0.4,1.0,"{'0x0': 182, '0x1': 73, '0x2': 110, '0x3': 186, '0x4': 70, '0x5': 127, '0x6': 187, '0x7': 65}","{'0x0': 0.17984564003422177, '0x1': 0.06222464075526384, '0x2': 0.08898304329522569, '0x3': 0.20500283417948775, '0x4': 0.05474306830380351, '0x5': 0.14203479585925624, '0x6': 0.20065347752432214, '0x7': 0.06651250004841912}"
135,evolution,4,True,False,0.4,1.0,"{'0x0': 182, '0x1': 73, '0x2': 110, '0x3': 186, '0x4': 70, '0x5': 127, '0x6': 187, '0x7': 65}","{'0x0': 0.17984564003422177, '0x1': 0.06222464075526384, '0x2': 0.08898304329522569, '0x3': 0.20500283417948775, '0x4': 0.05474306830380351, '0x5': 0.14203479585925624, '0x6': 0.20065347752432214, '0x7': 0.06651250004841912}"
136,evolution,4,True,False,0.4,1.0,"{'0x0': 182, '0x1': 73, '0x2': 110, '0x3': 186, '0x4': 70, '0x5': 127, '0x6': 187, '0x7': 65}","{'0x0': 0.17984564003422177, '0x1': 0.06222464075526384, '0x2': 0.08898304329522569, '0x3': 0.20500283417948775, '0x4': 0.05474306830380351, '0x5': 0.14203479585925624, '0x6': 0.20065347752432214, '0x7': 0.06651250004841912}"
137,evolution,4,True,False,0.4,1.0,"{'0x0': 182, '0x1': 73, '0x2': 110, '0x3': 186, '0x4': 70, '0x5': 127, '0x6': 187, '0x7': 65}","{'0x0': 0.17984564003422177, '0x1': 0.06222464075526384, '0x2': 0.08898304329522569, '0x3': 0.20500283417948775, '0x4': 0.05474306830380351, '0x5': 0.14203479585925624, '0x6': 0.20065347752432214, '0x7': 0.06651250004841912}"
138,evolution,4,True,False,0.4,1.0,"{'0x0': 182, '0x1': 73, '0x2': 110, '0x3': 186, '0x4': 70, '0x5': 127, '0x6': 187, '0x7': 65}","{'0x0': 0.17984564003422177, '0x1': 0.06222464075526384, '0x2': 0.08898304329522569, '0x3': 0.20500283417948775, '0x4': 0.05474306830380351, '0x5': 0.14203479585925624, '0x6': 0.20065347752432214, '0x7': 0.06651250004841912}"
139,evolution,4,True,False,0.4,1.0,"{'0x0': 182, '0x1': 73, '0x2': 110, '0x3': 186, '0x4': 70, '0x5': 127, '0x6': 187, '0x7': 65}","{'0x0': 0.17984564003422177, '0x1': 0.06222464075526384, '0x2': 0.08898304329522569, '0x3': 0.20500283417948775, '0x4': 0.05474306830380351, '0x5': 0.14203479585925624, '0x6': 0.20065347752432214, '0x7': 0.06651250004841912}"
140,rescaling,4,True,False,0.4,1.0,"{'0x0': 182, '0x1': 73, '0x2': 110, '0x3': 186, '0x4': 70, '0x5': 127, '0x6': 187, '0x7': 65}","{'0x0': 0.17984564003422177, '0x1': 0.06222464075526384, '0x2': 0.08898304329522569, '0x3': 0.20500283417948775, '0x4': 0.05474306830380351, '0x5': 0.14203479585925624, '0x6': 0.20065347752432214, '0x7': 0.06651250004841912}"
141,rescaling,4,True,False,0.4,1.0,"{'0x0': 182, '0x1': 73, '0x2': 110, '0x3': 186, '0x4': 70, '0x5': 127, '0x6': 187, '0x7': 65}","{'0x0': 0.17984564003422177, '0x1': 0.06222464075526384, '0x2': 0.08898304329522569, '0x3': 0.20500283417948775, '0x4': 0.05474306830380351, '0x5': 0.14203479585925624, '0x6': 0.20065347752432214, '0x7': 0.06651250004841912}"
142,rescaling,4,True,False,0.4,1.0,"{'0x0': 182, '0x1': 73, '0x2': 110, '0x3': 186, '0x4': 70, '0x5': 127, '0x6': 187, '0x7': 65}","{'0x0': 0.17984564003422177, '0x1': 0.06222464075526384, '0x2': 0.08898304329522569, '0x3': 0.20500283417948775, '0x4': 0.05474306830380351, '0x5': 0.14203479585925624, '0x6': 0.20065347752432214, '0x7': 0.06651250004841912}"
143,rescaling,4,True,False,0.4,1.0,"{'0x0': 182, '0x1': 73, '0x2': 110, '0x3': 186, '0x4': 70, '0x5': 127, '0x6': 187, '0x7': 65}","{'0x0': 0.17984564003422177, '0x1': 0.06222464075526384, '0x2': 0.08898304329522569, '0x3': 0.20500283417948775, '0x4': 0.05474306830380351, '0x5': 0.14203479585925624, '0x6': 0.20065347752432214, '0x7': 0.06651250004841912}"
144,rescaling,4,True,False,0.4,1.0,"{'0x0': 182, '0x1': 73, '0x2': 110, '0x3': 186, '0x4': 70, '0x5': 127, '0x6': 187, '0x7': 65}","{'0x0': 0.17984564003422177, '0x1': 0.06222464075526384, '0x2': 0.08898304329522569, '0x3': 0.20500283417948775, '0x4': 0.05474306830380351, '0x5': 0.14203479585925624, '0x6': 0.20065347752432214, '0x7': 0.06651250004841912}"
145,rescaling,4,True,False,0.4,1.0,"{'0x0': 182, '0x1': 73, '0x2': 110, '0x3': 186, '0x4': 70, '0x5': 127, '0x6': 187, '0x7': 65}","{'0x0': 0.17984564003422177, '0x1': 0.06222464075526384, '0x2': 0.08898304329522569, '0x3': 0.20500283417948775, '0x4': 0.05474306830380351, '0x5': 0.14203479585925624, '0x6': 0.20065347752432214, '0x7': 0.06651250004841912}"
146,rescaling,4,True,False,0.4,1.0,"{'0x0': 182, '0x1': 73, '0x2': 110, '0x3': 186, '0x4': 70, '0x5': 127, '0x6': 187, '0x7': 65}","{'0x0': 0.17984564003422177, '0x1': 0.06222464075526384, '0x2': 0.08898304329522569, '0x3': 0.20500283417948775, '0x4': 0.05474306830380351, '0x5': 0.14203479585925624, '0x6': 0.20065347752432214, '0x7': 0.06651250004841912}"
147,rescaling,4,True,False,0.4,1.0,"{'0x0': 182, '0x1': 73, '0x2': 110, '0x3': 186, '0x4': 70, '0x5': 127, '0x6': 187, '0x7': 65}","{'0x0': 0.17984564003422177, '0x1': 0.06222464075526384, '0x2': 0.08898304329522569, '0x3': 0.20500283417948775, '0x4': 0.05474306830380351, '0x5': 0.14203479585925624, '0x6': 0.20065347752432214, '0x7': 0.06651250004841912}"
148,rescaling,4,True,False,0.4,1.0,"{'0x0': 182, '0x1': 73, '0x2': 110, '0x3': 186, '0x4': 70, '0x5': 127, '0x6': 187, '0x7': 65}","{'0x0': 0.17984564003422177, '0x1': 0.06222464075526384, '0x2': 0.08898304329522569, '0x3': 0.20500283417948775, '0x4': 0.05474306830380351, '0x5': 0.14203479585925624, '0x6': 0.20065347752432214, '0x7': 0.06651250004841912}"
149,rescaling,4,True,False,0.4,1.0,"{'0x0': 182, '0x1': 73, '0x2': 110, '0x3': 186, '0x4': 70, '0x5': 127, '0x6': 187, '0x7': 65}","{'0x0': 0.17984564003422177, '0x1': 0.06222464075526384, '0x2': 0.08898304329522569, '0x3': 0.20500283417948775, '0x4': 0.05474306830380351, '0x5': 0.14203479585925624, '0x6': 0.20065347752432214, '0x7': 0.06651250004841912}"
150,rescaling,4,True,False,0.4,1.0,"{'0x0': 182, '0x1': 73, '0x2': 110, '0x3': 186, '0x4': 70, '0x5': 127, '0x6': 187, '0x7': 65}","{'0x0': 0.17984564003422177, '0x1': 0.06222464075526384, '0x2': 0.08898304329522569, '0x3': 0.20500283417948775, '0x4': 0.05474306830380351, '0x5': 0.14203479585925624, '0x6': 0.20065347752432214, '0x7': 0.06651250004841912}"
151,rescaling,4,True,False,0.4,1.0,"{'0x0': 182, '0x1': 73, '0x2': 110, '0x3': 186, '0x4': 70, '0x5': 127, '0x6': 187, '0x7': 65}","{'0x0': 0.17984564003422177, '0x1': 0.06222464075526384, '0x2': 0.08898304329522569, '0x3': 0.20500283417948775, '0x4': 0.05474306830380351, '0x5': 0.14203479585925624, '0x6': 0.20065347752432214, '0x7': 0.06651250004841912}"
152,rescaling,4,True,False,0.4,1.0,"{'0x0': 182, '0x1': 73, '0x2': 110, '0x3': 186, '0x4': 70, '0x5': 127, '0x6': 187, '0x7': 65}","{'0x0': 0.17984564003422177, '0x1': 0.06222464075526384, '0x2': 0.08898304329522569, '0x3': 0.20500283417948775, '0x4': 0.05474306830380351, '0x5': 0.14203479585925624, '0x6': 0.20065347752432214, '0x7': 0.06651250004841912}"
153,rescaling,4,True,False,0.4,1.0,"{'0x0': 182, '0x1': 73, '0x2': 110, '0x3': 186, '0x4': 70, '0x5': 127, '0x6': 187, '0x7': 65}","{'0x0': 0.17984564003422177, '0x1': 0.06222464075526384, '0x2': 0.08898304329522569, '0x3': 0.20500283417948775, '0x4': 0.05474306830380351, '0x5': 0.14203479585925624, '0x6': 0.20065347752432214, '0x7': 0.06651250004841912}"
154,rescaling,4,True,False,0.4,1.0,"{'0x0': 182, '0x1': 73, '0x2': 110, '0x3': 186, '0x4': 70, '0x5': 127, '0x6': 187, '0x7': 65}","{'0x0': 0.17984564003422177, '0x1': 0.06222464075526384, '0x2': 0.08898304329522569, '0x3': 0.20500283417948775, '0x4': 0.05474306830380351, '0x5': 0.14203479585925624, '0x6': 0.20065347752432214, '0x7': 0.06651250004841912}"
155,rescaling,4,True,False,0.4,1.0,"{'0x0': 182, '0x1': 73, '0x2': 110, '0x3': 186, '0x4': 70, '0x5': 127, '0x6': 187, '0x7': 65}","{'0x0': 0.17984564003422177, '0x1': 0.06222464075526384, '0x2': 0.08898304329522569, '0x3': 0.20500283417948775, '0x4': 0.05474306830380351, '0x5': 0.14203479585925624, '0x6': 0.20065347752432214, '0x7': 0.06651250004841912}"
156,rescaling,4,True,False,0.4,1.0,"{'0x0': 182, '0x1': 73, '0x2': 110, '0x3': 186, '0x4': 70, '0x5': 127, '0x6': 187, '0x7': 65}","{'0x0': 0.17984564003422177, '0x1': 0.06222464075526384, '0x2': 0.08898304329522569, '0x3': 0.20500283417948775, '0x4': 0.05474306830380351, '0x5': 0.14203479585925624, '0x6': 0.20065347752432214, '0x7': 0.06651250004841912}"
157,rescaling,4,True,False,0.4,1.0,"{'0x0': 182, '0x1': 73, '0x2': 110, '0x3': 186, '0x4': 70, '0x5': 127, '0x6': 187, '0x7': 65}","{'0x0': 0.17984564003422177, '0x1': 0.06222464075526384, '0x2': 0.08898304329522569, '0x3': 0.20500283417948775, '0x4': 0.05474306830380351, '0x5': 0.14203479585925624, '0x6': 0.20065347752432214, '0x7': 0.06651250004841912}"
158,rescaling,4,True,False,0.4,1.0,"{'0x0': 182, '0x1': 73, '0x2': 110, '0x3': 186, '0x4': 70, '0x5': 127, '0x6': 187, '0x7': 65}","{'0x0': 0.17984564003422177, '0x1': 0.06222464075526384, '0x2': 0.08898304329522569, '0x3': 0.20500283417948775, '0x4': 0.05474306830380351, '0x5': 0.14203479585925624, '0x6': 0.20065347752432214, '0x7': 0.06651250004841912}"
159,rescaling,4,True,False,0.4,1.0,"{'0x0': 182, '0x1': 73, '0x2': 110, '0x3': 186, '0x4': 70, '0x5': 127, '0x6': 187, '0x7': 65}","{'0x0': 0.17984564003422177, '0x1': 0.06222464075526384, '0x2': 0.08898304329522569, '0x3': 0.20500283417948775, '0x4': 0.05474306830380351, '0x5': 0.14203479585925624, '0x6': 0.20065347752432214, '0x7': 0.06651250004841912}"
160,evolution,5,True,False,0.4,1.0,"{'0x0': 182, '0x1': 73, '0x2': 110, '0x3': 186, '0x4': 70, '0x5': 127, '0x6': 187, '0x7': 65}","{'0x0': 0.17984564003422177, '0x1': 0.06222464075526384, '0x2': 0.08898304329522569, '0x3': 0.20500283417948775, '0x4': 0.05474306830380351, '0x5': 0.14203479585925624, '0x6': 0.20065347752432214, '0x7': 0.06651250004841912}"
161,evolution,5,True,False,0.4,1.0,"{'0x0': 182, '0x1': 73, '0x2': 110, '0x3': 186, '0x4': 70, '0x5': 127, '0x6': 187, '0x7': 65}","{'0x0': 0.17984564003422177, '0x1': 0.06222464075526384, '0x2': 0.08898304329522569, '0x3': 0.20500283417948775, '0x4': 0.05474306830380351, '0x5': 0.14203479585925624, '0x6': 0.20065347752432214, '0x7': 0.06651250004841912}"
162,evolution,5,True,False,0.4,1.0,"{'0x0': 182, '0x1': 73, '0x2': 110, '0x3': 186, '0x4': 70, '0x5': 127, '0x6': 187, '0x7': 65}","{'0x0': 0.17984564003422177, '0x1': 0.06222464075526384, '0x2': 0.08898304329522569, '0x3': 0.20500283417948775, '0x4': 0.05474306830380351, '0x5': 0.14203479585925624, '0x6': 0.20065347752432214, '0x7': 0.06651250004841912}"
163,evolution,5,True,False,0.4,1.0,"{'0x0': 182, '0x1': 73, '0x2': 110, '0x3': 186, '0x4': 70, '0x5': 127, '0x6': 187, '0x7': 65}","{'0x0': 0.17984564003422177, '0x1': 0.06222464075526384, '0x2': 0.08898304329522569, '0x3': 0.20500283417948775, '0x4': 0.05474306830380351, '0x5': 0.14203479585925624, '0x6': 0.20065347752432214, '0x7': 0.06651250004841912}"
164,evolution,5,True,False,0.4,1.0,"{'0x0': 182, '0x1': 73, '0x2': 110, '0x3': 186, '0x4': 70, '0x5': 127, '0x6': 187, '0x7': 65}","{'0x0': 0.17984564003422177, '0x1': 0.06222464075526384, '0x2': 0.08898304329522569, '0x3': 0.20500283417948775, '0x4': 0.05474306830380351, '0x5': 0.14203479585925624, '0x6': 0.20065347752432214, '0x7': 0.06651250004841912}"
165,evolution,5,True,False,0.4,1.0,"{'0x0': 182, '0x1': 73, '0x2': 110, '0x3': 186, '0x4': 70, '0x5': 127, '0x6': 187, '0x7': 65}","{'0x0': 0.17984564003422177, '0x1': 0.06222464075526384, '0x2': 0.08898304329522569, '0x3': 0.20500283417948775, '0x4': 0.05474306830380351, '0x5': 0.14203479585925624, '0x6': 0.20065347752432214, '0x7': 0.06651250004841912}"
166,evolution,5,True,False,0.4,1.0,"{'0x0': 182, '0x1': 73, '0x2': 110, '0x3': 186, '0x4': 70, '0x5': 127, '0x6': 187, '0x7': 65}","{'0x0': 0.17984564003422177, '0x1': 0.06222464075526384, '0x2': 0.08898304329522569, '0x3': 0.20500283417948775, '0x4': 0.05474306830380351, '0x5': 0.14203479585925624, '0x6': 0.20065347752432214, '0x7': 0.06651250004841912}"
167,evolution,5,True,False,0.4,1.0,"{'0x0': 182, '0x1': 73, '0x2': 110, '0x3': 186, '0x4': 70, '0x5': 127, '0x6': 187, '0x7': 65}","{'0x0': 0.17984564003422177, '0x1': 0.06222464075526384, '0x2': 0.08898304329522569, '0x3': 0.20500283417948775, '0x4': 0.05474306830380351, '0x5': 0.14203479585925624, '0x6': 0.20065347752432214, '0x7': 0.06651250004841912}"
168,evolution,5,True,False,0.4,1.0,"{'0x0': 182, '0x1': 73, '0x2': 110, '0x3': 186, '0x4': 70, '0x5': 127, '0x6': 187, '0x7': 65}","{'0x0': 0.17984564003422177, '0x1': 0.06222464075526384, '0x2': 0.08898304329522569, '0x3': 0.20500283417948775, '0x4': 0.05474306830380351, '0x5': 0.14203479585925624, '0x6': 0.20065347752432214, '0x7': 0.06651250004841912}"
169,evolution,5,True,False,0.4,1.0,"{'0x0': 182, '0x1': 73, '0x2': 110, '0x3': 186, '0x4': 70, '0x5': 127, '0x6': 187, '0x7': 65}","{'0x0': 0.17984564003422177, '0x1': 0.06222464075526384, '0x2': 0.08898304329522569, '0x3': 0.20500283417948775, '0x4': 0.05474306830380351, '0x5': 0.14203479585925624, '0x6': 0.20065347752432214, '0x7': 0.06651250004841912}"
170,evolution,5,True,False,0.4,1.0,"{'0x0': 182, '0x1': 73, '0x2': 110, '0x3': 186, '0x4': 70, '0x5': 127, '0x6': 187, '0x7': 65}","{'0x0': 0.17984564003422177, '0x1': 0.06222464075526384, '0x2': 0.08898304329522569, '0x3': 0.20500283417948775, '0x4': 0.05474306830380351, '0x5': 0.14203479585925624, '0x6': 0.20065347752432214, '0x7': 0.06651250004841912}"
171,evolution,5,True,False,0.4,1.0,"{'0x0': 182, '0x1': 73, '0x2': 110, '0x3': 186, '0x4': 70, '0x5': 127, '0x6': 187, '0x7': 65}","{'0x0': 0.17984564003422177, '0x1': 0.06222464075526384, '0x2': 0.08898304329522569, '0x3': 0.20500283417948775, '0x4': 0.05474306830380351, '0x5': 0.14203479585925624, '0x6': 0.20065347752432214, '0x7': 0.06651250004841912}"
172,evolution,5,True,False,0.4,1.0,"{'0x0': 182, '0x1': 73, '0x2': 110, '0x3': 186, '0x4': 70, '0x5': 127, '0x6': 187, '0x7': 65}","{'0x0': 0.17984564003422177, '0x1': 0.06222464075526384, '0x2': 0.08898304329522569, '0x3': 0.20500283417948775, '0x4': 0.05474306830380351, '0x5': 0.14203479585925624, '0x6': 0.20065347752432214, '0x7': 0.06651250004841912}"
173,evolution,5,True,False,0.4,1.0,"{'0x0': 182, '0x1': 73, '0x2': 110, '0x3': 186, '0x4': 70, '0x5': 127, '0x6': 187, '0x7': 65}","{'0x0': 0.17984564003422177, '0x1': 0.06222464075526384, '0x2': 0.08898304329522569, '0x3': 0.20500283417948775, '0x4': 0.05474306830380351, '0x5': 0.14203479585925624, '0x6': 0.20065347752432214, '0x7': 0.06651250004841912}"
174,evolution,5,True,False,0.4,1.0,"{'0x0': 182, '0x1': 73, '0x2': 110, '0x3': 186, '0x4': 70, '0x5': 127, '0x6': 187, '0x7': 65}","{'0x0': 0.17984564003422177, '0x1': 0.06222464075526384, '0x2': 0.08898304329522569, '0x3': 0.20500283417948775, '0x4': 0.05474306830380351, '0x5': 0.14203479585925624, '0x6': 0.20065347752432214, '0x7': 0.06651250004841912}"
175,evolution,5,True,False,0.4,1.0,"{'0x0': 182, '0x1': 73, '0x2': 110, '0x3': 186, '0x4': 70, '0x5': 127, '0x6': 187, '0x7': 65}","{'0x0': 0.17984564003422177, '0x1': 0.06222464075526384, '0x2': 0.08898304329522569, '0x3': 0.20500283417948775, '0x4': 0.05474306830380351, '0x5': 0.14203479585925624, '0x6': 0.20065347752432214, '0x7': 0.06651250004841912}"
176,evolution,5,True,False,0.4,1.0,"{'0x0': 182, '0x1': 73, '0x2': 110, '0x3': 186, '0x4': 70, '0x5': 127, '0x6': 187, '0x7': 65}","{'0x0': 0.17984564003422177, '0x1': 0.06222464075526384, '0x2': 0.08898304329522569, '0x3': 0.20500283417948775, '0x4': 0.05474306830380351, '0x5': 0.14203479585925624, '0x6': 0.20065347752432214, '0x7': 0.06651250004841912}"
177,evolution,5,True,False,0.4,1.0,"{'0x0': 182, '0x1': 73, '0x2': 110, '0x3': 186, '0x4': 70, '0x5': 127, '0x6': 187, '0x7': 65}","{'0x0': 0.17984564003422177, '0x1': 0.06222464075526384, '0x2': 0.08898304329522569, '0x3': 0.20500283417948775, '0x4': 0.05474306830380351, '0x5': 0.14203479585925624, '0x6': 0.20065347752432214, '0x7': 0.06651250004841912}"
178,evolution,5,True,False,0.4,1.0,"{'0x0': 182, '0x1': 73, '0x2': 110, '0x3': 186, '0x4': 70, '0x5': 127, '0x6': 187, '0x7': 65}","{'0x0': 0.17984564003422177, '0x1': 0.06222464075526384, '0x2': 0.08898304329522569, '0x3': 0.20500283417948775, '0x4': 0.05474306830380351, '0x5': 0.14203479585925624, '0x6': 0.20065347752432214, '0x7': 0.06651250004841912}"
179,evolution,5,True,False,0.4,1.0,"{'0x0': 182, '0x1': 73, '0x2': 110, '0x3': 186, '0x4': 70, '0x5': 127, '0x6': 187, '0x7': 65}","{'0x0': 0.17984564003422177, '0x1': 0.06222464075526384, '0x2': 0.08898304329522569, '0x3': 0.20500283417948775, '0x4': 0.05474306830380351, '0x5': 0.14203479585925624, '0x6': 0.20065347752432214, '0x7': 0.06651250004841912}"
180,rescaling,5,True,False,0.4,1.0,"{'0x0': 182, '0x1': 73, '0x2': 110, '0x3': 186, '0x4': 70, '0x5': 127, '0x6': 187, '0x7': 65}","{'0x0': 0.17984564003422177, '0x1': 0.06222464075526384, '0x2': 0.08898304329522569, '0x3': 0.20500283417948775, '0x4': 0.05474306830380351, '0x5': 0.14203479585925624, '0x6': 0.20065347752432214, '0x7': 0.06651250004841912}"
181,rescaling,5,True,False,0.4,1.0,"{'0x0': 182, '0x1': 73, '0x2': 110, '0x3': 186, '0x4': 70, '0x5': 127, '0x6': 187, '0x7': 65}","{'0x0': 0.17984564003422177, '0x1': 0.06222464075526384, '0x2': 0.08898304329522569, '0x3': 0.20500283417948775, '0x4': 0.05474306830380351, '0x5': 0.14203479585925624, '0x6': 0.20065347752432214, '0x7': 0.06651250004841912}"
182,rescaling,5,True,False,0.4,1.0,"{'0x0': 182, '0x1': 73, '0x2': 110, '0x3': 186, '0x4': 70, '0x5': 127, '0x6': 187, '0x7': 65}","{'0x0': 0.17984564003422177, '0x1': 0.06222464075526384, '0x2': 0.08898304329522569, '0x3': 0.20500283417948775, '0x4': 0.05474306830380351, '0x5': 0.14203479585925624, '0x6': 0.20065347752432214, '0x7': 0.06651250004841912}"
183,rescaling,5,True,False,0.4,1.0,"{'0x0': 182, '0x1': 73, '0x2': 110, '0x3': 186, '0x4': 70, '0x5': 127, '0x6': 187, '0x7': 65}","{'0x0': 0.17984564003422177, '0x1': 0.06222464075526384, '0x2': 0.08898304329522569, '0x3': 0.20500283417948775, '0x4': 0.05474306830380351, '0x5': 0.14203479585925624, '0x6': 0.20065347752432214, '0x7': 0.06651250004841912}"
184,rescaling,5,True,False,0.4,1.0,"{'0x0': 182, '0x1': 73, '0x2': 110, '0x3': 186, '0x4': 70, '0x5': 127, '0x6': 187, '0x7': 65}","{'0x0': 0.17984564003422177, '0x1': 0.06222464075526384, '0x2': 0.08898304329522569, '0x3': 0.20500283417948775, '0x4': 0.05474306830380351, '0x5': 0.14203479585925624, '0x6': 0.20065347752432214, '0x7': 0.06651250004841912}"
185,rescaling,5,True,False,0.4,1.0,"{'0x0': 182, '0x1': 73, '0x2': 110, '0x3': 186, '0x4': 70, '0x5': 127, '0x6': 187, '0x7': 65}","{'0x0': 0.17984564003422177, '0x1': 0.06222464075526384, '0x2': 0.08898304329522569, '0x3': 0.20500283417948775, '0x4': 0.05474306830380351, '0x5': 0.14203479585925624, '0x6': 0.20065347752432214, '0x7': 0.06651250004841912}"
186,rescaling,5,True,False,0.4,1.0,"{'0x0': 182, '0x1': 73, '0x2': 110, '0x3': 186, '0x4': 70, '0x5': 127, '0x6': 187, '0x7': 65}","{'0x0': 0.17984564003422177, '0x1': 0.06222464075526384, '0x2': 0.08898304329522569, '0x3': 0.20500283417948775, '0x4': 0.05474306830380351, '0x5': 0.14203479585925624, '0x6': 0.20065347752432214, '0x7': 0.06651250004841912}"
187,rescaling,5,True,False,0.4,1.0,"{'0x0': 182, '0x1': 73, '0x2': 110, '0x3': 186, '0x4': 70, '0x5': 127, '0x6': 187, '0x7': 65}","{'0x0': 0.17984564003422177, '0x1': 0.06222464075526384, '0x2': 0.08898304329522569, '0x3': 0.20500283417948775, '0x4': 0.05474306830380351, '0x5': 0.14203479585925624, '0x6': 0.20065347752432214, '0x7': 0.06651250004841912}"
188,rescaling,5,True,False,0.4,1.0,"{'0x0': 182, '0x1': 73, '0x2': 110, '0x3': 186, '0x4': 70, '0x5': 127, '0x6': 187, '0x7': 65}","{'0x0': 0.17984564003422177, '0x1': 0.06222464075526384, '0x2': 0.08898304329522569, '0x3': 0.20500283417948775, '0x4': 0.05474306830380351, '0x5': 0.14203479585925624, '0x6': 0.20065347752432214, '0x7': 0.06651250004841912}"
189,rescaling,5,True,False,0.4,1.0,"{'0x0': 182, '0x1': 73, '0x2': 110, '0x3': 186, '0x4': 70, '0x5': 127, '0x6': 187, '0x7': 65}","{'0x0': 0.17984564003422177, '0x1': 0.06222464075526384, '0x2': 0.08898304329522569, '0x3': 0.20500283417948775, '0x4': 0.05474306830380351, '0x5': 0.14203479585925624, '0x6': 0.20065347752432214, '0x7': 0.06651250004841912}"
190,rescaling,5,True,False,0.4,1.0,"{'0x0': 182, '0x1': 73, '0x2': 110, '0x3': 186, '0x4': 70, '0x5': 127, '0x6': 187, '0x7': 65}","{'0x0': 0.17984564003422177, '0x1': 0.06222464075526384, '0x2': 0.08898304329522569, '0x3': 0.20500283417948775, '0x4': 0.05474306830380351, '0x5': 0.14203479585925624, '0x6': 0.20065347752432214, '0x7': 0.06651250004841912}"
191,rescaling,5,True,False,0.4,1.0,"{'0x0': 182, '0x1': 73, '0x2': 110, '0x3': 186, '0x4': 70, '0x5': 127, '0x6': 187, '0x7': 65}","{'0x0': 0.17984564003422177, '0x1': 0.06222464075526384, '0x2': 0.08898304329522569, '0x3': 0.20500283417948775, '0x4': 0.05474306830380351, '0x5': 0.14203479585925624, '0x6': 0.20065347752432214, '0x7': 0.06651250004841912}"
192,rescaling,5,True,False,0.4,1.0,"{'0x0': 182, '0x1': 73, '0x2': 110, '0x3': 186, '0x4': 70, '0x5': 127, '0x6': 187, '0x7': 65}","{'0x0': 0.17984564003422177, '0x1': 0.06222464075526384, '0x2': 0.08898304329522569, '0x3': 0.20500283417948775, '0x4': 0.05474306830380351, '0x5': 0.14203479585925624, '0x6': 0.20065347752432214, '0x7': 0.06651250004841912}"
193,rescaling,5,True,False,0.4,1.0,"{'0x0': 182, '0x1': 73, '0x2': 110, '0x3': 186, '0x4': 70, '0x5': 127, '0x6': 187, '0x7': 65}","{'0x0': 0.17984564003422177, '0x1': 0.06222464075526384, '0x2': 0.08898304329522569, '0x3': 0.20500283417948775, '0x4': 0.05474306830380351, '0x5': 0.14203479585925624, '0x6': 0.20065347752432214, '0x7': 0.06651250004841912}"
194,rescaling,5,True,False,0.4,1.0,"{'0x0': 182, '0x1': 73, '0x2': 110, '0x3': 186, '0x4': 70, '0x5': 127, '0x6': 187, '0x7': 65}","{'0x0': 0.17984564003422177, '0x1': 0.06222464075526384, '0x2': 0.08898304329522569, '0x3': 0.20500283417948775, '0x4': 0.05474306830380351, '0x5': 0.14203479585925624, '0x6': 0.20065347752432214, '0x7': 0.06651250004841912}"
195,rescaling,5,True,False,0.4,1.0,"{'0x0': 182, '0x1': 73, '0x2': 110, '0x3': 186, '0x4': 70, '0x5': 127, '0x6': 187, '0x7': 65}","{'0x0': 0.17984564003422177, '0x1': 0.06222464075526384, '0x2': 0.08898304329522569, '0x3': 0.20500283417948775, '0x4': 0.05474306830380351, '0x5': 0.14203479585925624, '0x6': 0.20065347752432214, '0x7': 0.06651250004841912}"
196,rescaling,5,True,False,0.4,1.0,"{'0x0': 182, '0x1': 73, '0x2': 110, '0x3': 186, '0x4': 70, '0x5': 127, '0x6': 187, '0x7': 65}","{'0x0': 0.17984564003422177, '0x1': 0.06222464075526384, '0x2': 0.08898304329522569, '0x3': 0.20500283417948775, '0x4': 0.05474306830380351, '0x5': 0.14203479585925624, '0x6': 0.20065347752432214, '0x7': 0.06651250004841912}"
197,rescaling,5,True,False,0.4,1.0,"{'0x0': 182, '0x1': 73, '0x2': 110, '0x3': 186, '0x4': 70, '0x5': 127, '0x6': 187, '0x7': 65}","{'0x0': 0.17984564003422177, '0x1': 0.06222464075526384, '0x2': 0.08898304329522569, '0x3': 0.20500283417948775, '0x4': 0.05474306830380351, '0x5': 0.14203479585925624, '0x6': 0.20065347752432214, '0x7': 0.06651250004841912}"
198,rescaling,5,True,False,0.4,1.0,"{'0x0': 182, '0x1': 73, '0x2': 110, '0x3': 186, '0x4': 70, '0x5': 127, '0x6': 187, '0x7': 65}","{'0x0': 0.17984564003422177, '0x1': 0.06222464075526384, '0x2': 0.08898304329522569, '0x3': 0.20500283417948775, '0x4': 0.05474306830380351, '0x5': 0.14203479585925624, '0x6': 0.20065347752432214, '0x7': 0.06651250004841912}"
199,rescaling,5,True,False,0.4,1.0,"{'0x0': 182, '0x1': 73, '0x2': 110, '0x3': 186, '0x4': 70, '0x5': 127, '0x6': 187, '0x7': 65}","{'0x0': 0.17984564003422177, '0x1': 0.06222464075526384, '0x2': 0.08898304329522569, '0x3': 0.20500283417948775, '0x4': 0.05474306830380351, '0x5': 0.14203479585925624, '0x6': 0.20065347752432214, '0x7': 0.06651250004841912}"
