{"backend_name": "ibmq_quito", "backend_version": "1.1.33", "qobj_id": "00711a59-76e5-4c83-ac07-8a359b3fbd08", "job_id": "62e165ce3bc0413929fd6e15", "date": "2022-07-27T16:22:59Z", "success": true, "status": "Successful completion", "execution_id": "0fb0130e-0dc8-11ed-986f-b02628f7f59e", "time_taken": 136.29147481918335, "header": {"backend_name": "ibmq_quito", "backend_version": "1.1.33"}, "results": [{"shots": 4096, "success": true, "status": null, "seed": null, "meas_level": 2, "meas_return": null, "header": {"qubit_labels": [["q", 0], ["q", 1], ["q", 2], ["q", 3], ["q", 4]], "n_qubits": 5, "qreg_sizes": [["q", 5]], "clbit_labels": [["c", 0], ["c", 1], ["c", 2]], "memory_slots": 3, "creg_sizes": [["c", 3]], "name": "circuit-617276", "global_phase": 5.497787143782137, "metadata": {}}, "data": {"counts": {"0x0": 924, "0x1": 234, "0x2": 239, "0x3": 873, "0x4": 270, "0x5": 615, "0x6": 713, "0x7": 228}, "snapshots": null, "memory": null, "statevector": null, "unitary": null}}, {"shots": 4096, "success": true, "status": null, "seed": null, "meas_level": 2, "meas_return": null, "header": {"qubit_labels": [["q", 0], ["q", 1], ["q", 2], ["q", 3], ["q", 4]], "n_qubits": 5, "qreg_sizes": [["q", 5]], "clbit_labels": [["c", 0], ["c", 1], ["c", 2]], "memory_slots": 3, "creg_sizes": [["c", 3]], "name": "circuit-617277", "global_phase": 1.5707963267949, "metadata": {}}, "data": {"counts": {"0x0": 3200, "0x1": 219, "0x2": 332, "0x3": 72, "0x4": 165, "0x5": 77, "0x6": 21, "0x7": 10}, "snapshots": null, "memory": null, "statevector": null, "unitary": null}}, {"shots": 4096, "success": true, "status": null, "seed": null, "meas_level": 2, "meas_return": null, "header": {"qubit_labels": [["q", 0], ["q", 1], ["q", 2], ["q", 3], ["q", 4]], "n_qubits": 5, "qreg_sizes": [["q", 5]], "clbit_labels": [["c", 0], ["c", 1], ["c", 2]], "memory_slots": 3, "creg_sizes": [["c", 3]], "name": "circuit-617621", "global_phase": 0.7853981633974456, "metadata": {}}, "data": {"counts": {"0x0": 569, "0x1": 358, "0x2": 343, "0x3": 983, "0x4": 326, "0x5": 449, "0x6": 813, "0x7": 255}, "snapshots": null, "memory": null, "statevector": null, "unitary": null}}, {"shots": 4096, "success": true, "status": null, "seed": null, "meas_level": 2, "meas_return": null, "header": {"qubit_labels": [["q", 0], ["q", 1], ["q", 2], ["q", 3], ["q", 4]], "n_qubits": 5, "qreg_sizes": [["q", 5]], "clbit_labels": [["c", 0], ["c", 1], ["c", 2]], "memory_slots": 3, "creg_sizes": [["c", 3]], "name": "circuit-617622", "global_phase": 3.552713678800501e-15, "metadata": {}}, "data": {"counts": {"0x0": 3159, "0x1": 318, "0x2": 249, "0x3": 48, "0x4": 190, "0x5": 90, "0x6": 16, "0x7": 26}, "snapshots": null, "memory": null, "statevector": null, "unitary": null}}, {"shots": 4096, "success": true, "status": null, "seed": null, "meas_level": 2, "meas_return": null, "header": {"qubit_labels": [["q", 0], ["q", 1], ["q", 2], ["q", 3], ["q", 4]], "n_qubits": 5, "qreg_sizes": [["q", 5]], "clbit_labels": [["c", 0], ["c", 1], ["c", 2]], "memory_slots": 3, "creg_sizes": [["c", 3]], "name": "circuit-618116", "global_phase": 3.926990816987246, "metadata": {}}, "data": {"counts": {"0x0": 664, "0x1": 351, "0x2": 468, "0x3": 624, "0x4": 416, "0x5": 657, "0x6": 628, "0x7": 288}, "snapshots": null, "memory": null, "statevector": null, "unitary": null}}, {"shots": 4096, "success": true, "status": null, "seed": null, "meas_level": 2, "meas_return": null, "header": {"qubit_labels": [["q", 0], ["q", 1], ["q", 2], ["q", 3], ["q", 4]], "n_qubits": 5, "qreg_sizes": [["q", 5]], "clbit_labels": [["c", 0], ["c", 1], ["c", 2]], "memory_slots": 3, "creg_sizes": [["c", 3]], "name": "circuit-618117", "global_phase": 1.5707963267949046, "metadata": {}}, "data": {"counts": {"0x0": 2841, "0x1": 419, "0x2": 348, "0x3": 84, "0x4": 226, "0x5": 117, "0x6": 39, "0x7": 22}, "snapshots": null, "memory": null, "statevector": null, "unitary": null}}, {"shots": 4096, "success": true, "status": null, "seed": null, "meas_level": 2, "meas_return": null, "header": {"qubit_labels": [["q", 0], ["q", 1], ["q", 2], ["q", 3], ["q", 4]], "n_qubits": 5, "qreg_sizes": [["q", 5]], "clbit_labels": [["c", 0], ["c", 1], ["c", 2]], "memory_slots": 3, "creg_sizes": [["c", 3]], "name": "circuit-618759", "global_phase": 3.926990816987243, "metadata": {}}, "data": {"counts": {"0x0": 272, "0x1": 305, "0x2": 428, "0x3": 1017, "0x4": 493, "0x5": 296, "0x6": 729, "0x7": 556}, "snapshots": null, "memory": null, "statevector": null, "unitary": null}}, {"shots": 4096, "success": true, "status": null, "seed": null, "meas_level": 2, "meas_return": null, "header": {"qubit_labels": [["q", 0], ["q", 1], ["q", 2], ["q", 3], ["q", 4]], "n_qubits": 5, "qreg_sizes": [["q", 5]], "clbit_labels": [["c", 0], ["c", 1], ["c", 2]], "memory_slots": 3, "creg_sizes": [["c", 3]], "name": "circuit-618760", "global_phase": 1.0658141036401503e-14, "metadata": {}}, "data": {"counts": {"0x0": 2608, "0x1": 343, "0x2": 469, "0x3": 88, "0x4": 326, "0x5": 150, "0x6": 60, "0x7": 52}, "snapshots": null, "memory": null, "statevector": null, "unitary": null}}, {"shots": 4096, "success": true, "status": null, "seed": null, "meas_level": 2, "meas_return": null, "header": {"qubit_labels": [["q", 0], ["q", 1], ["q", 2], ["q", 3], ["q", 4]], "n_qubits": 5, "qreg_sizes": [["q", 5]], "clbit_labels": [["c", 0], ["c", 1], ["c", 2]], "memory_slots": 3, "creg_sizes": [["c", 3]], "name": "circuit-619549", "global_phase": 2.3561944901923404, "metadata": {}}, "data": {"counts": {"0x0": 659, "0x1": 406, "0x2": 475, "0x3": 565, "0x4": 411, "0x5": 568, "0x6": 579, "0x7": 433}, "snapshots": null, "memory": null, "statevector": null, "unitary": null}}, {"shots": 4096, "success": true, "status": null, "seed": null, "meas_level": 2, "meas_return": null, "header": {"qubit_labels": [["q", 0], ["q", 1], ["q", 2], ["q", 3], ["q", 4]], "n_qubits": 5, "qreg_sizes": [["q", 5]], "clbit_labels": [["c", 0], ["c", 1], ["c", 2]], "memory_slots": 3, "creg_sizes": [["c", 3]], "name": "circuit-619550", "global_phase": 1.5707963267949072, "metadata": {}}, "data": {"counts": {"0x0": 1840, "0x1": 360, "0x2": 1039, "0x3": 108, "0x4": 262, "0x5": 221, "0x6": 157, "0x7": 109}, "snapshots": null, "memory": null, "statevector": null, "unitary": null}}, {"shots": 4096, "success": true, "status": null, "seed": null, "meas_level": 2, "meas_return": null, "header": {"qubit_labels": [["q", 0], ["q", 1], ["q", 2], ["q", 3], ["q", 4]], "n_qubits": 5, "qreg_sizes": [["q", 5]], "clbit_labels": [["c", 0], ["c", 1], ["c", 2]], "memory_slots": 3, "creg_sizes": [["c", 3]], "name": "circuit-620482", "global_phase": 3.926990816987243, "metadata": {}}, "data": {"counts": {"0x0": 691, "0x1": 599, "0x2": 497, "0x3": 590, "0x4": 492, "0x5": 477, "0x6": 393, "0x7": 357}, "snapshots": null, "memory": null, "statevector": null, "unitary": null}}, {"shots": 4096, "success": true, "status": null, "seed": null, "meas_level": 2, "meas_return": null, "header": {"qubit_labels": [["q", 0], ["q", 1], ["q", 2], ["q", 3], ["q", 4]], "n_qubits": 5, "qreg_sizes": [["q", 5]], "clbit_labels": [["c", 0], ["c", 1], ["c", 2]], "memory_slots": 3, "creg_sizes": [["c", 3]], "name": "circuit-620483", "global_phase": 1.5707963267949108, "metadata": {}}, "data": {"counts": {"0x0": 2593, "0x1": 347, "0x2": 515, "0x3": 127, "0x4": 257, "0x5": 161, "0x6": 56, "0x7": 40}, "snapshots": null, "memory": null, "statevector": null, "unitary": null}}, {"shots": 4096, "success": true, "status": null, "seed": null, "meas_level": 2, "meas_return": null, "header": {"qubit_labels": [["q", 0], ["q", 1], ["q", 2], ["q", 3], ["q", 4]], "n_qubits": 5, "qreg_sizes": [["q", 5]], "clbit_labels": [["c", 0], ["c", 1], ["c", 2]], "memory_slots": 3, "creg_sizes": [["c", 3]], "name": "circuit-621519", "global_phase": 2.356194490192358, "metadata": {}}, "data": {"counts": {"0x0": 507, "0x1": 531, "0x2": 605, "0x3": 446, "0x4": 544, "0x5": 502, "0x6": 520, "0x7": 441}, "snapshots": null, "memory": null, "statevector": null, "unitary": null}}, {"shots": 4096, "success": true, "status": null, "seed": null, "meas_level": 2, "meas_return": null, "header": {"qubit_labels": [["q", 0], ["q", 1], ["q", 2], ["q", 3], ["q", 4]], "n_qubits": 5, "qreg_sizes": [["q", 5]], "clbit_labels": [["c", 0], ["c", 1], ["c", 2]], "memory_slots": 3, "creg_sizes": [["c", 3]], "name": "circuit-621520", "global_phase": 3.141592653589811, "metadata": {}}, "data": {"counts": {"0x0": 1639, "0x1": 353, "0x2": 1033, "0x3": 223, "0x4": 330, "0x5": 169, "0x6": 231, "0x7": 118}, "snapshots": null, "memory": null, "statevector": null, "unitary": null}}, {"shots": 4096, "success": true, "status": null, "seed": null, "meas_level": 2, "meas_return": null, "header": {"qubit_labels": [["q", 0], ["q", 1], ["q", 2], ["q", 3], ["q", 4]], "n_qubits": 5, "qreg_sizes": [["q", 5]], "clbit_labels": [["c", 0], ["c", 1], ["c", 2]], "memory_slots": 3, "creg_sizes": [["c", 3]], "name": "circuit-622691", "global_phase": 5.497787143782144, "metadata": {}}, "data": {"counts": {"0x0": 330, "0x1": 570, "0x2": 901, "0x3": 379, "0x4": 785, "0x5": 359, "0x6": 325, "0x7": 447}, "snapshots": null, "memory": null, "statevector": null, "unitary": null}}, {"shots": 4096, "success": true, "status": null, "seed": null, "meas_level": 2, "meas_return": null, "header": {"qubit_labels": [["q", 0], ["q", 1], ["q", 2], ["q", 3], ["q", 4]], "n_qubits": 5, "qreg_sizes": [["q", 5]], "clbit_labels": [["c", 0], ["c", 1], ["c", 2]], "memory_slots": 3, "creg_sizes": [["c", 3]], "name": "circuit-622692", "global_phase": 1.509903313490213e-14, "metadata": {}}, "data": {"counts": {"0x0": 1288, "0x1": 437, "0x2": 946, "0x3": 509, "0x4": 297, "0x5": 212, "0x6": 228, "0x7": 179}, "snapshots": null, "memory": null, "statevector": null, "unitary": null}}, {"shots": 4096, "success": true, "status": null, "seed": null, "meas_level": 2, "meas_return": null, "header": {"qubit_labels": [["q", 0], ["q", 1], ["q", 2], ["q", 3], ["q", 4]], "n_qubits": 5, "qreg_sizes": [["q", 5]], "clbit_labels": [["c", 0], ["c", 1], ["c", 2]], "memory_slots": 3, "creg_sizes": [["c", 3]], "name": "circuit-624047", "global_phase": 2.3561944901923573, "metadata": {}}, "data": {"counts": {"0x0": 473, "0x1": 508, "0x2": 576, "0x3": 536, "0x4": 563, "0x5": 378, "0x6": 454, "0x7": 608}, "snapshots": null, "memory": null, "statevector": null, "unitary": null}}, {"shots": 4096, "success": true, "status": null, "seed": null, "meas_level": 2, "meas_return": null, "header": {"qubit_labels": [["q", 0], ["q", 1], ["q", 2], ["q", 3], ["q", 4]], "n_qubits": 5, "qreg_sizes": [["q", 5]], "clbit_labels": [["c", 0], ["c", 1], ["c", 2]], "memory_slots": 3, "creg_sizes": [["c", 3]], "name": "circuit-624048", "global_phase": 3.141592653589812, "metadata": {}}, "data": {"counts": {"0x0": 1492, "0x1": 392, "0x2": 1076, "0x3": 284, "0x4": 272, "0x5": 217, "0x6": 204, "0x7": 159}, "snapshots": null, "memory": null, "statevector": null, "unitary": null}}, {"shots": 4096, "success": true, "status": null, "seed": null, "meas_level": 2, "meas_return": null, "header": {"qubit_labels": [["q", 0], ["q", 1], ["q", 2], ["q", 3], ["q", 4]], "n_qubits": 5, "qreg_sizes": [["q", 5]], "clbit_labels": [["c", 0], ["c", 1], ["c", 2]], "memory_slots": 3, "creg_sizes": [["c", 3]], "name": "circuit-625514", "global_phase": 5.497787143782155, "metadata": {}}, "data": {"counts": {"0x0": 475, "0x1": 440, "0x2": 552, "0x3": 655, "0x4": 542, "0x5": 566, "0x6": 340, "0x7": 526}, "snapshots": null, "memory": null, "statevector": null, "unitary": null}}, {"shots": 4096, "success": true, "status": null, "seed": null, "meas_level": 2, "meas_return": null, "header": {"qubit_labels": [["q", 0], ["q", 1], ["q", 2], ["q", 3], ["q", 4]], "n_qubits": 5, "qreg_sizes": [["q", 5]], "clbit_labels": [["c", 0], ["c", 1], ["c", 2]], "memory_slots": 3, "creg_sizes": [["c", 3]], "name": "circuit-625515", "global_phase": 3.141592653589815, "metadata": {}}, "data": {"counts": {"0x0": 925, "0x1": 521, "0x2": 932, "0x3": 724, "0x4": 225, "0x5": 290, "0x6": 214, "0x7": 265}, "snapshots": null, "memory": null, "statevector": null, "unitary": null}}, {"shots": 4096, "success": true, "status": null, "seed": null, "meas_level": 2, "meas_return": null, "header": {"qubit_labels": [["q", 0], ["q", 1], ["q", 2], ["q", 3], ["q", 4]], "n_qubits": 5, "qreg_sizes": [["q", 5]], "clbit_labels": [["c", 0], ["c", 1], ["c", 2]], "memory_slots": 3, "creg_sizes": [["c", 3]], "name": "circuit-627118", "global_phase": 0.7853981633974669, "metadata": {}}, "data": {"counts": {"0x0": 541, "0x1": 585, "0x2": 557, "0x3": 490, "0x4": 429, "0x5": 579, "0x6": 429, "0x7": 486}, "snapshots": null, "memory": null, "statevector": null, "unitary": null}}, {"shots": 4096, "success": true, "status": null, "seed": null, "meas_level": 2, "meas_return": null, "header": {"qubit_labels": [["q", 0], ["q", 1], ["q", 2], ["q", 3], ["q", 4]], "n_qubits": 5, "qreg_sizes": [["q", 5]], "clbit_labels": [["c", 0], ["c", 1], ["c", 2]], "memory_slots": 3, "creg_sizes": [["c", 3]], "name": "circuit-627119", "global_phase": 2.7533531010703882e-14, "metadata": {}}, "data": {"counts": {"0x0": 1811, "0x1": 580, "0x2": 595, "0x3": 206, "0x4": 430, "0x5": 265, "0x6": 136, "0x7": 73}, "snapshots": null, "memory": null, "statevector": null, "unitary": null}}, {"shots": 4096, "success": true, "status": null, "seed": null, "meas_level": 2, "meas_return": null, "header": {"qubit_labels": [["q", 0], ["q", 1], ["q", 2], ["q", 3], ["q", 4]], "n_qubits": 5, "qreg_sizes": [["q", 5]], "clbit_labels": [["c", 0], ["c", 1], ["c", 2]], "memory_slots": 3, "creg_sizes": [["c", 3]], "name": "circuit-628916", "global_phase": 0.7853981633974545, "metadata": {}}, "data": {"counts": {"0x0": 514, "0x1": 579, "0x2": 669, "0x3": 493, "0x4": 548, "0x5": 422, "0x6": 441, "0x7": 430}, "snapshots": null, "memory": null, "statevector": null, "unitary": null}}, {"shots": 4096, "success": true, "status": null, "seed": null, "meas_level": 2, "meas_return": null, "header": {"qubit_labels": [["q", 0], ["q", 1], ["q", 2], ["q", 3], ["q", 4]], "n_qubits": 5, "qreg_sizes": [["q", 5]], "clbit_labels": [["c", 0], ["c", 1], ["c", 2]], "memory_slots": 3, "creg_sizes": [["c", 3]], "name": "circuit-628917", "global_phase": 3.141592653589827, "metadata": {}}, "data": {"counts": {"0x0": 776, "0x1": 459, "0x2": 1408, "0x3": 447, "0x4": 191, "0x5": 268, "0x6": 322, "0x7": 225}, "snapshots": null, "memory": null, "statevector": null, "unitary": null}}, {"shots": 4096, "success": true, "status": null, "seed": null, "meas_level": 2, "meas_return": null, "header": {"qubit_labels": [["q", 0], ["q", 1], ["q", 2], ["q", 3], ["q", 4]], "n_qubits": 5, "qreg_sizes": [["q", 5]], "clbit_labels": [["c", 0], ["c", 1], ["c", 2]], "memory_slots": 3, "creg_sizes": [["c", 3]], "name": "circuit-630842", "global_phase": 5.497787143782162, "metadata": {}}, "data": {"counts": {"0x0": 501, "0x1": 573, "0x2": 560, "0x3": 429, "0x4": 555, "0x5": 473, "0x6": 477, "0x7": 528}, "snapshots": null, "memory": null, "statevector": null, "unitary": null}}, {"shots": 4096, "success": true, "status": null, "seed": null, "meas_level": 2, "meas_return": null, "header": {"qubit_labels": [["q", 0], ["q", 1], ["q", 2], ["q", 3], ["q", 4]], "n_qubits": 5, "qreg_sizes": [["q", 5]], "clbit_labels": [["c", 0], ["c", 1], ["c", 2]], "memory_slots": 3, "creg_sizes": [["c", 3]], "name": "circuit-630843", "global_phase": 3.141592653589842, "metadata": {}}, "data": {"counts": {"0x0": 764, "0x1": 502, "0x2": 1019, "0x3": 778, "0x4": 219, "0x5": 251, "0x6": 305, "0x7": 258}, "snapshots": null, "memory": null, "statevector": null, "unitary": null}}, {"shots": 4096, "success": true, "status": null, "seed": null, "meas_level": 2, "meas_return": null, "header": {"qubit_labels": [["q", 0], ["q", 1], ["q", 2], ["q", 3], ["q", 4]], "n_qubits": 5, "qreg_sizes": [["q", 5]], "clbit_labels": [["c", 0], ["c", 1], ["c", 2]], "memory_slots": 3, "creg_sizes": [["c", 3]], "name": "circuit-632915", "global_phase": 2.3561944901923617, "metadata": {}}, "data": {"counts": {"0x0": 508, "0x1": 457, "0x2": 547, "0x3": 519, "0x4": 607, "0x5": 455, "0x6": 511, "0x7": 492}, "snapshots": null, "memory": null, "statevector": null, "unitary": null}}, {"shots": 4096, "success": true, "status": null, "seed": null, "meas_level": 2, "meas_return": null, "header": {"qubit_labels": [["q", 0], ["q", 1], ["q", 2], ["q", 3], ["q", 4]], "n_qubits": 5, "qreg_sizes": [["q", 5]], "clbit_labels": [["c", 0], ["c", 1], ["c", 2]], "memory_slots": 3, "creg_sizes": [["c", 3]], "name": "circuit-632916", "global_phase": 3.907985046680551e-14, "metadata": {}}, "data": {"counts": {"0x0": 1647, "0x1": 428, "0x2": 733, "0x3": 215, "0x4": 393, "0x5": 342, "0x6": 192, "0x7": 146}, "snapshots": null, "memory": null, "statevector": null, "unitary": null}}, {"shots": 4096, "success": true, "status": null, "seed": null, "meas_level": 2, "meas_return": null, "header": {"qubit_labels": [["q", 0], ["q", 1], ["q", 2], ["q", 3], ["q", 4]], "n_qubits": 5, "qreg_sizes": [["q", 5]], "clbit_labels": [["c", 0], ["c", 1], ["c", 2]], "memory_slots": 3, "creg_sizes": [["c", 3]], "name": "circuit-635118", "global_phase": 2.3561944901923733, "metadata": {}}, "data": {"counts": {"0x0": 476, "0x1": 624, "0x2": 459, "0x3": 532, "0x4": 505, "0x5": 574, "0x6": 445, "0x7": 481}, "snapshots": null, "memory": null, "statevector": null, "unitary": null}}, {"shots": 4096, "success": true, "status": null, "seed": null, "meas_level": 2, "meas_return": null, "header": {"qubit_labels": [["q", 0], ["q", 1], ["q", 2], ["q", 3], ["q", 4]], "n_qubits": 5, "qreg_sizes": [["q", 5]], "clbit_labels": [["c", 0], ["c", 1], ["c", 2]], "memory_slots": 3, "creg_sizes": [["c", 3]], "name": "circuit-635119", "global_phase": 1.5707963267949276, "metadata": {}}, "data": {"counts": {"0x0": 593, "0x1": 372, "0x2": 1444, "0x3": 487, "0x4": 211, "0x5": 254, "0x6": 422, "0x7": 313}, "snapshots": null, "memory": null, "statevector": null, "unitary": null}}, {"shots": 4096, "success": true, "status": null, "seed": null, "meas_level": 2, "meas_return": null, "header": {"qubit_labels": [["q", 0], ["q", 1], ["q", 2], ["q", 3], ["q", 4]], "n_qubits": 5, "qreg_sizes": [["q", 5]], "clbit_labels": [["c", 0], ["c", 1], ["c", 2]], "memory_slots": 3, "creg_sizes": [["c", 3]], "name": "circuit-637432", "global_phase": 5.497787143782158, "metadata": {}}, "data": {"counts": {"0x0": 433, "0x1": 551, "0x2": 445, "0x3": 535, "0x4": 491, "0x5": 604, "0x6": 431, "0x7": 606}, "snapshots": null, "memory": null, "statevector": null, "unitary": null}}, {"shots": 4096, "success": true, "status": null, "seed": null, "meas_level": 2, "meas_return": null, "header": {"qubit_labels": [["q", 0], ["q", 1], ["q", 2], ["q", 3], ["q", 4]], "n_qubits": 5, "qreg_sizes": [["q", 5]], "clbit_labels": [["c", 0], ["c", 1], ["c", 2]], "memory_slots": 3, "creg_sizes": [["c", 3]], "name": "circuit-637433", "global_phase": 5.5067062021407764e-14, "metadata": {}}, "data": {"counts": {"0x0": 690, "0x1": 521, "0x2": 1031, "0x3": 625, "0x4": 250, "0x5": 282, "0x6": 354, "0x7": 343}, "snapshots": null, "memory": null, "statevector": null, "unitary": null}}, {"shots": 4096, "success": true, "status": null, "seed": null, "meas_level": 2, "meas_return": null, "header": {"qubit_labels": [["q", 0], ["q", 1], ["q", 2], ["q", 3], ["q", 4]], "n_qubits": 5, "qreg_sizes": [["q", 5]], "clbit_labels": [["c", 0], ["c", 1], ["c", 2]], "memory_slots": 3, "creg_sizes": [["c", 3]], "name": "circuit-639904", "global_phase": 0.7853981633974705, "metadata": {}}, "data": {"counts": {"0x0": 488, "0x1": 480, "0x2": 594, "0x3": 557, "0x4": 459, "0x5": 523, "0x6": 547, "0x7": 448}, "snapshots": null, "memory": null, "statevector": null, "unitary": null}}, {"shots": 4096, "success": true, "status": null, "seed": null, "meas_level": 2, "meas_return": null, "header": {"qubit_labels": [["q", 0], ["q", 1], ["q", 2], ["q", 3], ["q", 4]], "n_qubits": 5, "qreg_sizes": [["q", 5]], "clbit_labels": [["c", 0], ["c", 1], ["c", 2]], "memory_slots": 3, "creg_sizes": [["c", 3]], "name": "circuit-639905", "global_phase": 1.5707963267949463, "metadata": {}}, "data": {"counts": {"0x0": 1324, "0x1": 573, "0x2": 813, "0x3": 282, "0x4": 390, "0x5": 297, "0x6": 237, "0x7": 180}, "snapshots": null, "memory": null, "statevector": null, "unitary": null}}, {"shots": 4096, "success": true, "status": null, "seed": null, "meas_level": 2, "meas_return": null, "header": {"qubit_labels": [["q", 0], ["q", 1], ["q", 2], ["q", 3], ["q", 4]], "n_qubits": 5, "qreg_sizes": [["q", 5]], "clbit_labels": [["c", 0], ["c", 1], ["c", 2]], "memory_slots": 3, "creg_sizes": [["c", 3]], "name": "circuit-642464", "global_phase": 3.9269908169872725, "metadata": {}}, "data": {"counts": {"0x0": 413, "0x1": 549, "0x2": 534, "0x3": 642, "0x4": 449, "0x5": 537, "0x6": 401, "0x7": 571}, "snapshots": null, "memory": null, "statevector": null, "unitary": null}}, {"shots": 4096, "success": true, "status": null, "seed": null, "meas_level": 2, "meas_return": null, "header": {"qubit_labels": [["q", 0], ["q", 1], ["q", 2], ["q", 3], ["q", 4]], "n_qubits": 5, "qreg_sizes": [["q", 5]], "clbit_labels": [["c", 0], ["c", 1], ["c", 2]], "memory_slots": 3, "creg_sizes": [["c", 3]], "name": "circuit-642465", "global_phase": 3.141592653589828, "metadata": {}}, "data": {"counts": {"0x0": 1314, "0x1": 514, "0x2": 899, "0x3": 309, "0x4": 362, "0x5": 279, "0x6": 235, "0x7": 184}, "snapshots": null, "memory": null, "statevector": null, "unitary": null}}, {"shots": 4096, "success": true, "status": null, "seed": null, "meas_level": 2, "meas_return": null, "header": {"qubit_labels": [["q", 0], ["q", 1], ["q", 2], ["q", 3], ["q", 4]], "n_qubits": 5, "qreg_sizes": [["q", 5]], "clbit_labels": [["c", 0], ["c", 1], ["c", 2]], "memory_slots": 3, "creg_sizes": [["c", 3]], "name": "circuit-645206", "global_phase": 3.9269908169872743, "metadata": {}}, "data": {"counts": {"0x0": 443, "0x1": 539, "0x2": 441, "0x3": 719, "0x4": 462, "0x5": 547, "0x6": 392, "0x7": 553}, "snapshots": null, "memory": null, "statevector": null, "unitary": null}}, {"shots": 4096, "success": true, "status": null, "seed": null, "meas_level": 2, "meas_return": null, "header": {"qubit_labels": [["q", 0], ["q", 1], ["q", 2], ["q", 3], ["q", 4]], "n_qubits": 5, "qreg_sizes": [["q", 5]], "clbit_labels": [["c", 0], ["c", 1], ["c", 2]], "memory_slots": 3, "creg_sizes": [["c", 3]], "name": "circuit-645207", "global_phase": 5.5067062021407764e-14, "metadata": {}}, "data": {"counts": {"0x0": 530, "0x1": 779, "0x2": 901, "0x3": 632, "0x4": 233, "0x5": 350, "0x6": 346, "0x7": 325}, "snapshots": null, "memory": null, "statevector": null, "unitary": null}}, {"shots": 4096, "success": true, "status": null, "seed": null, "meas_level": 2, "meas_return": null, "header": {"qubit_labels": [["q", 0], ["q", 1], ["q", 2], ["q", 3], ["q", 4]], "n_qubits": 5, "qreg_sizes": [["q", 5]], "clbit_labels": [["c", 0], ["c", 1], ["c", 2]], "memory_slots": 3, "creg_sizes": [["c", 3]], "name": "circuit-648042", "global_phase": 2.3561944901923555, "metadata": {}}, "data": {"counts": {"0x0": 416, "0x1": 594, "0x2": 501, "0x3": 640, "0x4": 424, "0x5": 518, "0x6": 406, "0x7": 597}, "snapshots": null, "memory": null, "statevector": null, "unitary": null}}, {"shots": 4096, "success": true, "status": null, "seed": null, "meas_level": 2, "meas_return": null, "header": {"qubit_labels": [["q", 0], ["q", 1], ["q", 2], ["q", 3], ["q", 4]], "n_qubits": 5, "qreg_sizes": [["q", 5]], "clbit_labels": [["c", 0], ["c", 1], ["c", 2]], "memory_slots": 3, "creg_sizes": [["c", 3]], "name": "circuit-648043", "global_phase": 3.141592653589838, "metadata": {}}, "data": {"counts": {"0x0": 567, "0x1": 607, "0x2": 949, "0x3": 673, "0x4": 222, "0x5": 322, "0x6": 404, "0x7": 352}, "snapshots": null, "memory": null, "statevector": null, "unitary": null}}, {"shots": 4096, "success": true, "status": null, "seed": null, "meas_level": 2, "meas_return": null, "header": {"qubit_labels": [["q", 0], ["q", 1], ["q", 2], ["q", 3], ["q", 4]], "n_qubits": 5, "qreg_sizes": [["q", 5]], "clbit_labels": [["c", 0], ["c", 1], ["c", 2]], "memory_slots": 3, "creg_sizes": [["c", 3]], "name": "circuit-651113", "global_phase": 0.7853981633974474, "metadata": {}}, "data": {"counts": {"0x0": 527, "0x1": 169, "0x2": 272, "0x3": 1235, "0x4": 179, "0x5": 463, "0x6": 1115, "0x7": 136}, "snapshots": null, "memory": null, "statevector": null, "unitary": null}}, {"shots": 4096, "success": true, "status": null, "seed": null, "meas_level": 2, "meas_return": null, "header": {"qubit_labels": [["q", 0], ["q", 1], ["q", 2], ["q", 3], ["q", 4]], "n_qubits": 5, "qreg_sizes": [["q", 5]], "clbit_labels": [["c", 0], ["c", 1], ["c", 2]], "memory_slots": 3, "creg_sizes": [["c", 3]], "name": "circuit-651114", "global_phase": 4.712388980384691, "metadata": {}}, "data": {"counts": {"0x0": 3299, "0x1": 282, "0x2": 282, "0x3": 16, "0x4": 148, "0x5": 53, "0x6": 9, "0x7": 7}, "snapshots": null, "memory": null, "statevector": null, "unitary": null}}, {"shots": 4096, "success": true, "status": null, "seed": null, "meas_level": 2, "meas_return": null, "header": {"qubit_labels": [["q", 0], ["q", 1], ["q", 2], ["q", 3], ["q", 4]], "n_qubits": 5, "qreg_sizes": [["q", 5]], "clbit_labels": [["c", 0], ["c", 1], ["c", 2]], "memory_slots": 3, "creg_sizes": [["c", 3]], "name": "circuit-651441", "global_phase": 0.7853981633974492, "metadata": {}}, "data": {"counts": {"0x0": 612, "0x1": 184, "0x2": 373, "0x3": 870, "0x4": 300, "0x5": 611, "0x6": 923, "0x7": 223}, "snapshots": null, "memory": null, "statevector": null, "unitary": null}}, {"shots": 4096, "success": true, "status": null, "seed": null, "meas_level": 2, "meas_return": null, "header": {"qubit_labels": [["q", 0], ["q", 1], ["q", 2], ["q", 3], ["q", 4]], "n_qubits": 5, "qreg_sizes": [["q", 5]], "clbit_labels": [["c", 0], ["c", 1], ["c", 2]], "memory_slots": 3, "creg_sizes": [["c", 3]], "name": "circuit-651442", "global_phase": 5.329070518200751e-15, "metadata": {}}, "data": {"counts": {"0x0": 2861, "0x1": 477, "0x2": 331, "0x3": 89, "0x4": 214, "0x5": 83, "0x6": 32, "0x7": 9}, "snapshots": null, "memory": null, "statevector": null, "unitary": null}}, {"shots": 4096, "success": true, "status": null, "seed": null, "meas_level": 2, "meas_return": null, "header": {"qubit_labels": [["q", 0], ["q", 1], ["q", 2], ["q", 3], ["q", 4]], "n_qubits": 5, "qreg_sizes": [["q", 5]], "clbit_labels": [["c", 0], ["c", 1], ["c", 2]], "memory_slots": 3, "creg_sizes": [["c", 3]], "name": "circuit-651928", "global_phase": 2.3561944901923475, "metadata": {}}, "data": {"counts": {"0x0": 288, "0x1": 291, "0x2": 367, "0x3": 1230, "0x4": 224, "0x5": 366, "0x6": 866, "0x7": 464}, "snapshots": null, "memory": null, "statevector": null, "unitary": null}}, {"shots": 4096, "success": true, "status": null, "seed": null, "meas_level": 2, "meas_return": null, "header": {"qubit_labels": [["q", 0], ["q", 1], ["q", 2], ["q", 3], ["q", 4]], "n_qubits": 5, "qreg_sizes": [["q", 5]], "clbit_labels": [["c", 0], ["c", 1], ["c", 2]], "memory_slots": 3, "creg_sizes": [["c", 3]], "name": "circuit-651929", "global_phase": 3.141592653589802, "metadata": {}}, "data": {"counts": {"0x0": 2781, "0x1": 265, "0x2": 412, "0x3": 152, "0x4": 238, "0x5": 135, "0x6": 48, "0x7": 65}, "snapshots": null, "memory": null, "statevector": null, "unitary": null}}, {"shots": 4096, "success": true, "status": null, "seed": null, "meas_level": 2, "meas_return": null, "header": {"qubit_labels": [["q", 0], ["q", 1], ["q", 2], ["q", 3], ["q", 4]], "n_qubits": 5, "qreg_sizes": [["q", 5]], "clbit_labels": [["c", 0], ["c", 1], ["c", 2]], "memory_slots": 3, "creg_sizes": [["c", 3]], "name": "circuit-652562", "global_phase": 5.497787143782144, "metadata": {}}, "data": {"counts": {"0x0": 364, "0x1": 440, "0x2": 317, "0x3": 635, "0x4": 432, "0x5": 459, "0x6": 683, "0x7": 766}, "snapshots": null, "memory": null, "statevector": null, "unitary": null}}, {"shots": 4096, "success": true, "status": null, "seed": null, "meas_level": 2, "meas_return": null, "header": {"qubit_labels": [["q", 0], ["q", 1], ["q", 2], ["q", 3], ["q", 4]], "n_qubits": 5, "qreg_sizes": [["q", 5]], "clbit_labels": [["c", 0], ["c", 1], ["c", 2]], "memory_slots": 3, "creg_sizes": [["c", 3]], "name": "circuit-652563", "global_phase": 4.7123889803847, "metadata": {}}, "data": {"counts": {"0x0": 2648, "0x1": 416, "0x2": 430, "0x3": 121, "0x4": 258, "0x5": 148, "0x6": 47, "0x7": 28}, "snapshots": null, "memory": null, "statevector": null, "unitary": null}}, {"shots": 4096, "success": true, "status": null, "seed": null, "meas_level": 2, "meas_return": null, "header": {"qubit_labels": [["q", 0], ["q", 1], ["q", 2], ["q", 3], ["q", 4]], "n_qubits": 5, "qreg_sizes": [["q", 5]], "clbit_labels": [["c", 0], ["c", 1], ["c", 2]], "memory_slots": 3, "creg_sizes": [["c", 3]], "name": "circuit-653360", "global_phase": 3.926990816987246, "metadata": {}}, "data": {"counts": {"0x0": 293, "0x1": 457, "0x2": 562, "0x3": 787, "0x4": 539, "0x5": 302, "0x6": 809, "0x7": 347}, "snapshots": null, "memory": null, "statevector": null, "unitary": null}}, {"shots": 4096, "success": true, "status": null, "seed": null, "meas_level": 2, "meas_return": null, "header": {"qubit_labels": [["q", 0], ["q", 1], ["q", 2], ["q", 3], ["q", 4]], "n_qubits": 5, "qreg_sizes": [["q", 5]], "clbit_labels": [["c", 0], ["c", 1], ["c", 2]], "memory_slots": 3, "creg_sizes": [["c", 3]], "name": "circuit-653361", "global_phase": 1.0658141036401503e-14, "metadata": {}}, "data": {"counts": {"0x0": 2160, "0x1": 640, "0x2": 523, "0x3": 191, "0x4": 270, "0x5": 180, "0x6": 67, "0x7": 65}, "snapshots": null, "memory": null, "statevector": null, "unitary": null}}, {"shots": 4096, "success": true, "status": null, "seed": null, "meas_level": 2, "meas_return": null, "header": {"qubit_labels": [["q", 0], ["q", 1], ["q", 2], ["q", 3], ["q", 4]], "n_qubits": 5, "qreg_sizes": [["q", 5]], "clbit_labels": [["c", 0], ["c", 1], ["c", 2]], "memory_slots": 3, "creg_sizes": [["c", 3]], "name": "circuit-654279", "global_phase": 0.7853981633974634, "metadata": {}}, "data": {"counts": {"0x0": 595, "0x1": 436, "0x2": 574, "0x3": 575, "0x4": 490, "0x5": 451, "0x6": 469, "0x7": 506}, "snapshots": null, "memory": null, "statevector": null, "unitary": null}}, {"shots": 4096, "success": true, "status": null, "seed": null, "meas_level": 2, "meas_return": null, "header": {"qubit_labels": [["q", 0], ["q", 1], ["q", 2], ["q", 3], ["q", 4]], "n_qubits": 5, "qreg_sizes": [["q", 5]], "clbit_labels": [["c", 0], ["c", 1], ["c", 2]], "memory_slots": 3, "creg_sizes": [["c", 3]], "name": "circuit-654280", "global_phase": 4.712388980384707, "metadata": {}}, "data": {"counts": {"0x0": 1652, "0x1": 650, "0x2": 814, "0x3": 205, "0x4": 287, "0x5": 229, "0x6": 137, "0x7": 122}, "snapshots": null, "memory": null, "statevector": null, "unitary": null}}, {"shots": 4096, "success": true, "status": null, "seed": null, "meas_level": 2, "meas_return": null, "header": {"qubit_labels": [["q", 0], ["q", 1], ["q", 2], ["q", 3], ["q", 4]], "n_qubits": 5, "qreg_sizes": [["q", 5]], "clbit_labels": [["c", 0], ["c", 1], ["c", 2]], "memory_slots": 3, "creg_sizes": [["c", 3]], "name": "circuit-655332", "global_phase": 0.7853981633974527, "metadata": {}}, "data": {"counts": {"0x0": 398, "0x1": 781, "0x2": 478, "0x3": 405, "0x4": 584, "0x5": 368, "0x6": 422, "0x7": 660}, "snapshots": null, "memory": null, "statevector": null, "unitary": null}}, {"shots": 4096, "success": true, "status": null, "seed": null, "meas_level": 2, "meas_return": null, "header": {"qubit_labels": [["q", 0], ["q", 1], ["q", 2], ["q", 3], ["q", 4]], "n_qubits": 5, "qreg_sizes": [["q", 5]], "clbit_labels": [["c", 0], ["c", 1], ["c", 2]], "memory_slots": 3, "creg_sizes": [["c", 3]], "name": "circuit-655333", "global_phase": 3.1415926535898144, "metadata": {}}, "data": {"counts": {"0x0": 1927, "0x1": 446, "0x2": 713, "0x3": 185, "0x4": 404, "0x5": 154, "0x6": 174, "0x7": 93}, "snapshots": null, "memory": null, "statevector": null, "unitary": null}}, {"shots": 4096, "success": true, "status": null, "seed": null, "meas_level": 2, "meas_return": null, "header": {"qubit_labels": [["q", 0], ["q", 1], ["q", 2], ["q", 3], ["q", 4]], "n_qubits": 5, "qreg_sizes": [["q", 5]], "clbit_labels": [["c", 0], ["c", 1], ["c", 2]], "memory_slots": 3, "creg_sizes": [["c", 3]], "name": "circuit-656564", "global_phase": 0.7853981633974527, "metadata": {}}, "data": {"counts": {"0x0": 508, "0x1": 505, "0x2": 421, "0x3": 577, "0x4": 417, "0x5": 557, "0x6": 525, "0x7": 586}, "snapshots": null, "memory": null, "statevector": null, "unitary": null}}, {"shots": 4096, "success": true, "status": null, "seed": null, "meas_level": 2, "meas_return": null, "header": {"qubit_labels": [["q", 0], ["q", 1], ["q", 2], ["q", 3], ["q", 4]], "n_qubits": 5, "qreg_sizes": [["q", 5]], "clbit_labels": [["c", 0], ["c", 1], ["c", 2]], "memory_slots": 3, "creg_sizes": [["c", 3]], "name": "circuit-656565", "global_phase": 4.71238898038471, "metadata": {}}, "data": {"counts": {"0x0": 1427, "0x1": 446, "0x2": 955, "0x3": 304, "0x4": 337, "0x5": 252, "0x6": 213, "0x7": 162}, "snapshots": null, "memory": null, "statevector": null, "unitary": null}}, {"shots": 4096, "success": true, "status": null, "seed": null, "meas_level": 2, "meas_return": null, "header": {"qubit_labels": [["q", 0], ["q", 1], ["q", 2], ["q", 3], ["q", 4]], "n_qubits": 5, "qreg_sizes": [["q", 5]], "clbit_labels": [["c", 0], ["c", 1], ["c", 2]], "memory_slots": 3, "creg_sizes": [["c", 3]], "name": "circuit-657930", "global_phase": 2.3561944901923546, "metadata": {}}, "data": {"counts": {"0x0": 462, "0x1": 472, "0x2": 552, "0x3": 415, "0x4": 651, "0x5": 511, "0x6": 512, "0x7": 521}, "snapshots": null, "memory": null, "statevector": null, "unitary": null}}, {"shots": 4096, "success": true, "status": null, "seed": null, "meas_level": 2, "meas_return": null, "header": {"qubit_labels": [["q", 0], ["q", 1], ["q", 2], ["q", 3], ["q", 4]], "n_qubits": 5, "qreg_sizes": [["q", 5]], "clbit_labels": [["c", 0], ["c", 1], ["c", 2]], "memory_slots": 3, "creg_sizes": [["c", 3]], "name": "circuit-657931", "global_phase": 1.57079632679492, "metadata": {}}, "data": {"counts": {"0x0": 1495, "0x1": 531, "0x2": 908, "0x3": 305, "0x4": 296, "0x5": 231, "0x6": 176, "0x7": 154}, "snapshots": null, "memory": null, "statevector": null, "unitary": null}}, {"shots": 4096, "success": true, "status": null, "seed": null, "meas_level": 2, "meas_return": null, "header": {"qubit_labels": [["q", 0], ["q", 1], ["q", 2], ["q", 3], ["q", 4]], "n_qubits": 5, "qreg_sizes": [["q", 5]], "clbit_labels": [["c", 0], ["c", 1], ["c", 2]], "memory_slots": 3, "creg_sizes": [["c", 3]], "name": "circuit-659430", "global_phase": 0.7853981633974598, "metadata": {}}, "data": {"counts": {"0x0": 448, "0x1": 547, "0x2": 630, "0x3": 529, "0x4": 610, "0x5": 442, "0x6": 438, "0x7": 452}, "snapshots": null, "memory": null, "statevector": null, "unitary": null}}, {"shots": 4096, "success": true, "status": null, "seed": null, "meas_level": 2, "meas_return": null, "header": {"qubit_labels": [["q", 0], ["q", 1], ["q", 2], ["q", 3], ["q", 4]], "n_qubits": 5, "qreg_sizes": [["q", 5]], "clbit_labels": [["c", 0], ["c", 1], ["c", 2]], "memory_slots": 3, "creg_sizes": [["c", 3]], "name": "circuit-659431", "global_phase": 4.7123889803847145, "metadata": {}}, "data": {"counts": {"0x0": 847, "0x1": 484, "0x2": 1438, "0x3": 506, "0x4": 168, "0x5": 174, "0x6": 292, "0x7": 187}, "snapshots": null, "memory": null, "statevector": null, "unitary": null}}, {"shots": 4096, "success": true, "status": null, "seed": null, "meas_level": 2, "meas_return": null, "header": {"qubit_labels": [["q", 0], ["q", 1], ["q", 2], ["q", 3], ["q", 4]], "n_qubits": 5, "qreg_sizes": [["q", 5]], "clbit_labels": [["c", 0], ["c", 1], ["c", 2]], "memory_slots": 3, "creg_sizes": [["c", 3]], "name": "circuit-661039", "global_phase": 5.497787143782148, "metadata": {}}, "data": {"counts": {"0x0": 521, "0x1": 558, "0x2": 632, "0x3": 513, "0x4": 466, "0x5": 466, "0x6": 441, "0x7": 499}, "snapshots": null, "memory": null, "statevector": null, "unitary": null}}, {"shots": 4096, "success": true, "status": null, "seed": null, "meas_level": 2, "meas_return": null, "header": {"qubit_labels": [["q", 0], ["q", 1], ["q", 2], ["q", 3], ["q", 4]], "n_qubits": 5, "qreg_sizes": [["q", 5]], "clbit_labels": [["c", 0], ["c", 1], ["c", 2]], "memory_slots": 3, "creg_sizes": [["c", 3]], "name": "circuit-661040", "global_phase": 3.108624468950438e-14, "metadata": {}}, "data": {"counts": {"0x0": 2059, "0x1": 441, "0x2": 603, "0x3": 162, "0x4": 372, "0x5": 243, "0x6": 120, "0x7": 96}, "snapshots": null, "memory": null, "statevector": null, "unitary": null}}, {"shots": 4096, "success": true, "status": null, "seed": null, "meas_level": 2, "meas_return": null, "header": {"qubit_labels": [["q", 0], ["q", 1], ["q", 2], ["q", 3], ["q", 4]], "n_qubits": 5, "qreg_sizes": [["q", 5]], "clbit_labels": [["c", 0], ["c", 1], ["c", 2]], "memory_slots": 3, "creg_sizes": [["c", 3]], "name": "circuit-662831", "global_phase": 3.9269908169872654, "metadata": {}}, "data": {"counts": {"0x0": 726, "0x1": 737, "0x2": 351, "0x3": 477, "0x4": 555, "0x5": 623, "0x6": 273, "0x7": 354}, "snapshots": null, "memory": null, "statevector": null, "unitary": null}}, {"shots": 4096, "success": true, "status": null, "seed": null, "meas_level": 2, "meas_return": null, "header": {"qubit_labels": [["q", 0], ["q", 1], ["q", 2], ["q", 3], ["q", 4]], "n_qubits": 5, "qreg_sizes": [["q", 5]], "clbit_labels": [["c", 0], ["c", 1], ["c", 2]], "memory_slots": 3, "creg_sizes": [["c", 3]], "name": "circuit-662832", "global_phase": 4.712388980384715, "metadata": {}}, "data": {"counts": {"0x0": 1948, "0x1": 435, "0x2": 674, "0x3": 180, "0x4": 372, "0x5": 233, "0x6": 153, "0x7": 101}, "snapshots": null, "memory": null, "statevector": null, "unitary": null}}, {"shots": 4096, "success": true, "status": null, "seed": null, "meas_level": 2, "meas_return": null, "header": {"qubit_labels": [["q", 0], ["q", 1], ["q", 2], ["q", 3], ["q", 4]], "n_qubits": 5, "qreg_sizes": [["q", 5]], "clbit_labels": [["c", 0], ["c", 1], ["c", 2]], "memory_slots": 3, "creg_sizes": [["c", 3]], "name": "circuit-664725", "global_phase": 3.9269908169872654, "metadata": {}}, "data": {"counts": {"0x0": 511, "0x1": 410, "0x2": 598, "0x3": 466, "0x4": 623, "0x5": 469, "0x6": 519, "0x7": 500}, "snapshots": null, "memory": null, "statevector": null, "unitary": null}}, {"shots": 4096, "success": true, "status": null, "seed": null, "meas_level": 2, "meas_return": null, "header": {"qubit_labels": [["q", 0], ["q", 1], ["q", 2], ["q", 3], ["q", 4]], "n_qubits": 5, "qreg_sizes": [["q", 5]], "clbit_labels": [["c", 0], ["c", 1], ["c", 2]], "memory_slots": 3, "creg_sizes": [["c", 3]], "name": "circuit-664726", "global_phase": 3.14159265358983, "metadata": {}}, "data": {"counts": {"0x0": 1407, "0x1": 556, "0x2": 782, "0x3": 349, "0x4": 376, "0x5": 279, "0x6": 202, "0x7": 145}, "snapshots": null, "memory": null, "statevector": null, "unitary": null}}, {"shots": 4096, "success": true, "status": null, "seed": null, "meas_level": 2, "meas_return": null, "header": {"qubit_labels": [["q", 0], ["q", 1], ["q", 2], ["q", 3], ["q", 4]], "n_qubits": 5, "qreg_sizes": [["q", 5]], "clbit_labels": [["c", 0], ["c", 1], ["c", 2]], "memory_slots": 3, "creg_sizes": [["c", 3]], "name": "circuit-666763", "global_phase": 0.7853981633974687, "metadata": {}}, "data": {"counts": {"0x0": 443, "0x1": 661, "0x2": 415, "0x3": 557, "0x4": 498, "0x5": 476, "0x6": 513, "0x7": 533}, "snapshots": null, "memory": null, "statevector": null, "unitary": null}}, {"shots": 4096, "success": true, "status": null, "seed": null, "meas_level": 2, "meas_return": null, "header": {"qubit_labels": [["q", 0], ["q", 1], ["q", 2], ["q", 3], ["q", 4]], "n_qubits": 5, "qreg_sizes": [["q", 5]], "clbit_labels": [["c", 0], ["c", 1], ["c", 2]], "memory_slots": 3, "creg_sizes": [["c", 3]], "name": "circuit-666764", "global_phase": 4.712388980384725, "metadata": {}}, "data": {"counts": {"0x0": 638, "0x1": 372, "0x2": 1489, "0x3": 476, "0x4": 190, "0x5": 243, "0x6": 402, "0x7": 286}, "snapshots": null, "memory": null, "statevector": null, "unitary": null}}, {"shots": 4096, "success": true, "status": null, "seed": null, "meas_level": 2, "meas_return": null, "header": {"qubit_labels": [["q", 0], ["q", 1], ["q", 2], ["q", 3], ["q", 4]], "n_qubits": 5, "qreg_sizes": [["q", 5]], "clbit_labels": [["c", 0], ["c", 1], ["c", 2]], "memory_slots": 3, "creg_sizes": [["c", 3]], "name": "circuit-668936", "global_phase": 2.3561944901923724, "metadata": {}}, "data": {"counts": {"0x0": 562, "0x1": 560, "0x2": 562, "0x3": 521, "0x4": 426, "0x5": 395, "0x6": 486, "0x7": 584}, "snapshots": null, "memory": null, "statevector": null, "unitary": null}}, {"shots": 4096, "success": true, "status": null, "seed": null, "meas_level": 2, "meas_return": null, "header": {"qubit_labels": [["q", 0], ["q", 1], ["q", 2], ["q", 3], ["q", 4]], "n_qubits": 5, "qreg_sizes": [["q", 5]], "clbit_labels": [["c", 0], ["c", 1], ["c", 2]], "memory_slots": 3, "creg_sizes": [["c", 3]], "name": "circuit-668937", "global_phase": 4.085620730620576e-14, "metadata": {}}, "data": {"counts": {"0x0": 486, "0x1": 607, "0x2": 1080, "0x3": 649, "0x4": 251, "0x5": 299, "0x6": 342, "0x7": 382}, "snapshots": null, "memory": null, "statevector": null, "unitary": null}}, {"shots": 4096, "success": true, "status": null, "seed": null, "meas_level": 2, "meas_return": null, "header": {"qubit_labels": [["q", 0], ["q", 1], ["q", 2], ["q", 3], ["q", 4]], "n_qubits": 5, "qreg_sizes": [["q", 5]], "clbit_labels": [["c", 0], ["c", 1], ["c", 2]], "memory_slots": 3, "creg_sizes": [["c", 3]], "name": "circuit-671297", "global_phase": 0.7853981633974687, "metadata": {}}, "data": {"counts": {"0x0": 453, "0x1": 620, "0x2": 472, "0x3": 488, "0x4": 401, "0x5": 549, "0x6": 532, "0x7": 581}, "snapshots": null, "memory": null, "statevector": null, "unitary": null}}, {"shots": 4096, "success": true, "status": null, "seed": null, "meas_level": 2, "meas_return": null, "header": {"qubit_labels": [["q", 0], ["q", 1], ["q", 2], ["q", 3], ["q", 4]], "n_qubits": 5, "qreg_sizes": [["q", 5]], "clbit_labels": [["c", 0], ["c", 1], ["c", 2]], "memory_slots": 3, "creg_sizes": [["c", 3]], "name": "circuit-671298", "global_phase": 3.1415926535898286, "metadata": {}}, "data": {"counts": {"0x0": 486, "0x1": 538, "0x2": 986, "0x3": 997, "0x4": 153, "0x5": 254, "0x6": 279, "0x7": 403}, "snapshots": null, "memory": null, "statevector": null, "unitary": null}}, {"shots": 4096, "success": true, "status": null, "seed": null, "meas_level": 2, "meas_return": null, "header": {"qubit_labels": [["q", 0], ["q", 1], ["q", 2], ["q", 3], ["q", 4]], "n_qubits": 5, "qreg_sizes": [["q", 5]], "clbit_labels": [["c", 0], ["c", 1], ["c", 2]], "memory_slots": 3, "creg_sizes": [["c", 3]], "name": "circuit-673799", "global_phase": 3.926990816987268, "metadata": {}}, "data": {"counts": {"0x0": 524, "0x1": 475, "0x2": 567, "0x3": 523, "0x4": 444, "0x5": 486, "0x6": 540, "0x7": 537}, "snapshots": null, "memory": null, "statevector": null, "unitary": null}}, {"shots": 4096, "success": true, "status": null, "seed": null, "meas_level": 2, "meas_return": null, "header": {"qubit_labels": [["q", 0], ["q", 1], ["q", 2], ["q", 3], ["q", 4]], "n_qubits": 5, "qreg_sizes": [["q", 5]], "clbit_labels": [["c", 0], ["c", 1], ["c", 2]], "memory_slots": 3, "creg_sizes": [["c", 3]], "name": "circuit-673800", "global_phase": 3.141592653589832, "metadata": {}}, "data": {"counts": {"0x0": 557, "0x1": 367, "0x2": 1471, "0x3": 484, "0x4": 180, "0x5": 278, "0x6": 444, "0x7": 315}, "snapshots": null, "memory": null, "statevector": null, "unitary": null}}, {"shots": 4096, "success": true, "status": null, "seed": null, "meas_level": 2, "meas_return": null, "header": {"qubit_labels": [["q", 0], ["q", 1], ["q", 2], ["q", 3], ["q", 4]], "n_qubits": 5, "qreg_sizes": [["q", 5]], "clbit_labels": [["c", 0], ["c", 1], ["c", 2]], "memory_slots": 3, "creg_sizes": [["c", 3]], "name": "circuit-676376", "global_phase": 5.497787143782157, "metadata": {}}, "data": {"counts": {"0x0": 501, "0x1": 589, "0x2": 481, "0x3": 538, "0x4": 429, "0x5": 482, "0x6": 453, "0x7": 623}, "snapshots": null, "memory": null, "statevector": null, "unitary": null}}, {"shots": 4096, "success": true, "status": null, "seed": null, "meas_level": 2, "meas_return": null, "header": {"qubit_labels": [["q", 0], ["q", 1], ["q", 2], ["q", 3], ["q", 4]], "n_qubits": 5, "qreg_sizes": [["q", 5]], "clbit_labels": [["c", 0], ["c", 1], ["c", 2]], "memory_slots": 3, "creg_sizes": [["c", 3]], "name": "circuit-676377", "global_phase": 3.1415926535898464, "metadata": {}}, "data": {"counts": {"0x0": 567, "0x1": 512, "0x2": 1158, "0x3": 618, "0x4": 211, "0x5": 317, "0x6": 368, "0x7": 345}, "snapshots": null, "memory": null, "statevector": null, "unitary": null}}, {"shots": 4096, "success": true, "status": null, "seed": null, "meas_level": 2, "meas_return": null, "header": {"qubit_labels": [["q", 0], ["q", 1], ["q", 2], ["q", 3], ["q", 4]], "n_qubits": 5, "qreg_sizes": [["q", 5]], "clbit_labels": [["c", 0], ["c", 1], ["c", 2]], "memory_slots": 3, "creg_sizes": [["c", 3]], "name": "circuit-679067", "global_phase": 3.9269908169872725, "metadata": {}}, "data": {"counts": {"0x0": 425, "0x1": 565, "0x2": 489, "0x3": 556, "0x4": 400, "0x5": 511, "0x6": 503, "0x7": 647}, "snapshots": null, "memory": null, "statevector": null, "unitary": null}}, {"shots": 4096, "success": true, "status": null, "seed": null, "meas_level": 2, "meas_return": null, "header": {"qubit_labels": [["q", 0], ["q", 1], ["q", 2], ["q", 3], ["q", 4]], "n_qubits": 5, "qreg_sizes": [["q", 5]], "clbit_labels": [["c", 0], ["c", 1], ["c", 2]], "memory_slots": 3, "creg_sizes": [["c", 3]], "name": "circuit-679068", "global_phase": 1.570796326794937, "metadata": {}}, "data": {"counts": {"0x0": 557, "0x1": 573, "0x2": 1155, "0x3": 632, "0x4": 193, "0x5": 277, "0x6": 360, "0x7": 349}, "snapshots": null, "memory": null, "statevector": null, "unitary": null}}, {"shots": 4096, "success": true, "status": null, "seed": null, "meas_level": 2, "meas_return": null, "header": {"qubit_labels": [["q", 0], ["q", 1], ["q", 2], ["q", 3], ["q", 4]], "n_qubits": 5, "qreg_sizes": [["q", 5]], "clbit_labels": [["c", 0], ["c", 1], ["c", 2]], "memory_slots": 3, "creg_sizes": [["c", 3]], "name": "circuit-681973", "global_phase": 3.92699081698726, "metadata": {}}, "data": {"counts": {"0x0": 577, "0x1": 496, "0x2": 492, "0x3": 471, "0x4": 461, "0x5": 478, "0x6": 591, "0x7": 530}, "snapshots": null, "memory": null, "statevector": null, "unitary": null}}, {"shots": 4096, "success": true, "status": null, "seed": null, "meas_level": 2, "meas_return": null, "header": {"qubit_labels": [["q", 0], ["q", 1], ["q", 2], ["q", 3], ["q", 4]], "n_qubits": 5, "qreg_sizes": [["q", 5]], "clbit_labels": [["c", 0], ["c", 1], ["c", 2]], "memory_slots": 3, "creg_sizes": [["c", 3]], "name": "circuit-681974", "global_phase": 6.039613253960852e-14, "metadata": {}}, "data": {"counts": {"0x0": 541, "0x1": 503, "0x2": 1150, "0x3": 559, "0x4": 217, "0x5": 353, "0x6": 397, "0x7": 376}, "snapshots": null, "memory": null, "statevector": null, "unitary": null}}, {"shots": 4096, "success": true, "status": null, "seed": null, "meas_level": 2, "meas_return": null, "header": {"qubit_labels": [["q", 0], ["q", 1], ["q", 2], ["q", 3], ["q", 4]], "n_qubits": 5, "qreg_sizes": [["q", 5]], "clbit_labels": [["c", 0], ["c", 1], ["c", 2]], "memory_slots": 3, "creg_sizes": [["c", 3]], "name": "circuit-685068", "global_phase": 2.356194490192344, "metadata": {}}, "data": {"counts": {"0x0": 939, "0x1": 197, "0x2": 189, "0x3": 936, "0x4": 175, "0x5": 828, "0x6": 705, "0x7": 127}, "snapshots": null, "memory": null, "statevector": null, "unitary": null}}, {"shots": 4096, "success": true, "status": null, "seed": null, "meas_level": 2, "meas_return": null, "header": {"qubit_labels": [["q", 0], ["q", 1], ["q", 2], ["q", 3], ["q", 4]], "n_qubits": 5, "qreg_sizes": [["q", 5]], "clbit_labels": [["c", 0], ["c", 1], ["c", 2]], "memory_slots": 3, "creg_sizes": [["c", 3]], "name": "circuit-685069", "global_phase": 4.712388980384692, "metadata": {}}, "data": {"counts": {"0x0": 3058, "0x1": 319, "0x2": 296, "0x3": 106, "0x4": 151, "0x5": 134, "0x6": 16, "0x7": 16}, "snapshots": null, "memory": null, "statevector": null, "unitary": null}}, {"shots": 4096, "success": true, "status": null, "seed": null, "meas_level": 2, "meas_return": null, "header": {"qubit_labels": [["q", 0], ["q", 1], ["q", 2], ["q", 3], ["q", 4]], "n_qubits": 5, "qreg_sizes": [["q", 5]], "clbit_labels": [["c", 0], ["c", 1], ["c", 2]], "memory_slots": 3, "creg_sizes": [["c", 3]], "name": "circuit-685422", "global_phase": 3.926990816987243, "metadata": {}}, "data": {"counts": {"0x0": 676, "0x1": 205, "0x2": 376, "0x3": 654, "0x4": 238, "0x5": 713, "0x6": 1023, "0x7": 211}, "snapshots": null, "memory": null, "statevector": null, "unitary": null}}, {"shots": 4096, "success": true, "status": null, "seed": null, "meas_level": 2, "meas_return": null, "header": {"qubit_labels": [["q", 0], ["q", 1], ["q", 2], ["q", 3], ["q", 4]], "n_qubits": 5, "qreg_sizes": [["q", 5]], "clbit_labels": [["c", 0], ["c", 1], ["c", 2]], "memory_slots": 3, "creg_sizes": [["c", 3]], "name": "circuit-685423", "global_phase": 1.570796326794901, "metadata": {}}, "data": {"counts": {"0x0": 3116, "0x1": 214, "0x2": 411, "0x3": 41, "0x4": 200, "0x5": 68, "0x6": 32, "0x7": 14}, "snapshots": null, "memory": null, "statevector": null, "unitary": null}}, {"shots": 4096, "success": true, "status": null, "seed": null, "meas_level": 2, "meas_return": null, "header": {"qubit_labels": [["q", 0], ["q", 1], ["q", 2], ["q", 3], ["q", 4]], "n_qubits": 5, "qreg_sizes": [["q", 5]], "clbit_labels": [["c", 0], ["c", 1], ["c", 2]], "memory_slots": 3, "creg_sizes": [["c", 3]], "name": "circuit-685923", "global_phase": 0.7853981633974509, "metadata": {}}, "data": {"counts": {"0x0": 503, "0x1": 460, "0x2": 464, "0x3": 989, "0x4": 251, "0x5": 314, "0x6": 814, "0x7": 301}, "snapshots": null, "memory": null, "statevector": null, "unitary": null}}, {"shots": 4096, "success": true, "status": null, "seed": null, "meas_level": 2, "meas_return": null, "header": {"qubit_labels": [["q", 0], ["q", 1], ["q", 2], ["q", 3], ["q", 4]], "n_qubits": 5, "qreg_sizes": [["q", 5]], "clbit_labels": [["c", 0], ["c", 1], ["c", 2]], "memory_slots": 3, "creg_sizes": [["c", 3]], "name": "circuit-685924", "global_phase": 3.141592653589801, "metadata": {}}, "data": {"counts": {"0x0": 2943, "0x1": 262, "0x2": 379, "0x3": 109, "0x4": 246, "0x5": 90, "0x6": 38, "0x7": 29}, "snapshots": null, "memory": null, "statevector": null, "unitary": null}}, {"shots": 4096, "success": true, "status": null, "seed": null, "meas_level": 2, "meas_return": null, "header": {"qubit_labels": [["q", 0], ["q", 1], ["q", 2], ["q", 3], ["q", 4]], "n_qubits": 5, "qreg_sizes": [["q", 5]], "clbit_labels": [["c", 0], ["c", 1], ["c", 2]], "memory_slots": 3, "creg_sizes": [["c", 3]], "name": "circuit-686545", "global_phase": 3.9269908169872485, "metadata": {}}, "data": {"counts": {"0x0": 243, "0x1": 296, "0x2": 461, "0x3": 882, "0x4": 406, "0x5": 343, "0x6": 922, "0x7": 543}, "snapshots": null, "memory": null, "statevector": null, "unitary": null}}, {"shots": 4096, "success": true, "status": null, "seed": null, "meas_level": 2, "meas_return": null, "header": {"qubit_labels": [["q", 0], ["q", 1], ["q", 2], ["q", 3], ["q", 4]], "n_qubits": 5, "qreg_sizes": [["q", 5]], "clbit_labels": [["c", 0], ["c", 1], ["c", 2]], "memory_slots": 3, "creg_sizes": [["c", 3]], "name": "circuit-686546", "global_phase": 4.7123889803847, "metadata": {}}, "data": {"counts": {"0x0": 1842, "0x1": 870, "0x2": 666, "0x3": 298, "0x4": 196, "0x5": 116, "0x6": 63, "0x7": 45}, "snapshots": null, "memory": null, "statevector": null, "unitary": null}}, {"shots": 4096, "success": true, "status": null, "seed": null, "meas_level": 2, "meas_return": null, "header": {"qubit_labels": [["q", 0], ["q", 1], ["q", 2], ["q", 3], ["q", 4]], "n_qubits": 5, "qreg_sizes": [["q", 5]], "clbit_labels": [["c", 0], ["c", 1], ["c", 2]], "memory_slots": 3, "creg_sizes": [["c", 3]], "name": "circuit-687307", "global_phase": 2.3561944901923466, "metadata": {}}, "data": {"counts": {"0x0": 252, "0x1": 516, "0x2": 516, "0x3": 700, "0x4": 611, "0x5": 305, "0x6": 696, "0x7": 500}, "snapshots": null, "memory": null, "statevector": null, "unitary": null}}, {"shots": 4096, "success": true, "status": null, "seed": null, "meas_level": 2, "meas_return": null, "header": {"qubit_labels": [["q", 0], ["q", 1], ["q", 2], ["q", 3], ["q", 4]], "n_qubits": 5, "qreg_sizes": [["q", 5]], "clbit_labels": [["c", 0], ["c", 1], ["c", 2]], "memory_slots": 3, "creg_sizes": [["c", 3]], "name": "circuit-687308", "global_phase": 1.0658141036401503e-14, "metadata": {}}, "data": {"counts": {"0x0": 2366, "0x1": 293, "0x2": 599, "0x3": 90, "0x4": 418, "0x5": 177, "0x6": 93, "0x7": 60}, "snapshots": null, "memory": null, "statevector": null, "unitary": null}}, {"shots": 4096, "success": true, "status": null, "seed": null, "meas_level": 2, "meas_return": null, "header": {"qubit_labels": [["q", 0], ["q", 1], ["q", 2], ["q", 3], ["q", 4]], "n_qubits": 5, "qreg_sizes": [["q", 5]], "clbit_labels": [["c", 0], ["c", 1], ["c", 2]], "memory_slots": 3, "creg_sizes": [["c", 3]], "name": "circuit-688183", "global_phase": 5.497787143782142, "metadata": {}}, "data": {"counts": {"0x0": 339, "0x1": 810, "0x2": 420, "0x3": 557, "0x4": 566, "0x5": 420, "0x6": 475, "0x7": 509}, "snapshots": null, "memory": null, "statevector": null, "unitary": null}}, {"shots": 4096, "success": true, "status": null, "seed": null, "meas_level": 2, "meas_return": null, "header": {"qubit_labels": [["q", 0], ["q", 1], ["q", 2], ["q", 3], ["q", 4]], "n_qubits": 5, "qreg_sizes": [["q", 5]], "clbit_labels": [["c", 0], ["c", 1], ["c", 2]], "memory_slots": 3, "creg_sizes": [["c", 3]], "name": "circuit-688184", "global_phase": 4.7123889803847065, "metadata": {}}, "data": {"counts": {"0x0": 1983, "0x1": 441, "0x2": 709, "0x3": 203, "0x4": 364, "0x5": 140, "0x6": 151, "0x7": 105}, "snapshots": null, "memory": null, "statevector": null, "unitary": null}}, {"shots": 4096, "success": true, "status": null, "seed": null, "meas_level": 2, "meas_return": null, "header": {"qubit_labels": [["q", 0], ["q", 1], ["q", 2], ["q", 3], ["q", 4]], "n_qubits": 5, "qreg_sizes": [["q", 5]], "clbit_labels": [["c", 0], ["c", 1], ["c", 2]], "memory_slots": 3, "creg_sizes": [["c", 3]], "name": "circuit-689228", "global_phase": 3.926990816987251, "metadata": {}}, "data": {"counts": {"0x0": 485, "0x1": 543, "0x2": 578, "0x3": 490, "0x4": 664, "0x5": 405, "0x6": 410, "0x7": 521}, "snapshots": null, "memory": null, "statevector": null, "unitary": null}}, {"shots": 4096, "success": true, "status": null, "seed": null, "meas_level": 2, "meas_return": null, "header": {"qubit_labels": [["q", 0], ["q", 1], ["q", 2], ["q", 3], ["q", 4]], "n_qubits": 5, "qreg_sizes": [["q", 5]], "clbit_labels": [["c", 0], ["c", 1], ["c", 2]], "memory_slots": 3, "creg_sizes": [["c", 3]], "name": "circuit-689229", "global_phase": 1.5707963267949152, "metadata": {}}, "data": {"counts": {"0x0": 1813, "0x1": 475, "0x2": 699, "0x3": 336, "0x4": 332, "0x5": 217, "0x6": 134, "0x7": 90}, "snapshots": null, "memory": null, "statevector": null, "unitary": null}}, {"shots": 4096, "success": true, "status": null, "seed": null, "meas_level": 2, "meas_return": null, "header": {"qubit_labels": [["q", 0], ["q", 1], ["q", 2], ["q", 3], ["q", 4]], "n_qubits": 5, "qreg_sizes": [["q", 5]], "clbit_labels": [["c", 0], ["c", 1], ["c", 2]], "memory_slots": 3, "creg_sizes": [["c", 3]], "name": "circuit-690419", "global_phase": 2.3561944901923537, "metadata": {}}, "data": {"counts": {"0x0": 353, "0x1": 581, "0x2": 779, "0x3": 459, "0x4": 488, "0x5": 372, "0x6": 375, "0x7": 689}, "snapshots": null, "memory": null, "statevector": null, "unitary": null}}, {"shots": 4096, "success": true, "status": null, "seed": null, "meas_level": 2, "meas_return": null, "header": {"qubit_labels": [["q", 0], ["q", 1], ["q", 2], ["q", 3], ["q", 4]], "n_qubits": 5, "qreg_sizes": [["q", 5]], "clbit_labels": [["c", 0], ["c", 1], ["c", 2]], "memory_slots": 3, "creg_sizes": [["c", 3]], "name": "circuit-690420", "global_phase": 3.141592653589819, "metadata": {}}, "data": {"counts": {"0x0": 1632, "0x1": 402, "0x2": 894, "0x3": 260, "0x4": 343, "0x5": 215, "0x6": 201, "0x7": 149}, "snapshots": null, "memory": null, "statevector": null, "unitary": null}}, {"shots": 4096, "success": true, "status": null, "seed": null, "meas_level": 2, "meas_return": null, "header": {"qubit_labels": [["q", 0], ["q", 1], ["q", 2], ["q", 3], ["q", 4]], "n_qubits": 5, "qreg_sizes": [["q", 5]], "clbit_labels": [["c", 0], ["c", 1], ["c", 2]], "memory_slots": 3, "creg_sizes": [["c", 3]], "name": "circuit-691774", "global_phase": 2.3561944901923635, "metadata": {}}, "data": {"counts": {"0x0": 487, "0x1": 585, "0x2": 569, "0x3": 467, "0x4": 616, "0x5": 460, "0x6": 418, "0x7": 494}, "snapshots": null, "memory": null, "statevector": null, "unitary": null}}, {"shots": 4096, "success": true, "status": null, "seed": null, "meas_level": 2, "meas_return": null, "header": {"qubit_labels": [["q", 0], ["q", 1], ["q", 2], ["q", 3], ["q", 4]], "n_qubits": 5, "qreg_sizes": [["q", 5]], "clbit_labels": [["c", 0], ["c", 1], ["c", 2]], "memory_slots": 3, "creg_sizes": [["c", 3]], "name": "circuit-691775", "global_phase": 2.220446049250313e-14, "metadata": {}}, "data": {"counts": {"0x0": 1151, "0x1": 388, "0x2": 1163, "0x3": 371, "0x4": 250, "0x5": 264, "0x6": 226, "0x7": 283}, "snapshots": null, "memory": null, "statevector": null, "unitary": null}}, {"shots": 4096, "success": true, "status": null, "seed": null, "meas_level": 2, "meas_return": null, "header": {"qubit_labels": [["q", 0], ["q", 1], ["q", 2], ["q", 3], ["q", 4]], "n_qubits": 5, "qreg_sizes": [["q", 5]], "clbit_labels": [["c", 0], ["c", 1], ["c", 2]], "memory_slots": 3, "creg_sizes": [["c", 3]], "name": "circuit-693274", "global_phase": 5.497787143782148, "metadata": {}}, "data": {"counts": {"0x0": 475, "0x1": 555, "0x2": 702, "0x3": 484, "0x4": 423, "0x5": 418, "0x6": 337, "0x7": 702}, "snapshots": null, "memory": null, "statevector": null, "unitary": null}}, {"shots": 4096, "success": true, "status": null, "seed": null, "meas_level": 2, "meas_return": null, "header": {"qubit_labels": [["q", 0], ["q", 1], ["q", 2], ["q", 3], ["q", 4]], "n_qubits": 5, "qreg_sizes": [["q", 5]], "clbit_labels": [["c", 0], ["c", 1], ["c", 2]], "memory_slots": 3, "creg_sizes": [["c", 3]], "name": "circuit-693275", "global_phase": 4.712388980384713, "metadata": {}}, "data": {"counts": {"0x0": 920, "0x1": 542, "0x2": 1152, "0x3": 373, "0x4": 235, "0x5": 364, "0x6": 324, "0x7": 186}, "snapshots": null, "memory": null, "statevector": null, "unitary": null}}], "error": null}