{"backend_name": "ibmq_manila", "backend_version": "1.0.35", "qobj_id": "e4998605-5886-4a0e-8301-8576d3c4424b", "job_id": "62ebd24fcb37f788139bd03b", "date": "2022-08-04T15:22:09Z", "success": true, "status": "Successful completion", "execution_id": "e153bcf8-1408-11ed-9fb7-bc97e15b08d0", "time_taken": 130.75601768493652, "header": {"backend_name": "ibmq_manila", "backend_version": "1.0.35"}, "results": [{"shots": 4096, "success": true, "status": null, "seed": null, "meas_level": 2, "meas_return": null, "header": {"qubit_labels": [["q", 0], ["q", 1], ["q", 2], ["q", 3], ["q", 4]], "n_qubits": 5, "qreg_sizes": [["q", 5]], "clbit_labels": [["c", 0], ["c", 1], ["c", 2]], "memory_slots": 3, "creg_sizes": [["c", 3]], "name": "circuit-3042802", "global_phase": 2.356194490192358, "metadata": {}}, "data": {"counts": {"0x0": 557, "0x1": 403, "0x2": 420, "0x3": 936, "0x4": 385, "0x5": 486, "0x6": 469, "0x7": 440}, "snapshots": null, "memory": null, "statevector": null, "unitary": null}}, {"shots": 4096, "success": true, "status": null, "seed": null, "meas_level": 2, "meas_return": null, "header": {"qubit_labels": [["q", 0], ["q", 1], ["q", 2], ["q", 3], ["q", 4]], "n_qubits": 5, "qreg_sizes": [["q", 5]], "clbit_labels": [["c", 0], ["c", 1], ["c", 2]], "memory_slots": 3, "creg_sizes": [["c", 3]], "name": "circuit-3042803", "global_phase": 3.1415926535898206, "metadata": {}}, "data": {"counts": {"0x0": 1492, "0x1": 250, "0x2": 1411, "0x3": 174, "0x4": 312, "0x5": 94, "0x6": 282, "0x7": 81}, "snapshots": null, "memory": null, "statevector": null, "unitary": null}}, {"shots": 4096, "success": true, "status": null, "seed": null, "meas_level": 2, "meas_return": null, "header": {"qubit_labels": [["q", 0], ["q", 1], ["q", 2], ["q", 3], ["q", 4]], "n_qubits": 5, "qreg_sizes": [["q", 5]], "clbit_labels": [["c", 0], ["c", 1], ["c", 2]], "memory_slots": 3, "creg_sizes": [["c", 3]], "name": "circuit-3044596", "global_phase": 3.926990816987253, "metadata": {}}, "data": {"counts": {"0x0": 505, "0x1": 368, "0x2": 493, "0x3": 599, "0x4": 383, "0x5": 567, "0x6": 734, "0x7": 447}, "snapshots": null, "memory": null, "statevector": null, "unitary": null}}, {"shots": 4096, "success": true, "status": null, "seed": null, "meas_level": 2, "meas_return": null, "header": {"qubit_labels": [["q", 0], ["q", 1], ["q", 2], ["q", 3], ["q", 4]], "n_qubits": 5, "qreg_sizes": [["q", 5]], "clbit_labels": [["c", 0], ["c", 1], ["c", 2]], "memory_slots": 3, "creg_sizes": [["c", 3]], "name": "circuit-3044597", "global_phase": 3.141592653589819, "metadata": {}}, "data": {"counts": {"0x0": 1567, "0x1": 228, "0x2": 1429, "0x3": 185, "0x4": 262, "0x5": 84, "0x6": 263, "0x7": 78}, "snapshots": null, "memory": null, "statevector": null, "unitary": null}}, {"shots": 4096, "success": true, "status": null, "seed": null, "meas_level": 2, "meas_return": null, "header": {"qubit_labels": [["q", 0], ["q", 1], ["q", 2], ["q", 3], ["q", 4]], "n_qubits": 5, "qreg_sizes": [["q", 5]], "clbit_labels": [["c", 0], ["c", 1], ["c", 2]], "memory_slots": 3, "creg_sizes": [["c", 3]], "name": "circuit-3046511", "global_phase": 0.7853981633974687, "metadata": {}}, "data": {"counts": {"0x0": 512, "0x1": 585, "0x2": 525, "0x3": 565, "0x4": 432, "0x5": 471, "0x6": 491, "0x7": 515}, "snapshots": null, "memory": null, "statevector": null, "unitary": null}}, {"shots": 4096, "success": true, "status": null, "seed": null, "meas_level": 2, "meas_return": null, "header": {"qubit_labels": [["q", 0], ["q", 1], ["q", 2], ["q", 3], ["q", 4]], "n_qubits": 5, "qreg_sizes": [["q", 5]], "clbit_labels": [["c", 0], ["c", 1], ["c", 2]], "memory_slots": 3, "creg_sizes": [["c", 3]], "name": "circuit-3046512", "global_phase": 1.5707963267949303, "metadata": {}}, "data": {"counts": {"0x0": 1522, "0x1": 257, "0x2": 1502, "0x3": 250, "0x4": 170, "0x5": 99, "0x6": 192, "0x7": 104}, "snapshots": null, "memory": null, "statevector": null, "unitary": null}}, {"shots": 4096, "success": true, "status": null, "seed": null, "meas_level": 2, "meas_return": null, "header": {"qubit_labels": [["q", 0], ["q", 1], ["q", 2], ["q", 3], ["q", 4]], "n_qubits": 5, "qreg_sizes": [["q", 5]], "clbit_labels": [["c", 0], ["c", 1], ["c", 2]], "memory_slots": 3, "creg_sizes": [["c", 3]], "name": "circuit-3048557", "global_phase": 5.497787143782145, "metadata": {}}, "data": {"counts": {"0x0": 396, "0x1": 717, "0x2": 550, "0x3": 356, "0x4": 511, "0x5": 486, "0x6": 557, "0x7": 523}, "snapshots": null, "memory": null, "statevector": null, "unitary": null}}, {"shots": 4096, "success": true, "status": null, "seed": null, "meas_level": 2, "meas_return": null, "header": {"qubit_labels": [["q", 0], ["q", 1], ["q", 2], ["q", 3], ["q", 4]], "n_qubits": 5, "qreg_sizes": [["q", 5]], "clbit_labels": [["c", 0], ["c", 1], ["c", 2]], "memory_slots": 3, "creg_sizes": [["c", 3]], "name": "circuit-3048558", "global_phase": 4.712388980384726, "metadata": {}}, "data": {"counts": {"0x0": 1162, "0x1": 289, "0x2": 1148, "0x3": 279, "0x4": 477, "0x5": 165, "0x6": 443, "0x7": 133}, "snapshots": null, "memory": null, "statevector": null, "unitary": null}}, {"shots": 4096, "success": true, "status": null, "seed": null, "meas_level": 2, "meas_return": null, "header": {"qubit_labels": [["q", 0], ["q", 1], ["q", 2], ["q", 3], ["q", 4]], "n_qubits": 5, "qreg_sizes": [["q", 5]], "clbit_labels": [["c", 0], ["c", 1], ["c", 2]], "memory_slots": 3, "creg_sizes": [["c", 3]], "name": "circuit-3050751", "global_phase": 0.7853981633974616, "metadata": {}}, "data": {"counts": {"0x0": 595, "0x1": 680, "0x2": 688, "0x3": 438, "0x4": 491, "0x5": 438, "0x6": 410, "0x7": 356}, "snapshots": null, "memory": null, "statevector": null, "unitary": null}}, {"shots": 4096, "success": true, "status": null, "seed": null, "meas_level": 2, "meas_return": null, "header": {"qubit_labels": [["q", 0], ["q", 1], ["q", 2], ["q", 3], ["q", 4]], "n_qubits": 5, "qreg_sizes": [["q", 5]], "clbit_labels": [["c", 0], ["c", 1], ["c", 2]], "memory_slots": 3, "creg_sizes": [["c", 3]], "name": "circuit-3050752", "global_phase": 4.712388980384732, "metadata": {}}, "data": {"counts": {"0x0": 1414, "0x1": 314, "0x2": 1373, "0x3": 292, "0x4": 218, "0x5": 136, "0x6": 235, "0x7": 114}, "snapshots": null, "memory": null, "statevector": null, "unitary": null}}, {"shots": 4096, "success": true, "status": null, "seed": null, "meas_level": 2, "meas_return": null, "header": {"qubit_labels": [["q", 0], ["q", 1], ["q", 2], ["q", 3], ["q", 4]], "n_qubits": 5, "qreg_sizes": [["q", 5]], "clbit_labels": [["c", 0], ["c", 1], ["c", 2]], "memory_slots": 3, "creg_sizes": [["c", 3]], "name": "circuit-3053131", "global_phase": 0.785398163397458, "metadata": {}}, "data": {"counts": {"0x0": 587, "0x1": 725, "0x2": 522, "0x3": 419, "0x4": 604, "0x5": 404, "0x6": 413, "0x7": 422}, "snapshots": null, "memory": null, "statevector": null, "unitary": null}}, {"shots": 4096, "success": true, "status": null, "seed": null, "meas_level": 2, "meas_return": null, "header": {"qubit_labels": [["q", 0], ["q", 1], ["q", 2], ["q", 3], ["q", 4]], "n_qubits": 5, "qreg_sizes": [["q", 5]], "clbit_labels": [["c", 0], ["c", 1], ["c", 2]], "memory_slots": 3, "creg_sizes": [["c", 3]], "name": "circuit-3053132", "global_phase": 3.1415926535898304, "metadata": {}}, "data": {"counts": {"0x0": 1383, "0x1": 302, "0x2": 1164, "0x3": 243, "0x4": 360, "0x5": 165, "0x6": 336, "0x7": 143}, "snapshots": null, "memory": null, "statevector": null, "unitary": null}}, {"shots": 4096, "success": true, "status": null, "seed": null, "meas_level": 2, "meas_return": null, "header": {"qubit_labels": [["q", 0], ["q", 1], ["q", 2], ["q", 3], ["q", 4]], "n_qubits": 5, "qreg_sizes": [["q", 5]], "clbit_labels": [["c", 0], ["c", 1], ["c", 2]], "memory_slots": 3, "creg_sizes": [["c", 3]], "name": "circuit-3055568", "global_phase": 5.497787143782162, "metadata": {}}, "data": {"counts": {"0x0": 522, "0x1": 648, "0x2": 521, "0x3": 386, "0x4": 586, "0x5": 503, "0x6": 481, "0x7": 449}, "snapshots": null, "memory": null, "statevector": null, "unitary": null}}, {"shots": 4096, "success": true, "status": null, "seed": null, "meas_level": 2, "meas_return": null, "header": {"qubit_labels": [["q", 0], ["q", 1], ["q", 2], ["q", 3], ["q", 4]], "n_qubits": 5, "qreg_sizes": [["q", 5]], "clbit_labels": [["c", 0], ["c", 1], ["c", 2]], "memory_slots": 3, "creg_sizes": [["c", 3]], "name": "circuit-3055569", "global_phase": 4.712388980384733, "metadata": {}}, "data": {"counts": {"0x0": 1170, "0x1": 284, "0x2": 945, "0x3": 237, "0x4": 601, "0x5": 193, "0x6": 482, "0x7": 184}, "snapshots": null, "memory": null, "statevector": null, "unitary": null}}, {"shots": 4096, "success": true, "status": null, "seed": null, "meas_level": 2, "meas_return": null, "header": {"qubit_labels": [["q", 0], ["q", 1], ["q", 2], ["q", 3], ["q", 4]], "n_qubits": 5, "qreg_sizes": [["q", 5]], "clbit_labels": [["c", 0], ["c", 1], ["c", 2]], "memory_slots": 3, "creg_sizes": [["c", 3]], "name": "circuit-3058107", "global_phase": 5.497787143782165, "metadata": {}}, "data": {"counts": {"0x0": 582, "0x1": 397, "0x2": 410, "0x3": 451, "0x4": 801, "0x5": 447, "0x6": 471, "0x7": 537}, "snapshots": null, "memory": null, "statevector": null, "unitary": null}}, {"shots": 4096, "success": true, "status": null, "seed": null, "meas_level": 2, "meas_return": null, "header": {"qubit_labels": [["q", 0], ["q", 1], ["q", 2], ["q", 3], ["q", 4]], "n_qubits": 5, "qreg_sizes": [["q", 5]], "clbit_labels": [["c", 0], ["c", 1], ["c", 2]], "memory_slots": 3, "creg_sizes": [["c", 3]], "name": "circuit-3058108", "global_phase": 4.712388980384736, "metadata": {}}, "data": {"counts": {"0x0": 1208, "0x1": 377, "0x2": 838, "0x3": 301, "0x4": 581, "0x5": 232, "0x6": 375, "0x7": 184}, "snapshots": null, "memory": null, "statevector": null, "unitary": null}}, {"shots": 4096, "success": true, "status": null, "seed": null, "meas_level": 2, "meas_return": null, "header": {"qubit_labels": [["q", 0], ["q", 1], ["q", 2], ["q", 3], ["q", 4]], "n_qubits": 5, "qreg_sizes": [["q", 5]], "clbit_labels": [["c", 0], ["c", 1], ["c", 2]], "memory_slots": 3, "creg_sizes": [["c", 3]], "name": "circuit-3060855", "global_phase": 5.497787143782158, "metadata": {}}, "data": {"counts": {"0x0": 655, "0x1": 525, "0x2": 508, "0x3": 498, "0x4": 502, "0x5": 590, "0x6": 444, "0x7": 374}, "snapshots": null, "memory": null, "statevector": null, "unitary": null}}, {"shots": 4096, "success": true, "status": null, "seed": null, "meas_level": 2, "meas_return": null, "header": {"qubit_labels": [["q", 0], ["q", 1], ["q", 2], ["q", 3], ["q", 4]], "n_qubits": 5, "qreg_sizes": [["q", 5]], "clbit_labels": [["c", 0], ["c", 1], ["c", 2]], "memory_slots": 3, "creg_sizes": [["c", 3]], "name": "circuit-3060856", "global_phase": 4.085620730620576e-14, "metadata": {}}, "data": {"counts": {"0x0": 1304, "0x1": 413, "0x2": 936, "0x3": 337, "0x4": 439, "0x5": 193, "0x6": 326, "0x7": 148}, "snapshots": null, "memory": null, "statevector": null, "unitary": null}}, {"shots": 4096, "success": true, "status": null, "seed": null, "meas_level": 2, "meas_return": null, "header": {"qubit_labels": [["q", 0], ["q", 1], ["q", 2], ["q", 3], ["q", 4]], "n_qubits": 5, "qreg_sizes": [["q", 5]], "clbit_labels": [["c", 0], ["c", 1], ["c", 2]], "memory_slots": 3, "creg_sizes": [["c", 3]], "name": "circuit-3063802", "global_phase": 2.3561944901923644, "metadata": {}}, "data": {"counts": {"0x0": 656, "0x1": 433, "0x2": 481, "0x3": 474, "0x4": 693, "0x5": 424, "0x6": 470, "0x7": 465}, "snapshots": null, "memory": null, "statevector": null, "unitary": null}}, {"shots": 4096, "success": true, "status": null, "seed": null, "meas_level": 2, "meas_return": null, "header": {"qubit_labels": [["q", 0], ["q", 1], ["q", 2], ["q", 3], ["q", 4]], "n_qubits": 5, "qreg_sizes": [["q", 5]], "clbit_labels": [["c", 0], ["c", 1], ["c", 2]], "memory_slots": 3, "creg_sizes": [["c", 3]], "name": "circuit-3063803", "global_phase": 4.7123889803847305, "metadata": {}}, "data": {"counts": {"0x0": 1559, "0x1": 395, "0x2": 943, "0x3": 272, "0x4": 340, "0x5": 223, "0x6": 211, "0x7": 153}, "snapshots": null, "memory": null, "statevector": null, "unitary": null}}, {"shots": 4096, "success": true, "status": null, "seed": null, "meas_level": 2, "meas_return": null, "header": {"qubit_labels": [["q", 0], ["q", 1], ["q", 2], ["q", 3], ["q", 4]], "n_qubits": 5, "qreg_sizes": [["q", 5]], "clbit_labels": [["c", 0], ["c", 1], ["c", 2]], "memory_slots": 3, "creg_sizes": [["c", 3]], "name": "circuit-3066832", "global_phase": 3.9269908169872405, "metadata": {}}, "data": {"counts": {"0x0": 1167, "0x1": 172, "0x2": 176, "0x3": 670, "0x4": 316, "0x5": 825, "0x6": 627, "0x7": 143}, "snapshots": null, "memory": null, "statevector": null, "unitary": null}}, {"shots": 4096, "success": true, "status": null, "seed": null, "meas_level": 2, "meas_return": null, "header": {"qubit_labels": [["q", 0], ["q", 1], ["q", 2], ["q", 3], ["q", 4]], "n_qubits": 5, "qreg_sizes": [["q", 5]], "clbit_labels": [["c", 0], ["c", 1], ["c", 2]], "memory_slots": 3, "creg_sizes": [["c", 3]], "name": "circuit-3066833", "global_phase": 3.141592653589793, "metadata": {}}, "data": {"counts": {"0x0": 3722, "0x1": 88, "0x2": 132, "0x3": 3, "0x4": 95, "0x5": 49, "0x6": 2, "0x7": 5}, "snapshots": null, "memory": null, "statevector": null, "unitary": null}}, {"shots": 4096, "success": true, "status": null, "seed": null, "meas_level": 2, "meas_return": null, "header": {"qubit_labels": [["q", 0], ["q", 1], ["q", 2], ["q", 3], ["q", 4]], "n_qubits": 5, "qreg_sizes": [["q", 5]], "clbit_labels": [["c", 0], ["c", 1], ["c", 2]], "memory_slots": 3, "creg_sizes": [["c", 3]], "name": "circuit-3067181", "global_phase": 3.926990816987237, "metadata": {}}, "data": {"counts": {"0x0": 957, "0x1": 494, "0x2": 447, "0x3": 458, "0x4": 404, "0x5": 737, "0x6": 375, "0x7": 224}, "snapshots": null, "memory": null, "statevector": null, "unitary": null}}, {"shots": 4096, "success": true, "status": null, "seed": null, "meas_level": 2, "meas_return": null, "header": {"qubit_labels": [["q", 0], ["q", 1], ["q", 2], ["q", 3], ["q", 4]], "n_qubits": 5, "qreg_sizes": [["q", 5]], "clbit_labels": [["c", 0], ["c", 1], ["c", 2]], "memory_slots": 3, "creg_sizes": [["c", 3]], "name": "circuit-3067182", "global_phase": 3.141592653589796, "metadata": {}}, "data": {"counts": {"0x0": 3463, "0x1": 132, "0x2": 275, "0x3": 28, "0x4": 149, "0x5": 32, "0x6": 15, "0x7": 2}, "snapshots": null, "memory": null, "statevector": null, "unitary": null}}, {"shots": 4096, "success": true, "status": null, "seed": null, "meas_level": 2, "meas_return": null, "header": {"qubit_labels": [["q", 0], ["q", 1], ["q", 2], ["q", 3], ["q", 4]], "n_qubits": 5, "qreg_sizes": [["q", 5]], "clbit_labels": [["c", 0], ["c", 1], ["c", 2]], "memory_slots": 3, "creg_sizes": [["c", 3]], "name": "circuit-3067682", "global_phase": 5.497787143782142, "metadata": {}}, "data": {"counts": {"0x0": 920, "0x1": 665, "0x2": 448, "0x3": 292, "0x4": 709, "0x5": 477, "0x6": 256, "0x7": 329}, "snapshots": null, "memory": null, "statevector": null, "unitary": null}}, {"shots": 4096, "success": true, "status": null, "seed": null, "meas_level": 2, "meas_return": null, "header": {"qubit_labels": [["q", 0], ["q", 1], ["q", 2], ["q", 3], ["q", 4]], "n_qubits": 5, "qreg_sizes": [["q", 5]], "clbit_labels": [["c", 0], ["c", 1], ["c", 2]], "memory_slots": 3, "creg_sizes": [["c", 3]], "name": "circuit-3067683", "global_phase": 5.329070518200751e-15, "metadata": {}}, "data": {"counts": {"0x0": 3111, "0x1": 177, "0x2": 420, "0x3": 32, "0x4": 267, "0x5": 39, "0x6": 46, "0x7": 4}, "snapshots": null, "memory": null, "statevector": null, "unitary": null}}, {"shots": 4096, "success": true, "status": null, "seed": null, "meas_level": 2, "meas_return": null, "header": {"qubit_labels": [["q", 0], ["q", 1], ["q", 2], ["q", 3], ["q", 4]], "n_qubits": 5, "qreg_sizes": [["q", 5]], "clbit_labels": [["c", 0], ["c", 1], ["c", 2]], "memory_slots": 3, "creg_sizes": [["c", 3]], "name": "circuit-3068267", "global_phase": 2.356194490192345, "metadata": {}}, "data": {"counts": {"0x0": 644, "0x1": 729, "0x2": 437, "0x3": 226, "0x4": 965, "0x5": 355, "0x6": 236, "0x7": 504}, "snapshots": null, "memory": null, "statevector": null, "unitary": null}}, {"shots": 4096, "success": true, "status": null, "seed": null, "meas_level": 2, "meas_return": null, "header": {"qubit_labels": [["q", 0], ["q", 1], ["q", 2], ["q", 3], ["q", 4]], "n_qubits": 5, "qreg_sizes": [["q", 5]], "clbit_labels": [["c", 0], ["c", 1], ["c", 2]], "memory_slots": 3, "creg_sizes": [["c", 3]], "name": "circuit-3068268", "global_phase": 3.141592653589805, "metadata": {}}, "data": {"counts": {"0x0": 2931, "0x1": 137, "0x2": 577, "0x3": 18, "0x4": 299, "0x5": 69, "0x6": 48, "0x7": 17}, "snapshots": null, "memory": null, "statevector": null, "unitary": null}}, {"shots": 4096, "success": true, "status": null, "seed": null, "meas_level": 2, "meas_return": null, "header": {"qubit_labels": [["q", 0], ["q", 1], ["q", 2], ["q", 3], ["q", 4]], "n_qubits": 5, "qreg_sizes": [["q", 5]], "clbit_labels": [["c", 0], ["c", 1], ["c", 2]], "memory_slots": 3, "creg_sizes": [["c", 3]], "name": "circuit-3069023", "global_phase": 3.926990816987246, "metadata": {}}, "data": {"counts": {"0x0": 393, "0x1": 1024, "0x2": 572, "0x3": 292, "0x4": 838, "0x5": 300, "0x6": 338, "0x7": 339}, "snapshots": null, "memory": null, "statevector": null, "unitary": null}}, {"shots": 4096, "success": true, "status": null, "seed": null, "meas_level": 2, "meas_return": null, "header": {"qubit_labels": [["q", 0], ["q", 1], ["q", 2], ["q", 3], ["q", 4]], "n_qubits": 5, "qreg_sizes": [["q", 5]], "clbit_labels": [["c", 0], ["c", 1], ["c", 2]], "memory_slots": 3, "creg_sizes": [["c", 3]], "name": "circuit-3069024", "global_phase": 8.881784197001252e-15, "metadata": {}}, "data": {"counts": {"0x0": 2651, "0x1": 284, "0x2": 669, "0x3": 68, "0x4": 237, "0x5": 102, "0x6": 61, "0x7": 24}, "snapshots": null, "memory": null, "statevector": null, "unitary": null}}, {"shots": 4096, "success": true, "status": null, "seed": null, "meas_level": 2, "meas_return": null, "header": {"qubit_labels": [["q", 0], ["q", 1], ["q", 2], ["q", 3], ["q", 4]], "n_qubits": 5, "qreg_sizes": [["q", 5]], "clbit_labels": [["c", 0], ["c", 1], ["c", 2]], "memory_slots": 3, "creg_sizes": [["c", 3]], "name": "circuit-3069934", "global_phase": 5.497787143782146, "metadata": {}}, "data": {"counts": {"0x0": 361, "0x1": 950, "0x2": 505, "0x3": 326, "0x4": 732, "0x5": 320, "0x6": 510, "0x7": 392}, "snapshots": null, "memory": null, "statevector": null, "unitary": null}}, {"shots": 4096, "success": true, "status": null, "seed": null, "meas_level": 2, "meas_return": null, "header": {"qubit_labels": [["q", 0], ["q", 1], ["q", 2], ["q", 3], ["q", 4]], "n_qubits": 5, "qreg_sizes": [["q", 5]], "clbit_labels": [["c", 0], ["c", 1], ["c", 2]], "memory_slots": 3, "creg_sizes": [["c", 3]], "name": "circuit-3069935", "global_phase": 4.712388980384707, "metadata": {}}, "data": {"counts": {"0x0": 2472, "0x1": 217, "0x2": 988, "0x3": 66, "0x4": 186, "0x5": 67, "0x6": 57, "0x7": 43}, "snapshots": null, "memory": null, "statevector": null, "unitary": null}}, {"shots": 4096, "success": true, "status": null, "seed": null, "meas_level": 2, "meas_return": null, "header": {"qubit_labels": [["q", 0], ["q", 1], ["q", 2], ["q", 3], ["q", 4]], "n_qubits": 5, "qreg_sizes": [["q", 5]], "clbit_labels": [["c", 0], ["c", 1], ["c", 2]], "memory_slots": 3, "creg_sizes": [["c", 3]], "name": "circuit-3070964", "global_phase": 0.7853981633974474, "metadata": {}}, "data": {"counts": {"0x0": 481, "0x1": 750, "0x2": 453, "0x3": 498, "0x4": 853, "0x5": 255, "0x6": 426, "0x7": 380}, "snapshots": null, "memory": null, "statevector": null, "unitary": null}}, {"shots": 4096, "success": true, "status": null, "seed": null, "meas_level": 2, "meas_return": null, "header": {"qubit_labels": [["q", 0], ["q", 1], ["q", 2], ["q", 3], ["q", 4]], "n_qubits": 5, "qreg_sizes": [["q", 5]], "clbit_labels": [["c", 0], ["c", 1], ["c", 2]], "memory_slots": 3, "creg_sizes": [["c", 3]], "name": "circuit-3070965", "global_phase": 3.1415926535898064, "metadata": {}}, "data": {"counts": {"0x0": 2290, "0x1": 226, "0x2": 1146, "0x3": 87, "0x4": 130, "0x5": 106, "0x6": 68, "0x7": 43}, "snapshots": null, "memory": null, "statevector": null, "unitary": null}}, {"shots": 4096, "success": true, "status": null, "seed": null, "meas_level": 2, "meas_return": null, "header": {"qubit_labels": [["q", 0], ["q", 1], ["q", 2], ["q", 3], ["q", 4]], "n_qubits": 5, "qreg_sizes": [["q", 5]], "clbit_labels": [["c", 0], ["c", 1], ["c", 2]], "memory_slots": 3, "creg_sizes": [["c", 3]], "name": "circuit-3072108", "global_phase": 0.7853981633974598, "metadata": {}}, "data": {"counts": {"0x0": 483, "0x1": 541, "0x2": 421, "0x3": 642, "0x4": 691, "0x5": 345, "0x6": 611, "0x7": 362}, "snapshots": null, "memory": null, "statevector": null, "unitary": null}}, {"shots": 4096, "success": true, "status": null, "seed": null, "meas_level": 2, "meas_return": null, "header": {"qubit_labels": [["q", 0], ["q", 1], ["q", 2], ["q", 3], ["q", 4]], "n_qubits": 5, "qreg_sizes": [["q", 5]], "clbit_labels": [["c", 0], ["c", 1], ["c", 2]], "memory_slots": 3, "creg_sizes": [["c", 3]], "name": "circuit-3072109", "global_phase": 4.712388980384704, "metadata": {}}, "data": {"counts": {"0x0": 2033, "0x1": 200, "0x2": 1182, "0x3": 134, "0x4": 230, "0x5": 90, "0x6": 164, "0x7": 63}, "snapshots": null, "memory": null, "statevector": null, "unitary": null}}, {"shots": 4096, "success": true, "status": null, "seed": null, "meas_level": 2, "meas_return": null, "header": {"qubit_labels": [["q", 0], ["q", 1], ["q", 2], ["q", 3], ["q", 4]], "n_qubits": 5, "qreg_sizes": [["q", 5]], "clbit_labels": [["c", 0], ["c", 1], ["c", 2]], "memory_slots": 3, "creg_sizes": [["c", 3]], "name": "circuit-3073457", "global_phase": 3.9269908169872476, "metadata": {}}, "data": {"counts": {"0x0": 642, "0x1": 527, "0x2": 447, "0x3": 699, "0x4": 340, "0x5": 414, "0x6": 719, "0x7": 308}, "snapshots": null, "memory": null, "statevector": null, "unitary": null}}, {"shots": 4096, "success": true, "status": null, "seed": null, "meas_level": 2, "meas_return": null, "header": {"qubit_labels": [["q", 0], ["q", 1], ["q", 2], ["q", 3], ["q", 4]], "n_qubits": 5, "qreg_sizes": [["q", 5]], "clbit_labels": [["c", 0], ["c", 1], ["c", 2]], "memory_slots": 3, "creg_sizes": [["c", 3]], "name": "circuit-3073458", "global_phase": 2.3092638912203256e-14, "metadata": {}}, "data": {"counts": {"0x0": 1735, "0x1": 219, "0x2": 1403, "0x3": 148, "0x4": 258, "0x5": 82, "0x6": 191, "0x7": 60}, "snapshots": null, "memory": null, "statevector": null, "unitary": null}}, {"shots": 4096, "success": true, "status": null, "seed": null, "meas_level": 2, "meas_return": null, "header": {"qubit_labels": [["q", 0], ["q", 1], ["q", 2], ["q", 3], ["q", 4]], "n_qubits": 5, "qreg_sizes": [["q", 5]], "clbit_labels": [["c", 0], ["c", 1], ["c", 2]], "memory_slots": 3, "creg_sizes": [["c", 3]], "name": "circuit-3074942", "global_phase": 5.497787143782148, "metadata": {}}, "data": {"counts": {"0x0": 405, "0x1": 477, "0x2": 525, "0x3": 656, "0x4": 335, "0x5": 563, "0x6": 812, "0x7": 323}, "snapshots": null, "memory": null, "statevector": null, "unitary": null}}, {"shots": 4096, "success": true, "status": null, "seed": null, "meas_level": 2, "meas_return": null, "header": {"qubit_labels": [["q", 0], ["q", 1], ["q", 2], ["q", 3], ["q", 4]], "n_qubits": 5, "qreg_sizes": [["q", 5]], "clbit_labels": [["c", 0], ["c", 1], ["c", 2]], "memory_slots": 3, "creg_sizes": [["c", 3]], "name": "circuit-3074943", "global_phase": 2.1316282072803006e-14, "metadata": {}}, "data": {"counts": {"0x0": 1503, "0x1": 267, "0x2": 1256, "0x3": 200, "0x4": 356, "0x5": 108, "0x6": 287, "0x7": 119}, "snapshots": null, "memory": null, "statevector": null, "unitary": null}}, {"shots": 4096, "success": true, "status": null, "seed": null, "meas_level": 2, "meas_return": null, "header": {"qubit_labels": [["q", 0], ["q", 1], ["q", 2], ["q", 3], ["q", 4]], "n_qubits": 5, "qreg_sizes": [["q", 5]], "clbit_labels": [["c", 0], ["c", 1], ["c", 2]], "memory_slots": 3, "creg_sizes": [["c", 3]], "name": "circuit-3076536", "global_phase": 3.926990816987253, "metadata": {}}, "data": {"counts": {"0x0": 642, "0x1": 358, "0x2": 428, "0x3": 673, "0x4": 403, "0x5": 474, "0x6": 668, "0x7": 450}, "snapshots": null, "memory": null, "statevector": null, "unitary": null}}, {"shots": 4096, "success": true, "status": null, "seed": null, "meas_level": 2, "meas_return": null, "header": {"qubit_labels": [["q", 0], ["q", 1], ["q", 2], ["q", 3], ["q", 4]], "n_qubits": 5, "qreg_sizes": [["q", 5]], "clbit_labels": [["c", 0], ["c", 1], ["c", 2]], "memory_slots": 3, "creg_sizes": [["c", 3]], "name": "circuit-3076537", "global_phase": 4.712388980384718, "metadata": {}}, "data": {"counts": {"0x0": 1466, "0x1": 343, "0x2": 1489, "0x3": 213, "0x4": 207, "0x5": 96, "0x6": 209, "0x7": 73}, "snapshots": null, "memory": null, "statevector": null, "unitary": null}}, {"shots": 4096, "success": true, "status": null, "seed": null, "meas_level": 2, "meas_return": null, "header": {"qubit_labels": [["q", 0], ["q", 1], ["q", 2], ["q", 3], ["q", 4]], "n_qubits": 5, "qreg_sizes": [["q", 5]], "clbit_labels": [["c", 0], ["c", 1], ["c", 2]], "memory_slots": 3, "creg_sizes": [["c", 3]], "name": "circuit-3078298", "global_phase": 2.3561944901923635, "metadata": {}}, "data": {"counts": {"0x0": 610, "0x1": 397, "0x2": 556, "0x3": 660, "0x4": 433, "0x5": 483, "0x6": 488, "0x7": 469}, "snapshots": null, "memory": null, "statevector": null, "unitary": null}}, {"shots": 4096, "success": true, "status": null, "seed": null, "meas_level": 2, "meas_return": null, "header": {"qubit_labels": [["q", 0], ["q", 1], ["q", 2], ["q", 3], ["q", 4]], "n_qubits": 5, "qreg_sizes": [["q", 5]], "clbit_labels": [["c", 0], ["c", 1], ["c", 2]], "memory_slots": 3, "creg_sizes": [["c", 3]], "name": "circuit-3078299", "global_phase": 4.712388980384718, "metadata": {}}, "data": {"counts": {"0x0": 1086, "0x1": 212, "0x2": 1117, "0x3": 211, "0x4": 549, "0x5": 171, "0x6": 573, "0x7": 177}, "snapshots": null, "memory": null, "statevector": null, "unitary": null}}, {"shots": 4096, "success": true, "status": null, "seed": null, "meas_level": 2, "meas_return": null, "header": {"qubit_labels": [["q", 0], ["q", 1], ["q", 2], ["q", 3], ["q", 4]], "n_qubits": 5, "qreg_sizes": [["q", 5]], "clbit_labels": [["c", 0], ["c", 1], ["c", 2]], "memory_slots": 3, "creg_sizes": [["c", 3]], "name": "circuit-3080190", "global_phase": 0.7853981633974492, "metadata": {}}, "data": {"counts": {"0x0": 479, "0x1": 564, "0x2": 588, "0x3": 377, "0x4": 528, "0x5": 551, "0x6": 503, "0x7": 506}, "snapshots": null, "memory": null, "statevector": null, "unitary": null}}, {"shots": 4096, "success": true, "status": null, "seed": null, "meas_level": 2, "meas_return": null, "header": {"qubit_labels": [["q", 0], ["q", 1], ["q", 2], ["q", 3], ["q", 4]], "n_qubits": 5, "qreg_sizes": [["q", 5]], "clbit_labels": [["c", 0], ["c", 1], ["c", 2]], "memory_slots": 3, "creg_sizes": [["c", 3]], "name": "circuit-3080191", "global_phase": 3.141592653589825, "metadata": {}}, "data": {"counts": {"0x0": 1490, "0x1": 355, "0x2": 1494, "0x3": 268, "0x4": 147, "0x5": 96, "0x6": 180, "0x7": 66}, "snapshots": null, "memory": null, "statevector": null, "unitary": null}}, {"shots": 4096, "success": true, "status": null, "seed": null, "meas_level": 2, "meas_return": null, "header": {"qubit_labels": [["q", 0], ["q", 1], ["q", 2], ["q", 3], ["q", 4]], "n_qubits": 5, "qreg_sizes": [["q", 5]], "clbit_labels": [["c", 0], ["c", 1], ["c", 2]], "memory_slots": 3, "creg_sizes": [["c", 3]], "name": "circuit-3082246", "global_phase": 2.3561944901923537, "metadata": {}}, "data": {"counts": {"0x0": 492, "0x1": 596, "0x2": 561, "0x3": 443, "0x4": 573, "0x5": 445, "0x6": 484, "0x7": 502}, "snapshots": null, "memory": null, "statevector": null, "unitary": null}}, {"shots": 4096, "success": true, "status": null, "seed": null, "meas_level": 2, "meas_return": null, "header": {"qubit_labels": [["q", 0], ["q", 1], ["q", 2], ["q", 3], ["q", 4]], "n_qubits": 5, "qreg_sizes": [["q", 5]], "clbit_labels": [["c", 0], ["c", 1], ["c", 2]], "memory_slots": 3, "creg_sizes": [["c", 3]], "name": "circuit-3082247", "global_phase": 3.4638958368304884e-14, "metadata": {}}, "data": {"counts": {"0x0": 1257, "0x1": 230, "0x2": 1268, "0x3": 224, "0x4": 416, "0x5": 134, "0x6": 427, "0x7": 140}, "snapshots": null, "memory": null, "statevector": null, "unitary": null}}, {"shots": 4096, "success": true, "status": null, "seed": null, "meas_level": 2, "meas_return": null, "header": {"qubit_labels": [["q", 0], ["q", 1], ["q", 2], ["q", 3], ["q", 4]], "n_qubits": 5, "qreg_sizes": [["q", 5]], "clbit_labels": [["c", 0], ["c", 1], ["c", 2]], "memory_slots": 3, "creg_sizes": [["c", 3]], "name": "circuit-3084397", "global_phase": 3.926990816987253, "metadata": {}}, "data": {"counts": {"0x0": 503, "0x1": 656, "0x2": 571, "0x3": 411, "0x4": 604, "0x5": 471, "0x6": 395, "0x7": 485}, "snapshots": null, "memory": null, "statevector": null, "unitary": null}}, {"shots": 4096, "success": true, "status": null, "seed": null, "meas_level": 2, "meas_return": null, "header": {"qubit_labels": [["q", 0], ["q", 1], ["q", 2], ["q", 3], ["q", 4]], "n_qubits": 5, "qreg_sizes": [["q", 5]], "clbit_labels": [["c", 0], ["c", 1], ["c", 2]], "memory_slots": 3, "creg_sizes": [["c", 3]], "name": "circuit-3084398", "global_phase": 4.712388980384729, "metadata": {}}, "data": {"counts": {"0x0": 860, "0x1": 242, "0x2": 895, "0x3": 209, "0x4": 728, "0x5": 250, "0x6": 673, "0x7": 239}, "snapshots": null, "memory": null, "statevector": null, "unitary": null}}, {"shots": 4096, "success": true, "status": null, "seed": null, "meas_level": 2, "meas_return": null, "header": {"qubit_labels": [["q", 0], ["q", 1], ["q", 2], ["q", 3], ["q", 4]], "n_qubits": 5, "qreg_sizes": [["q", 5]], "clbit_labels": [["c", 0], ["c", 1], ["c", 2]], "memory_slots": 3, "creg_sizes": [["c", 3]], "name": "circuit-3086687", "global_phase": 5.4977871437821415, "metadata": {}}, "data": {"counts": {"0x0": 570, "0x1": 656, "0x2": 501, "0x3": 464, "0x4": 651, "0x5": 426, "0x6": 414, "0x7": 414}, "snapshots": null, "memory": null, "statevector": null, "unitary": null}}, {"shots": 4096, "success": true, "status": null, "seed": null, "meas_level": 2, "meas_return": null, "header": {"qubit_labels": [["q", 0], ["q", 1], ["q", 2], ["q", 3], ["q", 4]], "n_qubits": 5, "qreg_sizes": [["q", 5]], "clbit_labels": [["c", 0], ["c", 1], ["c", 2]], "memory_slots": 3, "creg_sizes": [["c", 3]], "name": "circuit-3086688", "global_phase": 4.712388980384727, "metadata": {}}, "data": {"counts": {"0x0": 1068, "0x1": 247, "0x2": 968, "0x3": 231, "0x4": 666, "0x5": 215, "0x6": 521, "0x7": 180}, "snapshots": null, "memory": null, "statevector": null, "unitary": null}}, {"shots": 4096, "success": true, "status": null, "seed": null, "meas_level": 2, "meas_return": null, "header": {"qubit_labels": [["q", 0], ["q", 1], ["q", 2], ["q", 3], ["q", 4]], "n_qubits": 5, "qreg_sizes": [["q", 5]], "clbit_labels": [["c", 0], ["c", 1], ["c", 2]], "memory_slots": 3, "creg_sizes": [["c", 3]], "name": "circuit-3089146", "global_phase": 5.4977871437821495, "metadata": {}}, "data": {"counts": {"0x0": 542, "0x1": 660, "0x2": 556, "0x3": 403, "0x4": 636, "0x5": 418, "0x6": 417, "0x7": 464}, "snapshots": null, "memory": null, "statevector": null, "unitary": null}}, {"shots": 4096, "success": true, "status": null, "seed": null, "meas_level": 2, "meas_return": null, "header": {"qubit_labels": [["q", 0], ["q", 1], ["q", 2], ["q", 3], ["q", 4]], "n_qubits": 5, "qreg_sizes": [["q", 5]], "clbit_labels": [["c", 0], ["c", 1], ["c", 2]], "memory_slots": 3, "creg_sizes": [["c", 3]], "name": "circuit-3089147", "global_phase": 1.5707963267949436, "metadata": {}}, "data": {"counts": {"0x0": 1457, "0x1": 300, "0x2": 1192, "0x3": 243, "0x4": 366, "0x5": 169, "0x6": 259, "0x7": 110}, "snapshots": null, "memory": null, "statevector": null, "unitary": null}}, {"shots": 4096, "success": true, "status": null, "seed": null, "meas_level": 2, "meas_return": null, "header": {"qubit_labels": [["q", 0], ["q", 1], ["q", 2], ["q", 3], ["q", 4]], "n_qubits": 5, "qreg_sizes": [["q", 5]], "clbit_labels": [["c", 0], ["c", 1], ["c", 2]], "memory_slots": 3, "creg_sizes": [["c", 3]], "name": "circuit-3091724", "global_phase": 0.7853981633974723, "metadata": {}}, "data": {"counts": {"0x0": 483, "0x1": 550, "0x2": 452, "0x3": 378, "0x4": 771, "0x5": 525, "0x6": 452, "0x7": 485}, "snapshots": null, "memory": null, "statevector": null, "unitary": null}}, {"shots": 4096, "success": true, "status": null, "seed": null, "meas_level": 2, "meas_return": null, "header": {"qubit_labels": [["q", 0], ["q", 1], ["q", 2], ["q", 3], ["q", 4]], "n_qubits": 5, "qreg_sizes": [["q", 5]], "clbit_labels": [["c", 0], ["c", 1], ["c", 2]], "memory_slots": 3, "creg_sizes": [["c", 3]], "name": "circuit-3091725", "global_phase": 4.884981308350689e-14, "metadata": {}}, "data": {"counts": {"0x0": 947, "0x1": 503, "0x2": 739, "0x3": 377, "0x4": 558, "0x5": 295, "0x6": 434, "0x7": 243}, "snapshots": null, "memory": null, "statevector": null, "unitary": null}}, {"shots": 4096, "success": true, "status": null, "seed": null, "meas_level": 2, "meas_return": null, "header": {"qubit_labels": [["q", 0], ["q", 1], ["q", 2], ["q", 3], ["q", 4]], "n_qubits": 5, "qreg_sizes": [["q", 5]], "clbit_labels": [["c", 0], ["c", 1], ["c", 2]], "memory_slots": 3, "creg_sizes": [["c", 3]], "name": "circuit-3094433", "global_phase": 2.3561944901923537, "metadata": {}}, "data": {"counts": {"0x0": 640, "0x1": 509, "0x2": 463, "0x3": 472, "0x4": 565, "0x5": 451, "0x6": 479, "0x7": 517}, "snapshots": null, "memory": null, "statevector": null, "unitary": null}}, {"shots": 4096, "success": true, "status": null, "seed": null, "meas_level": 2, "meas_return": null, "header": {"qubit_labels": [["q", 0], ["q", 1], ["q", 2], ["q", 3], ["q", 4]], "n_qubits": 5, "qreg_sizes": [["q", 5]], "clbit_labels": [["c", 0], ["c", 1], ["c", 2]], "memory_slots": 3, "creg_sizes": [["c", 3]], "name": "circuit-3094434", "global_phase": 4.712388980384739, "metadata": {}}, "data": {"counts": {"0x0": 1551, "0x1": 304, "0x2": 1106, "0x3": 265, "0x4": 336, "0x5": 174, "0x6": 238, "0x7": 122}, "snapshots": null, "memory": null, "statevector": null, "unitary": null}}, {"shots": 4096, "success": true, "status": null, "seed": null, "meas_level": 2, "meas_return": null, "header": {"qubit_labels": [["q", 0], ["q", 1], ["q", 2], ["q", 3], ["q", 4]], "n_qubits": 5, "qreg_sizes": [["q", 5]], "clbit_labels": [["c", 0], ["c", 1], ["c", 2]], "memory_slots": 3, "creg_sizes": [["c", 3]], "name": "circuit-3097384", "global_phase": 2.3561944901923697, "metadata": {}}, "data": {"counts": {"0x0": 731, "0x1": 429, "0x2": 466, "0x3": 426, "0x4": 599, "0x5": 483, "0x6": 518, "0x7": 444}, "snapshots": null, "memory": null, "statevector": null, "unitary": null}}, {"shots": 4096, "success": true, "status": null, "seed": null, "meas_level": 2, "meas_return": null, "header": {"qubit_labels": [["q", 0], ["q", 1], ["q", 2], ["q", 3], ["q", 4]], "n_qubits": 5, "qreg_sizes": [["q", 5]], "clbit_labels": [["c", 0], ["c", 1], ["c", 2]], "memory_slots": 3, "creg_sizes": [["c", 3]], "name": "circuit-3097385", "global_phase": 3.1415926535898464, "metadata": {}}, "data": {"counts": {"0x0": 1610, "0x1": 400, "0x2": 1009, "0x3": 286, "0x4": 283, "0x5": 170, "0x6": 198, "0x7": 140}, "snapshots": null, "memory": null, "statevector": null, "unitary": null}}, {"shots": 4096, "success": true, "status": null, "seed": null, "meas_level": 2, "meas_return": null, "header": {"qubit_labels": [["q", 0], ["q", 1], ["q", 2], ["q", 3], ["q", 4]], "n_qubits": 5, "qreg_sizes": [["q", 5]], "clbit_labels": [["c", 0], ["c", 1], ["c", 2]], "memory_slots": 3, "creg_sizes": [["c", 3]], "name": "circuit-3100420", "global_phase": 5.497787143782137, "metadata": {}}, "data": {"counts": {"0x0": 1012, "0x1": 213, "0x2": 227, "0x3": 699, "0x4": 236, "0x5": 894, "0x6": 670, "0x7": 145}, "snapshots": null, "memory": null, "statevector": null, "unitary": null}}, {"shots": 4096, "success": true, "status": null, "seed": null, "meas_level": 2, "meas_return": null, "header": {"qubit_labels": [["q", 0], ["q", 1], ["q", 2], ["q", 3], ["q", 4]], "n_qubits": 5, "qreg_sizes": [["q", 5]], "clbit_labels": [["c", 0], ["c", 1], ["c", 2]], "memory_slots": 3, "creg_sizes": [["c", 3]], "name": "circuit-3100421", "global_phase": 4.712388980384691, "metadata": {}}, "data": {"counts": {"0x0": 3688, "0x1": 88, "0x2": 144, "0x3": 1, "0x4": 92, "0x5": 62, "0x6": 7, "0x7": 14}, "snapshots": null, "memory": null, "statevector": null, "unitary": null}}, {"shots": 4096, "success": true, "status": null, "seed": null, "meas_level": 2, "meas_return": null, "header": {"qubit_labels": [["q", 0], ["q", 1], ["q", 2], ["q", 3], ["q", 4]], "n_qubits": 5, "qreg_sizes": [["q", 5]], "clbit_labels": [["c", 0], ["c", 1], ["c", 2]], "memory_slots": 3, "creg_sizes": [["c", 3]], "name": "circuit-3100752", "global_phase": 5.497787143782141, "metadata": {}}, "data": {"counts": {"0x0": 967, "0x1": 683, "0x2": 372, "0x3": 478, "0x4": 359, "0x5": 680, "0x6": 375, "0x7": 182}, "snapshots": null, "memory": null, "statevector": null, "unitary": null}}, {"shots": 4096, "success": true, "status": null, "seed": null, "meas_level": 2, "meas_return": null, "header": {"qubit_labels": [["q", 0], ["q", 1], ["q", 2], ["q", 3], ["q", 4]], "n_qubits": 5, "qreg_sizes": [["q", 5]], "clbit_labels": [["c", 0], ["c", 1], ["c", 2]], "memory_slots": 3, "creg_sizes": [["c", 3]], "name": "circuit-3100753", "global_phase": 1.5707963267949046, "metadata": {}}, "data": {"counts": {"0x0": 3492, "0x1": 121, "0x2": 251, "0x3": 4, "0x4": 173, "0x5": 35, "0x6": 17, "0x7": 3}, "snapshots": null, "memory": null, "statevector": null, "unitary": null}}, {"shots": 4096, "success": true, "status": null, "seed": null, "meas_level": 2, "meas_return": null, "header": {"qubit_labels": [["q", 0], ["q", 1], ["q", 2], ["q", 3], ["q", 4]], "n_qubits": 5, "qreg_sizes": [["q", 5]], "clbit_labels": [["c", 0], ["c", 1], ["c", 2]], "memory_slots": 3, "creg_sizes": [["c", 3]], "name": "circuit-3101251", "global_phase": 0.7853981633974438, "metadata": {}}, "data": {"counts": {"0x0": 785, "0x1": 540, "0x2": 353, "0x3": 341, "0x4": 949, "0x5": 473, "0x6": 204, "0x7": 451}, "snapshots": null, "memory": null, "statevector": null, "unitary": null}}, {"shots": 4096, "success": true, "status": null, "seed": null, "meas_level": 2, "meas_return": null, "header": {"qubit_labels": [["q", 0], ["q", 1], ["q", 2], ["q", 3], ["q", 4]], "n_qubits": 5, "qreg_sizes": [["q", 5]], "clbit_labels": [["c", 0], ["c", 1], ["c", 2]], "memory_slots": 3, "creg_sizes": [["c", 3]], "name": "circuit-3101252", "global_phase": 3.1415926535898, "metadata": {}}, "data": {"counts": {"0x0": 3026, "0x1": 116, "0x2": 408, "0x3": 16, "0x4": 386, "0x5": 75, "0x6": 50, "0x7": 19}, "snapshots": null, "memory": null, "statevector": null, "unitary": null}}, {"shots": 4096, "success": true, "status": null, "seed": null, "meas_level": 2, "meas_return": null, "header": {"qubit_labels": [["q", 0], ["q", 1], ["q", 2], ["q", 3], ["q", 4]], "n_qubits": 5, "qreg_sizes": [["q", 5]], "clbit_labels": [["c", 0], ["c", 1], ["c", 2]], "memory_slots": 3, "creg_sizes": [["c", 3]], "name": "circuit-3101877", "global_phase": 0.7853981633974474, "metadata": {}}, "data": {"counts": {"0x0": 463, "0x1": 656, "0x2": 483, "0x3": 230, "0x4": 1068, "0x5": 411, "0x6": 230, "0x7": 555}, "snapshots": null, "memory": null, "statevector": null, "unitary": null}}, {"shots": 4096, "success": true, "status": null, "seed": null, "meas_level": 2, "meas_return": null, "header": {"qubit_labels": [["q", 0], ["q", 1], ["q", 2], ["q", 3], ["q", 4]], "n_qubits": 5, "qreg_sizes": [["q", 5]], "clbit_labels": [["c", 0], ["c", 1], ["c", 2]], "memory_slots": 3, "creg_sizes": [["c", 3]], "name": "circuit-3101878", "global_phase": 1.5707963267949046, "metadata": {}}, "data": {"counts": {"0x0": 2682, "0x1": 155, "0x2": 592, "0x3": 27, "0x4": 457, "0x5": 76, "0x6": 79, "0x7": 28}, "snapshots": null, "memory": null, "statevector": null, "unitary": null}}, {"shots": 4096, "success": true, "status": null, "seed": null, "meas_level": 2, "meas_return": null, "header": {"qubit_labels": [["q", 0], ["q", 1], ["q", 2], ["q", 3], ["q", 4]], "n_qubits": 5, "qreg_sizes": [["q", 5]], "clbit_labels": [["c", 0], ["c", 1], ["c", 2]], "memory_slots": 3, "creg_sizes": [["c", 3]], "name": "circuit-3102641", "global_phase": 3.926990816987253, "metadata": {}}, "data": {"counts": {"0x0": 364, "0x1": 1018, "0x2": 599, "0x3": 248, "0x4": 876, "0x5": 326, "0x6": 251, "0x7": 414}, "snapshots": null, "memory": null, "statevector": null, "unitary": null}}, {"shots": 4096, "success": true, "status": null, "seed": null, "meas_level": 2, "meas_return": null, "header": {"qubit_labels": [["q", 0], ["q", 1], ["q", 2], ["q", 3], ["q", 4]], "n_qubits": 5, "qreg_sizes": [["q", 5]], "clbit_labels": [["c", 0], ["c", 1], ["c", 2]], "memory_slots": 3, "creg_sizes": [["c", 3]], "name": "circuit-3102642", "global_phase": 1.2434497875801753e-14, "metadata": {}}, "data": {"counts": {"0x0": 2758, "0x1": 166, "0x2": 716, "0x3": 49, "0x4": 198, "0x5": 112, "0x6": 51, "0x7": 46}, "snapshots": null, "memory": null, "statevector": null, "unitary": null}}, {"shots": 4096, "success": true, "status": null, "seed": null, "meas_level": 2, "meas_return": null, "header": {"qubit_labels": [["q", 0], ["q", 1], ["q", 2], ["q", 3], ["q", 4]], "n_qubits": 5, "qreg_sizes": [["q", 5]], "clbit_labels": [["c", 0], ["c", 1], ["c", 2]], "memory_slots": 3, "creg_sizes": [["c", 3]], "name": "circuit-3103545", "global_phase": 0.7853981633974545, "metadata": {}}, "data": {"counts": {"0x0": 373, "0x1": 1171, "0x2": 533, "0x3": 328, "0x4": 599, "0x5": 254, "0x6": 477, "0x7": 361}, "snapshots": null, "memory": null, "statevector": null, "unitary": null}}, {"shots": 4096, "success": true, "status": null, "seed": null, "meas_level": 2, "meas_return": null, "header": {"qubit_labels": [["q", 0], ["q", 1], ["q", 2], ["q", 3], ["q", 4]], "n_qubits": 5, "qreg_sizes": [["q", 5]], "clbit_labels": [["c", 0], ["c", 1], ["c", 2]], "memory_slots": 3, "creg_sizes": [["c", 3]], "name": "circuit-3103546", "global_phase": 1.2434497875801753e-14, "metadata": {}}, "data": {"counts": {"0x0": 2190, "0x1": 247, "0x2": 892, "0x3": 105, "0x4": 359, "0x5": 92, "0x6": 161, "0x7": 50}, "snapshots": null, "memory": null, "statevector": null, "unitary": null}}, {"shots": 4096, "success": true, "status": null, "seed": null, "meas_level": 2, "meas_return": null, "header": {"qubit_labels": [["q", 0], ["q", 1], ["q", 2], ["q", 3], ["q", 4]], "n_qubits": 5, "qreg_sizes": [["q", 5]], "clbit_labels": [["c", 0], ["c", 1], ["c", 2]], "memory_slots": 3, "creg_sizes": [["c", 3]], "name": "circuit-3104606", "global_phase": 3.9269908169872476, "metadata": {}}, "data": {"counts": {"0x0": 543, "0x1": 690, "0x2": 366, "0x3": 628, "0x4": 689, "0x5": 312, "0x6": 503, "0x7": 365}, "snapshots": null, "memory": null, "statevector": null, "unitary": null}}, {"shots": 4096, "success": true, "status": null, "seed": null, "meas_level": 2, "meas_return": null, "header": {"qubit_labels": [["q", 0], ["q", 1], ["q", 2], ["q", 3], ["q", 4]], "n_qubits": 5, "qreg_sizes": [["q", 5]], "clbit_labels": [["c", 0], ["c", 1], ["c", 2]], "memory_slots": 3, "creg_sizes": [["c", 3]], "name": "circuit-3104607", "global_phase": 3.141592653589809, "metadata": {}}, "data": {"counts": {"0x0": 2252, "0x1": 207, "0x2": 1161, "0x3": 116, "0x4": 143, "0x5": 107, "0x6": 73, "0x7": 37}, "snapshots": null, "memory": null, "statevector": null, "unitary": null}}, {"shots": 4096, "success": true, "status": null, "seed": null, "meas_level": 2, "meas_return": null, "header": {"qubit_labels": [["q", 0], ["q", 1], ["q", 2], ["q", 3], ["q", 4]], "n_qubits": 5, "qreg_sizes": [["q", 5]], "clbit_labels": [["c", 0], ["c", 1], ["c", 2]], "memory_slots": 3, "creg_sizes": [["c", 3]], "name": "circuit-3105741", "global_phase": 0.7853981633974527, "metadata": {}}, "data": {"counts": {"0x0": 499, "0x1": 530, "0x2": 351, "0x3": 640, "0x4": 776, "0x5": 289, "0x6": 588, "0x7": 423}, "snapshots": null, "memory": null, "statevector": null, "unitary": null}}, {"shots": 4096, "success": true, "status": null, "seed": null, "meas_level": 2, "meas_return": null, "header": {"qubit_labels": [["q", 0], ["q", 1], ["q", 2], ["q", 3], ["q", 4]], "n_qubits": 5, "qreg_sizes": [["q", 5]], "clbit_labels": [["c", 0], ["c", 1], ["c", 2]], "memory_slots": 3, "creg_sizes": [["c", 3]], "name": "circuit-3105742", "global_phase": 3.141592653589809, "metadata": {}}, "data": {"counts": {"0x0": 1891, "0x1": 216, "0x2": 1306, "0x3": 134, "0x4": 218, "0x5": 108, "0x6": 162, "0x7": 61}, "snapshots": null, "memory": null, "statevector": null, "unitary": null}}, {"shots": 4096, "success": true, "status": null, "seed": null, "meas_level": 2, "meas_return": null, "header": {"qubit_labels": [["q", 0], ["q", 1], ["q", 2], ["q", 3], ["q", 4]], "n_qubits": 5, "qreg_sizes": [["q", 5]], "clbit_labels": [["c", 0], ["c", 1], ["c", 2]], "memory_slots": 3, "creg_sizes": [["c", 3]], "name": "circuit-3107081", "global_phase": 2.3561944901923484, "metadata": {}}, "data": {"counts": {"0x0": 651, "0x1": 524, "0x2": 450, "0x3": 639, "0x4": 420, "0x5": 416, "0x6": 712, "0x7": 284}, "snapshots": null, "memory": null, "statevector": null, "unitary": null}}, {"shots": 4096, "success": true, "status": null, "seed": null, "meas_level": 2, "meas_return": null, "header": {"qubit_labels": [["q", 0], ["q", 1], ["q", 2], ["q", 3], ["q", 4]], "n_qubits": 5, "qreg_sizes": [["q", 5]], "clbit_labels": [["c", 0], ["c", 1], ["c", 2]], "memory_slots": 3, "creg_sizes": [["c", 3]], "name": "circuit-3107082", "global_phase": 2.398081733190338e-14, "metadata": {}}, "data": {"counts": {"0x0": 1898, "0x1": 237, "0x2": 1326, "0x3": 164, "0x4": 163, "0x5": 114, "0x6": 118, "0x7": 76}, "snapshots": null, "memory": null, "statevector": null, "unitary": null}}, {"shots": 4096, "success": true, "status": null, "seed": null, "meas_level": 2, "meas_return": null, "header": {"qubit_labels": [["q", 0], ["q", 1], ["q", 2], ["q", 3], ["q", 4]], "n_qubits": 5, "qreg_sizes": [["q", 5]], "clbit_labels": [["c", 0], ["c", 1], ["c", 2]], "memory_slots": 3, "creg_sizes": [["c", 3]], "name": "circuit-3108607", "global_phase": 0.7853981633974616, "metadata": {}}, "data": {"counts": {"0x0": 547, "0x1": 371, "0x2": 485, "0x3": 415, "0x4": 357, "0x5": 569, "0x6": 1019, "0x7": 333}, "snapshots": null, "memory": null, "statevector": null, "unitary": null}}, {"shots": 4096, "success": true, "status": null, "seed": null, "meas_level": 2, "meas_return": null, "header": {"qubit_labels": [["q", 0], ["q", 1], ["q", 2], ["q", 3], ["q", 4]], "n_qubits": 5, "qreg_sizes": [["q", 5]], "clbit_labels": [["c", 0], ["c", 1], ["c", 2]], "memory_slots": 3, "creg_sizes": [["c", 3]], "name": "circuit-3108608", "global_phase": 1.5707963267949294, "metadata": {}}, "data": {"counts": {"0x0": 1807, "0x1": 224, "0x2": 1468, "0x3": 165, "0x4": 169, "0x5": 70, "0x6": 137, "0x7": 56}, "snapshots": null, "memory": null, "statevector": null, "unitary": null}}, {"shots": 4096, "success": true, "status": null, "seed": null, "meas_level": 2, "meas_return": null, "header": {"qubit_labels": [["q", 0], ["q", 1], ["q", 2], ["q", 3], ["q", 4]], "n_qubits": 5, "qreg_sizes": [["q", 5]], "clbit_labels": [["c", 0], ["c", 1], ["c", 2]], "memory_slots": 3, "creg_sizes": [["c", 3]], "name": "circuit-3110217", "global_phase": 3.9269908169872503, "metadata": {}}, "data": {"counts": {"0x0": 368, "0x1": 422, "0x2": 523, "0x3": 451, "0x4": 387, "0x5": 738, "0x6": 876, "0x7": 331}, "snapshots": null, "memory": null, "statevector": null, "unitary": null}}, {"shots": 4096, "success": true, "status": null, "seed": null, "meas_level": 2, "meas_return": null, "header": {"qubit_labels": [["q", 0], ["q", 1], ["q", 2], ["q", 3], ["q", 4]], "n_qubits": 5, "qreg_sizes": [["q", 5]], "clbit_labels": [["c", 0], ["c", 1], ["c", 2]], "memory_slots": 3, "creg_sizes": [["c", 3]], "name": "circuit-3110218", "global_phase": 3.1415926535898215, "metadata": {}}, "data": {"counts": {"0x0": 1378, "0x1": 419, "0x2": 1316, "0x3": 326, "0x4": 209, "0x5": 112, "0x6": 219, "0x7": 117}, "snapshots": null, "memory": null, "statevector": null, "unitary": null}}, {"shots": 4096, "success": true, "status": null, "seed": null, "meas_level": 2, "meas_return": null, "header": {"qubit_labels": [["q", 0], ["q", 1], ["q", 2], ["q", 3], ["q", 4]], "n_qubits": 5, "qreg_sizes": [["q", 5]], "clbit_labels": [["c", 0], ["c", 1], ["c", 2]], "memory_slots": 3, "creg_sizes": [["c", 3]], "name": "circuit-3111992", "global_phase": 5.497787143782157, "metadata": {}}, "data": {"counts": {"0x0": 575, "0x1": 343, "0x2": 398, "0x3": 574, "0x4": 505, "0x5": 422, "0x6": 547, "0x7": 732}, "snapshots": null, "memory": null, "statevector": null, "unitary": null}}, {"shots": 4096, "success": true, "status": null, "seed": null, "meas_level": 2, "meas_return": null, "header": {"qubit_labels": [["q", 0], ["q", 1], ["q", 2], ["q", 3], ["q", 4]], "n_qubits": 5, "qreg_sizes": [["q", 5]], "clbit_labels": [["c", 0], ["c", 1], ["c", 2]], "memory_slots": 3, "creg_sizes": [["c", 3]], "name": "circuit-3111993", "global_phase": 1.5707963267949268, "metadata": {}}, "data": {"counts": {"0x0": 1439, "0x1": 267, "0x2": 1499, "0x3": 225, "0x4": 244, "0x5": 97, "0x6": 249, "0x7": 76}, "snapshots": null, "memory": null, "statevector": null, "unitary": null}}, {"shots": 4096, "success": true, "status": null, "seed": null, "meas_level": 2, "meas_return": null, "header": {"qubit_labels": [["q", 0], ["q", 1], ["q", 2], ["q", 3], ["q", 4]], "n_qubits": 5, "qreg_sizes": [["q", 5]], "clbit_labels": [["c", 0], ["c", 1], ["c", 2]], "memory_slots": 3, "creg_sizes": [["c", 3]], "name": "circuit-3113907", "global_phase": 2.356194490192358, "metadata": {}}, "data": {"counts": {"0x0": 528, "0x1": 606, "0x2": 615, "0x3": 473, "0x4": 476, "0x5": 484, "0x6": 513, "0x7": 401}, "snapshots": null, "memory": null, "statevector": null, "unitary": null}}, {"shots": 4096, "success": true, "status": null, "seed": null, "meas_level": 2, "meas_return": null, "header": {"qubit_labels": [["q", 0], ["q", 1], ["q", 2], ["q", 3], ["q", 4]], "n_qubits": 5, "qreg_sizes": [["q", 5]], "clbit_labels": [["c", 0], ["c", 1], ["c", 2]], "memory_slots": 3, "creg_sizes": [["c", 3]], "name": "circuit-3113908", "global_phase": 1.5707963267949245, "metadata": {}}, "data": {"counts": {"0x0": 1299, "0x1": 402, "0x2": 1301, "0x3": 351, "0x4": 259, "0x5": 108, "0x6": 270, "0x7": 106}, "snapshots": null, "memory": null, "statevector": null, "unitary": null}}, {"shots": 4096, "success": true, "status": null, "seed": null, "meas_level": 2, "meas_return": null, "header": {"qubit_labels": [["q", 0], ["q", 1], ["q", 2], ["q", 3], ["q", 4]], "n_qubits": 5, "qreg_sizes": [["q", 5]], "clbit_labels": [["c", 0], ["c", 1], ["c", 2]], "memory_slots": 3, "creg_sizes": [["c", 3]], "name": "circuit-3115941", "global_phase": 3.926990816987246, "metadata": {}}, "data": {"counts": {"0x0": 628, "0x1": 524, "0x2": 629, "0x3": 503, "0x4": 458, "0x5": 400, "0x6": 447, "0x7": 507}, "snapshots": null, "memory": null, "statevector": null, "unitary": null}}, {"shots": 4096, "success": true, "status": null, "seed": null, "meas_level": 2, "meas_return": null, "header": {"qubit_labels": [["q", 0], ["q", 1], ["q", 2], ["q", 3], ["q", 4]], "n_qubits": 5, "qreg_sizes": [["q", 5]], "clbit_labels": [["c", 0], ["c", 1], ["c", 2]], "memory_slots": 3, "creg_sizes": [["c", 3]], "name": "circuit-3115942", "global_phase": 1.5707963267949312, "metadata": {}}, "data": {"counts": {"0x0": 1519, "0x1": 282, "0x2": 1490, "0x3": 228, "0x4": 172, "0x5": 110, "0x6": 187, "0x7": 108}, "snapshots": null, "memory": null, "statevector": null, "unitary": null}}, {"shots": 4096, "success": true, "status": null, "seed": null, "meas_level": 2, "meas_return": null, "header": {"qubit_labels": [["q", 0], ["q", 1], ["q", 2], ["q", 3], ["q", 4]], "n_qubits": 5, "qreg_sizes": [["q", 5]], "clbit_labels": [["c", 0], ["c", 1], ["c", 2]], "memory_slots": 3, "creg_sizes": [["c", 3]], "name": "circuit-3118145", "global_phase": 3.9269908169872556, "metadata": {}}, "data": {"counts": {"0x0": 532, "0x1": 475, "0x2": 456, "0x3": 464, "0x4": 841, "0x5": 441, "0x6": 358, "0x7": 529}, "snapshots": null, "memory": null, "statevector": null, "unitary": null}}, {"shots": 4096, "success": true, "status": null, "seed": null, "meas_level": 2, "meas_return": null, "header": {"qubit_labels": [["q", 0], ["q", 1], ["q", 2], ["q", 3], ["q", 4]], "n_qubits": 5, "qreg_sizes": [["q", 5]], "clbit_labels": [["c", 0], ["c", 1], ["c", 2]], "memory_slots": 3, "creg_sizes": [["c", 3]], "name": "circuit-3118146", "global_phase": 3.141592653589832, "metadata": {}}, "data": {"counts": {"0x0": 1460, "0x1": 322, "0x2": 1359, "0x3": 230, "0x4": 228, "0x5": 157, "0x6": 209, "0x7": 131}, "snapshots": null, "memory": null, "statevector": null, "unitary": null}}, {"shots": 4096, "success": true, "status": null, "seed": null, "meas_level": 2, "meas_return": null, "header": {"qubit_labels": [["q", 0], ["q", 1], ["q", 2], ["q", 3], ["q", 4]], "n_qubits": 5, "qreg_sizes": [["q", 5]], "clbit_labels": [["c", 0], ["c", 1], ["c", 2]], "memory_slots": 3, "creg_sizes": [["c", 3]], "name": "circuit-3120493", "global_phase": 2.3561944901923493, "metadata": {}}, "data": {"counts": {"0x0": 467, "0x1": 697, "0x2": 526, "0x3": 448, "0x4": 562, "0x5": 533, "0x6": 415, "0x7": 448}, "snapshots": null, "memory": null, "statevector": null, "unitary": null}}, {"shots": 4096, "success": true, "status": null, "seed": null, "meas_level": 2, "meas_return": null, "header": {"qubit_labels": [["q", 0], ["q", 1], ["q", 2], ["q", 3], ["q", 4]], "n_qubits": 5, "qreg_sizes": [["q", 5]], "clbit_labels": [["c", 0], ["c", 1], ["c", 2]], "memory_slots": 3, "creg_sizes": [["c", 3]], "name": "circuit-3120494", "global_phase": 1.5707963267949374, "metadata": {}}, "data": {"counts": {"0x0": 1219, "0x1": 334, "0x2": 981, "0x3": 299, "0x4": 520, "0x5": 188, "0x6": 403, "0x7": 152}, "snapshots": null, "memory": null, "statevector": null, "unitary": null}}, {"shots": 4096, "success": true, "status": null, "seed": null, "meas_level": 2, "meas_return": null, "header": {"qubit_labels": [["q", 0], ["q", 1], ["q", 2], ["q", 3], ["q", 4]], "n_qubits": 5, "qreg_sizes": [["q", 5]], "clbit_labels": [["c", 0], ["c", 1], ["c", 2]], "memory_slots": 3, "creg_sizes": [["c", 3]], "name": "circuit-3122959", "global_phase": 2.3561944901923546, "metadata": {}}, "data": {"counts": {"0x0": 536, "0x1": 636, "0x2": 495, "0x3": 431, "0x4": 628, "0x5": 513, "0x6": 446, "0x7": 411}, "snapshots": null, "memory": null, "statevector": null, "unitary": null}}, {"shots": 4096, "success": true, "status": null, "seed": null, "meas_level": 2, "meas_return": null, "header": {"qubit_labels": [["q", 0], ["q", 1], ["q", 2], ["q", 3], ["q", 4]], "n_qubits": 5, "qreg_sizes": [["q", 5]], "clbit_labels": [["c", 0], ["c", 1], ["c", 2]], "memory_slots": 3, "creg_sizes": [["c", 3]], "name": "circuit-3122960", "global_phase": 3.907985046680551e-14, "metadata": {}}, "data": {"counts": {"0x0": 937, "0x1": 373, "0x2": 875, "0x3": 372, "0x4": 474, "0x5": 345, "0x6": 404, "0x7": 316}, "snapshots": null, "memory": null, "statevector": null, "unitary": null}}, {"shots": 4096, "success": true, "status": null, "seed": null, "meas_level": 2, "meas_return": null, "header": {"qubit_labels": [["q", 0], ["q", 1], ["q", 2], ["q", 3], ["q", 4]], "n_qubits": 5, "qreg_sizes": [["q", 5]], "clbit_labels": [["c", 0], ["c", 1], ["c", 2]], "memory_slots": 3, "creg_sizes": [["c", 3]], "name": "circuit-3125563", "global_phase": 5.497787143782162, "metadata": {}}, "data": {"counts": {"0x0": 559, "0x1": 487, "0x2": 410, "0x3": 445, "0x4": 789, "0x5": 469, "0x6": 431, "0x7": 506}, "snapshots": null, "memory": null, "statevector": null, "unitary": null}}, {"shots": 4096, "success": true, "status": null, "seed": null, "meas_level": 2, "meas_return": null, "header": {"qubit_labels": [["q", 0], ["q", 1], ["q", 2], ["q", 3], ["q", 4]], "n_qubits": 5, "qreg_sizes": [["q", 5]], "clbit_labels": [["c", 0], ["c", 1], ["c", 2]], "memory_slots": 3, "creg_sizes": [["c", 3]], "name": "circuit-3125564", "global_phase": 4.3520742565306136e-14, "metadata": {}}, "data": {"counts": {"0x0": 1184, "0x1": 434, "0x2": 853, "0x3": 321, "0x4": 504, "0x5": 232, "0x6": 399, "0x7": 169}, "snapshots": null, "memory": null, "statevector": null, "unitary": null}}, {"shots": 4096, "success": true, "status": null, "seed": null, "meas_level": 2, "meas_return": null, "header": {"qubit_labels": [["q", 0], ["q", 1], ["q", 2], ["q", 3], ["q", 4]], "n_qubits": 5, "qreg_sizes": [["q", 5]], "clbit_labels": [["c", 0], ["c", 1], ["c", 2]], "memory_slots": 3, "creg_sizes": [["c", 3]], "name": "circuit-3128326", "global_phase": 3.9269908169872636, "metadata": {}}, "data": {"counts": {"0x0": 565, "0x1": 630, "0x2": 527, "0x3": 412, "0x4": 551, "0x5": 525, "0x6": 496, "0x7": 390}, "snapshots": null, "memory": null, "statevector": null, "unitary": null}}, {"shots": 4096, "success": true, "status": null, "seed": null, "meas_level": 2, "meas_return": null, "header": {"qubit_labels": [["q", 0], ["q", 1], ["q", 2], ["q", 3], ["q", 4]], "n_qubits": 5, "qreg_sizes": [["q", 5]], "clbit_labels": [["c", 0], ["c", 1], ["c", 2]], "memory_slots": 3, "creg_sizes": [["c", 3]], "name": "circuit-3128327", "global_phase": 4.712388980384739, "metadata": {}}, "data": {"counts": {"0x0": 1501, "0x1": 350, "0x2": 1014, "0x3": 276, "0x4": 336, "0x5": 238, "0x6": 233, "0x7": 148}, "snapshots": null, "memory": null, "statevector": null, "unitary": null}}, {"shots": 4096, "success": true, "status": null, "seed": null, "meas_level": 2, "meas_return": null, "header": {"qubit_labels": [["q", 0], ["q", 1], ["q", 2], ["q", 3], ["q", 4]], "n_qubits": 5, "qreg_sizes": [["q", 5]], "clbit_labels": [["c", 0], ["c", 1], ["c", 2]], "memory_slots": 3, "creg_sizes": [["c", 3]], "name": "circuit-3131214", "global_phase": 5.497787143782146, "metadata": {}}, "data": {"counts": {"0x0": 707, "0x1": 464, "0x2": 444, "0x3": 487, "0x4": 560, "0x5": 470, "0x6": 492, "0x7": 472}, "snapshots": null, "memory": null, "statevector": null, "unitary": null}}, {"shots": 4096, "success": true, "status": null, "seed": null, "meas_level": 2, "meas_return": null, "header": {"qubit_labels": [["q", 0], ["q", 1], ["q", 2], ["q", 3], ["q", 4]], "n_qubits": 5, "qreg_sizes": [["q", 5]], "clbit_labels": [["c", 0], ["c", 1], ["c", 2]], "memory_slots": 3, "creg_sizes": [["c", 3]], "name": "circuit-3131215", "global_phase": 3.1415926535898455, "metadata": {}}, "data": {"counts": {"0x0": 1159, "0x1": 403, "0x2": 841, "0x3": 336, "0x4": 419, "0x5": 307, "0x6": 375, "0x7": 256}, "snapshots": null, "memory": null, "statevector": null, "unitary": null}}], "error": null}