{"backend_name": "ibmq_manila", "backend_version": "1.0.35", "qobj_id": "26ca9fc2-1e34-46ce-9e65-4164d48e6fd3", "job_id": "62e8304fac90f782eec861e2", "date": "2022-08-01T20:25:58Z", "success": true, "status": "Successful completion", "execution_id": "c6a81e22-11d7-11ed-be18-bc97e15b08d0", "time_taken": 128.31711173057556, "header": {"backend_name": "ibmq_manila", "backend_version": "1.0.35"}, "results": [{"shots": 4096, "success": true, "status": null, "seed": null, "meas_level": 2, "meas_return": null, "header": {"qubit_labels": [["q", 0], ["q", 1], ["q", 2], ["q", 3], ["q", 4]], "n_qubits": 5, "qreg_sizes": [["q", 5]], "clbit_labels": [["c", 0], ["c", 1], ["c", 2]], "memory_slots": 3, "creg_sizes": [["c", 3]], "name": "circuit-2795396", "global_phase": 3.9269908169872423, "metadata": {}}, "data": {"counts": {"0x0": 753, "0x1": 218, "0x2": 359, "0x3": 907, "0x4": 233, "0x5": 585, "0x6": 881, "0x7": 160}, "snapshots": null, "memory": null, "statevector": null, "unitary": null}}, {"shots": 4096, "success": true, "status": null, "seed": null, "meas_level": 2, "meas_return": null, "header": {"qubit_labels": [["q", 0], ["q", 1], ["q", 2], ["q", 3], ["q", 4]], "n_qubits": 5, "qreg_sizes": [["q", 5]], "clbit_labels": [["c", 0], ["c", 1], ["c", 2]], "memory_slots": 3, "creg_sizes": [["c", 3]], "name": "circuit-2795397", "global_phase": 3.1415926535897953, "metadata": {}}, "data": {"counts": {"0x0": 3419, "0x1": 186, "0x2": 223, "0x3": 11, "0x4": 140, "0x5": 88, "0x6": 14, "0x7": 15}, "snapshots": null, "memory": null, "statevector": null, "unitary": null}}, {"shots": 4096, "success": true, "status": null, "seed": null, "meas_level": 2, "meas_return": null, "header": {"qubit_labels": [["q", 0], ["q", 1], ["q", 2], ["q", 3], ["q", 4]], "n_qubits": 5, "qreg_sizes": [["q", 5]], "clbit_labels": [["c", 0], ["c", 1], ["c", 2]], "memory_slots": 3, "creg_sizes": [["c", 3]], "name": "circuit-2795736", "global_phase": 3.9269908169872423, "metadata": {}}, "data": {"counts": {"0x0": 568, "0x1": 274, "0x2": 548, "0x3": 846, "0x4": 290, "0x5": 435, "0x6": 821, "0x7": 314}, "snapshots": null, "memory": null, "statevector": null, "unitary": null}}, {"shots": 4096, "success": true, "status": null, "seed": null, "meas_level": 2, "meas_return": null, "header": {"qubit_labels": [["q", 0], ["q", 1], ["q", 2], ["q", 3], ["q", 4]], "n_qubits": 5, "qreg_sizes": [["q", 5]], "clbit_labels": [["c", 0], ["c", 1], ["c", 2]], "memory_slots": 3, "creg_sizes": [["c", 3]], "name": "circuit-2795737", "global_phase": 4.712388980384696, "metadata": {}}, "data": {"counts": {"0x0": 3200, "0x1": 290, "0x2": 288, "0x3": 39, "0x4": 167, "0x5": 93, "0x6": 14, "0x7": 5}, "snapshots": null, "memory": null, "statevector": null, "unitary": null}}, {"shots": 4096, "success": true, "status": null, "seed": null, "meas_level": 2, "meas_return": null, "header": {"qubit_labels": [["q", 0], ["q", 1], ["q", 2], ["q", 3], ["q", 4]], "n_qubits": 5, "qreg_sizes": [["q", 5]], "clbit_labels": [["c", 0], ["c", 1], ["c", 2]], "memory_slots": 3, "creg_sizes": [["c", 3]], "name": "circuit-2796225", "global_phase": 2.356194490192351, "metadata": {}}, "data": {"counts": {"0x0": 347, "0x1": 335, "0x2": 635, "0x3": 724, "0x4": 406, "0x5": 261, "0x6": 739, "0x7": 649}, "snapshots": null, "memory": null, "statevector": null, "unitary": null}}, {"shots": 4096, "success": true, "status": null, "seed": null, "meas_level": 2, "meas_return": null, "header": {"qubit_labels": [["q", 0], ["q", 1], ["q", 2], ["q", 3], ["q", 4]], "n_qubits": 5, "qreg_sizes": [["q", 5]], "clbit_labels": [["c", 0], ["c", 1], ["c", 2]], "memory_slots": 3, "creg_sizes": [["c", 3]], "name": "circuit-2796226", "global_phase": 1.5707963267949046, "metadata": {}}, "data": {"counts": {"0x0": 2844, "0x1": 342, "0x2": 443, "0x3": 66, "0x4": 209, "0x5": 136, "0x6": 26, "0x7": 30}, "snapshots": null, "memory": null, "statevector": null, "unitary": null}}, {"shots": 4096, "success": true, "status": null, "seed": null, "meas_level": 2, "meas_return": null, "header": {"qubit_labels": [["q", 0], ["q", 1], ["q", 2], ["q", 3], ["q", 4]], "n_qubits": 5, "qreg_sizes": [["q", 5]], "clbit_labels": [["c", 0], ["c", 1], ["c", 2]], "memory_slots": 3, "creg_sizes": [["c", 3]], "name": "circuit-2796820", "global_phase": 5.497787143782144, "metadata": {}}, "data": {"counts": {"0x0": 303, "0x1": 392, "0x2": 791, "0x3": 611, "0x4": 385, "0x5": 233, "0x6": 703, "0x7": 678}, "snapshots": null, "memory": null, "statevector": null, "unitary": null}}, {"shots": 4096, "success": true, "status": null, "seed": null, "meas_level": 2, "meas_return": null, "header": {"qubit_labels": [["q", 0], ["q", 1], ["q", 2], ["q", 3], ["q", 4]], "n_qubits": 5, "qreg_sizes": [["q", 5]], "clbit_labels": [["c", 0], ["c", 1], ["c", 2]], "memory_slots": 3, "creg_sizes": [["c", 3]], "name": "circuit-2796821", "global_phase": 7.993605777301127e-15, "metadata": {}}, "data": {"counts": {"0x0": 2326, "0x1": 439, "0x2": 702, "0x3": 137, "0x4": 195, "0x5": 152, "0x6": 60, "0x7": 85}, "snapshots": null, "memory": null, "statevector": null, "unitary": null}}, {"shots": 4096, "success": true, "status": null, "seed": null, "meas_level": 2, "meas_return": null, "header": {"qubit_labels": [["q", 0], ["q", 1], ["q", 2], ["q", 3], ["q", 4]], "n_qubits": 5, "qreg_sizes": [["q", 5]], "clbit_labels": [["c", 0], ["c", 1], ["c", 2]], "memory_slots": 3, "creg_sizes": [["c", 3]], "name": "circuit-2797586", "global_phase": 3.926990816987246, "metadata": {}}, "data": {"counts": {"0x0": 361, "0x1": 394, "0x2": 882, "0x3": 503, "0x4": 506, "0x5": 294, "0x6": 491, "0x7": 665}, "snapshots": null, "memory": null, "statevector": null, "unitary": null}}, {"shots": 4096, "success": true, "status": null, "seed": null, "meas_level": 2, "meas_return": null, "header": {"qubit_labels": [["q", 0], ["q", 1], ["q", 2], ["q", 3], ["q", 4]], "n_qubits": 5, "qreg_sizes": [["q", 5]], "clbit_labels": [["c", 0], ["c", 1], ["c", 2]], "memory_slots": 3, "creg_sizes": [["c", 3]], "name": "circuit-2797587", "global_phase": 1.509903313490213e-14, "metadata": {}}, "data": {"counts": {"0x0": 2054, "0x1": 534, "0x2": 774, "0x3": 173, "0x4": 240, "0x5": 170, "0x6": 73, "0x7": 78}, "snapshots": null, "memory": null, "statevector": null, "unitary": null}}, {"shots": 4096, "success": true, "status": null, "seed": null, "meas_level": 2, "meas_return": null, "header": {"qubit_labels": [["q", 0], ["q", 1], ["q", 2], ["q", 3], ["q", 4]], "n_qubits": 5, "qreg_sizes": [["q", 5]], "clbit_labels": [["c", 0], ["c", 1], ["c", 2]], "memory_slots": 3, "creg_sizes": [["c", 3]], "name": "circuit-2798501", "global_phase": 0.7853981633974545, "metadata": {}}, "data": {"counts": {"0x0": 428, "0x1": 376, "0x2": 739, "0x3": 476, "0x4": 432, "0x5": 418, "0x6": 527, "0x7": 700}, "snapshots": null, "memory": null, "statevector": null, "unitary": null}}, {"shots": 4096, "success": true, "status": null, "seed": null, "meas_level": 2, "meas_return": null, "header": {"qubit_labels": [["q", 0], ["q", 1], ["q", 2], ["q", 3], ["q", 4]], "n_qubits": 5, "qreg_sizes": [["q", 5]], "clbit_labels": [["c", 0], ["c", 1], ["c", 2]], "memory_slots": 3, "creg_sizes": [["c", 3]], "name": "circuit-2798502", "global_phase": 4.712388980384707, "metadata": {}}, "data": {"counts": {"0x0": 1676, "0x1": 424, "0x2": 1094, "0x3": 250, "0x4": 229, "0x5": 172, "0x6": 148, "0x7": 103}, "snapshots": null, "memory": null, "statevector": null, "unitary": null}}, {"shots": 4096, "success": true, "status": null, "seed": null, "meas_level": 2, "meas_return": null, "header": {"qubit_labels": [["q", 0], ["q", 1], ["q", 2], ["q", 3], ["q", 4]], "n_qubits": 5, "qreg_sizes": [["q", 5]], "clbit_labels": [["c", 0], ["c", 1], ["c", 2]], "memory_slots": 3, "creg_sizes": [["c", 3]], "name": "circuit-2799568", "global_phase": 5.497787143782145, "metadata": {}}, "data": {"counts": {"0x0": 504, "0x1": 428, "0x2": 722, "0x3": 461, "0x4": 494, "0x5": 503, "0x6": 480, "0x7": 504}, "snapshots": null, "memory": null, "statevector": null, "unitary": null}}, {"shots": 4096, "success": true, "status": null, "seed": null, "meas_level": 2, "meas_return": null, "header": {"qubit_labels": [["q", 0], ["q", 1], ["q", 2], ["q", 3], ["q", 4]], "n_qubits": 5, "qreg_sizes": [["q", 5]], "clbit_labels": [["c", 0], ["c", 1], ["c", 2]], "memory_slots": 3, "creg_sizes": [["c", 3]], "name": "circuit-2799569", "global_phase": 1.5707963267949117, "metadata": {}}, "data": {"counts": {"0x0": 1601, "0x1": 466, "0x2": 1082, "0x3": 291, "0x4": 210, "0x5": 158, "0x6": 164, "0x7": 124}, "snapshots": null, "memory": null, "statevector": null, "unitary": null}}, {"shots": 4096, "success": true, "status": null, "seed": null, "meas_level": 2, "meas_return": null, "header": {"qubit_labels": [["q", 0], ["q", 1], ["q", 2], ["q", 3], ["q", 4]], "n_qubits": 5, "qreg_sizes": [["q", 5]], "clbit_labels": [["c", 0], ["c", 1], ["c", 2]], "memory_slots": 3, "creg_sizes": [["c", 3]], "name": "circuit-2800769", "global_phase": 5.497787143782144, "metadata": {}}, "data": {"counts": {"0x0": 603, "0x1": 484, "0x2": 615, "0x3": 465, "0x4": 414, "0x5": 502, "0x6": 534, "0x7": 479}, "snapshots": null, "memory": null, "statevector": null, "unitary": null}}, {"shots": 4096, "success": true, "status": null, "seed": null, "meas_level": 2, "meas_return": null, "header": {"qubit_labels": [["q", 0], ["q", 1], ["q", 2], ["q", 3], ["q", 4]], "n_qubits": 5, "qreg_sizes": [["q", 5]], "clbit_labels": [["c", 0], ["c", 1], ["c", 2]], "memory_slots": 3, "creg_sizes": [["c", 3]], "name": "circuit-2800770", "global_phase": 2.3092638912203256e-14, "metadata": {}}, "data": {"counts": {"0x0": 1165, "0x1": 413, "0x2": 1361, "0x3": 388, "0x4": 207, "0x5": 161, "0x6": 221, "0x7": 180}, "snapshots": null, "memory": null, "statevector": null, "unitary": null}}, {"shots": 4096, "success": true, "status": null, "seed": null, "meas_level": 2, "meas_return": null, "header": {"qubit_labels": [["q", 0], ["q", 1], ["q", 2], ["q", 3], ["q", 4]], "n_qubits": 5, "qreg_sizes": [["q", 5]], "clbit_labels": [["c", 0], ["c", 1], ["c", 2]], "memory_slots": 3, "creg_sizes": [["c", 3]], "name": "circuit-2802137", "global_phase": 3.9269908169872476, "metadata": {}}, "data": {"counts": {"0x0": 646, "0x1": 487, "0x2": 608, "0x3": 504, "0x4": 438, "0x5": 481, "0x6": 485, "0x7": 447}, "snapshots": null, "memory": null, "statevector": null, "unitary": null}}, {"shots": 4096, "success": true, "status": null, "seed": null, "meas_level": 2, "meas_return": null, "header": {"qubit_labels": [["q", 0], ["q", 1], ["q", 2], ["q", 3], ["q", 4]], "n_qubits": 5, "qreg_sizes": [["q", 5]], "clbit_labels": [["c", 0], ["c", 1], ["c", 2]], "memory_slots": 3, "creg_sizes": [["c", 3]], "name": "circuit-2802138", "global_phase": 1.5707963267949179, "metadata": {}}, "data": {"counts": {"0x0": 1249, "0x1": 453, "0x2": 1216, "0x3": 366, "0x4": 203, "0x5": 196, "0x6": 223, "0x7": 190}, "snapshots": null, "memory": null, "statevector": null, "unitary": null}}, {"shots": 4096, "success": true, "status": null, "seed": null, "meas_level": 2, "meas_return": null, "header": {"qubit_labels": [["q", 0], ["q", 1], ["q", 2], ["q", 3], ["q", 4]], "n_qubits": 5, "qreg_sizes": [["q", 5]], "clbit_labels": [["c", 0], ["c", 1], ["c", 2]], "memory_slots": 3, "creg_sizes": [["c", 3]], "name": "circuit-2803625", "global_phase": 2.356194490192361, "metadata": {}}, "data": {"counts": {"0x0": 600, "0x1": 415, "0x2": 491, "0x3": 478, "0x4": 548, "0x5": 570, "0x6": 576, "0x7": 418}, "snapshots": null, "memory": null, "statevector": null, "unitary": null}}, {"shots": 4096, "success": true, "status": null, "seed": null, "meas_level": 2, "meas_return": null, "header": {"qubit_labels": [["q", 0], ["q", 1], ["q", 2], ["q", 3], ["q", 4]], "n_qubits": 5, "qreg_sizes": [["q", 5]], "clbit_labels": [["c", 0], ["c", 1], ["c", 2]], "memory_slots": 3, "creg_sizes": [["c", 3]], "name": "circuit-2803626", "global_phase": 3.1415926535898127, "metadata": {}}, "data": {"counts": {"0x0": 1028, "0x1": 484, "0x2": 1283, "0x3": 416, "0x4": 224, "0x5": 194, "0x6": 262, "0x7": 205}, "snapshots": null, "memory": null, "statevector": null, "unitary": null}}, {"shots": 4096, "success": true, "status": null, "seed": null, "meas_level": 2, "meas_return": null, "header": {"qubit_labels": [["q", 0], ["q", 1], ["q", 2], ["q", 3], ["q", 4]], "n_qubits": 5, "qreg_sizes": [["q", 5]], "clbit_labels": [["c", 0], ["c", 1], ["c", 2]], "memory_slots": 3, "creg_sizes": [["c", 3]], "name": "circuit-2805201", "global_phase": 0.7853981633974598, "metadata": {}}, "data": {"counts": {"0x0": 664, "0x1": 523, "0x2": 503, "0x3": 416, "0x4": 539, "0x5": 518, "0x6": 507, "0x7": 426}, "snapshots": null, "memory": null, "statevector": null, "unitary": null}}, {"shots": 4096, "success": true, "status": null, "seed": null, "meas_level": 2, "meas_return": null, "header": {"qubit_labels": [["q", 0], ["q", 1], ["q", 2], ["q", 3], ["q", 4]], "n_qubits": 5, "qreg_sizes": [["q", 5]], "clbit_labels": [["c", 0], ["c", 1], ["c", 2]], "memory_slots": 3, "creg_sizes": [["c", 3]], "name": "circuit-2805202", "global_phase": 4.712388980384722, "metadata": {}}, "data": {"counts": {"0x0": 965, "0x1": 400, "0x2": 1323, "0x3": 472, "0x4": 224, "0x5": 203, "0x6": 287, "0x7": 222}, "snapshots": null, "memory": null, "statevector": null, "unitary": null}}, {"shots": 4096, "success": true, "status": null, "seed": null, "meas_level": 2, "meas_return": null, "header": {"qubit_labels": [["q", 0], ["q", 1], ["q", 2], ["q", 3], ["q", 4]], "n_qubits": 5, "qreg_sizes": [["q", 5]], "clbit_labels": [["c", 0], ["c", 1], ["c", 2]], "memory_slots": 3, "creg_sizes": [["c", 3]], "name": "circuit-2806989", "global_phase": 3.9269908169872423, "metadata": {}}, "data": {"counts": {"0x0": 562, "0x1": 484, "0x2": 570, "0x3": 459, "0x4": 506, "0x5": 495, "0x6": 546, "0x7": 474}, "snapshots": null, "memory": null, "statevector": null, "unitary": null}}, {"shots": 4096, "success": true, "status": null, "seed": null, "meas_level": 2, "meas_return": null, "header": {"qubit_labels": [["q", 0], ["q", 1], ["q", 2], ["q", 3], ["q", 4]], "n_qubits": 5, "qreg_sizes": [["q", 5]], "clbit_labels": [["c", 0], ["c", 1], ["c", 2]], "memory_slots": 3, "creg_sizes": [["c", 3]], "name": "circuit-2806990", "global_phase": 2.842170943040401e-14, "metadata": {}}, "data": {"counts": {"0x0": 930, "0x1": 488, "0x2": 1125, "0x3": 526, "0x4": 242, "0x5": 220, "0x6": 301, "0x7": 264}, "snapshots": null, "memory": null, "statevector": null, "unitary": null}}, {"shots": 4096, "success": true, "status": null, "seed": null, "meas_level": 2, "meas_return": null, "header": {"qubit_labels": [["q", 0], ["q", 1], ["q", 2], ["q", 3], ["q", 4]], "n_qubits": 5, "qreg_sizes": [["q", 5]], "clbit_labels": [["c", 0], ["c", 1], ["c", 2]], "memory_slots": 3, "creg_sizes": [["c", 3]], "name": "circuit-2808928", "global_phase": 5.497787143782159, "metadata": {}}, "data": {"counts": {"0x0": 560, "0x1": 502, "0x2": 551, "0x3": 513, "0x4": 529, "0x5": 473, "0x6": 531, "0x7": 437}, "snapshots": null, "memory": null, "statevector": null, "unitary": null}}, {"shots": 4096, "success": true, "status": null, "seed": null, "meas_level": 2, "meas_return": null, "header": {"qubit_labels": [["q", 0], ["q", 1], ["q", 2], ["q", 3], ["q", 4]], "n_qubits": 5, "qreg_sizes": [["q", 5]], "clbit_labels": [["c", 0], ["c", 1], ["c", 2]], "memory_slots": 3, "creg_sizes": [["c", 3]], "name": "circuit-2808929", "global_phase": 3.108624468950438e-14, "metadata": {}}, "data": {"counts": {"0x0": 931, "0x1": 548, "0x2": 1099, "0x3": 524, "0x4": 235, "0x5": 221, "0x6": 280, "0x7": 258}, "snapshots": null, "memory": null, "statevector": null, "unitary": null}}, {"shots": 4096, "success": true, "status": null, "seed": null, "meas_level": 2, "meas_return": null, "header": {"qubit_labels": [["q", 0], ["q", 1], ["q", 2], ["q", 3], ["q", 4]], "n_qubits": 5, "qreg_sizes": [["q", 5]], "clbit_labels": [["c", 0], ["c", 1], ["c", 2]], "memory_slots": 3, "creg_sizes": [["c", 3]], "name": "circuit-2810954", "global_phase": 3.926990816987244, "metadata": {}}, "data": {"counts": {"0x0": 495, "0x1": 440, "0x2": 645, "0x3": 516, "0x4": 481, "0x5": 399, "0x6": 594, "0x7": 526}, "snapshots": null, "memory": null, "statevector": null, "unitary": null}}, {"shots": 4096, "success": true, "status": null, "seed": null, "meas_level": 2, "meas_return": null, "header": {"qubit_labels": [["q", 0], ["q", 1], ["q", 2], ["q", 3], ["q", 4]], "n_qubits": 5, "qreg_sizes": [["q", 5]], "clbit_labels": [["c", 0], ["c", 1], ["c", 2]], "memory_slots": 3, "creg_sizes": [["c", 3]], "name": "circuit-2810955", "global_phase": 1.5707963267949392, "metadata": {}}, "data": {"counts": {"0x0": 887, "0x1": 489, "0x2": 1106, "0x3": 551, "0x4": 259, "0x5": 239, "0x6": 315, "0x7": 250}, "snapshots": null, "memory": null, "statevector": null, "unitary": null}}, {"shots": 4096, "success": true, "status": null, "seed": null, "meas_level": 2, "meas_return": null, "header": {"qubit_labels": [["q", 0], ["q", 1], ["q", 2], ["q", 3], ["q", 4]], "n_qubits": 5, "qreg_sizes": [["q", 5]], "clbit_labels": [["c", 0], ["c", 1], ["c", 2]], "memory_slots": 3, "creg_sizes": [["c", 3]], "name": "circuit-2813157", "global_phase": 5.497787143782151, "metadata": {}}, "data": {"counts": {"0x0": 507, "0x1": 435, "0x2": 635, "0x3": 553, "0x4": 446, "0x5": 372, "0x6": 632, "0x7": 516}, "snapshots": null, "memory": null, "statevector": null, "unitary": null}}, {"shots": 4096, "success": true, "status": null, "seed": null, "meas_level": 2, "meas_return": null, "header": {"qubit_labels": [["q", 0], ["q", 1], ["q", 2], ["q", 3], ["q", 4]], "n_qubits": 5, "qreg_sizes": [["q", 5]], "clbit_labels": [["c", 0], ["c", 1], ["c", 2]], "memory_slots": 3, "creg_sizes": [["c", 3]], "name": "circuit-2813158", "global_phase": 3.1415926535898215, "metadata": {}}, "data": {"counts": {"0x0": 1007, "0x1": 479, "0x2": 1004, "0x3": 500, "0x4": 297, "0x5": 258, "0x6": 299, "0x7": 252}, "snapshots": null, "memory": null, "statevector": null, "unitary": null}}, {"shots": 4096, "success": true, "status": null, "seed": null, "meas_level": 2, "meas_return": null, "header": {"qubit_labels": [["q", 0], ["q", 1], ["q", 2], ["q", 3], ["q", 4]], "n_qubits": 5, "qreg_sizes": [["q", 5]], "clbit_labels": [["c", 0], ["c", 1], ["c", 2]], "memory_slots": 3, "creg_sizes": [["c", 3]], "name": "circuit-2815482", "global_phase": 2.3561944901923644, "metadata": {}}, "data": {"counts": {"0x0": 522, "0x1": 430, "0x2": 606, "0x3": 587, "0x4": 466, "0x5": 378, "0x6": 586, "0x7": 521}, "snapshots": null, "memory": null, "statevector": null, "unitary": null}}, {"shots": 4096, "success": true, "status": null, "seed": null, "meas_level": 2, "meas_return": null, "header": {"qubit_labels": [["q", 0], ["q", 1], ["q", 2], ["q", 3], ["q", 4]], "n_qubits": 5, "qreg_sizes": [["q", 5]], "clbit_labels": [["c", 0], ["c", 1], ["c", 2]], "memory_slots": 3, "creg_sizes": [["c", 3]], "name": "circuit-2815483", "global_phase": 3.1415926535898295, "metadata": {}}, "data": {"counts": {"0x0": 1011, "0x1": 602, "0x2": 877, "0x3": 517, "0x4": 277, "0x5": 267, "0x6": 315, "0x7": 230}, "snapshots": null, "memory": null, "statevector": null, "unitary": null}}, {"shots": 4096, "success": true, "status": null, "seed": null, "meas_level": 2, "meas_return": null, "header": {"qubit_labels": [["q", 0], ["q", 1], ["q", 2], ["q", 3], ["q", 4]], "n_qubits": 5, "qreg_sizes": [["q", 5]], "clbit_labels": [["c", 0], ["c", 1], ["c", 2]], "memory_slots": 3, "creg_sizes": [["c", 3]], "name": "circuit-2817976", "global_phase": 2.3561944901923706, "metadata": {}}, "data": {"counts": {"0x0": 443, "0x1": 422, "0x2": 577, "0x3": 566, "0x4": 449, "0x5": 405, "0x6": 723, "0x7": 511}, "snapshots": null, "memory": null, "statevector": null, "unitary": null}}, {"shots": 4096, "success": true, "status": null, "seed": null, "meas_level": 2, "meas_return": null, "header": {"qubit_labels": [["q", 0], ["q", 1], ["q", 2], ["q", 3], ["q", 4]], "n_qubits": 5, "qreg_sizes": [["q", 5]], "clbit_labels": [["c", 0], ["c", 1], ["c", 2]], "memory_slots": 3, "creg_sizes": [["c", 3]], "name": "circuit-2817977", "global_phase": 3.1415926535898415, "metadata": {}}, "data": {"counts": {"0x0": 994, "0x1": 577, "0x2": 871, "0x3": 487, "0x4": 327, "0x5": 290, "0x6": 298, "0x7": 252}, "snapshots": null, "memory": null, "statevector": null, "unitary": null}}, {"shots": 4096, "success": true, "status": null, "seed": null, "meas_level": 2, "meas_return": null, "header": {"qubit_labels": [["q", 0], ["q", 1], ["q", 2], ["q", 3], ["q", 4]], "n_qubits": 5, "qreg_sizes": [["q", 5]], "clbit_labels": [["c", 0], ["c", 1], ["c", 2]], "memory_slots": 3, "creg_sizes": [["c", 3]], "name": "circuit-2820562", "global_phase": 5.4977871437821575, "metadata": {}}, "data": {"counts": {"0x0": 511, "0x1": 445, "0x2": 630, "0x3": 572, "0x4": 444, "0x5": 396, "0x6": 590, "0x7": 508}, "snapshots": null, "memory": null, "statevector": null, "unitary": null}}, {"shots": 4096, "success": true, "status": null, "seed": null, "meas_level": 2, "meas_return": null, "header": {"qubit_labels": [["q", 0], ["q", 1], ["q", 2], ["q", 3], ["q", 4]], "n_qubits": 5, "qreg_sizes": [["q", 5]], "clbit_labels": [["c", 0], ["c", 1], ["c", 2]], "memory_slots": 3, "creg_sizes": [["c", 3]], "name": "circuit-2820563", "global_phase": 4.71238898038474, "metadata": {}}, "data": {"counts": {"0x0": 946, "0x1": 635, "0x2": 747, "0x3": 476, "0x4": 380, "0x5": 337, "0x6": 308, "0x7": 267}, "snapshots": null, "memory": null, "statevector": null, "unitary": null}}, {"shots": 4096, "success": true, "status": null, "seed": null, "meas_level": 2, "meas_return": null, "header": {"qubit_labels": [["q", 0], ["q", 1], ["q", 2], ["q", 3], ["q", 4]], "n_qubits": 5, "qreg_sizes": [["q", 5]], "clbit_labels": [["c", 0], ["c", 1], ["c", 2]], "memory_slots": 3, "creg_sizes": [["c", 3]], "name": "circuit-2823360", "global_phase": 0.7853981633974509, "metadata": {}}, "data": {"counts": {"0x0": 507, "0x1": 441, "0x2": 638, "0x3": 527, "0x4": 460, "0x5": 421, "0x6": 615, "0x7": 487}, "snapshots": null, "memory": null, "statevector": null, "unitary": null}}, {"shots": 4096, "success": true, "status": null, "seed": null, "meas_level": 2, "meas_return": null, "header": {"qubit_labels": [["q", 0], ["q", 1], ["q", 2], ["q", 3], ["q", 4]], "n_qubits": 5, "qreg_sizes": [["q", 5]], "clbit_labels": [["c", 0], ["c", 1], ["c", 2]], "memory_slots": 3, "creg_sizes": [["c", 3]], "name": "circuit-2823361", "global_phase": 5.5067062021407764e-14, "metadata": {}}, "data": {"counts": {"0x0": 999, "0x1": 647, "0x2": 759, "0x3": 502, "0x4": 359, "0x5": 331, "0x6": 258, "0x7": 241}, "snapshots": null, "memory": null, "statevector": null, "unitary": null}}, {"shots": 4096, "success": true, "status": null, "seed": null, "meas_level": 2, "meas_return": null, "header": {"qubit_labels": [["q", 0], ["q", 1], ["q", 2], ["q", 3], ["q", 4]], "n_qubits": 5, "qreg_sizes": [["q", 5]], "clbit_labels": [["c", 0], ["c", 1], ["c", 2]], "memory_slots": 3, "creg_sizes": [["c", 3]], "name": "circuit-2826229", "global_phase": 5.497787143782157, "metadata": {}}, "data": {"counts": {"0x0": 494, "0x1": 425, "0x2": 615, "0x3": 549, "0x4": 482, "0x5": 454, "0x6": 580, "0x7": 497}, "snapshots": null, "memory": null, "statevector": null, "unitary": null}}, {"shots": 4096, "success": true, "status": null, "seed": null, "meas_level": 2, "meas_return": null, "header": {"qubit_labels": [["q", 0], ["q", 1], ["q", 2], ["q", 3], ["q", 4]], "n_qubits": 5, "qreg_sizes": [["q", 5]], "clbit_labels": [["c", 0], ["c", 1], ["c", 2]], "memory_slots": 3, "creg_sizes": [["c", 3]], "name": "circuit-2826230", "global_phase": 4.085620730620576e-14, "metadata": {}}, "data": {"counts": {"0x0": 1088, "0x1": 598, "0x2": 668, "0x3": 442, "0x4": 417, "0x5": 339, "0x6": 298, "0x7": 246}, "snapshots": null, "memory": null, "statevector": null, "unitary": null}}, {"shots": 4096, "success": true, "status": null, "seed": null, "meas_level": 2, "meas_return": null, "header": {"qubit_labels": [["q", 0], ["q", 1], ["q", 2], ["q", 3], ["q", 4]], "n_qubits": 5, "qreg_sizes": [["q", 5]], "clbit_labels": [["c", 0], ["c", 1], ["c", 2]], "memory_slots": 3, "creg_sizes": [["c", 3]], "name": "circuit-2829296", "global_phase": 3.9269908169872405, "metadata": {}}, "data": {"counts": {"0x0": 711, "0x1": 226, "0x2": 372, "0x3": 822, "0x4": 255, "0x5": 636, "0x6": 912, "0x7": 162}, "snapshots": null, "memory": null, "statevector": null, "unitary": null}}, {"shots": 4096, "success": true, "status": null, "seed": null, "meas_level": 2, "meas_return": null, "header": {"qubit_labels": [["q", 0], ["q", 1], ["q", 2], ["q", 3], ["q", 4]], "n_qubits": 5, "qreg_sizes": [["q", 5]], "clbit_labels": [["c", 0], ["c", 1], ["c", 2]], "memory_slots": 3, "creg_sizes": [["c", 3]], "name": "circuit-2829297", "global_phase": 4.712388980384692, "metadata": {}}, "data": {"counts": {"0x0": 3479, "0x1": 211, "0x2": 195, "0x3": 11, "0x4": 149, "0x5": 38, "0x6": 11, "0x7": 2}, "snapshots": null, "memory": null, "statevector": null, "unitary": null}}, {"shots": 4096, "success": true, "status": null, "seed": null, "meas_level": 2, "meas_return": null, "header": {"qubit_labels": [["q", 0], ["q", 1], ["q", 2], ["q", 3], ["q", 4]], "n_qubits": 5, "qreg_sizes": [["q", 5]], "clbit_labels": [["c", 0], ["c", 1], ["c", 2]], "memory_slots": 3, "creg_sizes": [["c", 3]], "name": "circuit-2829641", "global_phase": 5.497787143782137, "metadata": {}}, "data": {"counts": {"0x0": 510, "0x1": 247, "0x2": 487, "0x3": 749, "0x4": 326, "0x5": 416, "0x6": 1002, "0x7": 359}, "snapshots": null, "memory": null, "statevector": null, "unitary": null}}, {"shots": 4096, "success": true, "status": null, "seed": null, "meas_level": 2, "meas_return": null, "header": {"qubit_labels": [["q", 0], ["q", 1], ["q", 2], ["q", 3], ["q", 4]], "n_qubits": 5, "qreg_sizes": [["q", 5]], "clbit_labels": [["c", 0], ["c", 1], ["c", 2]], "memory_slots": 3, "creg_sizes": [["c", 3]], "name": "circuit-2829642", "global_phase": 7.105427357601002e-15, "metadata": {}}, "data": {"counts": {"0x0": 3182, "0x1": 200, "0x2": 310, "0x3": 21, "0x4": 195, "0x5": 145, "0x6": 23, "0x7": 20}, "snapshots": null, "memory": null, "statevector": null, "unitary": null}}, {"shots": 4096, "success": true, "status": null, "seed": null, "meas_level": 2, "meas_return": null, "header": {"qubit_labels": [["q", 0], ["q", 1], ["q", 2], ["q", 3], ["q", 4]], "n_qubits": 5, "qreg_sizes": [["q", 5]], "clbit_labels": [["c", 0], ["c", 1], ["c", 2]], "memory_slots": 3, "creg_sizes": [["c", 3]], "name": "circuit-2830119", "global_phase": 3.926990816987244, "metadata": {}}, "data": {"counts": {"0x0": 390, "0x1": 361, "0x2": 677, "0x3": 720, "0x4": 359, "0x5": 259, "0x6": 809, "0x7": 521}, "snapshots": null, "memory": null, "statevector": null, "unitary": null}}, {"shots": 4096, "success": true, "status": null, "seed": null, "meas_level": 2, "meas_return": null, "header": {"qubit_labels": [["q", 0], ["q", 1], ["q", 2], ["q", 3], ["q", 4]], "n_qubits": 5, "qreg_sizes": [["q", 5]], "clbit_labels": [["c", 0], ["c", 1], ["c", 2]], "memory_slots": 3, "creg_sizes": [["c", 3]], "name": "circuit-2830120", "global_phase": 1.1546319456101628e-14, "metadata": {}}, "data": {"counts": {"0x0": 2689, "0x1": 398, "0x2": 496, "0x3": 115, "0x4": 213, "0x5": 120, "0x6": 34, "0x7": 31}, "snapshots": null, "memory": null, "statevector": null, "unitary": null}}, {"shots": 4096, "success": true, "status": null, "seed": null, "meas_level": 2, "meas_return": null, "header": {"qubit_labels": [["q", 0], ["q", 1], ["q", 2], ["q", 3], ["q", 4]], "n_qubits": 5, "qreg_sizes": [["q", 5]], "clbit_labels": [["c", 0], ["c", 1], ["c", 2]], "memory_slots": 3, "creg_sizes": [["c", 3]], "name": "circuit-2830745", "global_phase": 5.497787143782138, "metadata": {}}, "data": {"counts": {"0x0": 296, "0x1": 376, "0x2": 745, "0x3": 544, "0x4": 410, "0x5": 244, "0x6": 690, "0x7": 791}, "snapshots": null, "memory": null, "statevector": null, "unitary": null}}, {"shots": 4096, "success": true, "status": null, "seed": null, "meas_level": 2, "meas_return": null, "header": {"qubit_labels": [["q", 0], ["q", 1], ["q", 2], ["q", 3], ["q", 4]], "n_qubits": 5, "qreg_sizes": [["q", 5]], "clbit_labels": [["c", 0], ["c", 1], ["c", 2]], "memory_slots": 3, "creg_sizes": [["c", 3]], "name": "circuit-2830746", "global_phase": 7.105427357601002e-15, "metadata": {}}, "data": {"counts": {"0x0": 2446, "0x1": 464, "0x2": 625, "0x3": 117, "0x4": 230, "0x5": 141, "0x6": 34, "0x7": 39}, "snapshots": null, "memory": null, "statevector": null, "unitary": null}}, {"shots": 4096, "success": true, "status": null, "seed": null, "meas_level": 2, "meas_return": null, "header": {"qubit_labels": [["q", 0], ["q", 1], ["q", 2], ["q", 3], ["q", 4]], "n_qubits": 5, "qreg_sizes": [["q", 5]], "clbit_labels": [["c", 0], ["c", 1], ["c", 2]], "memory_slots": 3, "creg_sizes": [["c", 3]], "name": "circuit-2831532", "global_phase": 2.3561944901923475, "metadata": {}}, "data": {"counts": {"0x0": 339, "0x1": 451, "0x2": 660, "0x3": 468, "0x4": 425, "0x5": 312, "0x6": 603, "0x7": 838}, "snapshots": null, "memory": null, "statevector": null, "unitary": null}}, {"shots": 4096, "success": true, "status": null, "seed": null, "meas_level": 2, "meas_return": null, "header": {"qubit_labels": [["q", 0], ["q", 1], ["q", 2], ["q", 3], ["q", 4]], "n_qubits": 5, "qreg_sizes": [["q", 5]], "clbit_labels": [["c", 0], ["c", 1], ["c", 2]], "memory_slots": 3, "creg_sizes": [["c", 3]], "name": "circuit-2831533", "global_phase": 8.881784197001252e-15, "metadata": {}}, "data": {"counts": {"0x0": 2063, "0x1": 455, "0x2": 851, "0x3": 165, "0x4": 196, "0x5": 181, "0x6": 105, "0x7": 80}, "snapshots": null, "memory": null, "statevector": null, "unitary": null}}, {"shots": 4096, "success": true, "status": null, "seed": null, "meas_level": 2, "meas_return": null, "header": {"qubit_labels": [["q", 0], ["q", 1], ["q", 2], ["q", 3], ["q", 4]], "n_qubits": 5, "qreg_sizes": [["q", 5]], "clbit_labels": [["c", 0], ["c", 1], ["c", 2]], "memory_slots": 3, "creg_sizes": [["c", 3]], "name": "circuit-2832435", "global_phase": 2.3561944901923475, "metadata": {}}, "data": {"counts": {"0x0": 450, "0x1": 423, "0x2": 778, "0x3": 492, "0x4": 448, "0x5": 327, "0x6": 520, "0x7": 658}, "snapshots": null, "memory": null, "statevector": null, "unitary": null}}, {"shots": 4096, "success": true, "status": null, "seed": null, "meas_level": 2, "meas_return": null, "header": {"qubit_labels": [["q", 0], ["q", 1], ["q", 2], ["q", 3], ["q", 4]], "n_qubits": 5, "qreg_sizes": [["q", 5]], "clbit_labels": [["c", 0], ["c", 1], ["c", 2]], "memory_slots": 3, "creg_sizes": [["c", 3]], "name": "circuit-2832436", "global_phase": 1.4210854715202004e-14, "metadata": {}}, "data": {"counts": {"0x0": 1634, "0x1": 480, "0x2": 1138, "0x3": 249, "0x4": 204, "0x5": 148, "0x6": 158, "0x7": 85}, "snapshots": null, "memory": null, "statevector": null, "unitary": null}}, {"shots": 4096, "success": true, "status": null, "seed": null, "meas_level": 2, "meas_return": null, "header": {"qubit_labels": [["q", 0], ["q", 1], ["q", 2], ["q", 3], ["q", 4]], "n_qubits": 5, "qreg_sizes": [["q", 5]], "clbit_labels": [["c", 0], ["c", 1], ["c", 2]], "memory_slots": 3, "creg_sizes": [["c", 3]], "name": "circuit-2833528", "global_phase": 0.7853981633974545, "metadata": {}}, "data": {"counts": {"0x0": 558, "0x1": 435, "0x2": 649, "0x3": 419, "0x4": 436, "0x5": 470, "0x6": 533, "0x7": 596}, "snapshots": null, "memory": null, "statevector": null, "unitary": null}}, {"shots": 4096, "success": true, "status": null, "seed": null, "meas_level": 2, "meas_return": null, "header": {"qubit_labels": [["q", 0], ["q", 1], ["q", 2], ["q", 3], ["q", 4]], "n_qubits": 5, "qreg_sizes": [["q", 5]], "clbit_labels": [["c", 0], ["c", 1], ["c", 2]], "memory_slots": 3, "creg_sizes": [["c", 3]], "name": "circuit-2833529", "global_phase": 3.1415926535898144, "metadata": {}}, "data": {"counts": {"0x0": 1575, "0x1": 476, "0x2": 1148, "0x3": 283, "0x4": 194, "0x5": 139, "0x6": 156, "0x7": 125}, "snapshots": null, "memory": null, "statevector": null, "unitary": null}}, {"shots": 4096, "success": true, "status": null, "seed": null, "meas_level": 2, "meas_return": null, "header": {"qubit_labels": [["q", 0], ["q", 1], ["q", 2], ["q", 3], ["q", 4]], "n_qubits": 5, "qreg_sizes": [["q", 5]], "clbit_labels": [["c", 0], ["c", 1], ["c", 2]], "memory_slots": 3, "creg_sizes": [["c", 3]], "name": "circuit-2834725", "global_phase": 3.926990816987245, "metadata": {}}, "data": {"counts": {"0x0": 592, "0x1": 447, "0x2": 567, "0x3": 436, "0x4": 517, "0x5": 561, "0x6": 481, "0x7": 495}, "snapshots": null, "memory": null, "statevector": null, "unitary": null}}, {"shots": 4096, "success": true, "status": null, "seed": null, "meas_level": 2, "meas_return": null, "header": {"qubit_labels": [["q", 0], ["q", 1], ["q", 2], ["q", 3], ["q", 4]], "n_qubits": 5, "qreg_sizes": [["q", 5]], "clbit_labels": [["c", 0], ["c", 1], ["c", 2]], "memory_slots": 3, "creg_sizes": [["c", 3]], "name": "circuit-2834726", "global_phase": 3.14159265358981, "metadata": {}}, "data": {"counts": {"0x0": 1343, "0x1": 429, "0x2": 1161, "0x3": 351, "0x4": 238, "0x5": 208, "0x6": 212, "0x7": 154}, "snapshots": null, "memory": null, "statevector": null, "unitary": null}}, {"shots": 4096, "success": true, "status": null, "seed": null, "meas_level": 2, "meas_return": null, "header": {"qubit_labels": [["q", 0], ["q", 1], ["q", 2], ["q", 3], ["q", 4]], "n_qubits": 5, "qreg_sizes": [["q", 5]], "clbit_labels": [["c", 0], ["c", 1], ["c", 2]], "memory_slots": 3, "creg_sizes": [["c", 3]], "name": "circuit-2836046", "global_phase": 2.3561944901923484, "metadata": {}}, "data": {"counts": {"0x0": 576, "0x1": 465, "0x2": 514, "0x3": 501, "0x4": 524, "0x5": 568, "0x6": 516, "0x7": 432}, "snapshots": null, "memory": null, "statevector": null, "unitary": null}}, {"shots": 4096, "success": true, "status": null, "seed": null, "meas_level": 2, "meas_return": null, "header": {"qubit_labels": [["q", 0], ["q", 1], ["q", 2], ["q", 3], ["q", 4]], "n_qubits": 5, "qreg_sizes": [["q", 5]], "clbit_labels": [["c", 0], ["c", 1], ["c", 2]], "memory_slots": 3, "creg_sizes": [["c", 3]], "name": "circuit-2836047", "global_phase": 4.712388980384714, "metadata": {}}, "data": {"counts": {"0x0": 1244, "0x1": 463, "0x2": 1233, "0x3": 421, "0x4": 204, "0x5": 160, "0x6": 219, "0x7": 152}, "snapshots": null, "memory": null, "statevector": null, "unitary": null}}, {"shots": 4096, "success": true, "status": null, "seed": null, "meas_level": 2, "meas_return": null, "header": {"qubit_labels": [["q", 0], ["q", 1], ["q", 2], ["q", 3], ["q", 4]], "n_qubits": 5, "qreg_sizes": [["q", 5]], "clbit_labels": [["c", 0], ["c", 1], ["c", 2]], "memory_slots": 3, "creg_sizes": [["c", 3]], "name": "circuit-2837521", "global_phase": 2.35619449019235, "metadata": {}}, "data": {"counts": {"0x0": 614, "0x1": 488, "0x2": 523, "0x3": 513, "0x4": 542, "0x5": 489, "0x6": 530, "0x7": 397}, "snapshots": null, "memory": null, "statevector": null, "unitary": null}}, {"shots": 4096, "success": true, "status": null, "seed": null, "meas_level": 2, "meas_return": null, "header": {"qubit_labels": [["q", 0], ["q", 1], ["q", 2], ["q", 3], ["q", 4]], "n_qubits": 5, "qreg_sizes": [["q", 5]], "clbit_labels": [["c", 0], ["c", 1], ["c", 2]], "memory_slots": 3, "creg_sizes": [["c", 3]], "name": "circuit-2837522", "global_phase": 3.019806626980426e-14, "metadata": {}}, "data": {"counts": {"0x0": 969, "0x1": 412, "0x2": 1340, "0x3": 479, "0x4": 219, "0x5": 177, "0x6": 294, "0x7": 206}, "snapshots": null, "memory": null, "statevector": null, "unitary": null}}, {"shots": 4096, "success": true, "status": null, "seed": null, "meas_level": 2, "meas_return": null, "header": {"qubit_labels": [["q", 0], ["q", 1], ["q", 2], ["q", 3], ["q", 4]], "n_qubits": 5, "qreg_sizes": [["q", 5]], "clbit_labels": [["c", 0], ["c", 1], ["c", 2]], "memory_slots": 3, "creg_sizes": [["c", 3]], "name": "circuit-2839179", "global_phase": 3.926990816987243, "metadata": {}}, "data": {"counts": {"0x0": 660, "0x1": 514, "0x2": 513, "0x3": 478, "0x4": 504, "0x5": 476, "0x6": 526, "0x7": 425}, "snapshots": null, "memory": null, "statevector": null, "unitary": null}}, {"shots": 4096, "success": true, "status": null, "seed": null, "meas_level": 2, "meas_return": null, "header": {"qubit_labels": [["q", 0], ["q", 1], ["q", 2], ["q", 3], ["q", 4]], "n_qubits": 5, "qreg_sizes": [["q", 5]], "clbit_labels": [["c", 0], ["c", 1], ["c", 2]], "memory_slots": 3, "creg_sizes": [["c", 3]], "name": "circuit-2839180", "global_phase": 2.398081733190338e-14, "metadata": {}}, "data": {"counts": {"0x0": 974, "0x1": 438, "0x2": 1195, "0x3": 524, "0x4": 256, "0x5": 199, "0x6": 296, "0x7": 214}, "snapshots": null, "memory": null, "statevector": null, "unitary": null}}, {"shots": 4096, "success": true, "status": null, "seed": null, "meas_level": 2, "meas_return": null, "header": {"qubit_labels": [["q", 0], ["q", 1], ["q", 2], ["q", 3], ["q", 4]], "n_qubits": 5, "qreg_sizes": [["q", 5]], "clbit_labels": [["c", 0], ["c", 1], ["c", 2]], "memory_slots": 3, "creg_sizes": [["c", 3]], "name": "circuit-2840928", "global_phase": 0.7853981633974545, "metadata": {}}, "data": {"counts": {"0x0": 620, "0x1": 495, "0x2": 553, "0x3": 554, "0x4": 491, "0x5": 426, "0x6": 502, "0x7": 455}, "snapshots": null, "memory": null, "statevector": null, "unitary": null}}, {"shots": 4096, "success": true, "status": null, "seed": null, "meas_level": 2, "meas_return": null, "header": {"qubit_labels": [["q", 0], ["q", 1], ["q", 2], ["q", 3], ["q", 4]], "n_qubits": 5, "qreg_sizes": [["q", 5]], "clbit_labels": [["c", 0], ["c", 1], ["c", 2]], "memory_slots": 3, "creg_sizes": [["c", 3]], "name": "circuit-2840929", "global_phase": 3.1415926535898286, "metadata": {}}, "data": {"counts": {"0x0": 916, "0x1": 501, "0x2": 1083, "0x3": 621, "0x4": 234, "0x5": 217, "0x6": 292, "0x7": 232}, "snapshots": null, "memory": null, "statevector": null, "unitary": null}}, {"shots": 4096, "success": true, "status": null, "seed": null, "meas_level": 2, "meas_return": null, "header": {"qubit_labels": [["q", 0], ["q", 1], ["q", 2], ["q", 3], ["q", 4]], "n_qubits": 5, "qreg_sizes": [["q", 5]], "clbit_labels": [["c", 0], ["c", 1], ["c", 2]], "memory_slots": 3, "creg_sizes": [["c", 3]], "name": "circuit-2842841", "global_phase": 2.3561944901923573, "metadata": {}}, "data": {"counts": {"0x0": 572, "0x1": 532, "0x2": 571, "0x3": 472, "0x4": 500, "0x5": 485, "0x6": 490, "0x7": 474}, "snapshots": null, "memory": null, "statevector": null, "unitary": null}}, {"shots": 4096, "success": true, "status": null, "seed": null, "meas_level": 2, "meas_return": null, "header": {"qubit_labels": [["q", 0], ["q", 1], ["q", 2], ["q", 3], ["q", 4]], "n_qubits": 5, "qreg_sizes": [["q", 5]], "clbit_labels": [["c", 0], ["c", 1], ["c", 2]], "memory_slots": 3, "creg_sizes": [["c", 3]], "name": "circuit-2842842", "global_phase": 1.5707963267949245, "metadata": {}}, "data": {"counts": {"0x0": 879, "0x1": 494, "0x2": 1131, "0x3": 533, "0x4": 290, "0x5": 209, "0x6": 300, "0x7": 260}, "snapshots": null, "memory": null, "statevector": null, "unitary": null}}, {"shots": 4096, "success": true, "status": null, "seed": null, "meas_level": 2, "meas_return": null, "header": {"qubit_labels": [["q", 0], ["q", 1], ["q", 2], ["q", 3], ["q", 4]], "n_qubits": 5, "qreg_sizes": [["q", 5]], "clbit_labels": [["c", 0], ["c", 1], ["c", 2]], "memory_slots": 3, "creg_sizes": [["c", 3]], "name": "circuit-2844905", "global_phase": 5.497787143782152, "metadata": {}}, "data": {"counts": {"0x0": 511, "0x1": 464, "0x2": 572, "0x3": 520, "0x4": 496, "0x5": 471, "0x6": 527, "0x7": 535}, "snapshots": null, "memory": null, "statevector": null, "unitary": null}}, {"shots": 4096, "success": true, "status": null, "seed": null, "meas_level": 2, "meas_return": null, "header": {"qubit_labels": [["q", 0], ["q", 1], ["q", 2], ["q", 3], ["q", 4]], "n_qubits": 5, "qreg_sizes": [["q", 5]], "clbit_labels": [["c", 0], ["c", 1], ["c", 2]], "memory_slots": 3, "creg_sizes": [["c", 3]], "name": "circuit-2844906", "global_phase": 3.141592653589827, "metadata": {}}, "data": {"counts": {"0x0": 981, "0x1": 477, "0x2": 1081, "0x3": 509, "0x4": 255, "0x5": 236, "0x6": 299, "0x7": 258}, "snapshots": null, "memory": null, "statevector": null, "unitary": null}}, {"shots": 4096, "success": true, "status": null, "seed": null, "meas_level": 2, "meas_return": null, "header": {"qubit_labels": [["q", 0], ["q", 1], ["q", 2], ["q", 3], ["q", 4]], "n_qubits": 5, "qreg_sizes": [["q", 5]], "clbit_labels": [["c", 0], ["c", 1], ["c", 2]], "memory_slots": 3, "creg_sizes": [["c", 3]], "name": "circuit-2847124", "global_phase": 2.3561944901923546, "metadata": {}}, "data": {"counts": {"0x0": 585, "0x1": 422, "0x2": 633, "0x3": 564, "0x4": 479, "0x5": 377, "0x6": 569, "0x7": 467}, "snapshots": null, "memory": null, "statevector": null, "unitary": null}}, {"shots": 4096, "success": true, "status": null, "seed": null, "meas_level": 2, "meas_return": null, "header": {"qubit_labels": [["q", 0], ["q", 1], ["q", 2], ["q", 3], ["q", 4]], "n_qubits": 5, "qreg_sizes": [["q", 5]], "clbit_labels": [["c", 0], ["c", 1], ["c", 2]], "memory_slots": 3, "creg_sizes": [["c", 3]], "name": "circuit-2847125", "global_phase": 3.9968028886505635e-14, "metadata": {}}, "data": {"counts": {"0x0": 919, "0x1": 535, "0x2": 977, "0x3": 576, "0x4": 281, "0x5": 253, "0x6": 309, "0x7": 246}, "snapshots": null, "memory": null, "statevector": null, "unitary": null}}, {"shots": 4096, "success": true, "status": null, "seed": null, "meas_level": 2, "meas_return": null, "header": {"qubit_labels": [["q", 0], ["q", 1], ["q", 2], ["q", 3], ["q", 4]], "n_qubits": 5, "qreg_sizes": [["q", 5]], "clbit_labels": [["c", 0], ["c", 1], ["c", 2]], "memory_slots": 3, "creg_sizes": [["c", 3]], "name": "circuit-2849454", "global_phase": 2.3561944901923493, "metadata": {}}, "data": {"counts": {"0x0": 471, "0x1": 433, "0x2": 640, "0x3": 532, "0x4": 476, "0x5": 428, "0x6": 577, "0x7": 539}, "snapshots": null, "memory": null, "statevector": null, "unitary": null}}, {"shots": 4096, "success": true, "status": null, "seed": null, "meas_level": 2, "meas_return": null, "header": {"qubit_labels": [["q", 0], ["q", 1], ["q", 2], ["q", 3], ["q", 4]], "n_qubits": 5, "qreg_sizes": [["q", 5]], "clbit_labels": [["c", 0], ["c", 1], ["c", 2]], "memory_slots": 3, "creg_sizes": [["c", 3]], "name": "circuit-2849455", "global_phase": 3.1415926535898357, "metadata": {}}, "data": {"counts": {"0x0": 958, "0x1": 572, "0x2": 947, "0x3": 499, "0x4": 308, "0x5": 278, "0x6": 282, "0x7": 252}, "snapshots": null, "memory": null, "statevector": null, "unitary": null}}, {"shots": 4096, "success": true, "status": null, "seed": null, "meas_level": 2, "meas_return": null, "header": {"qubit_labels": [["q", 0], ["q", 1], ["q", 2], ["q", 3], ["q", 4]], "n_qubits": 5, "qreg_sizes": [["q", 5]], "clbit_labels": [["c", 0], ["c", 1], ["c", 2]], "memory_slots": 3, "creg_sizes": [["c", 3]], "name": "circuit-2851914", "global_phase": 0.785398163397474, "metadata": {}}, "data": {"counts": {"0x0": 467, "0x1": 442, "0x2": 670, "0x3": 568, "0x4": 463, "0x5": 420, "0x6": 593, "0x7": 473}, "snapshots": null, "memory": null, "statevector": null, "unitary": null}}, {"shots": 4096, "success": true, "status": null, "seed": null, "meas_level": 2, "meas_return": null, "header": {"qubit_labels": [["q", 0], ["q", 1], ["q", 2], ["q", 3], ["q", 4]], "n_qubits": 5, "qreg_sizes": [["q", 5]], "clbit_labels": [["c", 0], ["c", 1], ["c", 2]], "memory_slots": 3, "creg_sizes": [["c", 3]], "name": "circuit-2851915", "global_phase": 4.712388980384738, "metadata": {}}, "data": {"counts": {"0x0": 1009, "0x1": 612, "0x2": 787, "0x3": 497, "0x4": 328, "0x5": 299, "0x6": 314, "0x7": 250}, "snapshots": null, "memory": null, "statevector": null, "unitary": null}}, {"shots": 4096, "success": true, "status": null, "seed": null, "meas_level": 2, "meas_return": null, "header": {"qubit_labels": [["q", 0], ["q", 1], ["q", 2], ["q", 3], ["q", 4]], "n_qubits": 5, "qreg_sizes": [["q", 5]], "clbit_labels": [["c", 0], ["c", 1], ["c", 2]], "memory_slots": 3, "creg_sizes": [["c", 3]], "name": "circuit-2854561", "global_phase": 0.7853981633974687, "metadata": {}}, "data": {"counts": {"0x0": 465, "0x1": 394, "0x2": 619, "0x3": 566, "0x4": 474, "0x5": 431, "0x6": 617, "0x7": 530}, "snapshots": null, "memory": null, "statevector": null, "unitary": null}}, {"shots": 4096, "success": true, "status": null, "seed": null, "meas_level": 2, "meas_return": null, "header": {"qubit_labels": [["q", 0], ["q", 1], ["q", 2], ["q", 3], ["q", 4]], "n_qubits": 5, "qreg_sizes": [["q", 5]], "clbit_labels": [["c", 0], ["c", 1], ["c", 2]], "memory_slots": 3, "creg_sizes": [["c", 3]], "name": "circuit-2854562", "global_phase": 3.141592653589833, "metadata": {}}, "data": {"counts": {"0x0": 960, "0x1": 600, "0x2": 806, "0x3": 466, "0x4": 407, "0x5": 285, "0x6": 305, "0x7": 267}, "snapshots": null, "memory": null, "statevector": null, "unitary": null}}, {"shots": 4096, "success": true, "status": null, "seed": null, "meas_level": 2, "meas_return": null, "header": {"qubit_labels": [["q", 0], ["q", 1], ["q", 2], ["q", 3], ["q", 4]], "n_qubits": 5, "qreg_sizes": [["q", 5]], "clbit_labels": [["c", 0], ["c", 1], ["c", 2]], "memory_slots": 3, "creg_sizes": [["c", 3]], "name": "circuit-2857314", "global_phase": 3.926990816987251, "metadata": {}}, "data": {"counts": {"0x0": 467, "0x1": 418, "0x2": 630, "0x3": 538, "0x4": 481, "0x5": 416, "0x6": 644, "0x7": 502}, "snapshots": null, "memory": null, "statevector": null, "unitary": null}}, {"shots": 4096, "success": true, "status": null, "seed": null, "meas_level": 2, "meas_return": null, "header": {"qubit_labels": [["q", 0], ["q", 1], ["q", 2], ["q", 3], ["q", 4]], "n_qubits": 5, "qreg_sizes": [["q", 5]], "clbit_labels": [["c", 0], ["c", 1], ["c", 2]], "memory_slots": 3, "creg_sizes": [["c", 3]], "name": "circuit-2857315", "global_phase": 3.1415926535898375, "metadata": {}}, "data": {"counts": {"0x0": 966, "0x1": 598, "0x2": 751, "0x3": 484, "0x4": 396, "0x5": 307, "0x6": 322, "0x7": 272}, "snapshots": null, "memory": null, "statevector": null, "unitary": null}}, {"shots": 4096, "success": true, "status": null, "seed": null, "meas_level": 2, "meas_return": null, "header": {"qubit_labels": [["q", 0], ["q", 1], ["q", 2], ["q", 3], ["q", 4]], "n_qubits": 5, "qreg_sizes": [["q", 5]], "clbit_labels": [["c", 0], ["c", 1], ["c", 2]], "memory_slots": 3, "creg_sizes": [["c", 3]], "name": "circuit-2860198", "global_phase": 3.926990816987268, "metadata": {}}, "data": {"counts": {"0x0": 521, "0x1": 459, "0x2": 589, "0x3": 514, "0x4": 517, "0x5": 443, "0x6": 555, "0x7": 498}, "snapshots": null, "memory": null, "statevector": null, "unitary": null}}, {"shots": 4096, "success": true, "status": null, "seed": null, "meas_level": 2, "meas_return": null, "header": {"qubit_labels": [["q", 0], ["q", 1], ["q", 2], ["q", 3], ["q", 4]], "n_qubits": 5, "qreg_sizes": [["q", 5]], "clbit_labels": [["c", 0], ["c", 1], ["c", 2]], "memory_slots": 3, "creg_sizes": [["c", 3]], "name": "circuit-2860199", "global_phase": 5.3290705182007514e-14, "metadata": {}}, "data": {"counts": {"0x0": 978, "0x1": 625, "0x2": 790, "0x3": 444, "0x4": 385, "0x5": 341, "0x6": 265, "0x7": 268}, "snapshots": null, "memory": null, "statevector": null, "unitary": null}}, {"shots": 4096, "success": true, "status": null, "seed": null, "meas_level": 2, "meas_return": null, "header": {"qubit_labels": [["q", 0], ["q", 1], ["q", 2], ["q", 3], ["q", 4]], "n_qubits": 5, "qreg_sizes": [["q", 5]], "clbit_labels": [["c", 0], ["c", 1], ["c", 2]], "memory_slots": 3, "creg_sizes": [["c", 3]], "name": "circuit-2863338", "global_phase": 5.497787143782137, "metadata": {}}, "data": {"counts": {"0x0": 697, "0x1": 164, "0x2": 398, "0x3": 876, "0x4": 222, "0x5": 571, "0x6": 932, "0x7": 236}, "snapshots": null, "memory": null, "statevector": null, "unitary": null}}, {"shots": 4096, "success": true, "status": null, "seed": null, "meas_level": 2, "meas_return": null, "header": {"qubit_labels": [["q", 0], ["q", 1], ["q", 2], ["q", 3], ["q", 4]], "n_qubits": 5, "qreg_sizes": [["q", 5]], "clbit_labels": [["c", 0], ["c", 1], ["c", 2]], "memory_slots": 3, "creg_sizes": [["c", 3]], "name": "circuit-2863339", "global_phase": 3.1415926535897967, "metadata": {}}, "data": {"counts": {"0x0": 3389, "0x1": 265, "0x2": 213, "0x3": 27, "0x4": 129, "0x5": 60, "0x6": 7, "0x7": 6}, "snapshots": null, "memory": null, "statevector": null, "unitary": null}}, {"shots": 4096, "success": true, "status": null, "seed": null, "meas_level": 2, "meas_return": null, "header": {"qubit_labels": [["q", 0], ["q", 1], ["q", 2], ["q", 3], ["q", 4]], "n_qubits": 5, "qreg_sizes": [["q", 5]], "clbit_labels": [["c", 0], ["c", 1], ["c", 2]], "memory_slots": 3, "creg_sizes": [["c", 3]], "name": "circuit-2863698", "global_phase": 5.4977871437821415, "metadata": {}}, "data": {"counts": {"0x0": 468, "0x1": 301, "0x2": 579, "0x3": 878, "0x4": 312, "0x5": 312, "0x6": 867, "0x7": 379}, "snapshots": null, "memory": null, "statevector": null, "unitary": null}}, {"shots": 4096, "success": true, "status": null, "seed": null, "meas_level": 2, "meas_return": null, "header": {"qubit_labels": [["q", 0], ["q", 1], ["q", 2], ["q", 3], ["q", 4]], "n_qubits": 5, "qreg_sizes": [["q", 5]], "clbit_labels": [["c", 0], ["c", 1], ["c", 2]], "memory_slots": 3, "creg_sizes": [["c", 3]], "name": "circuit-2863699", "global_phase": 7.105427357601002e-15, "metadata": {}}, "data": {"counts": {"0x0": 3145, "0x1": 297, "0x2": 298, "0x3": 33, "0x4": 161, "0x5": 133, "0x6": 22, "0x7": 7}, "snapshots": null, "memory": null, "statevector": null, "unitary": null}}, {"shots": 4096, "success": true, "status": null, "seed": null, "meas_level": 2, "meas_return": null, "header": {"qubit_labels": [["q", 0], ["q", 1], ["q", 2], ["q", 3], ["q", 4]], "n_qubits": 5, "qreg_sizes": [["q", 5]], "clbit_labels": [["c", 0], ["c", 1], ["c", 2]], "memory_slots": 3, "creg_sizes": [["c", 3]], "name": "circuit-2864185", "global_phase": 2.3561944901923484, "metadata": {}}, "data": {"counts": {"0x0": 432, "0x1": 376, "0x2": 658, "0x3": 686, "0x4": 379, "0x5": 258, "0x6": 809, "0x7": 498}, "snapshots": null, "memory": null, "statevector": null, "unitary": null}}, {"shots": 4096, "success": true, "status": null, "seed": null, "meas_level": 2, "meas_return": null, "header": {"qubit_labels": [["q", 0], ["q", 1], ["q", 2], ["q", 3], ["q", 4]], "n_qubits": 5, "qreg_sizes": [["q", 5]], "clbit_labels": [["c", 0], ["c", 1], ["c", 2]], "memory_slots": 3, "creg_sizes": [["c", 3]], "name": "circuit-2864186", "global_phase": 4.712388980384694, "metadata": {}}, "data": {"counts": {"0x0": 2783, "0x1": 391, "0x2": 487, "0x3": 68, "0x4": 188, "0x5": 121, "0x6": 40, "0x7": 18}, "snapshots": null, "memory": null, "statevector": null, "unitary": null}}, {"shots": 4096, "success": true, "status": null, "seed": null, "meas_level": 2, "meas_return": null, "header": {"qubit_labels": [["q", 0], ["q", 1], ["q", 2], ["q", 3], ["q", 4]], "n_qubits": 5, "qreg_sizes": [["q", 5]], "clbit_labels": [["c", 0], ["c", 1], ["c", 2]], "memory_slots": 3, "creg_sizes": [["c", 3]], "name": "circuit-2864824", "global_phase": 0.7853981633974438, "metadata": {}}, "data": {"counts": {"0x0": 363, "0x1": 399, "0x2": 792, "0x3": 586, "0x4": 414, "0x5": 242, "0x6": 654, "0x7": 646}, "snapshots": null, "memory": null, "statevector": null, "unitary": null}}, {"shots": 4096, "success": true, "status": null, "seed": null, "meas_level": 2, "meas_return": null, "header": {"qubit_labels": [["q", 0], ["q", 1], ["q", 2], ["q", 3], ["q", 4]], "n_qubits": 5, "qreg_sizes": [["q", 5]], "clbit_labels": [["c", 0], ["c", 1], ["c", 2]], "memory_slots": 3, "creg_sizes": [["c", 3]], "name": "circuit-2864825", "global_phase": 1.3322676295501878e-14, "metadata": {}}, "data": {"counts": {"0x0": 2368, "0x1": 386, "0x2": 740, "0x3": 108, "0x4": 230, "0x5": 155, "0x6": 66, "0x7": 43}, "snapshots": null, "memory": null, "statevector": null, "unitary": null}}, {"shots": 4096, "success": true, "status": null, "seed": null, "meas_level": 2, "meas_return": null, "header": {"qubit_labels": [["q", 0], ["q", 1], ["q", 2], ["q", 3], ["q", 4]], "n_qubits": 5, "qreg_sizes": [["q", 5]], "clbit_labels": [["c", 0], ["c", 1], ["c", 2]], "memory_slots": 3, "creg_sizes": [["c", 3]], "name": "circuit-2865577", "global_phase": 3.926990816987245, "metadata": {}}, "data": {"counts": {"0x0": 368, "0x1": 395, "0x2": 762, "0x3": 429, "0x4": 455, "0x5": 324, "0x6": 569, "0x7": 794}, "snapshots": null, "memory": null, "statevector": null, "unitary": null}}, {"shots": 4096, "success": true, "status": null, "seed": null, "meas_level": 2, "meas_return": null, "header": {"qubit_labels": [["q", 0], ["q", 1], ["q", 2], ["q", 3], ["q", 4]], "n_qubits": 5, "qreg_sizes": [["q", 5]], "clbit_labels": [["c", 0], ["c", 1], ["c", 2]], "memory_slots": 3, "creg_sizes": [["c", 3]], "name": "circuit-2865578", "global_phase": 1.5707963267949108, "metadata": {}}, "data": {"counts": {"0x0": 1964, "0x1": 364, "0x2": 1036, "0x3": 189, "0x4": 204, "0x5": 144, "0x6": 121, "0x7": 74}, "snapshots": null, "memory": null, "statevector": null, "unitary": null}}, {"shots": 4096, "success": true, "status": null, "seed": null, "meas_level": 2, "meas_return": null, "header": {"qubit_labels": [["q", 0], ["q", 1], ["q", 2], ["q", 3], ["q", 4]], "n_qubits": 5, "qreg_sizes": [["q", 5]], "clbit_labels": [["c", 0], ["c", 1], ["c", 2]], "memory_slots": 3, "creg_sizes": [["c", 3]], "name": "circuit-2866488", "global_phase": 3.9269908169872476, "metadata": {}}, "data": {"counts": {"0x0": 450, "0x1": 384, "0x2": 741, "0x3": 443, "0x4": 490, "0x5": 407, "0x6": 525, "0x7": 656}, "snapshots": null, "memory": null, "statevector": null, "unitary": null}}, {"shots": 4096, "success": true, "status": null, "seed": null, "meas_level": 2, "meas_return": null, "header": {"qubit_labels": [["q", 0], ["q", 1], ["q", 2], ["q", 3], ["q", 4]], "n_qubits": 5, "qreg_sizes": [["q", 5]], "clbit_labels": [["c", 0], ["c", 1], ["c", 2]], "memory_slots": 3, "creg_sizes": [["c", 3]], "name": "circuit-2866489", "global_phase": 1.5707963267949072, "metadata": {}}, "data": {"counts": {"0x0": 1842, "0x1": 413, "0x2": 962, "0x3": 204, "0x4": 239, "0x5": 183, "0x6": 141, "0x7": 112}, "snapshots": null, "memory": null, "statevector": null, "unitary": null}}, {"shots": 4096, "success": true, "status": null, "seed": null, "meas_level": 2, "meas_return": null, "header": {"qubit_labels": [["q", 0], ["q", 1], ["q", 2], ["q", 3], ["q", 4]], "n_qubits": 5, "qreg_sizes": [["q", 5]], "clbit_labels": [["c", 0], ["c", 1], ["c", 2]], "memory_slots": 3, "creg_sizes": [["c", 3]], "name": "circuit-2867560", "global_phase": 3.926990816987244, "metadata": {}}, "data": {"counts": {"0x0": 491, "0x1": 423, "0x2": 731, "0x3": 483, "0x4": 411, "0x5": 465, "0x6": 546, "0x7": 546}, "snapshots": null, "memory": null, "statevector": null, "unitary": null}}, {"shots": 4096, "success": true, "status": null, "seed": null, "meas_level": 2, "meas_return": null, "header": {"qubit_labels": [["q", 0], ["q", 1], ["q", 2], ["q", 3], ["q", 4]], "n_qubits": 5, "qreg_sizes": [["q", 5]], "clbit_labels": [["c", 0], ["c", 1], ["c", 2]], "memory_slots": 3, "creg_sizes": [["c", 3]], "name": "circuit-2867561", "global_phase": 1.5707963267949072, "metadata": {}}, "data": {"counts": {"0x0": 1293, "0x1": 369, "0x2": 1364, "0x3": 343, "0x4": 189, "0x5": 145, "0x6": 223, "0x7": 170}, "snapshots": null, "memory": null, "statevector": null, "unitary": null}}, {"shots": 4096, "success": true, "status": null, "seed": null, "meas_level": 2, "meas_return": null, "header": {"qubit_labels": [["q", 0], ["q", 1], ["q", 2], ["q", 3], ["q", 4]], "n_qubits": 5, "qreg_sizes": [["q", 5]], "clbit_labels": [["c", 0], ["c", 1], ["c", 2]], "memory_slots": 3, "creg_sizes": [["c", 3]], "name": "circuit-2868752", "global_phase": 2.3561944901923546, "metadata": {}}, "data": {"counts": {"0x0": 487, "0x1": 405, "0x2": 675, "0x3": 469, "0x4": 464, "0x5": 468, "0x6": 592, "0x7": 536}, "snapshots": null, "memory": null, "statevector": null, "unitary": null}}, {"shots": 4096, "success": true, "status": null, "seed": null, "meas_level": 2, "meas_return": null, "header": {"qubit_labels": [["q", 0], ["q", 1], ["q", 2], ["q", 3], ["q", 4]], "n_qubits": 5, "qreg_sizes": [["q", 5]], "clbit_labels": [["c", 0], ["c", 1], ["c", 2]], "memory_slots": 3, "creg_sizes": [["c", 3]], "name": "circuit-2868753", "global_phase": 3.141592653589811, "metadata": {}}, "data": {"counts": {"0x0": 1242, "0x1": 399, "0x2": 1288, "0x3": 390, "0x4": 213, "0x5": 174, "0x6": 227, "0x7": 163}, "snapshots": null, "memory": null, "statevector": null, "unitary": null}}, {"shots": 4096, "success": true, "status": null, "seed": null, "meas_level": 2, "meas_return": null, "header": {"qubit_labels": [["q", 0], ["q", 1], ["q", 2], ["q", 3], ["q", 4]], "n_qubits": 5, "qreg_sizes": [["q", 5]], "clbit_labels": [["c", 0], ["c", 1], ["c", 2]], "memory_slots": 3, "creg_sizes": [["c", 3]], "name": "circuit-2870110", "global_phase": 2.356194490192353, "metadata": {}}, "data": {"counts": {"0x0": 637, "0x1": 426, "0x2": 601, "0x3": 448, "0x4": 505, "0x5": 517, "0x6": 510, "0x7": 452}, "snapshots": null, "memory": null, "statevector": null, "unitary": null}}, {"shots": 4096, "success": true, "status": null, "seed": null, "meas_level": 2, "meas_return": null, "header": {"qubit_labels": [["q", 0], ["q", 1], ["q", 2], ["q", 3], ["q", 4]], "n_qubits": 5, "qreg_sizes": [["q", 5]], "clbit_labels": [["c", 0], ["c", 1], ["c", 2]], "memory_slots": 3, "creg_sizes": [["c", 3]], "name": "circuit-2870111", "global_phase": 4.712388980384712, "metadata": {}}, "data": {"counts": {"0x0": 1076, "0x1": 406, "0x2": 1369, "0x3": 411, "0x4": 212, "0x5": 155, "0x6": 238, "0x7": 229}, "snapshots": null, "memory": null, "statevector": null, "unitary": null}}, {"shots": 4096, "success": true, "status": null, "seed": null, "meas_level": 2, "meas_return": null, "header": {"qubit_labels": [["q", 0], ["q", 1], ["q", 2], ["q", 3], ["q", 4]], "n_qubits": 5, "qreg_sizes": [["q", 5]], "clbit_labels": [["c", 0], ["c", 1], ["c", 2]], "memory_slots": 3, "creg_sizes": [["c", 3]], "name": "circuit-2871574", "global_phase": 2.3561944901923546, "metadata": {}}, "data": {"counts": {"0x0": 634, "0x1": 472, "0x2": 527, "0x3": 486, "0x4": 475, "0x5": 515, "0x6": 553, "0x7": 434}, "snapshots": null, "memory": null, "statevector": null, "unitary": null}}, {"shots": 4096, "success": true, "status": null, "seed": null, "meas_level": 2, "meas_return": null, "header": {"qubit_labels": [["q", 0], ["q", 1], ["q", 2], ["q", 3], ["q", 4]], "n_qubits": 5, "qreg_sizes": [["q", 5]], "clbit_labels": [["c", 0], ["c", 1], ["c", 2]], "memory_slots": 3, "creg_sizes": [["c", 3]], "name": "circuit-2871575", "global_phase": 1.5707963267949205, "metadata": {}}, "data": {"counts": {"0x0": 1085, "0x1": 470, "0x2": 1180, "0x3": 507, "0x4": 216, "0x5": 156, "0x6": 271, "0x7": 211}, "snapshots": null, "memory": null, "statevector": null, "unitary": null}}], "error": null}