{"backend_name": "ibmq_quito", "backend_version": "1.1.33", "qobj_id": "5f309560-6ed7-4b86-aff4-0f5aa6278ef9", "job_id": "62e165e85593a81b151928d9", "date": "2022-07-27T16:27:48Z", "success": true, "status": "Successful completion", "execution_id": "bb3d6866-0dc8-11ed-986f-b02628f7f59e", "time_taken": 137.95409679412842, "header": {"backend_name": "ibmq_quito", "backend_version": "1.1.33"}, "results": [{"shots": 4096, "success": true, "status": null, "seed": null, "meas_level": 2, "meas_return": null, "header": {"qubit_labels": [["q", 0], ["q", 1], ["q", 2], ["q", 3], ["q", 4]], "n_qubits": 5, "qreg_sizes": [["q", 5]], "clbit_labels": [["c", 0], ["c", 1], ["c", 2]], "memory_slots": 3, "creg_sizes": [["c", 3]], "name": "circuit-617276", "global_phase": 0.0, "metadata": {}}, "data": {"counts": {"0x0": 886, "0x1": 257, "0x2": 278, "0x3": 874, "0x4": 211, "0x5": 675, "0x6": 702, "0x7": 213}, "snapshots": null, "memory": null, "statevector": null, "unitary": null}}, {"shots": 4096, "success": true, "status": null, "seed": null, "meas_level": 2, "meas_return": null, "header": {"qubit_labels": [["q", 0], ["q", 1], ["q", 2], ["q", 3], ["q", 4]], "n_qubits": 5, "qreg_sizes": [["q", 5]], "clbit_labels": [["c", 0], ["c", 1], ["c", 2]], "memory_slots": 3, "creg_sizes": [["c", 3]], "name": "circuit-617277", "global_phase": 0.0, "metadata": {}}, "data": {"counts": {"0x0": 3168, "0x1": 256, "0x2": 279, "0x3": 33, "0x4": 238, "0x5": 88, "0x6": 20, "0x7": 14}, "snapshots": null, "memory": null, "statevector": null, "unitary": null}}, {"shots": 4096, "success": true, "status": null, "seed": null, "meas_level": 2, "meas_return": null, "header": {"qubit_labels": [["q", 0], ["q", 1], ["q", 2], ["q", 3], ["q", 4]], "n_qubits": 5, "qreg_sizes": [["q", 5]], "clbit_labels": [["c", 0], ["c", 1], ["c", 2]], "memory_slots": 3, "creg_sizes": [["c", 3]], "name": "circuit-617621", "global_phase": 0.0, "metadata": {}}, "data": {"counts": {"0x0": 822, "0x1": 361, "0x2": 337, "0x3": 571, "0x4": 329, "0x5": 863, "0x6": 625, "0x7": 188}, "snapshots": null, "memory": null, "statevector": null, "unitary": null}}, {"shots": 4096, "success": true, "status": null, "seed": null, "meas_level": 2, "meas_return": null, "header": {"qubit_labels": [["q", 0], ["q", 1], ["q", 2], ["q", 3], ["q", 4]], "n_qubits": 5, "qreg_sizes": [["q", 5]], "clbit_labels": [["c", 0], ["c", 1], ["c", 2]], "memory_slots": 3, "creg_sizes": [["c", 3]], "name": "circuit-617622", "global_phase": 0.0, "metadata": {}}, "data": {"counts": {"0x0": 3032, "0x1": 332, "0x2": 245, "0x3": 30, "0x4": 319, "0x5": 99, "0x6": 20, "0x7": 19}, "snapshots": null, "memory": null, "statevector": null, "unitary": null}}, {"shots": 4096, "success": true, "status": null, "seed": null, "meas_level": 2, "meas_return": null, "header": {"qubit_labels": [["q", 0], ["q", 1], ["q", 2], ["q", 3], ["q", 4]], "n_qubits": 5, "qreg_sizes": [["q", 5]], "clbit_labels": [["c", 0], ["c", 1], ["c", 2]], "memory_slots": 3, "creg_sizes": [["c", 3]], "name": "circuit-618116", "global_phase": 0.0, "metadata": {}}, "data": {"counts": {"0x0": 577, "0x1": 416, "0x2": 478, "0x3": 602, "0x4": 385, "0x5": 587, "0x6": 662, "0x7": 389}, "snapshots": null, "memory": null, "statevector": null, "unitary": null}}, {"shots": 4096, "success": true, "status": null, "seed": null, "meas_level": 2, "meas_return": null, "header": {"qubit_labels": [["q", 0], ["q", 1], ["q", 2], ["q", 3], ["q", 4]], "n_qubits": 5, "qreg_sizes": [["q", 5]], "clbit_labels": [["c", 0], ["c", 1], ["c", 2]], "memory_slots": 3, "creg_sizes": [["c", 3]], "name": "circuit-618117", "global_phase": 0.0, "metadata": {}}, "data": {"counts": {"0x0": 2974, "0x1": 327, "0x2": 296, "0x3": 60, "0x4": 278, "0x5": 101, "0x6": 42, "0x7": 18}, "snapshots": null, "memory": null, "statevector": null, "unitary": null}}, {"shots": 4096, "success": true, "status": null, "seed": null, "meas_level": 2, "meas_return": null, "header": {"qubit_labels": [["q", 0], ["q", 1], ["q", 2], ["q", 3], ["q", 4]], "n_qubits": 5, "qreg_sizes": [["q", 5]], "clbit_labels": [["c", 0], ["c", 1], ["c", 2]], "memory_slots": 3, "creg_sizes": [["c", 3]], "name": "circuit-618759", "global_phase": 0.0, "metadata": {}}, "data": {"counts": {"0x0": 329, "0x1": 473, "0x2": 513, "0x3": 640, "0x4": 586, "0x5": 514, "0x6": 546, "0x7": 495}, "snapshots": null, "memory": null, "statevector": null, "unitary": null}}, {"shots": 4096, "success": true, "status": null, "seed": null, "meas_level": 2, "meas_return": null, "header": {"qubit_labels": [["q", 0], ["q", 1], ["q", 2], ["q", 3], ["q", 4]], "n_qubits": 5, "qreg_sizes": [["q", 5]], "clbit_labels": [["c", 0], ["c", 1], ["c", 2]], "memory_slots": 3, "creg_sizes": [["c", 3]], "name": "circuit-618760", "global_phase": 0.0, "metadata": {}}, "data": {"counts": {"0x0": 2687, "0x1": 340, "0x2": 415, "0x3": 73, "0x4": 375, "0x5": 118, "0x6": 58, "0x7": 30}, "snapshots": null, "memory": null, "statevector": null, "unitary": null}}, {"shots": 4096, "success": true, "status": null, "seed": null, "meas_level": 2, "meas_return": null, "header": {"qubit_labels": [["q", 0], ["q", 1], ["q", 2], ["q", 3], ["q", 4]], "n_qubits": 5, "qreg_sizes": [["q", 5]], "clbit_labels": [["c", 0], ["c", 1], ["c", 2]], "memory_slots": 3, "creg_sizes": [["c", 3]], "name": "circuit-619549", "global_phase": 0.0, "metadata": {}}, "data": {"counts": {"0x0": 514, "0x1": 419, "0x2": 500, "0x3": 545, "0x4": 500, "0x5": 519, "0x6": 646, "0x7": 453}, "snapshots": null, "memory": null, "statevector": null, "unitary": null}}, {"shots": 4096, "success": true, "status": null, "seed": null, "meas_level": 2, "meas_return": null, "header": {"qubit_labels": [["q", 0], ["q", 1], ["q", 2], ["q", 3], ["q", 4]], "n_qubits": 5, "qreg_sizes": [["q", 5]], "clbit_labels": [["c", 0], ["c", 1], ["c", 2]], "memory_slots": 3, "creg_sizes": [["c", 3]], "name": "circuit-619550", "global_phase": 0.0, "metadata": {}}, "data": {"counts": {"0x0": 2457, "0x1": 355, "0x2": 589, "0x3": 61, "0x4": 311, "0x5": 174, "0x6": 106, "0x7": 43}, "snapshots": null, "memory": null, "statevector": null, "unitary": null}}, {"shots": 4096, "success": true, "status": null, "seed": null, "meas_level": 2, "meas_return": null, "header": {"qubit_labels": [["q", 0], ["q", 1], ["q", 2], ["q", 3], ["q", 4]], "n_qubits": 5, "qreg_sizes": [["q", 5]], "clbit_labels": [["c", 0], ["c", 1], ["c", 2]], "memory_slots": 3, "creg_sizes": [["c", 3]], "name": "circuit-620482", "global_phase": 0.0, "metadata": {}}, "data": {"counts": {"0x0": 526, "0x1": 692, "0x2": 632, "0x3": 632, "0x4": 507, "0x5": 313, "0x6": 302, "0x7": 492}, "snapshots": null, "memory": null, "statevector": null, "unitary": null}}, {"shots": 4096, "success": true, "status": null, "seed": null, "meas_level": 2, "meas_return": null, "header": {"qubit_labels": [["q", 0], ["q", 1], ["q", 2], ["q", 3], ["q", 4]], "n_qubits": 5, "qreg_sizes": [["q", 5]], "clbit_labels": [["c", 0], ["c", 1], ["c", 2]], "memory_slots": 3, "creg_sizes": [["c", 3]], "name": "circuit-620483", "global_phase": 0.0, "metadata": {}}, "data": {"counts": {"0x0": 2473, "0x1": 408, "0x2": 337, "0x3": 81, "0x4": 474, "0x5": 218, "0x6": 70, "0x7": 35}, "snapshots": null, "memory": null, "statevector": null, "unitary": null}}, {"shots": 4096, "success": true, "status": null, "seed": null, "meas_level": 2, "meas_return": null, "header": {"qubit_labels": [["q", 0], ["q", 1], ["q", 2], ["q", 3], ["q", 4]], "n_qubits": 5, "qreg_sizes": [["q", 5]], "clbit_labels": [["c", 0], ["c", 1], ["c", 2]], "memory_slots": 3, "creg_sizes": [["c", 3]], "name": "circuit-621519", "global_phase": 0.0, "metadata": {}}, "data": {"counts": {"0x0": 409, "0x1": 617, "0x2": 762, "0x3": 404, "0x4": 821, "0x5": 304, "0x6": 357, "0x7": 422}, "snapshots": null, "memory": null, "statevector": null, "unitary": null}}, {"shots": 4096, "success": true, "status": null, "seed": null, "meas_level": 2, "meas_return": null, "header": {"qubit_labels": [["q", 0], ["q", 1], ["q", 2], ["q", 3], ["q", 4]], "n_qubits": 5, "qreg_sizes": [["q", 5]], "clbit_labels": [["c", 0], ["c", 1], ["c", 2]], "memory_slots": 3, "creg_sizes": [["c", 3]], "name": "circuit-621520", "global_phase": 0.0, "metadata": {}}, "data": {"counts": {"0x0": 2175, "0x1": 371, "0x2": 662, "0x3": 145, "0x4": 384, "0x5": 156, "0x6": 106, "0x7": 97}, "snapshots": null, "memory": null, "statevector": null, "unitary": null}}, {"shots": 4096, "success": true, "status": null, "seed": null, "meas_level": 2, "meas_return": null, "header": {"qubit_labels": [["q", 0], ["q", 1], ["q", 2], ["q", 3], ["q", 4]], "n_qubits": 5, "qreg_sizes": [["q", 5]], "clbit_labels": [["c", 0], ["c", 1], ["c", 2]], "memory_slots": 3, "creg_sizes": [["c", 3]], "name": "circuit-622691", "global_phase": 0.0, "metadata": {}}, "data": {"counts": {"0x0": 337, "0x1": 540, "0x2": 842, "0x3": 403, "0x4": 723, "0x5": 316, "0x6": 320, "0x7": 615}, "snapshots": null, "memory": null, "statevector": null, "unitary": null}}, {"shots": 4096, "success": true, "status": null, "seed": null, "meas_level": 2, "meas_return": null, "header": {"qubit_labels": [["q", 0], ["q", 1], ["q", 2], ["q", 3], ["q", 4]], "n_qubits": 5, "qreg_sizes": [["q", 5]], "clbit_labels": [["c", 0], ["c", 1], ["c", 2]], "memory_slots": 3, "creg_sizes": [["c", 3]], "name": "circuit-622692", "global_phase": 0.0, "metadata": {}}, "data": {"counts": {"0x0": 2140, "0x1": 383, "0x2": 582, "0x3": 144, "0x4": 407, "0x5": 230, "0x6": 137, "0x7": 73}, "snapshots": null, "memory": null, "statevector": null, "unitary": null}}, {"shots": 4096, "success": true, "status": null, "seed": null, "meas_level": 2, "meas_return": null, "header": {"qubit_labels": [["q", 0], ["q", 1], ["q", 2], ["q", 3], ["q", 4]], "n_qubits": 5, "qreg_sizes": [["q", 5]], "clbit_labels": [["c", 0], ["c", 1], ["c", 2]], "memory_slots": 3, "creg_sizes": [["c", 3]], "name": "circuit-624047", "global_phase": 0.0, "metadata": {}}, "data": {"counts": {"0x0": 378, "0x1": 605, "0x2": 751, "0x3": 376, "0x4": 648, "0x5": 307, "0x6": 419, "0x7": 612}, "snapshots": null, "memory": null, "statevector": null, "unitary": null}}, {"shots": 4096, "success": true, "status": null, "seed": null, "meas_level": 2, "meas_return": null, "header": {"qubit_labels": [["q", 0], ["q", 1], ["q", 2], ["q", 3], ["q", 4]], "n_qubits": 5, "qreg_sizes": [["q", 5]], "clbit_labels": [["c", 0], ["c", 1], ["c", 2]], "memory_slots": 3, "creg_sizes": [["c", 3]], "name": "circuit-624048", "global_phase": 0.0, "metadata": {}}, "data": {"counts": {"0x0": 1972, "0x1": 467, "0x2": 607, "0x3": 151, "0x4": 440, "0x5": 236, "0x6": 133, "0x7": 90}, "snapshots": null, "memory": null, "statevector": null, "unitary": null}}, {"shots": 4096, "success": true, "status": null, "seed": null, "meas_level": 2, "meas_return": null, "header": {"qubit_labels": [["q", 0], ["q", 1], ["q", 2], ["q", 3], ["q", 4]], "n_qubits": 5, "qreg_sizes": [["q", 5]], "clbit_labels": [["c", 0], ["c", 1], ["c", 2]], "memory_slots": 3, "creg_sizes": [["c", 3]], "name": "circuit-625514", "global_phase": 0.0, "metadata": {}}, "data": {"counts": {"0x0": 315, "0x1": 546, "0x2": 716, "0x3": 611, "0x4": 393, "0x5": 532, "0x6": 564, "0x7": 419}, "snapshots": null, "memory": null, "statevector": null, "unitary": null}}, {"shots": 4096, "success": true, "status": null, "seed": null, "meas_level": 2, "meas_return": null, "header": {"qubit_labels": [["q", 0], ["q", 1], ["q", 2], ["q", 3], ["q", 4]], "n_qubits": 5, "qreg_sizes": [["q", 5]], "clbit_labels": [["c", 0], ["c", 1], ["c", 2]], "memory_slots": 3, "creg_sizes": [["c", 3]], "name": "circuit-625515", "global_phase": 0.0, "metadata": {}}, "data": {"counts": {"0x0": 1713, "0x1": 676, "0x2": 451, "0x3": 302, "0x4": 411, "0x5": 279, "0x6": 148, "0x7": 116}, "snapshots": null, "memory": null, "statevector": null, "unitary": null}}, {"shots": 4096, "success": true, "status": null, "seed": null, "meas_level": 2, "meas_return": null, "header": {"qubit_labels": [["q", 0], ["q", 1], ["q", 2], ["q", 3], ["q", 4]], "n_qubits": 5, "qreg_sizes": [["q", 5]], "clbit_labels": [["c", 0], ["c", 1], ["c", 2]], "memory_slots": 3, "creg_sizes": [["c", 3]], "name": "circuit-627118", "global_phase": 0.0, "metadata": {}}, "data": {"counts": {"0x0": 394, "0x1": 467, "0x2": 603, "0x3": 655, "0x4": 452, "0x5": 434, "0x6": 493, "0x7": 598}, "snapshots": null, "memory": null, "statevector": null, "unitary": null}}, {"shots": 4096, "success": true, "status": null, "seed": null, "meas_level": 2, "meas_return": null, "header": {"qubit_labels": [["q", 0], ["q", 1], ["q", 2], ["q", 3], ["q", 4]], "n_qubits": 5, "qreg_sizes": [["q", 5]], "clbit_labels": [["c", 0], ["c", 1], ["c", 2]], "memory_slots": 3, "creg_sizes": [["c", 3]], "name": "circuit-627119", "global_phase": 0.0, "metadata": {}}, "data": {"counts": {"0x0": 1788, "0x1": 504, "0x2": 439, "0x3": 124, "0x4": 707, "0x5": 324, "0x6": 147, "0x7": 63}, "snapshots": null, "memory": null, "statevector": null, "unitary": null}}, {"shots": 4096, "success": true, "status": null, "seed": null, "meas_level": 2, "meas_return": null, "header": {"qubit_labels": [["q", 0], ["q", 1], ["q", 2], ["q", 3], ["q", 4]], "n_qubits": 5, "qreg_sizes": [["q", 5]], "clbit_labels": [["c", 0], ["c", 1], ["c", 2]], "memory_slots": 3, "creg_sizes": [["c", 3]], "name": "circuit-628916", "global_phase": 0.0, "metadata": {}}, "data": {"counts": {"0x0": 432, "0x1": 577, "0x2": 744, "0x3": 471, "0x4": 555, "0x5": 372, "0x6": 474, "0x7": 471}, "snapshots": null, "memory": null, "statevector": null, "unitary": null}}, {"shots": 4096, "success": true, "status": null, "seed": null, "meas_level": 2, "meas_return": null, "header": {"qubit_labels": [["q", 0], ["q", 1], ["q", 2], ["q", 3], ["q", 4]], "n_qubits": 5, "qreg_sizes": [["q", 5]], "clbit_labels": [["c", 0], ["c", 1], ["c", 2]], "memory_slots": 3, "creg_sizes": [["c", 3]], "name": "circuit-628917", "global_phase": 0.0, "metadata": {}}, "data": {"counts": {"0x0": 1504, "0x1": 595, "0x2": 497, "0x3": 208, "0x4": 586, "0x5": 365, "0x6": 205, "0x7": 136}, "snapshots": null, "memory": null, "statevector": null, "unitary": null}}, {"shots": 4096, "success": true, "status": null, "seed": null, "meas_level": 2, "meas_return": null, "header": {"qubit_labels": [["q", 0], ["q", 1], ["q", 2], ["q", 3], ["q", 4]], "n_qubits": 5, "qreg_sizes": [["q", 5]], "clbit_labels": [["c", 0], ["c", 1], ["c", 2]], "memory_slots": 3, "creg_sizes": [["c", 3]], "name": "circuit-630842", "global_phase": 0.0, "metadata": {}}, "data": {"counts": {"0x0": 514, "0x1": 488, "0x2": 531, "0x3": 519, "0x4": 535, "0x5": 489, "0x6": 596, "0x7": 424}, "snapshots": null, "memory": null, "statevector": null, "unitary": null}}, {"shots": 4096, "success": true, "status": null, "seed": null, "meas_level": 2, "meas_return": null, "header": {"qubit_labels": [["q", 0], ["q", 1], ["q", 2], ["q", 3], ["q", 4]], "n_qubits": 5, "qreg_sizes": [["q", 5]], "clbit_labels": [["c", 0], ["c", 1], ["c", 2]], "memory_slots": 3, "creg_sizes": [["c", 3]], "name": "circuit-630843", "global_phase": 0.0, "metadata": {}}, "data": {"counts": {"0x0": 1462, "0x1": 377, "0x2": 925, "0x3": 204, "0x4": 440, "0x5": 266, "0x6": 256, "0x7": 166}, "snapshots": null, "memory": null, "statevector": null, "unitary": null}}, {"shots": 4096, "success": true, "status": null, "seed": null, "meas_level": 2, "meas_return": null, "header": {"qubit_labels": [["q", 0], ["q", 1], ["q", 2], ["q", 3], ["q", 4]], "n_qubits": 5, "qreg_sizes": [["q", 5]], "clbit_labels": [["c", 0], ["c", 1], ["c", 2]], "memory_slots": 3, "creg_sizes": [["c", 3]], "name": "circuit-632915", "global_phase": 0.0, "metadata": {}}, "data": {"counts": {"0x0": 476, "0x1": 409, "0x2": 495, "0x3": 661, "0x4": 461, "0x5": 456, "0x6": 656, "0x7": 482}, "snapshots": null, "memory": null, "statevector": null, "unitary": null}}, {"shots": 4096, "success": true, "status": null, "seed": null, "meas_level": 2, "meas_return": null, "header": {"qubit_labels": [["q", 0], ["q", 1], ["q", 2], ["q", 3], ["q", 4]], "n_qubits": 5, "qreg_sizes": [["q", 5]], "clbit_labels": [["c", 0], ["c", 1], ["c", 2]], "memory_slots": 3, "creg_sizes": [["c", 3]], "name": "circuit-632916", "global_phase": 0.0, "metadata": {}}, "data": {"counts": {"0x0": 1719, "0x1": 456, "0x2": 540, "0x3": 137, "0x4": 548, "0x5": 389, "0x6": 183, "0x7": 124}, "snapshots": null, "memory": null, "statevector": null, "unitary": null}}, {"shots": 4096, "success": true, "status": null, "seed": null, "meas_level": 2, "meas_return": null, "header": {"qubit_labels": [["q", 0], ["q", 1], ["q", 2], ["q", 3], ["q", 4]], "n_qubits": 5, "qreg_sizes": [["q", 5]], "clbit_labels": [["c", 0], ["c", 1], ["c", 2]], "memory_slots": 3, "creg_sizes": [["c", 3]], "name": "circuit-635118", "global_phase": 0.0, "metadata": {}}, "data": {"counts": {"0x0": 523, "0x1": 422, "0x2": 525, "0x3": 809, "0x4": 360, "0x5": 525, "0x6": 506, "0x7": 426}, "snapshots": null, "memory": null, "statevector": null, "unitary": null}}, {"shots": 4096, "success": true, "status": null, "seed": null, "meas_level": 2, "meas_return": null, "header": {"qubit_labels": [["q", 0], ["q", 1], ["q", 2], ["q", 3], ["q", 4]], "n_qubits": 5, "qreg_sizes": [["q", 5]], "clbit_labels": [["c", 0], ["c", 1], ["c", 2]], "memory_slots": 3, "creg_sizes": [["c", 3]], "name": "circuit-635119", "global_phase": 0.0, "metadata": {}}, "data": {"counts": {"0x0": 1442, "0x1": 505, "0x2": 615, "0x3": 274, "0x4": 514, "0x5": 314, "0x6": 276, "0x7": 156}, "snapshots": null, "memory": null, "statevector": null, "unitary": null}}, {"shots": 4096, "success": true, "status": null, "seed": null, "meas_level": 2, "meas_return": null, "header": {"qubit_labels": [["q", 0], ["q", 1], ["q", 2], ["q", 3], ["q", 4]], "n_qubits": 5, "qreg_sizes": [["q", 5]], "clbit_labels": [["c", 0], ["c", 1], ["c", 2]], "memory_slots": 3, "creg_sizes": [["c", 3]], "name": "circuit-637432", "global_phase": 0.0, "metadata": {}}, "data": {"counts": {"0x0": 549, "0x1": 444, "0x2": 405, "0x3": 618, "0x4": 408, "0x5": 529, "0x6": 578, "0x7": 565}, "snapshots": null, "memory": null, "statevector": null, "unitary": null}}, {"shots": 4096, "success": true, "status": null, "seed": null, "meas_level": 2, "meas_return": null, "header": {"qubit_labels": [["q", 0], ["q", 1], ["q", 2], ["q", 3], ["q", 4]], "n_qubits": 5, "qreg_sizes": [["q", 5]], "clbit_labels": [["c", 0], ["c", 1], ["c", 2]], "memory_slots": 3, "creg_sizes": [["c", 3]], "name": "circuit-637433", "global_phase": 0.0, "metadata": {}}, "data": {"counts": {"0x0": 1543, "0x1": 479, "0x2": 497, "0x3": 286, "0x4": 582, "0x5": 335, "0x6": 206, "0x7": 168}, "snapshots": null, "memory": null, "statevector": null, "unitary": null}}, {"shots": 4096, "success": true, "status": null, "seed": null, "meas_level": 2, "meas_return": null, "header": {"qubit_labels": [["q", 0], ["q", 1], ["q", 2], ["q", 3], ["q", 4]], "n_qubits": 5, "qreg_sizes": [["q", 5]], "clbit_labels": [["c", 0], ["c", 1], ["c", 2]], "memory_slots": 3, "creg_sizes": [["c", 3]], "name": "circuit-639904", "global_phase": 0.0, "metadata": {}}, "data": {"counts": {"0x0": 542, "0x1": 411, "0x2": 452, "0x3": 709, "0x4": 435, "0x5": 547, "0x6": 595, "0x7": 405}, "snapshots": null, "memory": null, "statevector": null, "unitary": null}}, {"shots": 4096, "success": true, "status": null, "seed": null, "meas_level": 2, "meas_return": null, "header": {"qubit_labels": [["q", 0], ["q", 1], ["q", 2], ["q", 3], ["q", 4]], "n_qubits": 5, "qreg_sizes": [["q", 5]], "clbit_labels": [["c", 0], ["c", 1], ["c", 2]], "memory_slots": 3, "creg_sizes": [["c", 3]], "name": "circuit-639905", "global_phase": 0.0, "metadata": {}}, "data": {"counts": {"0x0": 1420, "0x1": 662, "0x2": 428, "0x3": 164, "0x4": 699, "0x5": 414, "0x6": 190, "0x7": 119}, "snapshots": null, "memory": null, "statevector": null, "unitary": null}}, {"shots": 4096, "success": true, "status": null, "seed": null, "meas_level": 2, "meas_return": null, "header": {"qubit_labels": [["q", 0], ["q", 1], ["q", 2], ["q", 3], ["q", 4]], "n_qubits": 5, "qreg_sizes": [["q", 5]], "clbit_labels": [["c", 0], ["c", 1], ["c", 2]], "memory_slots": 3, "creg_sizes": [["c", 3]], "name": "circuit-642464", "global_phase": 0.0, "metadata": {}}, "data": {"counts": {"0x0": 516, "0x1": 464, "0x2": 520, "0x3": 691, "0x4": 510, "0x5": 504, "0x6": 420, "0x7": 471}, "snapshots": null, "memory": null, "statevector": null, "unitary": null}}, {"shots": 4096, "success": true, "status": null, "seed": null, "meas_level": 2, "meas_return": null, "header": {"qubit_labels": [["q", 0], ["q", 1], ["q", 2], ["q", 3], ["q", 4]], "n_qubits": 5, "qreg_sizes": [["q", 5]], "clbit_labels": [["c", 0], ["c", 1], ["c", 2]], "memory_slots": 3, "creg_sizes": [["c", 3]], "name": "circuit-642465", "global_phase": 0.0, "metadata": {}}, "data": {"counts": {"0x0": 1480, "0x1": 619, "0x2": 465, "0x3": 170, "0x4": 629, "0x5": 395, "0x6": 205, "0x7": 133}, "snapshots": null, "memory": null, "statevector": null, "unitary": null}}, {"shots": 4096, "success": true, "status": null, "seed": null, "meas_level": 2, "meas_return": null, "header": {"qubit_labels": [["q", 0], ["q", 1], ["q", 2], ["q", 3], ["q", 4]], "n_qubits": 5, "qreg_sizes": [["q", 5]], "clbit_labels": [["c", 0], ["c", 1], ["c", 2]], "memory_slots": 3, "creg_sizes": [["c", 3]], "name": "circuit-645206", "global_phase": 0.0, "metadata": {}}, "data": {"counts": {"0x0": 476, "0x1": 491, "0x2": 534, "0x3": 572, "0x4": 497, "0x5": 498, "0x6": 597, "0x7": 431}, "snapshots": null, "memory": null, "statevector": null, "unitary": null}}, {"shots": 4096, "success": true, "status": null, "seed": null, "meas_level": 2, "meas_return": null, "header": {"qubit_labels": [["q", 0], ["q", 1], ["q", 2], ["q", 3], ["q", 4]], "n_qubits": 5, "qreg_sizes": [["q", 5]], "clbit_labels": [["c", 0], ["c", 1], ["c", 2]], "memory_slots": 3, "creg_sizes": [["c", 3]], "name": "circuit-645207", "global_phase": 0.0, "metadata": {}}, "data": {"counts": {"0x0": 1178, "0x1": 617, "0x2": 640, "0x3": 373, "0x4": 478, "0x5": 350, "0x6": 283, "0x7": 177}, "snapshots": null, "memory": null, "statevector": null, "unitary": null}}, {"shots": 4096, "success": true, "status": null, "seed": null, "meas_level": 2, "meas_return": null, "header": {"qubit_labels": [["q", 0], ["q", 1], ["q", 2], ["q", 3], ["q", 4]], "n_qubits": 5, "qreg_sizes": [["q", 5]], "clbit_labels": [["c", 0], ["c", 1], ["c", 2]], "memory_slots": 3, "creg_sizes": [["c", 3]], "name": "circuit-648042", "global_phase": 0.0, "metadata": {}}, "data": {"counts": {"0x0": 437, "0x1": 520, "0x2": 498, "0x3": 671, "0x4": 437, "0x5": 505, "0x6": 470, "0x7": 558}, "snapshots": null, "memory": null, "statevector": null, "unitary": null}}, {"shots": 4096, "success": true, "status": null, "seed": null, "meas_level": 2, "meas_return": null, "header": {"qubit_labels": [["q", 0], ["q", 1], ["q", 2], ["q", 3], ["q", 4]], "n_qubits": 5, "qreg_sizes": [["q", 5]], "clbit_labels": [["c", 0], ["c", 1], ["c", 2]], "memory_slots": 3, "creg_sizes": [["c", 3]], "name": "circuit-648043", "global_phase": 0.0, "metadata": {}}, "data": {"counts": {"0x0": 1224, "0x1": 548, "0x2": 517, "0x3": 274, "0x4": 621, "0x5": 390, "0x6": 273, "0x7": 249}, "snapshots": null, "memory": null, "statevector": null, "unitary": null}}, {"shots": 4096, "success": true, "status": null, "seed": null, "meas_level": 2, "meas_return": null, "header": {"qubit_labels": [["q", 0], ["q", 1], ["q", 2], ["q", 3], ["q", 4]], "n_qubits": 5, "qreg_sizes": [["q", 5]], "clbit_labels": [["c", 0], ["c", 1], ["c", 2]], "memory_slots": 3, "creg_sizes": [["c", 3]], "name": "circuit-651113", "global_phase": 0.0, "metadata": {}}, "data": {"counts": {"0x0": 751, "0x1": 150, "0x2": 196, "0x3": 935, "0x4": 197, "0x5": 804, "0x6": 908, "0x7": 155}, "snapshots": null, "memory": null, "statevector": null, "unitary": null}}, {"shots": 4096, "success": true, "status": null, "seed": null, "meas_level": 2, "meas_return": null, "header": {"qubit_labels": [["q", 0], ["q", 1], ["q", 2], ["q", 3], ["q", 4]], "n_qubits": 5, "qreg_sizes": [["q", 5]], "clbit_labels": [["c", 0], ["c", 1], ["c", 2]], "memory_slots": 3, "creg_sizes": [["c", 3]], "name": "circuit-651114", "global_phase": 0.0, "metadata": {}}, "data": {"counts": {"0x0": 3217, "0x1": 225, "0x2": 217, "0x3": 29, "0x4": 311, "0x5": 57, "0x6": 24, "0x7": 16}, "snapshots": null, "memory": null, "statevector": null, "unitary": null}}, {"shots": 4096, "success": true, "status": null, "seed": null, "meas_level": 2, "meas_return": null, "header": {"qubit_labels": [["q", 0], ["q", 1], ["q", 2], ["q", 3], ["q", 4]], "n_qubits": 5, "qreg_sizes": [["q", 5]], "clbit_labels": [["c", 0], ["c", 1], ["c", 2]], "memory_slots": 3, "creg_sizes": [["c", 3]], "name": "circuit-651441", "global_phase": 0.0, "metadata": {}}, "data": {"counts": {"0x0": 802, "0x1": 176, "0x2": 269, "0x3": 619, "0x4": 312, "0x5": 838, "0x6": 879, "0x7": 201}, "snapshots": null, "memory": null, "statevector": null, "unitary": null}}, {"shots": 4096, "success": true, "status": null, "seed": null, "meas_level": 2, "meas_return": null, "header": {"qubit_labels": [["q", 0], ["q", 1], ["q", 2], ["q", 3], ["q", 4]], "n_qubits": 5, "qreg_sizes": [["q", 5]], "clbit_labels": [["c", 0], ["c", 1], ["c", 2]], "memory_slots": 3, "creg_sizes": [["c", 3]], "name": "circuit-651442", "global_phase": 0.0, "metadata": {}}, "data": {"counts": {"0x0": 2881, "0x1": 374, "0x2": 249, "0x3": 111, "0x4": 298, "0x5": 120, "0x6": 33, "0x7": 30}, "snapshots": null, "memory": null, "statevector": null, "unitary": null}}, {"shots": 4096, "success": true, "status": null, "seed": null, "meas_level": 2, "meas_return": null, "header": {"qubit_labels": [["q", 0], ["q", 1], ["q", 2], ["q", 3], ["q", 4]], "n_qubits": 5, "qreg_sizes": [["q", 5]], "clbit_labels": [["c", 0], ["c", 1], ["c", 2]], "memory_slots": 3, "creg_sizes": [["c", 3]], "name": "circuit-651928", "global_phase": 0.0, "metadata": {}}, "data": {"counts": {"0x0": 391, "0x1": 280, "0x2": 331, "0x3": 839, "0x4": 324, "0x5": 589, "0x6": 897, "0x7": 445}, "snapshots": null, "memory": null, "statevector": null, "unitary": null}}, {"shots": 4096, "success": true, "status": null, "seed": null, "meas_level": 2, "meas_return": null, "header": {"qubit_labels": [["q", 0], ["q", 1], ["q", 2], ["q", 3], ["q", 4]], "n_qubits": 5, "qreg_sizes": [["q", 5]], "clbit_labels": [["c", 0], ["c", 1], ["c", 2]], "memory_slots": 3, "creg_sizes": [["c", 3]], "name": "circuit-651929", "global_phase": 0.0, "metadata": {}}, "data": {"counts": {"0x0": 2760, "0x1": 269, "0x2": 399, "0x3": 48, "0x4": 381, "0x5": 158, "0x6": 62, "0x7": 19}, "snapshots": null, "memory": null, "statevector": null, "unitary": null}}, {"shots": 4096, "success": true, "status": null, "seed": null, "meas_level": 2, "meas_return": null, "header": {"qubit_labels": [["q", 0], ["q", 1], ["q", 2], ["q", 3], ["q", 4]], "n_qubits": 5, "qreg_sizes": [["q", 5]], "clbit_labels": [["c", 0], ["c", 1], ["c", 2]], "memory_slots": 3, "creg_sizes": [["c", 3]], "name": "circuit-652562", "global_phase": 0.0, "metadata": {}}, "data": {"counts": {"0x0": 620, "0x1": 547, "0x2": 338, "0x3": 364, "0x4": 565, "0x5": 673, "0x6": 353, "0x7": 636}, "snapshots": null, "memory": null, "statevector": null, "unitary": null}}, {"shots": 4096, "success": true, "status": null, "seed": null, "meas_level": 2, "meas_return": null, "header": {"qubit_labels": [["q", 0], ["q", 1], ["q", 2], ["q", 3], ["q", 4]], "n_qubits": 5, "qreg_sizes": [["q", 5]], "clbit_labels": [["c", 0], ["c", 1], ["c", 2]], "memory_slots": 3, "creg_sizes": [["c", 3]], "name": "circuit-652563", "global_phase": 0.0, "metadata": {}}, "data": {"counts": {"0x0": 2609, "0x1": 424, "0x2": 368, "0x3": 60, "0x4": 381, "0x5": 176, "0x6": 48, "0x7": 30}, "snapshots": null, "memory": null, "statevector": null, "unitary": null}}, {"shots": 4096, "success": true, "status": null, "seed": null, "meas_level": 2, "meas_return": null, "header": {"qubit_labels": [["q", 0], ["q", 1], ["q", 2], ["q", 3], ["q", 4]], "n_qubits": 5, "qreg_sizes": [["q", 5]], "clbit_labels": [["c", 0], ["c", 1], ["c", 2]], "memory_slots": 3, "creg_sizes": [["c", 3]], "name": "circuit-653360", "global_phase": 0.0, "metadata": {}}, "data": {"counts": {"0x0": 433, "0x1": 378, "0x2": 744, "0x3": 467, "0x4": 474, "0x5": 476, "0x6": 681, "0x7": 443}, "snapshots": null, "memory": null, "statevector": null, "unitary": null}}, {"shots": 4096, "success": true, "status": null, "seed": null, "meas_level": 2, "meas_return": null, "header": {"qubit_labels": [["q", 0], ["q", 1], ["q", 2], ["q", 3], ["q", 4]], "n_qubits": 5, "qreg_sizes": [["q", 5]], "clbit_labels": [["c", 0], ["c", 1], ["c", 2]], "memory_slots": 3, "creg_sizes": [["c", 3]], "name": "circuit-653361", "global_phase": 0.0, "metadata": {}}, "data": {"counts": {"0x0": 2430, "0x1": 502, "0x2": 405, "0x3": 128, "0x4": 365, "0x5": 164, "0x6": 65, "0x7": 37}, "snapshots": null, "memory": null, "statevector": null, "unitary": null}}, {"shots": 4096, "success": true, "status": null, "seed": null, "meas_level": 2, "meas_return": null, "header": {"qubit_labels": [["q", 0], ["q", 1], ["q", 2], ["q", 3], ["q", 4]], "n_qubits": 5, "qreg_sizes": [["q", 5]], "clbit_labels": [["c", 0], ["c", 1], ["c", 2]], "memory_slots": 3, "creg_sizes": [["c", 3]], "name": "circuit-654279", "global_phase": 0.0, "metadata": {}}, "data": {"counts": {"0x0": 542, "0x1": 549, "0x2": 766, "0x3": 474, "0x4": 571, "0x5": 309, "0x6": 366, "0x7": 519}, "snapshots": null, "memory": null, "statevector": null, "unitary": null}}, {"shots": 4096, "success": true, "status": null, "seed": null, "meas_level": 2, "meas_return": null, "header": {"qubit_labels": [["q", 0], ["q", 1], ["q", 2], ["q", 3], ["q", 4]], "n_qubits": 5, "qreg_sizes": [["q", 5]], "clbit_labels": [["c", 0], ["c", 1], ["c", 2]], "memory_slots": 3, "creg_sizes": [["c", 3]], "name": "circuit-654280", "global_phase": 0.0, "metadata": {}}, "data": {"counts": {"0x0": 1841, "0x1": 688, "0x2": 564, "0x3": 136, "0x4": 423, "0x5": 248, "0x6": 119, "0x7": 77}, "snapshots": null, "memory": null, "statevector": null, "unitary": null}}, {"shots": 4096, "success": true, "status": null, "seed": null, "meas_level": 2, "meas_return": null, "header": {"qubit_labels": [["q", 0], ["q", 1], ["q", 2], ["q", 3], ["q", 4]], "n_qubits": 5, "qreg_sizes": [["q", 5]], "clbit_labels": [["c", 0], ["c", 1], ["c", 2]], "memory_slots": 3, "creg_sizes": [["c", 3]], "name": "circuit-655332", "global_phase": 0.0, "metadata": {}}, "data": {"counts": {"0x0": 411, "0x1": 767, "0x2": 482, "0x3": 529, "0x4": 689, "0x5": 310, "0x6": 334, "0x7": 574}, "snapshots": null, "memory": null, "statevector": null, "unitary": null}}, {"shots": 4096, "success": true, "status": null, "seed": null, "meas_level": 2, "meas_return": null, "header": {"qubit_labels": [["q", 0], ["q", 1], ["q", 2], ["q", 3], ["q", 4]], "n_qubits": 5, "qreg_sizes": [["q", 5]], "clbit_labels": [["c", 0], ["c", 1], ["c", 2]], "memory_slots": 3, "creg_sizes": [["c", 3]], "name": "circuit-655333", "global_phase": 0.0, "metadata": {}}, "data": {"counts": {"0x0": 2329, "0x1": 407, "0x2": 432, "0x3": 99, "0x4": 468, "0x5": 222, "0x6": 81, "0x7": 58}, "snapshots": null, "memory": null, "statevector": null, "unitary": null}}, {"shots": 4096, "success": true, "status": null, "seed": null, "meas_level": 2, "meas_return": null, "header": {"qubit_labels": [["q", 0], ["q", 1], ["q", 2], ["q", 3], ["q", 4]], "n_qubits": 5, "qreg_sizes": [["q", 5]], "clbit_labels": [["c", 0], ["c", 1], ["c", 2]], "memory_slots": 3, "creg_sizes": [["c", 3]], "name": "circuit-656564", "global_phase": 0.0, "metadata": {}}, "data": {"counts": {"0x0": 393, "0x1": 657, "0x2": 521, "0x3": 488, "0x4": 541, "0x5": 405, "0x6": 420, "0x7": 671}, "snapshots": null, "memory": null, "statevector": null, "unitary": null}}, {"shots": 4096, "success": true, "status": null, "seed": null, "meas_level": 2, "meas_return": null, "header": {"qubit_labels": [["q", 0], ["q", 1], ["q", 2], ["q", 3], ["q", 4]], "n_qubits": 5, "qreg_sizes": [["q", 5]], "clbit_labels": [["c", 0], ["c", 1], ["c", 2]], "memory_slots": 3, "creg_sizes": [["c", 3]], "name": "circuit-656565", "global_phase": 0.0, "metadata": {}}, "data": {"counts": {"0x0": 1979, "0x1": 454, "0x2": 444, "0x3": 149, "0x4": 564, "0x5": 310, "0x6": 117, "0x7": 79}, "snapshots": null, "memory": null, "statevector": null, "unitary": null}}, {"shots": 4096, "success": true, "status": null, "seed": null, "meas_level": 2, "meas_return": null, "header": {"qubit_labels": [["q", 0], ["q", 1], ["q", 2], ["q", 3], ["q", 4]], "n_qubits": 5, "qreg_sizes": [["q", 5]], "clbit_labels": [["c", 0], ["c", 1], ["c", 2]], "memory_slots": 3, "creg_sizes": [["c", 3]], "name": "circuit-657930", "global_phase": 0.0, "metadata": {}}, "data": {"counts": {"0x0": 422, "0x1": 540, "0x2": 663, "0x3": 433, "0x4": 607, "0x5": 322, "0x6": 469, "0x7": 640}, "snapshots": null, "memory": null, "statevector": null, "unitary": null}}, {"shots": 4096, "success": true, "status": null, "seed": null, "meas_level": 2, "meas_return": null, "header": {"qubit_labels": [["q", 0], ["q", 1], ["q", 2], ["q", 3], ["q", 4]], "n_qubits": 5, "qreg_sizes": [["q", 5]], "clbit_labels": [["c", 0], ["c", 1], ["c", 2]], "memory_slots": 3, "creg_sizes": [["c", 3]], "name": "circuit-657931", "global_phase": 0.0, "metadata": {}}, "data": {"counts": {"0x0": 2113, "0x1": 512, "0x2": 456, "0x3": 176, "0x4": 459, "0x5": 221, "0x6": 91, "0x7": 68}, "snapshots": null, "memory": null, "statevector": null, "unitary": null}}, {"shots": 4096, "success": true, "status": null, "seed": null, "meas_level": 2, "meas_return": null, "header": {"qubit_labels": [["q", 0], ["q", 1], ["q", 2], ["q", 3], ["q", 4]], "n_qubits": 5, "qreg_sizes": [["q", 5]], "clbit_labels": [["c", 0], ["c", 1], ["c", 2]], "memory_slots": 3, "creg_sizes": [["c", 3]], "name": "circuit-659430", "global_phase": 0.0, "metadata": {}}, "data": {"counts": {"0x0": 381, "0x1": 583, "0x2": 742, "0x3": 446, "0x4": 751, "0x5": 331, "0x6": 410, "0x7": 452}, "snapshots": null, "memory": null, "statevector": null, "unitary": null}}, {"shots": 4096, "success": true, "status": null, "seed": null, "meas_level": 2, "meas_return": null, "header": {"qubit_labels": [["q", 0], ["q", 1], ["q", 2], ["q", 3], ["q", 4]], "n_qubits": 5, "qreg_sizes": [["q", 5]], "clbit_labels": [["c", 0], ["c", 1], ["c", 2]], "memory_slots": 3, "creg_sizes": [["c", 3]], "name": "circuit-659431", "global_phase": 0.0, "metadata": {}}, "data": {"counts": {"0x0": 1912, "0x1": 439, "0x2": 637, "0x3": 157, "0x4": 462, "0x5": 235, "0x6": 161, "0x7": 93}, "snapshots": null, "memory": null, "statevector": null, "unitary": null}}, {"shots": 4096, "success": true, "status": null, "seed": null, "meas_level": 2, "meas_return": null, "header": {"qubit_labels": [["q", 0], ["q", 1], ["q", 2], ["q", 3], ["q", 4]], "n_qubits": 5, "qreg_sizes": [["q", 5]], "clbit_labels": [["c", 0], ["c", 1], ["c", 2]], "memory_slots": 3, "creg_sizes": [["c", 3]], "name": "circuit-661039", "global_phase": 0.0, "metadata": {}}, "data": {"counts": {"0x0": 424, "0x1": 644, "0x2": 797, "0x3": 465, "0x4": 524, "0x5": 355, "0x6": 403, "0x7": 484}, "snapshots": null, "memory": null, "statevector": null, "unitary": null}}, {"shots": 4096, "success": true, "status": null, "seed": null, "meas_level": 2, "meas_return": null, "header": {"qubit_labels": [["q", 0], ["q", 1], ["q", 2], ["q", 3], ["q", 4]], "n_qubits": 5, "qreg_sizes": [["q", 5]], "clbit_labels": [["c", 0], ["c", 1], ["c", 2]], "memory_slots": 3, "creg_sizes": [["c", 3]], "name": "circuit-661040", "global_phase": 0.0, "metadata": {}}, "data": {"counts": {"0x0": 1968, "0x1": 520, "0x2": 396, "0x3": 131, "0x4": 610, "0x5": 294, "0x6": 115, "0x7": 62}, "snapshots": null, "memory": null, "statevector": null, "unitary": null}}, {"shots": 4096, "success": true, "status": null, "seed": null, "meas_level": 2, "meas_return": null, "header": {"qubit_labels": [["q", 0], ["q", 1], ["q", 2], ["q", 3], ["q", 4]], "n_qubits": 5, "qreg_sizes": [["q", 5]], "clbit_labels": [["c", 0], ["c", 1], ["c", 2]], "memory_slots": 3, "creg_sizes": [["c", 3]], "name": "circuit-662831", "global_phase": 0.0, "metadata": {}}, "data": {"counts": {"0x0": 521, "0x1": 777, "0x2": 418, "0x3": 445, "0x4": 562, "0x5": 474, "0x6": 465, "0x7": 434}, "snapshots": null, "memory": null, "statevector": null, "unitary": null}}, {"shots": 4096, "success": true, "status": null, "seed": null, "meas_level": 2, "meas_return": null, "header": {"qubit_labels": [["q", 0], ["q", 1], ["q", 2], ["q", 3], ["q", 4]], "n_qubits": 5, "qreg_sizes": [["q", 5]], "clbit_labels": [["c", 0], ["c", 1], ["c", 2]], "memory_slots": 3, "creg_sizes": [["c", 3]], "name": "circuit-662832", "global_phase": 0.0, "metadata": {}}, "data": {"counts": {"0x0": 1939, "0x1": 451, "0x2": 491, "0x3": 110, "0x4": 549, "0x5": 347, "0x6": 144, "0x7": 65}, "snapshots": null, "memory": null, "statevector": null, "unitary": null}}, {"shots": 4096, "success": true, "status": null, "seed": null, "meas_level": 2, "meas_return": null, "header": {"qubit_labels": [["q", 0], ["q", 1], ["q", 2], ["q", 3], ["q", 4]], "n_qubits": 5, "qreg_sizes": [["q", 5]], "clbit_labels": [["c", 0], ["c", 1], ["c", 2]], "memory_slots": 3, "creg_sizes": [["c", 3]], "name": "circuit-664725", "global_phase": 0.0, "metadata": {}}, "data": {"counts": {"0x0": 467, "0x1": 482, "0x2": 558, "0x3": 575, "0x4": 571, "0x5": 482, "0x6": 501, "0x7": 460}, "snapshots": null, "memory": null, "statevector": null, "unitary": null}}, {"shots": 4096, "success": true, "status": null, "seed": null, "meas_level": 2, "meas_return": null, "header": {"qubit_labels": [["q", 0], ["q", 1], ["q", 2], ["q", 3], ["q", 4]], "n_qubits": 5, "qreg_sizes": [["q", 5]], "clbit_labels": [["c", 0], ["c", 1], ["c", 2]], "memory_slots": 3, "creg_sizes": [["c", 3]], "name": "circuit-664726", "global_phase": 0.0, "metadata": {}}, "data": {"counts": {"0x0": 1472, "0x1": 632, "0x2": 486, "0x3": 225, "0x4": 560, "0x5": 385, "0x6": 212, "0x7": 124}, "snapshots": null, "memory": null, "statevector": null, "unitary": null}}, {"shots": 4096, "success": true, "status": null, "seed": null, "meas_level": 2, "meas_return": null, "header": {"qubit_labels": [["q", 0], ["q", 1], ["q", 2], ["q", 3], ["q", 4]], "n_qubits": 5, "qreg_sizes": [["q", 5]], "clbit_labels": [["c", 0], ["c", 1], ["c", 2]], "memory_slots": 3, "creg_sizes": [["c", 3]], "name": "circuit-666763", "global_phase": 0.0, "metadata": {}}, "data": {"counts": {"0x0": 516, "0x1": 494, "0x2": 459, "0x3": 511, "0x4": 505, "0x5": 431, "0x6": 768, "0x7": 412}, "snapshots": null, "memory": null, "statevector": null, "unitary": null}}, {"shots": 4096, "success": true, "status": null, "seed": null, "meas_level": 2, "meas_return": null, "header": {"qubit_labels": [["q", 0], ["q", 1], ["q", 2], ["q", 3], ["q", 4]], "n_qubits": 5, "qreg_sizes": [["q", 5]], "clbit_labels": [["c", 0], ["c", 1], ["c", 2]], "memory_slots": 3, "creg_sizes": [["c", 3]], "name": "circuit-666764", "global_phase": 0.0, "metadata": {}}, "data": {"counts": {"0x0": 1400, "0x1": 457, "0x2": 698, "0x3": 324, "0x4": 490, "0x5": 286, "0x6": 256, "0x7": 185}, "snapshots": null, "memory": null, "statevector": null, "unitary": null}}, {"shots": 4096, "success": true, "status": null, "seed": null, "meas_level": 2, "meas_return": null, "header": {"qubit_labels": [["q", 0], ["q", 1], ["q", 2], ["q", 3], ["q", 4]], "n_qubits": 5, "qreg_sizes": [["q", 5]], "clbit_labels": [["c", 0], ["c", 1], ["c", 2]], "memory_slots": 3, "creg_sizes": [["c", 3]], "name": "circuit-668936", "global_phase": 0.0, "metadata": {}}, "data": {"counts": {"0x0": 598, "0x1": 464, "0x2": 499, "0x3": 660, "0x4": 407, "0x5": 489, "0x6": 470, "0x7": 509}, "snapshots": null, "memory": null, "statevector": null, "unitary": null}}, {"shots": 4096, "success": true, "status": null, "seed": null, "meas_level": 2, "meas_return": null, "header": {"qubit_labels": [["q", 0], ["q", 1], ["q", 2], ["q", 3], ["q", 4]], "n_qubits": 5, "qreg_sizes": [["q", 5]], "clbit_labels": [["c", 0], ["c", 1], ["c", 2]], "memory_slots": 3, "creg_sizes": [["c", 3]], "name": "circuit-668937", "global_phase": 0.0, "metadata": {}}, "data": {"counts": {"0x0": 1028, "0x1": 897, "0x2": 447, "0x3": 352, "0x4": 521, "0x5": 448, "0x6": 203, "0x7": 200}, "snapshots": null, "memory": null, "statevector": null, "unitary": null}}, {"shots": 4096, "success": true, "status": null, "seed": null, "meas_level": 2, "meas_return": null, "header": {"qubit_labels": [["q", 0], ["q", 1], ["q", 2], ["q", 3], ["q", 4]], "n_qubits": 5, "qreg_sizes": [["q", 5]], "clbit_labels": [["c", 0], ["c", 1], ["c", 2]], "memory_slots": 3, "creg_sizes": [["c", 3]], "name": "circuit-671297", "global_phase": 0.0, "metadata": {}}, "data": {"counts": {"0x0": 539, "0x1": 422, "0x2": 506, "0x3": 747, "0x4": 441, "0x5": 386, "0x6": 599, "0x7": 456}, "snapshots": null, "memory": null, "statevector": null, "unitary": null}}, {"shots": 4096, "success": true, "status": null, "seed": null, "meas_level": 2, "meas_return": null, "header": {"qubit_labels": [["q", 0], ["q", 1], ["q", 2], ["q", 3], ["q", 4]], "n_qubits": 5, "qreg_sizes": [["q", 5]], "clbit_labels": [["c", 0], ["c", 1], ["c", 2]], "memory_slots": 3, "creg_sizes": [["c", 3]], "name": "circuit-671298", "global_phase": 0.0, "metadata": {}}, "data": {"counts": {"0x0": 1115, "0x1": 756, "0x2": 438, "0x3": 517, "0x4": 474, "0x5": 362, "0x6": 189, "0x7": 245}, "snapshots": null, "memory": null, "statevector": null, "unitary": null}}, {"shots": 4096, "success": true, "status": null, "seed": null, "meas_level": 2, "meas_return": null, "header": {"qubit_labels": [["q", 0], ["q", 1], ["q", 2], ["q", 3], ["q", 4]], "n_qubits": 5, "qreg_sizes": [["q", 5]], "clbit_labels": [["c", 0], ["c", 1], ["c", 2]], "memory_slots": 3, "creg_sizes": [["c", 3]], "name": "circuit-673799", "global_phase": 0.0, "metadata": {}}, "data": {"counts": {"0x0": 512, "0x1": 426, "0x2": 473, "0x3": 608, "0x4": 431, "0x5": 492, "0x6": 709, "0x7": 445}, "snapshots": null, "memory": null, "statevector": null, "unitary": null}}, {"shots": 4096, "success": true, "status": null, "seed": null, "meas_level": 2, "meas_return": null, "header": {"qubit_labels": [["q", 0], ["q", 1], ["q", 2], ["q", 3], ["q", 4]], "n_qubits": 5, "qreg_sizes": [["q", 5]], "clbit_labels": [["c", 0], ["c", 1], ["c", 2]], "memory_slots": 3, "creg_sizes": [["c", 3]], "name": "circuit-673800", "global_phase": 0.0, "metadata": {}}, "data": {"counts": {"0x0": 1233, "0x1": 661, "0x2": 653, "0x3": 283, "0x4": 515, "0x5": 322, "0x6": 272, "0x7": 157}, "snapshots": null, "memory": null, "statevector": null, "unitary": null}}, {"shots": 4096, "success": true, "status": null, "seed": null, "meas_level": 2, "meas_return": null, "header": {"qubit_labels": [["q", 0], ["q", 1], ["q", 2], ["q", 3], ["q", 4]], "n_qubits": 5, "qreg_sizes": [["q", 5]], "clbit_labels": [["c", 0], ["c", 1], ["c", 2]], "memory_slots": 3, "creg_sizes": [["c", 3]], "name": "circuit-676376", "global_phase": 0.0, "metadata": {}}, "data": {"counts": {"0x0": 644, "0x1": 529, "0x2": 526, "0x3": 528, "0x4": 427, "0x5": 459, "0x6": 447, "0x7": 536}, "snapshots": null, "memory": null, "statevector": null, "unitary": null}}, {"shots": 4096, "success": true, "status": null, "seed": null, "meas_level": 2, "meas_return": null, "header": {"qubit_labels": [["q", 0], ["q", 1], ["q", 2], ["q", 3], ["q", 4]], "n_qubits": 5, "qreg_sizes": [["q", 5]], "clbit_labels": [["c", 0], ["c", 1], ["c", 2]], "memory_slots": 3, "creg_sizes": [["c", 3]], "name": "circuit-676377", "global_phase": 0.0, "metadata": {}}, "data": {"counts": {"0x0": 1186, "0x1": 572, "0x2": 604, "0x3": 343, "0x4": 544, "0x5": 382, "0x6": 260, "0x7": 205}, "snapshots": null, "memory": null, "statevector": null, "unitary": null}}, {"shots": 4096, "success": true, "status": null, "seed": null, "meas_level": 2, "meas_return": null, "header": {"qubit_labels": [["q", 0], ["q", 1], ["q", 2], ["q", 3], ["q", 4]], "n_qubits": 5, "qreg_sizes": [["q", 5]], "clbit_labels": [["c", 0], ["c", 1], ["c", 2]], "memory_slots": 3, "creg_sizes": [["c", 3]], "name": "circuit-679067", "global_phase": 0.0, "metadata": {}}, "data": {"counts": {"0x0": 517, "0x1": 714, "0x2": 448, "0x3": 473, "0x4": 513, "0x5": 499, "0x6": 510, "0x7": 422}, "snapshots": null, "memory": null, "statevector": null, "unitary": null}}, {"shots": 4096, "success": true, "status": null, "seed": null, "meas_level": 2, "meas_return": null, "header": {"qubit_labels": [["q", 0], ["q", 1], ["q", 2], ["q", 3], ["q", 4]], "n_qubits": 5, "qreg_sizes": [["q", 5]], "clbit_labels": [["c", 0], ["c", 1], ["c", 2]], "memory_slots": 3, "creg_sizes": [["c", 3]], "name": "circuit-679068", "global_phase": 0.0, "metadata": {}}, "data": {"counts": {"0x0": 1131, "0x1": 560, "0x2": 663, "0x3": 346, "0x4": 514, "0x5": 363, "0x6": 280, "0x7": 239}, "snapshots": null, "memory": null, "statevector": null, "unitary": null}}, {"shots": 4096, "success": true, "status": null, "seed": null, "meas_level": 2, "meas_return": null, "header": {"qubit_labels": [["q", 0], ["q", 1], ["q", 2], ["q", 3], ["q", 4]], "n_qubits": 5, "qreg_sizes": [["q", 5]], "clbit_labels": [["c", 0], ["c", 1], ["c", 2]], "memory_slots": 3, "creg_sizes": [["c", 3]], "name": "circuit-681973", "global_phase": 0.0, "metadata": {}}, "data": {"counts": {"0x0": 540, "0x1": 432, "0x2": 442, "0x3": 487, "0x4": 515, "0x5": 522, "0x6": 675, "0x7": 483}, "snapshots": null, "memory": null, "statevector": null, "unitary": null}}, {"shots": 4096, "success": true, "status": null, "seed": null, "meas_level": 2, "meas_return": null, "header": {"qubit_labels": [["q", 0], ["q", 1], ["q", 2], ["q", 3], ["q", 4]], "n_qubits": 5, "qreg_sizes": [["q", 5]], "clbit_labels": [["c", 0], ["c", 1], ["c", 2]], "memory_slots": 3, "creg_sizes": [["c", 3]], "name": "circuit-681974", "global_phase": 0.0, "metadata": {}}, "data": {"counts": {"0x0": 776, "0x1": 818, "0x2": 584, "0x3": 353, "0x4": 465, "0x5": 488, "0x6": 346, "0x7": 266}, "snapshots": null, "memory": null, "statevector": null, "unitary": null}}, {"shots": 4096, "success": true, "status": null, "seed": null, "meas_level": 2, "meas_return": null, "header": {"qubit_labels": [["q", 0], ["q", 1], ["q", 2], ["q", 3], ["q", 4]], "n_qubits": 5, "qreg_sizes": [["q", 5]], "clbit_labels": [["c", 0], ["c", 1], ["c", 2]], "memory_slots": 3, "creg_sizes": [["c", 3]], "name": "circuit-685068", "global_phase": 0.0, "metadata": {}}, "data": {"counts": {"0x0": 830, "0x1": 212, "0x2": 211, "0x3": 817, "0x4": 200, "0x5": 885, "0x6": 793, "0x7": 148}, "snapshots": null, "memory": null, "statevector": null, "unitary": null}}, {"shots": 4096, "success": true, "status": null, "seed": null, "meas_level": 2, "meas_return": null, "header": {"qubit_labels": [["q", 0], ["q", 1], ["q", 2], ["q", 3], ["q", 4]], "n_qubits": 5, "qreg_sizes": [["q", 5]], "clbit_labels": [["c", 0], ["c", 1], ["c", 2]], "memory_slots": 3, "creg_sizes": [["c", 3]], "name": "circuit-685069", "global_phase": 0.0, "metadata": {}}, "data": {"counts": {"0x0": 3002, "0x1": 335, "0x2": 304, "0x3": 46, "0x4": 259, "0x5": 116, "0x6": 27, "0x7": 7}, "snapshots": null, "memory": null, "statevector": null, "unitary": null}}, {"shots": 4096, "success": true, "status": null, "seed": null, "meas_level": 2, "meas_return": null, "header": {"qubit_labels": [["q", 0], ["q", 1], ["q", 2], ["q", 3], ["q", 4]], "n_qubits": 5, "qreg_sizes": [["q", 5]], "clbit_labels": [["c", 0], ["c", 1], ["c", 2]], "memory_slots": 3, "creg_sizes": [["c", 3]], "name": "circuit-685422", "global_phase": 0.0, "metadata": {}}, "data": {"counts": {"0x0": 672, "0x1": 217, "0x2": 397, "0x3": 642, "0x4": 239, "0x5": 820, "0x6": 915, "0x7": 194}, "snapshots": null, "memory": null, "statevector": null, "unitary": null}}, {"shots": 4096, "success": true, "status": null, "seed": null, "meas_level": 2, "meas_return": null, "header": {"qubit_labels": [["q", 0], ["q", 1], ["q", 2], ["q", 3], ["q", 4]], "n_qubits": 5, "qreg_sizes": [["q", 5]], "clbit_labels": [["c", 0], ["c", 1], ["c", 2]], "memory_slots": 3, "creg_sizes": [["c", 3]], "name": "circuit-685423", "global_phase": 0.0, "metadata": {}}, "data": {"counts": {"0x0": 3115, "0x1": 221, "0x2": 279, "0x3": 47, "0x4": 332, "0x5": 65, "0x6": 29, "0x7": 8}, "snapshots": null, "memory": null, "statevector": null, "unitary": null}}, {"shots": 4096, "success": true, "status": null, "seed": null, "meas_level": 2, "meas_return": null, "header": {"qubit_labels": [["q", 0], ["q", 1], ["q", 2], ["q", 3], ["q", 4]], "n_qubits": 5, "qreg_sizes": [["q", 5]], "clbit_labels": [["c", 0], ["c", 1], ["c", 2]], "memory_slots": 3, "creg_sizes": [["c", 3]], "name": "circuit-685923", "global_phase": 0.0, "metadata": {}}, "data": {"counts": {"0x0": 617, "0x1": 364, "0x2": 407, "0x3": 693, "0x4": 323, "0x5": 407, "0x6": 851, "0x7": 434}, "snapshots": null, "memory": null, "statevector": null, "unitary": null}}, {"shots": 4096, "success": true, "status": null, "seed": null, "meas_level": 2, "meas_return": null, "header": {"qubit_labels": [["q", 0], ["q", 1], ["q", 2], ["q", 3], ["q", 4]], "n_qubits": 5, "qreg_sizes": [["q", 5]], "clbit_labels": [["c", 0], ["c", 1], ["c", 2]], "memory_slots": 3, "creg_sizes": [["c", 3]], "name": "circuit-685924", "global_phase": 0.0, "metadata": {}}, "data": {"counts": {"0x0": 2753, "0x1": 279, "0x2": 453, "0x3": 64, "0x4": 354, "0x5": 107, "0x6": 62, "0x7": 24}, "snapshots": null, "memory": null, "statevector": null, "unitary": null}}, {"shots": 4096, "success": true, "status": null, "seed": null, "meas_level": 2, "meas_return": null, "header": {"qubit_labels": [["q", 0], ["q", 1], ["q", 2], ["q", 3], ["q", 4]], "n_qubits": 5, "qreg_sizes": [["q", 5]], "clbit_labels": [["c", 0], ["c", 1], ["c", 2]], "memory_slots": 3, "creg_sizes": [["c", 3]], "name": "circuit-686545", "global_phase": 0.0, "metadata": {}}, "data": {"counts": {"0x0": 300, "0x1": 426, "0x2": 599, "0x3": 587, "0x4": 450, "0x5": 488, "0x6": 783, "0x7": 463}, "snapshots": null, "memory": null, "statevector": null, "unitary": null}}, {"shots": 4096, "success": true, "status": null, "seed": null, "meas_level": 2, "meas_return": null, "header": {"qubit_labels": [["q", 0], ["q", 1], ["q", 2], ["q", 3], ["q", 4]], "n_qubits": 5, "qreg_sizes": [["q", 5]], "clbit_labels": [["c", 0], ["c", 1], ["c", 2]], "memory_slots": 3, "creg_sizes": [["c", 3]], "name": "circuit-686546", "global_phase": 0.0, "metadata": {}}, "data": {"counts": {"0x0": 1695, "0x1": 839, "0x2": 394, "0x3": 160, "0x4": 530, "0x5": 306, "0x6": 119, "0x7": 53}, "snapshots": null, "memory": null, "statevector": null, "unitary": null}}, {"shots": 4096, "success": true, "status": null, "seed": null, "meas_level": 2, "meas_return": null, "header": {"qubit_labels": [["q", 0], ["q", 1], ["q", 2], ["q", 3], ["q", 4]], "n_qubits": 5, "qreg_sizes": [["q", 5]], "clbit_labels": [["c", 0], ["c", 1], ["c", 2]], "memory_slots": 3, "creg_sizes": [["c", 3]], "name": "circuit-687307", "global_phase": 0.0, "metadata": {}}, "data": {"counts": {"0x0": 323, "0x1": 574, "0x2": 578, "0x3": 529, "0x4": 589, "0x5": 210, "0x6": 736, "0x7": 557}, "snapshots": null, "memory": null, "statevector": null, "unitary": null}}, {"shots": 4096, "success": true, "status": null, "seed": null, "meas_level": 2, "meas_return": null, "header": {"qubit_labels": [["q", 0], ["q", 1], ["q", 2], ["q", 3], ["q", 4]], "n_qubits": 5, "qreg_sizes": [["q", 5]], "clbit_labels": [["c", 0], ["c", 1], ["c", 2]], "memory_slots": 3, "creg_sizes": [["c", 3]], "name": "circuit-687308", "global_phase": 0.0, "metadata": {}}, "data": {"counts": {"0x0": 2593, "0x1": 346, "0x2": 361, "0x3": 74, "0x4": 469, "0x5": 139, "0x6": 68, "0x7": 46}, "snapshots": null, "memory": null, "statevector": null, "unitary": null}}, {"shots": 4096, "success": true, "status": null, "seed": null, "meas_level": 2, "meas_return": null, "header": {"qubit_labels": [["q", 0], ["q", 1], ["q", 2], ["q", 3], ["q", 4]], "n_qubits": 5, "qreg_sizes": [["q", 5]], "clbit_labels": [["c", 0], ["c", 1], ["c", 2]], "memory_slots": 3, "creg_sizes": [["c", 3]], "name": "circuit-688183", "global_phase": 0.0, "metadata": {}}, "data": {"counts": {"0x0": 469, "0x1": 654, "0x2": 477, "0x3": 471, "0x4": 483, "0x5": 546, "0x6": 284, "0x7": 712}, "snapshots": null, "memory": null, "statevector": null, "unitary": null}}, {"shots": 4096, "success": true, "status": null, "seed": null, "meas_level": 2, "meas_return": null, "header": {"qubit_labels": [["q", 0], ["q", 1], ["q", 2], ["q", 3], ["q", 4]], "n_qubits": 5, "qreg_sizes": [["q", 5]], "clbit_labels": [["c", 0], ["c", 1], ["c", 2]], "memory_slots": 3, "creg_sizes": [["c", 3]], "name": "circuit-688184", "global_phase": 0.0, "metadata": {}}, "data": {"counts": {"0x0": 2172, "0x1": 462, "0x2": 638, "0x3": 126, "0x4": 364, "0x5": 179, "0x6": 114, "0x7": 41}, "snapshots": null, "memory": null, "statevector": null, "unitary": null}}, {"shots": 4096, "success": true, "status": null, "seed": null, "meas_level": 2, "meas_return": null, "header": {"qubit_labels": [["q", 0], ["q", 1], ["q", 2], ["q", 3], ["q", 4]], "n_qubits": 5, "qreg_sizes": [["q", 5]], "clbit_labels": [["c", 0], ["c", 1], ["c", 2]], "memory_slots": 3, "creg_sizes": [["c", 3]], "name": "circuit-689228", "global_phase": 0.0, "metadata": {}}, "data": {"counts": {"0x0": 356, "0x1": 585, "0x2": 737, "0x3": 391, "0x4": 776, "0x5": 319, "0x6": 371, "0x7": 561}, "snapshots": null, "memory": null, "statevector": null, "unitary": null}}, {"shots": 4096, "success": true, "status": null, "seed": null, "meas_level": 2, "meas_return": null, "header": {"qubit_labels": [["q", 0], ["q", 1], ["q", 2], ["q", 3], ["q", 4]], "n_qubits": 5, "qreg_sizes": [["q", 5]], "clbit_labels": [["c", 0], ["c", 1], ["c", 2]], "memory_slots": 3, "creg_sizes": [["c", 3]], "name": "circuit-689229", "global_phase": 0.0, "metadata": {}}, "data": {"counts": {"0x0": 2027, "0x1": 487, "0x2": 602, "0x3": 207, "0x4": 411, "0x5": 162, "0x6": 121, "0x7": 79}, "snapshots": null, "memory": null, "statevector": null, "unitary": null}}, {"shots": 4096, "success": true, "status": null, "seed": null, "meas_level": 2, "meas_return": null, "header": {"qubit_labels": [["q", 0], ["q", 1], ["q", 2], ["q", 3], ["q", 4]], "n_qubits": 5, "qreg_sizes": [["q", 5]], "clbit_labels": [["c", 0], ["c", 1], ["c", 2]], "memory_slots": 3, "creg_sizes": [["c", 3]], "name": "circuit-690419", "global_phase": 0.0, "metadata": {}}, "data": {"counts": {"0x0": 391, "0x1": 668, "0x2": 911, "0x3": 374, "0x4": 471, "0x5": 304, "0x6": 299, "0x7": 678}, "snapshots": null, "memory": null, "statevector": null, "unitary": null}}, {"shots": 4096, "success": true, "status": null, "seed": null, "meas_level": 2, "meas_return": null, "header": {"qubit_labels": [["q", 0], ["q", 1], ["q", 2], ["q", 3], ["q", 4]], "n_qubits": 5, "qreg_sizes": [["q", 5]], "clbit_labels": [["c", 0], ["c", 1], ["c", 2]], "memory_slots": 3, "creg_sizes": [["c", 3]], "name": "circuit-690420", "global_phase": 0.0, "metadata": {}}, "data": {"counts": {"0x0": 1816, "0x1": 449, "0x2": 481, "0x3": 206, "0x4": 606, "0x5": 281, "0x6": 170, "0x7": 87}, "snapshots": null, "memory": null, "statevector": null, "unitary": null}}, {"shots": 4096, "success": true, "status": null, "seed": null, "meas_level": 2, "meas_return": null, "header": {"qubit_labels": [["q", 0], ["q", 1], ["q", 2], ["q", 3], ["q", 4]], "n_qubits": 5, "qreg_sizes": [["q", 5]], "clbit_labels": [["c", 0], ["c", 1], ["c", 2]], "memory_slots": 3, "creg_sizes": [["c", 3]], "name": "circuit-691774", "global_phase": 0.0, "metadata": {}}, "data": {"counts": {"0x0": 374, "0x1": 551, "0x2": 774, "0x3": 317, "0x4": 771, "0x5": 363, "0x6": 351, "0x7": 595}, "snapshots": null, "memory": null, "statevector": null, "unitary": null}}, {"shots": 4096, "success": true, "status": null, "seed": null, "meas_level": 2, "meas_return": null, "header": {"qubit_labels": [["q", 0], ["q", 1], ["q", 2], ["q", 3], ["q", 4]], "n_qubits": 5, "qreg_sizes": [["q", 5]], "clbit_labels": [["c", 0], ["c", 1], ["c", 2]], "memory_slots": 3, "creg_sizes": [["c", 3]], "name": "circuit-691775", "global_phase": 0.0, "metadata": {}}, "data": {"counts": {"0x0": 1931, "0x1": 418, "0x2": 615, "0x3": 153, "0x4": 468, "0x5": 270, "0x6": 156, "0x7": 85}, "snapshots": null, "memory": null, "statevector": null, "unitary": null}}, {"shots": 4096, "success": true, "status": null, "seed": null, "meas_level": 2, "meas_return": null, "header": {"qubit_labels": [["q", 0], ["q", 1], ["q", 2], ["q", 3], ["q", 4]], "n_qubits": 5, "qreg_sizes": [["q", 5]], "clbit_labels": [["c", 0], ["c", 1], ["c", 2]], "memory_slots": 3, "creg_sizes": [["c", 3]], "name": "circuit-693274", "global_phase": 0.0, "metadata": {}}, "data": {"counts": {"0x0": 423, "0x1": 584, "0x2": 721, "0x3": 406, "0x4": 448, "0x5": 489, "0x6": 421, "0x7": 604}, "snapshots": null, "memory": null, "statevector": null, "unitary": null}}, {"shots": 4096, "success": true, "status": null, "seed": null, "meas_level": 2, "meas_return": null, "header": {"qubit_labels": [["q", 0], ["q", 1], ["q", 2], ["q", 3], ["q", 4]], "n_qubits": 5, "qreg_sizes": [["q", 5]], "clbit_labels": [["c", 0], ["c", 1], ["c", 2]], "memory_slots": 3, "creg_sizes": [["c", 3]], "name": "circuit-693275", "global_phase": 0.0, "metadata": {}}, "data": {"counts": {"0x0": 1603, "0x1": 681, "0x2": 449, "0x3": 295, "0x4": 413, "0x5": 330, "0x6": 167, "0x7": 158}, "snapshots": null, "memory": null, "statevector": null, "unitary": null}}], "error": null}