{"backend_name": "ibmq_manila", "backend_version": "1.0.35", "qobj_id": "b62049a5-1401-43e2-9684-c5c0cd08ff26", "job_id": "62ebe4f7577aab89b84a7631", "date": "2022-08-04T16:30:13Z", "success": true, "status": "Successful completion", "execution_id": "68b44844-1412-11ed-9fb7-bc97e15b08d0", "time_taken": 131.66072630882263, "header": {"backend_name": "ibmq_manila", "backend_version": "1.0.35"}, "results": [{"shots": 4096, "success": true, "status": null, "seed": null, "meas_level": 2, "meas_return": null, "header": {"qubit_labels": [["q", 0], ["q", 1], ["q", 2], ["q", 3], ["q", 4]], "n_qubits": 5, "qreg_sizes": [["q", 5]], "clbit_labels": [["c", 0], ["c", 1], ["c", 2]], "memory_slots": 3, "creg_sizes": [["c", 3]], "name": "circuit-2964844", "global_phase": 0.0, "metadata": {}}, "data": {"counts": {"0x0": 858, "0x1": 155, "0x2": 165, "0x3": 795, "0x4": 170, "0x5": 954, "0x6": 904, "0x7": 95}, "snapshots": null, "memory": null, "statevector": null, "unitary": null}}, {"shots": 4096, "success": true, "status": null, "seed": null, "meas_level": 2, "meas_return": null, "header": {"qubit_labels": [["q", 0], ["q", 1], ["q", 2], ["q", 3], ["q", 4]], "n_qubits": 5, "qreg_sizes": [["q", 5]], "clbit_labels": [["c", 0], ["c", 1], ["c", 2]], "memory_slots": 3, "creg_sizes": [["c", 3]], "name": "circuit-2964845", "global_phase": 0.0, "metadata": {}}, "data": {"counts": {"0x0": 3720, "0x1": 79, "0x2": 166, "0x3": 4, "0x4": 68, "0x5": 51, "0x6": 7, "0x7": 1}, "snapshots": null, "memory": null, "statevector": null, "unitary": null}}, {"shots": 4096, "success": true, "status": null, "seed": null, "meas_level": 2, "meas_return": null, "header": {"qubit_labels": [["q", 0], ["q", 1], ["q", 2], ["q", 3], ["q", 4]], "n_qubits": 5, "qreg_sizes": [["q", 5]], "clbit_labels": [["c", 0], ["c", 1], ["c", 2]], "memory_slots": 3, "creg_sizes": [["c", 3]], "name": "circuit-2965172", "global_phase": 0.0, "metadata": {}}, "data": {"counts": {"0x0": 812, "0x1": 271, "0x2": 248, "0x3": 660, "0x4": 320, "0x5": 795, "0x6": 700, "0x7": 290}, "snapshots": null, "memory": null, "statevector": null, "unitary": null}}, {"shots": 4096, "success": true, "status": null, "seed": null, "meas_level": 2, "meas_return": null, "header": {"qubit_labels": [["q", 0], ["q", 1], ["q", 2], ["q", 3], ["q", 4]], "n_qubits": 5, "qreg_sizes": [["q", 5]], "clbit_labels": [["c", 0], ["c", 1], ["c", 2]], "memory_slots": 3, "creg_sizes": [["c", 3]], "name": "circuit-2965173", "global_phase": 0.0, "metadata": {}}, "data": {"counts": {"0x0": 3466, "0x1": 146, "0x2": 260, "0x3": 9, "0x4": 170, "0x5": 27, "0x6": 16, "0x7": 2}, "snapshots": null, "memory": null, "statevector": null, "unitary": null}}, {"shots": 4096, "success": true, "status": null, "seed": null, "meas_level": 2, "meas_return": null, "header": {"qubit_labels": [["q", 0], ["q", 1], ["q", 2], ["q", 3], ["q", 4]], "n_qubits": 5, "qreg_sizes": [["q", 5]], "clbit_labels": [["c", 0], ["c", 1], ["c", 2]], "memory_slots": 3, "creg_sizes": [["c", 3]], "name": "circuit-2965654", "global_phase": 0.0, "metadata": {}}, "data": {"counts": {"0x0": 866, "0x1": 449, "0x2": 360, "0x3": 841, "0x4": 358, "0x5": 387, "0x6": 496, "0x7": 339}, "snapshots": null, "memory": null, "statevector": null, "unitary": null}}, {"shots": 4096, "success": true, "status": null, "seed": null, "meas_level": 2, "meas_return": null, "header": {"qubit_labels": [["q", 0], ["q", 1], ["q", 2], ["q", 3], ["q", 4]], "n_qubits": 5, "qreg_sizes": [["q", 5]], "clbit_labels": [["c", 0], ["c", 1], ["c", 2]], "memory_slots": 3, "creg_sizes": [["c", 3]], "name": "circuit-2965655", "global_phase": 0.0, "metadata": {}}, "data": {"counts": {"0x0": 3419, "0x1": 181, "0x2": 233, "0x3": 13, "0x4": 168, "0x5": 59, "0x6": 19, "0x7": 4}, "snapshots": null, "memory": null, "statevector": null, "unitary": null}}, {"shots": 4096, "success": true, "status": null, "seed": null, "meas_level": 2, "meas_return": null, "header": {"qubit_labels": [["q", 0], ["q", 1], ["q", 2], ["q", 3], ["q", 4]], "n_qubits": 5, "qreg_sizes": [["q", 5]], "clbit_labels": [["c", 0], ["c", 1], ["c", 2]], "memory_slots": 3, "creg_sizes": [["c", 3]], "name": "circuit-2966290", "global_phase": 0.0, "metadata": {}}, "data": {"counts": {"0x0": 487, "0x1": 434, "0x2": 425, "0x3": 318, "0x4": 793, "0x5": 476, "0x6": 447, "0x7": 716}, "snapshots": null, "memory": null, "statevector": null, "unitary": null}}, {"shots": 4096, "success": true, "status": null, "seed": null, "meas_level": 2, "meas_return": null, "header": {"qubit_labels": [["q", 0], ["q", 1], ["q", 2], ["q", 3], ["q", 4]], "n_qubits": 5, "qreg_sizes": [["q", 5]], "clbit_labels": [["c", 0], ["c", 1], ["c", 2]], "memory_slots": 3, "creg_sizes": [["c", 3]], "name": "circuit-2966291", "global_phase": 0.0, "metadata": {}}, "data": {"counts": {"0x0": 2922, "0x1": 160, "0x2": 281, "0x3": 13, "0x4": 533, "0x5": 127, "0x6": 48, "0x7": 12}, "snapshots": null, "memory": null, "statevector": null, "unitary": null}}, {"shots": 4096, "success": true, "status": null, "seed": null, "meas_level": 2, "meas_return": null, "header": {"qubit_labels": [["q", 0], ["q", 1], ["q", 2], ["q", 3], ["q", 4]], "n_qubits": 5, "qreg_sizes": [["q", 5]], "clbit_labels": [["c", 0], ["c", 1], ["c", 2]], "memory_slots": 3, "creg_sizes": [["c", 3]], "name": "circuit-2967054", "global_phase": 0.0, "metadata": {}}, "data": {"counts": {"0x0": 424, "0x1": 631, "0x2": 559, "0x3": 318, "0x4": 558, "0x5": 549, "0x6": 535, "0x7": 522}, "snapshots": null, "memory": null, "statevector": null, "unitary": null}}, {"shots": 4096, "success": true, "status": null, "seed": null, "meas_level": 2, "meas_return": null, "header": {"qubit_labels": [["q", 0], ["q", 1], ["q", 2], ["q", 3], ["q", 4]], "n_qubits": 5, "qreg_sizes": [["q", 5]], "clbit_labels": [["c", 0], ["c", 1], ["c", 2]], "memory_slots": 3, "creg_sizes": [["c", 3]], "name": "circuit-2967055", "global_phase": 0.0, "metadata": {}}, "data": {"counts": {"0x0": 2415, "0x1": 226, "0x2": 271, "0x3": 31, "0x4": 862, "0x5": 180, "0x6": 95, "0x7": 16}, "snapshots": null, "memory": null, "statevector": null, "unitary": null}}, {"shots": 4096, "success": true, "status": null, "seed": null, "meas_level": 2, "meas_return": null, "header": {"qubit_labels": [["q", 0], ["q", 1], ["q", 2], ["q", 3], ["q", 4]], "n_qubits": 5, "qreg_sizes": [["q", 5]], "clbit_labels": [["c", 0], ["c", 1], ["c", 2]], "memory_slots": 3, "creg_sizes": [["c", 3]], "name": "circuit-2967978", "global_phase": 0.0, "metadata": {}}, "data": {"counts": {"0x0": 436, "0x1": 706, "0x2": 731, "0x3": 283, "0x4": 705, "0x5": 372, "0x6": 313, "0x7": 550}, "snapshots": null, "memory": null, "statevector": null, "unitary": null}}, {"shots": 4096, "success": true, "status": null, "seed": null, "meas_level": 2, "meas_return": null, "header": {"qubit_labels": [["q", 0], ["q", 1], ["q", 2], ["q", 3], ["q", 4]], "n_qubits": 5, "qreg_sizes": [["q", 5]], "clbit_labels": [["c", 0], ["c", 1], ["c", 2]], "memory_slots": 3, "creg_sizes": [["c", 3]], "name": "circuit-2967979", "global_phase": 0.0, "metadata": {}}, "data": {"counts": {"0x0": 2803, "0x1": 300, "0x2": 326, "0x3": 31, "0x4": 366, "0x5": 194, "0x6": 48, "0x7": 28}, "snapshots": null, "memory": null, "statevector": null, "unitary": null}}, {"shots": 4096, "success": true, "status": null, "seed": null, "meas_level": 2, "meas_return": null, "header": {"qubit_labels": [["q", 0], ["q", 1], ["q", 2], ["q", 3], ["q", 4]], "n_qubits": 5, "qreg_sizes": [["q", 5]], "clbit_labels": [["c", 0], ["c", 1], ["c", 2]], "memory_slots": 3, "creg_sizes": [["c", 3]], "name": "circuit-2969026", "global_phase": 0.0, "metadata": {}}, "data": {"counts": {"0x0": 375, "0x1": 693, "0x2": 765, "0x3": 246, "0x4": 792, "0x5": 236, "0x6": 283, "0x7": 706}, "snapshots": null, "memory": null, "statevector": null, "unitary": null}}, {"shots": 4096, "success": true, "status": null, "seed": null, "meas_level": 2, "meas_return": null, "header": {"qubit_labels": [["q", 0], ["q", 1], ["q", 2], ["q", 3], ["q", 4]], "n_qubits": 5, "qreg_sizes": [["q", 5]], "clbit_labels": [["c", 0], ["c", 1], ["c", 2]], "memory_slots": 3, "creg_sizes": [["c", 3]], "name": "circuit-2969027", "global_phase": 0.0, "metadata": {}}, "data": {"counts": {"0x0": 2818, "0x1": 362, "0x2": 384, "0x3": 34, "0x4": 331, "0x5": 112, "0x6": 40, "0x7": 15}, "snapshots": null, "memory": null, "statevector": null, "unitary": null}}, {"shots": 4096, "success": true, "status": null, "seed": null, "meas_level": 2, "meas_return": null, "header": {"qubit_labels": [["q", 0], ["q", 1], ["q", 2], ["q", 3], ["q", 4]], "n_qubits": 5, "qreg_sizes": [["q", 5]], "clbit_labels": [["c", 0], ["c", 1], ["c", 2]], "memory_slots": 3, "creg_sizes": [["c", 3]], "name": "circuit-2970230", "global_phase": 0.0, "metadata": {}}, "data": {"counts": {"0x0": 296, "0x1": 744, "0x2": 741, "0x3": 281, "0x4": 793, "0x5": 247, "0x6": 299, "0x7": 695}, "snapshots": null, "memory": null, "statevector": null, "unitary": null}}, {"shots": 4096, "success": true, "status": null, "seed": null, "meas_level": 2, "meas_return": null, "header": {"qubit_labels": [["q", 0], ["q", 1], ["q", 2], ["q", 3], ["q", 4]], "n_qubits": 5, "qreg_sizes": [["q", 5]], "clbit_labels": [["c", 0], ["c", 1], ["c", 2]], "memory_slots": 3, "creg_sizes": [["c", 3]], "name": "circuit-2970231", "global_phase": 0.0, "metadata": {}}, "data": {"counts": {"0x0": 2786, "0x1": 307, "0x2": 386, "0x3": 35, "0x4": 365, "0x5": 138, "0x6": 59, "0x7": 20}, "snapshots": null, "memory": null, "statevector": null, "unitary": null}}, {"shots": 4096, "success": true, "status": null, "seed": null, "meas_level": 2, "meas_return": null, "header": {"qubit_labels": [["q", 0], ["q", 1], ["q", 2], ["q", 3], ["q", 4]], "n_qubits": 5, "qreg_sizes": [["q", 5]], "clbit_labels": [["c", 0], ["c", 1], ["c", 2]], "memory_slots": 3, "creg_sizes": [["c", 3]], "name": "circuit-2971573", "global_phase": 0.0, "metadata": {}}, "data": {"counts": {"0x0": 393, "0x1": 703, "0x2": 873, "0x3": 382, "0x4": 606, "0x5": 264, "0x6": 260, "0x7": 615}, "snapshots": null, "memory": null, "statevector": null, "unitary": null}}, {"shots": 4096, "success": true, "status": null, "seed": null, "meas_level": 2, "meas_return": null, "header": {"qubit_labels": [["q", 0], ["q", 1], ["q", 2], ["q", 3], ["q", 4]], "n_qubits": 5, "qreg_sizes": [["q", 5]], "clbit_labels": [["c", 0], ["c", 1], ["c", 2]], "memory_slots": 3, "creg_sizes": [["c", 3]], "name": "circuit-2971574", "global_phase": 0.0, "metadata": {}}, "data": {"counts": {"0x0": 2093, "0x1": 336, "0x2": 427, "0x3": 51, "0x4": 818, "0x5": 183, "0x6": 147, "0x7": 41}, "snapshots": null, "memory": null, "statevector": null, "unitary": null}}, {"shots": 4096, "success": true, "status": null, "seed": null, "meas_level": 2, "meas_return": null, "header": {"qubit_labels": [["q", 0], ["q", 1], ["q", 2], ["q", 3], ["q", 4]], "n_qubits": 5, "qreg_sizes": [["q", 5]], "clbit_labels": [["c", 0], ["c", 1], ["c", 2]], "memory_slots": 3, "creg_sizes": [["c", 3]], "name": "circuit-2973097", "global_phase": 0.0, "metadata": {}}, "data": {"counts": {"0x0": 421, "0x1": 693, "0x2": 731, "0x3": 315, "0x4": 562, "0x5": 414, "0x6": 493, "0x7": 467}, "snapshots": null, "memory": null, "statevector": null, "unitary": null}}, {"shots": 4096, "success": true, "status": null, "seed": null, "meas_level": 2, "meas_return": null, "header": {"qubit_labels": [["q", 0], ["q", 1], ["q", 2], ["q", 3], ["q", 4]], "n_qubits": 5, "qreg_sizes": [["q", 5]], "clbit_labels": [["c", 0], ["c", 1], ["c", 2]], "memory_slots": 3, "creg_sizes": [["c", 3]], "name": "circuit-2973098", "global_phase": 0.0, "metadata": {}}, "data": {"counts": {"0x0": 2030, "0x1": 317, "0x2": 398, "0x3": 57, "0x4": 860, "0x5": 224, "0x6": 167, "0x7": 43}, "snapshots": null, "memory": null, "statevector": null, "unitary": null}}, {"shots": 4096, "success": true, "status": null, "seed": null, "meas_level": 2, "meas_return": null, "header": {"qubit_labels": [["q", 0], ["q", 1], ["q", 2], ["q", 3], ["q", 4]], "n_qubits": 5, "qreg_sizes": [["q", 5]], "clbit_labels": [["c", 0], ["c", 1], ["c", 2]], "memory_slots": 3, "creg_sizes": [["c", 3]], "name": "circuit-2974720", "global_phase": 0.0, "metadata": {}}, "data": {"counts": {"0x0": 430, "0x1": 770, "0x2": 641, "0x3": 362, "0x4": 565, "0x5": 385, "0x6": 383, "0x7": 560}, "snapshots": null, "memory": null, "statevector": null, "unitary": null}}, {"shots": 4096, "success": true, "status": null, "seed": null, "meas_level": 2, "meas_return": null, "header": {"qubit_labels": [["q", 0], ["q", 1], ["q", 2], ["q", 3], ["q", 4]], "n_qubits": 5, "qreg_sizes": [["q", 5]], "clbit_labels": [["c", 0], ["c", 1], ["c", 2]], "memory_slots": 3, "creg_sizes": [["c", 3]], "name": "circuit-2974721", "global_phase": 0.0, "metadata": {}}, "data": {"counts": {"0x0": 2133, "0x1": 356, "0x2": 381, "0x3": 69, "0x4": 787, "0x5": 192, "0x6": 146, "0x7": 32}, "snapshots": null, "memory": null, "statevector": null, "unitary": null}}, {"shots": 4096, "success": true, "status": null, "seed": null, "meas_level": 2, "meas_return": null, "header": {"qubit_labels": [["q", 0], ["q", 1], ["q", 2], ["q", 3], ["q", 4]], "n_qubits": 5, "qreg_sizes": [["q", 5]], "clbit_labels": [["c", 0], ["c", 1], ["c", 2]], "memory_slots": 3, "creg_sizes": [["c", 3]], "name": "circuit-2976478", "global_phase": 0.0, "metadata": {}}, "data": {"counts": {"0x0": 631, "0x1": 717, "0x2": 642, "0x3": 553, "0x4": 352, "0x5": 411, "0x6": 483, "0x7": 307}, "snapshots": null, "memory": null, "statevector": null, "unitary": null}}, {"shots": 4096, "success": true, "status": null, "seed": null, "meas_level": 2, "meas_return": null, "header": {"qubit_labels": [["q", 0], ["q", 1], ["q", 2], ["q", 3], ["q", 4]], "n_qubits": 5, "qreg_sizes": [["q", 5]], "clbit_labels": [["c", 0], ["c", 1], ["c", 2]], "memory_slots": 3, "creg_sizes": [["c", 3]], "name": "circuit-2976479", "global_phase": 0.0, "metadata": {}}, "data": {"counts": {"0x0": 1882, "0x1": 406, "0x2": 409, "0x3": 81, "0x4": 843, "0x5": 221, "0x6": 210, "0x7": 44}, "snapshots": null, "memory": null, "statevector": null, "unitary": null}}, {"shots": 4096, "success": true, "status": null, "seed": null, "meas_level": 2, "meas_return": null, "header": {"qubit_labels": [["q", 0], ["q", 1], ["q", 2], ["q", 3], ["q", 4]], "n_qubits": 5, "qreg_sizes": [["q", 5]], "clbit_labels": [["c", 0], ["c", 1], ["c", 2]], "memory_slots": 3, "creg_sizes": [["c", 3]], "name": "circuit-2978400", "global_phase": 0.0, "metadata": {}}, "data": {"counts": {"0x0": 857, "0x1": 371, "0x2": 445, "0x3": 764, "0x4": 510, "0x5": 334, "0x6": 434, "0x7": 381}, "snapshots": null, "memory": null, "statevector": null, "unitary": null}}, {"shots": 4096, "success": true, "status": null, "seed": null, "meas_level": 2, "meas_return": null, "header": {"qubit_labels": [["q", 0], ["q", 1], ["q", 2], ["q", 3], ["q", 4]], "n_qubits": 5, "qreg_sizes": [["q", 5]], "clbit_labels": [["c", 0], ["c", 1], ["c", 2]], "memory_slots": 3, "creg_sizes": [["c", 3]], "name": "circuit-2978401", "global_phase": 0.0, "metadata": {}}, "data": {"counts": {"0x0": 1709, "0x1": 313, "0x2": 378, "0x3": 71, "0x4": 1088, "0x5": 242, "0x6": 246, "0x7": 49}, "snapshots": null, "memory": null, "statevector": null, "unitary": null}}, {"shots": 4096, "success": true, "status": null, "seed": null, "meas_level": 2, "meas_return": null, "header": {"qubit_labels": [["q", 0], ["q", 1], ["q", 2], ["q", 3], ["q", 4]], "n_qubits": 5, "qreg_sizes": [["q", 5]], "clbit_labels": [["c", 0], ["c", 1], ["c", 2]], "memory_slots": 3, "creg_sizes": [["c", 3]], "name": "circuit-2980412", "global_phase": 0.0, "metadata": {}}, "data": {"counts": {"0x0": 559, "0x1": 378, "0x2": 376, "0x3": 488, "0x4": 458, "0x5": 626, "0x6": 756, "0x7": 455}, "snapshots": null, "memory": null, "statevector": null, "unitary": null}}, {"shots": 4096, "success": true, "status": null, "seed": null, "meas_level": 2, "meas_return": null, "header": {"qubit_labels": [["q", 0], ["q", 1], ["q", 2], ["q", 3], ["q", 4]], "n_qubits": 5, "qreg_sizes": [["q", 5]], "clbit_labels": [["c", 0], ["c", 1], ["c", 2]], "memory_slots": 3, "creg_sizes": [["c", 3]], "name": "circuit-2980413", "global_phase": 0.0, "metadata": {}}, "data": {"counts": {"0x0": 1431, "0x1": 359, "0x2": 374, "0x3": 63, "0x4": 1127, "0x5": 369, "0x6": 305, "0x7": 68}, "snapshots": null, "memory": null, "statevector": null, "unitary": null}}, {"shots": 4096, "success": true, "status": null, "seed": null, "meas_level": 2, "meas_return": null, "header": {"qubit_labels": [["q", 0], ["q", 1], ["q", 2], ["q", 3], ["q", 4]], "n_qubits": 5, "qreg_sizes": [["q", 5]], "clbit_labels": [["c", 0], ["c", 1], ["c", 2]], "memory_slots": 3, "creg_sizes": [["c", 3]], "name": "circuit-2982629", "global_phase": 0.0, "metadata": {}}, "data": {"counts": {"0x0": 813, "0x1": 398, "0x2": 361, "0x3": 716, "0x4": 389, "0x5": 467, "0x6": 621, "0x7": 331}, "snapshots": null, "memory": null, "statevector": null, "unitary": null}}, {"shots": 4096, "success": true, "status": null, "seed": null, "meas_level": 2, "meas_return": null, "header": {"qubit_labels": [["q", 0], ["q", 1], ["q", 2], ["q", 3], ["q", 4]], "n_qubits": 5, "qreg_sizes": [["q", 5]], "clbit_labels": [["c", 0], ["c", 1], ["c", 2]], "memory_slots": 3, "creg_sizes": [["c", 3]], "name": "circuit-2982630", "global_phase": 0.0, "metadata": {}}, "data": {"counts": {"0x0": 1293, "0x1": 441, "0x2": 402, "0x3": 108, "0x4": 1083, "0x5": 325, "0x6": 351, "0x7": 93}, "snapshots": null, "memory": null, "statevector": null, "unitary": null}}, {"shots": 4096, "success": true, "status": null, "seed": null, "meas_level": 2, "meas_return": null, "header": {"qubit_labels": [["q", 0], ["q", 1], ["q", 2], ["q", 3], ["q", 4]], "n_qubits": 5, "qreg_sizes": [["q", 5]], "clbit_labels": [["c", 0], ["c", 1], ["c", 2]], "memory_slots": 3, "creg_sizes": [["c", 3]], "name": "circuit-2984930", "global_phase": 0.0, "metadata": {}}, "data": {"counts": {"0x0": 701, "0x1": 353, "0x2": 354, "0x3": 506, "0x4": 536, "0x5": 603, "0x6": 647, "0x7": 396}, "snapshots": null, "memory": null, "statevector": null, "unitary": null}}, {"shots": 4096, "success": true, "status": null, "seed": null, "meas_level": 2, "meas_return": null, "header": {"qubit_labels": [["q", 0], ["q", 1], ["q", 2], ["q", 3], ["q", 4]], "n_qubits": 5, "qreg_sizes": [["q", 5]], "clbit_labels": [["c", 0], ["c", 1], ["c", 2]], "memory_slots": 3, "creg_sizes": [["c", 3]], "name": "circuit-2984931", "global_phase": 0.0, "metadata": {}}, "data": {"counts": {"0x0": 1264, "0x1": 511, "0x2": 351, "0x3": 155, "0x4": 894, "0x5": 517, "0x6": 272, "0x7": 132}, "snapshots": null, "memory": null, "statevector": null, "unitary": null}}, {"shots": 4096, "success": true, "status": null, "seed": null, "meas_level": 2, "meas_return": null, "header": {"qubit_labels": [["q", 0], ["q", 1], ["q", 2], ["q", 3], ["q", 4]], "n_qubits": 5, "qreg_sizes": [["q", 5]], "clbit_labels": [["c", 0], ["c", 1], ["c", 2]], "memory_slots": 3, "creg_sizes": [["c", 3]], "name": "circuit-2987467", "global_phase": 0.0, "metadata": {}}, "data": {"counts": {"0x0": 592, "0x1": 427, "0x2": 458, "0x3": 544, "0x4": 482, "0x5": 541, "0x6": 622, "0x7": 430}, "snapshots": null, "memory": null, "statevector": null, "unitary": null}}, {"shots": 4096, "success": true, "status": null, "seed": null, "meas_level": 2, "meas_return": null, "header": {"qubit_labels": [["q", 0], ["q", 1], ["q", 2], ["q", 3], ["q", 4]], "n_qubits": 5, "qreg_sizes": [["q", 5]], "clbit_labels": [["c", 0], ["c", 1], ["c", 2]], "memory_slots": 3, "creg_sizes": [["c", 3]], "name": "circuit-2987468", "global_phase": 0.0, "metadata": {}}, "data": {"counts": {"0x0": 1694, "0x1": 447, "0x2": 438, "0x3": 124, "0x4": 799, "0x5": 285, "0x6": 222, "0x7": 87}, "snapshots": null, "memory": null, "statevector": null, "unitary": null}}, {"shots": 4096, "success": true, "status": null, "seed": null, "meas_level": 2, "meas_return": null, "header": {"qubit_labels": [["q", 0], ["q", 1], ["q", 2], ["q", 3], ["q", 4]], "n_qubits": 5, "qreg_sizes": [["q", 5]], "clbit_labels": [["c", 0], ["c", 1], ["c", 2]], "memory_slots": 3, "creg_sizes": [["c", 3]], "name": "circuit-2990098", "global_phase": 0.0, "metadata": {}}, "data": {"counts": {"0x0": 539, "0x1": 478, "0x2": 511, "0x3": 457, "0x4": 557, "0x5": 483, "0x6": 644, "0x7": 427}, "snapshots": null, "memory": null, "statevector": null, "unitary": null}}, {"shots": 4096, "success": true, "status": null, "seed": null, "meas_level": 2, "meas_return": null, "header": {"qubit_labels": [["q", 0], ["q", 1], ["q", 2], ["q", 3], ["q", 4]], "n_qubits": 5, "qreg_sizes": [["q", 5]], "clbit_labels": [["c", 0], ["c", 1], ["c", 2]], "memory_slots": 3, "creg_sizes": [["c", 3]], "name": "circuit-2990099", "global_phase": 0.0, "metadata": {}}, "data": {"counts": {"0x0": 1741, "0x1": 499, "0x2": 522, "0x3": 163, "0x4": 637, "0x5": 251, "0x6": 185, "0x7": 98}, "snapshots": null, "memory": null, "statevector": null, "unitary": null}}, {"shots": 4096, "success": true, "status": null, "seed": null, "meas_level": 2, "meas_return": null, "header": {"qubit_labels": [["q", 0], ["q", 1], ["q", 2], ["q", 3], ["q", 4]], "n_qubits": 5, "qreg_sizes": [["q", 5]], "clbit_labels": [["c", 0], ["c", 1], ["c", 2]], "memory_slots": 3, "creg_sizes": [["c", 3]], "name": "circuit-2992864", "global_phase": 0.0, "metadata": {}}, "data": {"counts": {"0x0": 740, "0x1": 444, "0x2": 364, "0x3": 656, "0x4": 518, "0x5": 453, "0x6": 445, "0x7": 476}, "snapshots": null, "memory": null, "statevector": null, "unitary": null}}, {"shots": 4096, "success": true, "status": null, "seed": null, "meas_level": 2, "meas_return": null, "header": {"qubit_labels": [["q", 0], ["q", 1], ["q", 2], ["q", 3], ["q", 4]], "n_qubits": 5, "qreg_sizes": [["q", 5]], "clbit_labels": [["c", 0], ["c", 1], ["c", 2]], "memory_slots": 3, "creg_sizes": [["c", 3]], "name": "circuit-2992865", "global_phase": 0.0, "metadata": {}}, "data": {"counts": {"0x0": 1288, "0x1": 515, "0x2": 416, "0x3": 139, "0x4": 913, "0x5": 428, "0x6": 278, "0x7": 119}, "snapshots": null, "memory": null, "statevector": null, "unitary": null}}, {"shots": 4096, "success": true, "status": null, "seed": null, "meas_level": 2, "meas_return": null, "header": {"qubit_labels": [["q", 0], ["q", 1], ["q", 2], ["q", 3], ["q", 4]], "n_qubits": 5, "qreg_sizes": [["q", 5]], "clbit_labels": [["c", 0], ["c", 1], ["c", 2]], "memory_slots": 3, "creg_sizes": [["c", 3]], "name": "circuit-2995787", "global_phase": 0.0, "metadata": {}}, "data": {"counts": {"0x0": 525, "0x1": 649, "0x2": 741, "0x3": 404, "0x4": 524, "0x5": 403, "0x6": 403, "0x7": 447}, "snapshots": null, "memory": null, "statevector": null, "unitary": null}}, {"shots": 4096, "success": true, "status": null, "seed": null, "meas_level": 2, "meas_return": null, "header": {"qubit_labels": [["q", 0], ["q", 1], ["q", 2], ["q", 3], ["q", 4]], "n_qubits": 5, "qreg_sizes": [["q", 5]], "clbit_labels": [["c", 0], ["c", 1], ["c", 2]], "memory_slots": 3, "creg_sizes": [["c", 3]], "name": "circuit-2995788", "global_phase": 0.0, "metadata": {}}, "data": {"counts": {"0x0": 1411, "0x1": 441, "0x2": 535, "0x3": 144, "0x4": 791, "0x5": 368, "0x6": 295, "0x7": 111}, "snapshots": null, "memory": null, "statevector": null, "unitary": null}}, {"shots": 4096, "success": true, "status": null, "seed": null, "meas_level": 2, "meas_return": null, "header": {"qubit_labels": [["q", 0], ["q", 1], ["q", 2], ["q", 3], ["q", 4]], "n_qubits": 5, "qreg_sizes": [["q", 5]], "clbit_labels": [["c", 0], ["c", 1], ["c", 2]], "memory_slots": 3, "creg_sizes": [["c", 3]], "name": "circuit-2998754", "global_phase": 0.0, "metadata": {}}, "data": {"counts": {"0x0": 868, "0x1": 144, "0x2": 185, "0x3": 780, "0x4": 193, "0x5": 934, "0x6": 889, "0x7": 103}, "snapshots": null, "memory": null, "statevector": null, "unitary": null}}, {"shots": 4096, "success": true, "status": null, "seed": null, "meas_level": 2, "meas_return": null, "header": {"qubit_labels": [["q", 0], ["q", 1], ["q", 2], ["q", 3], ["q", 4]], "n_qubits": 5, "qreg_sizes": [["q", 5]], "clbit_labels": [["c", 0], ["c", 1], ["c", 2]], "memory_slots": 3, "creg_sizes": [["c", 3]], "name": "circuit-2998755", "global_phase": 0.0, "metadata": {}}, "data": {"counts": {"0x0": 3693, "0x1": 83, "0x2": 176, "0x3": 10, "0x4": 78, "0x5": 49, "0x6": 5, "0x7": 2}, "snapshots": null, "memory": null, "statevector": null, "unitary": null}}, {"shots": 4096, "success": true, "status": null, "seed": null, "meas_level": 2, "meas_return": null, "header": {"qubit_labels": [["q", 0], ["q", 1], ["q", 2], ["q", 3], ["q", 4]], "n_qubits": 5, "qreg_sizes": [["q", 5]], "clbit_labels": [["c", 0], ["c", 1], ["c", 2]], "memory_slots": 3, "creg_sizes": [["c", 3]], "name": "circuit-2999079", "global_phase": 0.0, "metadata": {}}, "data": {"counts": {"0x0": 1251, "0x1": 176, "0x2": 262, "0x3": 1081, "0x4": 278, "0x5": 348, "0x6": 450, "0x7": 250}, "snapshots": null, "memory": null, "statevector": null, "unitary": null}}, {"shots": 4096, "success": true, "status": null, "seed": null, "meas_level": 2, "meas_return": null, "header": {"qubit_labels": [["q", 0], ["q", 1], ["q", 2], ["q", 3], ["q", 4]], "n_qubits": 5, "qreg_sizes": [["q", 5]], "clbit_labels": [["c", 0], ["c", 1], ["c", 2]], "memory_slots": 3, "creg_sizes": [["c", 3]], "name": "circuit-2999080", "global_phase": 0.0, "metadata": {}}, "data": {"counts": {"0x0": 3434, "0x1": 158, "0x2": 243, "0x3": 12, "0x4": 210, "0x5": 25, "0x6": 12, "0x7": 2}, "snapshots": null, "memory": null, "statevector": null, "unitary": null}}, {"shots": 4096, "success": true, "status": null, "seed": null, "meas_level": 2, "meas_return": null, "header": {"qubit_labels": [["q", 0], ["q", 1], ["q", 2], ["q", 3], ["q", 4]], "n_qubits": 5, "qreg_sizes": [["q", 5]], "clbit_labels": [["c", 0], ["c", 1], ["c", 2]], "memory_slots": 3, "creg_sizes": [["c", 3]], "name": "circuit-2999594", "global_phase": 0.0, "metadata": {}}, "data": {"counts": {"0x0": 727, "0x1": 280, "0x2": 308, "0x3": 680, "0x4": 560, "0x5": 594, "0x6": 535, "0x7": 412}, "snapshots": null, "memory": null, "statevector": null, "unitary": null}}, {"shots": 4096, "success": true, "status": null, "seed": null, "meas_level": 2, "meas_return": null, "header": {"qubit_labels": [["q", 0], ["q", 1], ["q", 2], ["q", 3], ["q", 4]], "n_qubits": 5, "qreg_sizes": [["q", 5]], "clbit_labels": [["c", 0], ["c", 1], ["c", 2]], "memory_slots": 3, "creg_sizes": [["c", 3]], "name": "circuit-2999595", "global_phase": 0.0, "metadata": {}}, "data": {"counts": {"0x0": 3304, "0x1": 208, "0x2": 246, "0x3": 28, "0x4": 247, "0x5": 44, "0x6": 13, "0x7": 6}, "snapshots": null, "memory": null, "statevector": null, "unitary": null}}, {"shots": 4096, "success": true, "status": null, "seed": null, "meas_level": 2, "meas_return": null, "header": {"qubit_labels": [["q", 0], ["q", 1], ["q", 2], ["q", 3], ["q", 4]], "n_qubits": 5, "qreg_sizes": [["q", 5]], "clbit_labels": [["c", 0], ["c", 1], ["c", 2]], "memory_slots": 3, "creg_sizes": [["c", 3]], "name": "circuit-3000205", "global_phase": 0.0, "metadata": {}}, "data": {"counts": {"0x0": 586, "0x1": 410, "0x2": 525, "0x3": 330, "0x4": 508, "0x5": 738, "0x6": 569, "0x7": 430}, "snapshots": null, "memory": null, "statevector": null, "unitary": null}}, {"shots": 4096, "success": true, "status": null, "seed": null, "meas_level": 2, "meas_return": null, "header": {"qubit_labels": [["q", 0], ["q", 1], ["q", 2], ["q", 3], ["q", 4]], "n_qubits": 5, "qreg_sizes": [["q", 5]], "clbit_labels": [["c", 0], ["c", 1], ["c", 2]], "memory_slots": 3, "creg_sizes": [["c", 3]], "name": "circuit-3000206", "global_phase": 0.0, "metadata": {}}, "data": {"counts": {"0x0": 3157, "0x1": 206, "0x2": 290, "0x3": 13, "0x4": 334, "0x5": 47, "0x6": 41, "0x7": 8}, "snapshots": null, "memory": null, "statevector": null, "unitary": null}}, {"shots": 4096, "success": true, "status": null, "seed": null, "meas_level": 2, "meas_return": null, "header": {"qubit_labels": [["q", 0], ["q", 1], ["q", 2], ["q", 3], ["q", 4]], "n_qubits": 5, "qreg_sizes": [["q", 5]], "clbit_labels": [["c", 0], ["c", 1], ["c", 2]], "memory_slots": 3, "creg_sizes": [["c", 3]], "name": "circuit-3000981", "global_phase": 0.0, "metadata": {}}, "data": {"counts": {"0x0": 557, "0x1": 593, "0x2": 465, "0x3": 407, "0x4": 688, "0x5": 524, "0x6": 404, "0x7": 458}, "snapshots": null, "memory": null, "statevector": null, "unitary": null}}, {"shots": 4096, "success": true, "status": null, "seed": null, "meas_level": 2, "meas_return": null, "header": {"qubit_labels": [["q", 0], ["q", 1], ["q", 2], ["q", 3], ["q", 4]], "n_qubits": 5, "qreg_sizes": [["q", 5]], "clbit_labels": [["c", 0], ["c", 1], ["c", 2]], "memory_slots": 3, "creg_sizes": [["c", 3]], "name": "circuit-3000982", "global_phase": 0.0, "metadata": {}}, "data": {"counts": {"0x0": 2620, "0x1": 229, "0x2": 262, "0x3": 35, "0x4": 700, "0x5": 152, "0x6": 79, "0x7": 19}, "snapshots": null, "memory": null, "statevector": null, "unitary": null}}, {"shots": 4096, "success": true, "status": null, "seed": null, "meas_level": 2, "meas_return": null, "header": {"qubit_labels": [["q", 0], ["q", 1], ["q", 2], ["q", 3], ["q", 4]], "n_qubits": 5, "qreg_sizes": [["q", 5]], "clbit_labels": [["c", 0], ["c", 1], ["c", 2]], "memory_slots": 3, "creg_sizes": [["c", 3]], "name": "circuit-3001935", "global_phase": 0.0, "metadata": {}}, "data": {"counts": {"0x0": 336, "0x1": 713, "0x2": 663, "0x3": 215, "0x4": 809, "0x5": 374, "0x6": 331, "0x7": 655}, "snapshots": null, "memory": null, "statevector": null, "unitary": null}}, {"shots": 4096, "success": true, "status": null, "seed": null, "meas_level": 2, "meas_return": null, "header": {"qubit_labels": [["q", 0], ["q", 1], ["q", 2], ["q", 3], ["q", 4]], "n_qubits": 5, "qreg_sizes": [["q", 5]], "clbit_labels": [["c", 0], ["c", 1], ["c", 2]], "memory_slots": 3, "creg_sizes": [["c", 3]], "name": "circuit-3001936", "global_phase": 0.0, "metadata": {}}, "data": {"counts": {"0x0": 2729, "0x1": 370, "0x2": 326, "0x3": 40, "0x4": 414, "0x5": 134, "0x6": 63, "0x7": 20}, "snapshots": null, "memory": null, "statevector": null, "unitary": null}}, {"shots": 4096, "success": true, "status": null, "seed": null, "meas_level": 2, "meas_return": null, "header": {"qubit_labels": [["q", 0], ["q", 1], ["q", 2], ["q", 3], ["q", 4]], "n_qubits": 5, "qreg_sizes": [["q", 5]], "clbit_labels": [["c", 0], ["c", 1], ["c", 2]], "memory_slots": 3, "creg_sizes": [["c", 3]], "name": "circuit-3003028", "global_phase": 0.0, "metadata": {}}, "data": {"counts": {"0x0": 434, "0x1": 684, "0x2": 773, "0x3": 308, "0x4": 670, "0x5": 264, "0x6": 291, "0x7": 672}, "snapshots": null, "memory": null, "statevector": null, "unitary": null}}, {"shots": 4096, "success": true, "status": null, "seed": null, "meas_level": 2, "meas_return": null, "header": {"qubit_labels": [["q", 0], ["q", 1], ["q", 2], ["q", 3], ["q", 4]], "n_qubits": 5, "qreg_sizes": [["q", 5]], "clbit_labels": [["c", 0], ["c", 1], ["c", 2]], "memory_slots": 3, "creg_sizes": [["c", 3]], "name": "circuit-3003029", "global_phase": 0.0, "metadata": {}}, "data": {"counts": {"0x0": 2572, "0x1": 212, "0x2": 365, "0x3": 34, "0x4": 631, "0x5": 171, "0x6": 78, "0x7": 33}, "snapshots": null, "memory": null, "statevector": null, "unitary": null}}, {"shots": 4096, "success": true, "status": null, "seed": null, "meas_level": 2, "meas_return": null, "header": {"qubit_labels": [["q", 0], ["q", 1], ["q", 2], ["q", 3], ["q", 4]], "n_qubits": 5, "qreg_sizes": [["q", 5]], "clbit_labels": [["c", 0], ["c", 1], ["c", 2]], "memory_slots": 3, "creg_sizes": [["c", 3]], "name": "circuit-3004230", "global_phase": 0.0, "metadata": {}}, "data": {"counts": {"0x0": 319, "0x1": 904, "0x2": 821, "0x3": 249, "0x4": 542, "0x5": 312, "0x6": 344, "0x7": 605}, "snapshots": null, "memory": null, "statevector": null, "unitary": null}}, {"shots": 4096, "success": true, "status": null, "seed": null, "meas_level": 2, "meas_return": null, "header": {"qubit_labels": [["q", 0], ["q", 1], ["q", 2], ["q", 3], ["q", 4]], "n_qubits": 5, "qreg_sizes": [["q", 5]], "clbit_labels": [["c", 0], ["c", 1], ["c", 2]], "memory_slots": 3, "creg_sizes": [["c", 3]], "name": "circuit-3004231", "global_phase": 0.0, "metadata": {}}, "data": {"counts": {"0x0": 2745, "0x1": 328, "0x2": 425, "0x3": 62, "0x4": 349, "0x5": 103, "0x6": 62, "0x7": 22}, "snapshots": null, "memory": null, "statevector": null, "unitary": null}}, {"shots": 4096, "success": true, "status": null, "seed": null, "meas_level": 2, "meas_return": null, "header": {"qubit_labels": [["q", 0], ["q", 1], ["q", 2], ["q", 3], ["q", 4]], "n_qubits": 5, "qreg_sizes": [["q", 5]], "clbit_labels": [["c", 0], ["c", 1], ["c", 2]], "memory_slots": 3, "creg_sizes": [["c", 3]], "name": "circuit-3005591", "global_phase": 0.0, "metadata": {}}, "data": {"counts": {"0x0": 369, "0x1": 388, "0x2": 560, "0x3": 288, "0x4": 877, "0x5": 293, "0x6": 454, "0x7": 867}, "snapshots": null, "memory": null, "statevector": null, "unitary": null}}, {"shots": 4096, "success": true, "status": null, "seed": null, "meas_level": 2, "meas_return": null, "header": {"qubit_labels": [["q", 0], ["q", 1], ["q", 2], ["q", 3], ["q", 4]], "n_qubits": 5, "qreg_sizes": [["q", 5]], "clbit_labels": [["c", 0], ["c", 1], ["c", 2]], "memory_slots": 3, "creg_sizes": [["c", 3]], "name": "circuit-3005592", "global_phase": 0.0, "metadata": {}}, "data": {"counts": {"0x0": 2421, "0x1": 488, "0x2": 382, "0x3": 64, "0x4": 486, "0x5": 170, "0x6": 62, "0x7": 23}, "snapshots": null, "memory": null, "statevector": null, "unitary": null}}, {"shots": 4096, "success": true, "status": null, "seed": null, "meas_level": 2, "meas_return": null, "header": {"qubit_labels": [["q", 0], ["q", 1], ["q", 2], ["q", 3], ["q", 4]], "n_qubits": 5, "qreg_sizes": [["q", 5]], "clbit_labels": [["c", 0], ["c", 1], ["c", 2]], "memory_slots": 3, "creg_sizes": [["c", 3]], "name": "circuit-3007055", "global_phase": 0.0, "metadata": {}}, "data": {"counts": {"0x0": 378, "0x1": 716, "0x2": 752, "0x3": 341, "0x4": 646, "0x5": 344, "0x6": 437, "0x7": 482}, "snapshots": null, "memory": null, "statevector": null, "unitary": null}}, {"shots": 4096, "success": true, "status": null, "seed": null, "meas_level": 2, "meas_return": null, "header": {"qubit_labels": [["q", 0], ["q", 1], ["q", 2], ["q", 3], ["q", 4]], "n_qubits": 5, "qreg_sizes": [["q", 5]], "clbit_labels": [["c", 0], ["c", 1], ["c", 2]], "memory_slots": 3, "creg_sizes": [["c", 3]], "name": "circuit-3007056", "global_phase": 0.0, "metadata": {}}, "data": {"counts": {"0x0": 2070, "0x1": 304, "0x2": 344, "0x3": 79, "0x4": 934, "0x5": 174, "0x6": 148, "0x7": 43}, "snapshots": null, "memory": null, "statevector": null, "unitary": null}}, {"shots": 4096, "success": true, "status": null, "seed": null, "meas_level": 2, "meas_return": null, "header": {"qubit_labels": [["q", 0], ["q", 1], ["q", 2], ["q", 3], ["q", 4]], "n_qubits": 5, "qreg_sizes": [["q", 5]], "clbit_labels": [["c", 0], ["c", 1], ["c", 2]], "memory_slots": 3, "creg_sizes": [["c", 3]], "name": "circuit-3008648", "global_phase": 0.0, "metadata": {}}, "data": {"counts": {"0x0": 475, "0x1": 569, "0x2": 536, "0x3": 435, "0x4": 826, "0x5": 330, "0x6": 414, "0x7": 511}, "snapshots": null, "memory": null, "statevector": null, "unitary": null}}, {"shots": 4096, "success": true, "status": null, "seed": null, "meas_level": 2, "meas_return": null, "header": {"qubit_labels": [["q", 0], ["q", 1], ["q", 2], ["q", 3], ["q", 4]], "n_qubits": 5, "qreg_sizes": [["q", 5]], "clbit_labels": [["c", 0], ["c", 1], ["c", 2]], "memory_slots": 3, "creg_sizes": [["c", 3]], "name": "circuit-3008649", "global_phase": 0.0, "metadata": {}}, "data": {"counts": {"0x0": 2581, "0x1": 345, "0x2": 484, "0x3": 63, "0x4": 400, "0x5": 122, "0x6": 74, "0x7": 27}, "snapshots": null, "memory": null, "statevector": null, "unitary": null}}, {"shots": 4096, "success": true, "status": null, "seed": null, "meas_level": 2, "meas_return": null, "header": {"qubit_labels": [["q", 0], ["q", 1], ["q", 2], ["q", 3], ["q", 4]], "n_qubits": 5, "qreg_sizes": [["q", 5]], "clbit_labels": [["c", 0], ["c", 1], ["c", 2]], "memory_slots": 3, "creg_sizes": [["c", 3]], "name": "circuit-3010434", "global_phase": 0.0, "metadata": {}}, "data": {"counts": {"0x0": 535, "0x1": 607, "0x2": 682, "0x3": 617, "0x4": 359, "0x5": 510, "0x6": 488, "0x7": 298}, "snapshots": null, "memory": null, "statevector": null, "unitary": null}}, {"shots": 4096, "success": true, "status": null, "seed": null, "meas_level": 2, "meas_return": null, "header": {"qubit_labels": [["q", 0], ["q", 1], ["q", 2], ["q", 3], ["q", 4]], "n_qubits": 5, "qreg_sizes": [["q", 5]], "clbit_labels": [["c", 0], ["c", 1], ["c", 2]], "memory_slots": 3, "creg_sizes": [["c", 3]], "name": "circuit-3010435", "global_phase": 0.0, "metadata": {}}, "data": {"counts": {"0x0": 1490, "0x1": 263, "0x2": 317, "0x3": 68, "0x4": 1217, "0x5": 405, "0x6": 265, "0x7": 71}, "snapshots": null, "memory": null, "statevector": null, "unitary": null}}, {"shots": 4096, "success": true, "status": null, "seed": null, "meas_level": 2, "meas_return": null, "header": {"qubit_labels": [["q", 0], ["q", 1], ["q", 2], ["q", 3], ["q", 4]], "n_qubits": 5, "qreg_sizes": [["q", 5]], "clbit_labels": [["c", 0], ["c", 1], ["c", 2]], "memory_slots": 3, "creg_sizes": [["c", 3]], "name": "circuit-3012374", "global_phase": 0.0, "metadata": {}}, "data": {"counts": {"0x0": 841, "0x1": 343, "0x2": 402, "0x3": 758, "0x4": 501, "0x5": 420, "0x6": 426, "0x7": 405}, "snapshots": null, "memory": null, "statevector": null, "unitary": null}}, {"shots": 4096, "success": true, "status": null, "seed": null, "meas_level": 2, "meas_return": null, "header": {"qubit_labels": [["q", 0], ["q", 1], ["q", 2], ["q", 3], ["q", 4]], "n_qubits": 5, "qreg_sizes": [["q", 5]], "clbit_labels": [["c", 0], ["c", 1], ["c", 2]], "memory_slots": 3, "creg_sizes": [["c", 3]], "name": "circuit-3012375", "global_phase": 0.0, "metadata": {}}, "data": {"counts": {"0x0": 1358, "0x1": 294, "0x2": 279, "0x3": 76, "0x4": 1358, "0x5": 350, "0x6": 286, "0x7": 95}, "snapshots": null, "memory": null, "statevector": null, "unitary": null}}, {"shots": 4096, "success": true, "status": null, "seed": null, "meas_level": 2, "meas_return": null, "header": {"qubit_labels": [["q", 0], ["q", 1], ["q", 2], ["q", 3], ["q", 4]], "n_qubits": 5, "qreg_sizes": [["q", 5]], "clbit_labels": [["c", 0], ["c", 1], ["c", 2]], "memory_slots": 3, "creg_sizes": [["c", 3]], "name": "circuit-3014458", "global_phase": 0.0, "metadata": {}}, "data": {"counts": {"0x0": 467, "0x1": 424, "0x2": 383, "0x3": 445, "0x4": 454, "0x5": 756, "0x6": 796, "0x7": 371}, "snapshots": null, "memory": null, "statevector": null, "unitary": null}}, {"shots": 4096, "success": true, "status": null, "seed": null, "meas_level": 2, "meas_return": null, "header": {"qubit_labels": [["q", 0], ["q", 1], ["q", 2], ["q", 3], ["q", 4]], "n_qubits": 5, "qreg_sizes": [["q", 5]], "clbit_labels": [["c", 0], ["c", 1], ["c", 2]], "memory_slots": 3, "creg_sizes": [["c", 3]], "name": "circuit-3014459", "global_phase": 0.0, "metadata": {}}, "data": {"counts": {"0x0": 965, "0x1": 415, "0x2": 222, "0x3": 101, "0x4": 1118, "0x5": 831, "0x6": 280, "0x7": 164}, "snapshots": null, "memory": null, "statevector": null, "unitary": null}}, {"shots": 4096, "success": true, "status": null, "seed": null, "meas_level": 2, "meas_return": null, "header": {"qubit_labels": [["q", 0], ["q", 1], ["q", 2], ["q", 3], ["q", 4]], "n_qubits": 5, "qreg_sizes": [["q", 5]], "clbit_labels": [["c", 0], ["c", 1], ["c", 2]], "memory_slots": 3, "creg_sizes": [["c", 3]], "name": "circuit-3016659", "global_phase": 0.0, "metadata": {}}, "data": {"counts": {"0x0": 719, "0x1": 389, "0x2": 386, "0x3": 671, "0x4": 442, "0x5": 475, "0x6": 582, "0x7": 432}, "snapshots": null, "memory": null, "statevector": null, "unitary": null}}, {"shots": 4096, "success": true, "status": null, "seed": null, "meas_level": 2, "meas_return": null, "header": {"qubit_labels": [["q", 0], ["q", 1], ["q", 2], ["q", 3], ["q", 4]], "n_qubits": 5, "qreg_sizes": [["q", 5]], "clbit_labels": [["c", 0], ["c", 1], ["c", 2]], "memory_slots": 3, "creg_sizes": [["c", 3]], "name": "circuit-3016660", "global_phase": 0.0, "metadata": {}}, "data": {"counts": {"0x0": 1588, "0x1": 476, "0x2": 348, "0x3": 118, "0x4": 948, "0x5": 324, "0x6": 224, "0x7": 70}, "snapshots": null, "memory": null, "statevector": null, "unitary": null}}, {"shots": 4096, "success": true, "status": null, "seed": null, "meas_level": 2, "meas_return": null, "header": {"qubit_labels": [["q", 0], ["q", 1], ["q", 2], ["q", 3], ["q", 4]], "n_qubits": 5, "qreg_sizes": [["q", 5]], "clbit_labels": [["c", 0], ["c", 1], ["c", 2]], "memory_slots": 3, "creg_sizes": [["c", 3]], "name": "circuit-3019014", "global_phase": 0.0, "metadata": {}}, "data": {"counts": {"0x0": 774, "0x1": 372, "0x2": 411, "0x3": 646, "0x4": 449, "0x5": 475, "0x6": 587, "0x7": 382}, "snapshots": null, "memory": null, "statevector": null, "unitary": null}}, {"shots": 4096, "success": true, "status": null, "seed": null, "meas_level": 2, "meas_return": null, "header": {"qubit_labels": [["q", 0], ["q", 1], ["q", 2], ["q", 3], ["q", 4]], "n_qubits": 5, "qreg_sizes": [["q", 5]], "clbit_labels": [["c", 0], ["c", 1], ["c", 2]], "memory_slots": 3, "creg_sizes": [["c", 3]], "name": "circuit-3019015", "global_phase": 0.0, "metadata": {}}, "data": {"counts": {"0x0": 1784, "0x1": 378, "0x2": 467, "0x3": 110, "0x4": 756, "0x5": 280, "0x6": 235, "0x7": 86}, "snapshots": null, "memory": null, "statevector": null, "unitary": null}}, {"shots": 4096, "success": true, "status": null, "seed": null, "meas_level": 2, "meas_return": null, "header": {"qubit_labels": [["q", 0], ["q", 1], ["q", 2], ["q", 3], ["q", 4]], "n_qubits": 5, "qreg_sizes": [["q", 5]], "clbit_labels": [["c", 0], ["c", 1], ["c", 2]], "memory_slots": 3, "creg_sizes": [["c", 3]], "name": "circuit-3021475", "global_phase": 0.0, "metadata": {}}, "data": {"counts": {"0x0": 609, "0x1": 375, "0x2": 409, "0x3": 502, "0x4": 507, "0x5": 687, "0x6": 637, "0x7": 370}, "snapshots": null, "memory": null, "statevector": null, "unitary": null}}, {"shots": 4096, "success": true, "status": null, "seed": null, "meas_level": 2, "meas_return": null, "header": {"qubit_labels": [["q", 0], ["q", 1], ["q", 2], ["q", 3], ["q", 4]], "n_qubits": 5, "qreg_sizes": [["q", 5]], "clbit_labels": [["c", 0], ["c", 1], ["c", 2]], "memory_slots": 3, "creg_sizes": [["c", 3]], "name": "circuit-3021476", "global_phase": 0.0, "metadata": {}}, "data": {"counts": {"0x0": 1702, "0x1": 341, "0x2": 574, "0x3": 128, "0x4": 768, "0x5": 271, "0x6": 237, "0x7": 75}, "snapshots": null, "memory": null, "statevector": null, "unitary": null}}, {"shots": 4096, "success": true, "status": null, "seed": null, "meas_level": 2, "meas_return": null, "header": {"qubit_labels": [["q", 0], ["q", 1], ["q", 2], ["q", 3], ["q", 4]], "n_qubits": 5, "qreg_sizes": [["q", 5]], "clbit_labels": [["c", 0], ["c", 1], ["c", 2]], "memory_slots": 3, "creg_sizes": [["c", 3]], "name": "circuit-3024114", "global_phase": 0.0, "metadata": {}}, "data": {"counts": {"0x0": 540, "0x1": 528, "0x2": 595, "0x3": 482, "0x4": 630, "0x5": 450, "0x6": 430, "0x7": 441}, "snapshots": null, "memory": null, "statevector": null, "unitary": null}}, {"shots": 4096, "success": true, "status": null, "seed": null, "meas_level": 2, "meas_return": null, "header": {"qubit_labels": [["q", 0], ["q", 1], ["q", 2], ["q", 3], ["q", 4]], "n_qubits": 5, "qreg_sizes": [["q", 5]], "clbit_labels": [["c", 0], ["c", 1], ["c", 2]], "memory_slots": 3, "creg_sizes": [["c", 3]], "name": "circuit-3024115", "global_phase": 0.0, "metadata": {}}, "data": {"counts": {"0x0": 1311, "0x1": 483, "0x2": 438, "0x3": 139, "0x4": 730, "0x5": 571, "0x6": 281, "0x7": 143}, "snapshots": null, "memory": null, "statevector": null, "unitary": null}}, {"shots": 4096, "success": true, "status": null, "seed": null, "meas_level": 2, "meas_return": null, "header": {"qubit_labels": [["q", 0], ["q", 1], ["q", 2], ["q", 3], ["q", 4]], "n_qubits": 5, "qreg_sizes": [["q", 5]], "clbit_labels": [["c", 0], ["c", 1], ["c", 2]], "memory_slots": 3, "creg_sizes": [["c", 3]], "name": "circuit-3026873", "global_phase": 0.0, "metadata": {}}, "data": {"counts": {"0x0": 556, "0x1": 585, "0x2": 567, "0x3": 506, "0x4": 496, "0x5": 446, "0x6": 414, "0x7": 526}, "snapshots": null, "memory": null, "statevector": null, "unitary": null}}, {"shots": 4096, "success": true, "status": null, "seed": null, "meas_level": 2, "meas_return": null, "header": {"qubit_labels": [["q", 0], ["q", 1], ["q", 2], ["q", 3], ["q", 4]], "n_qubits": 5, "qreg_sizes": [["q", 5]], "clbit_labels": [["c", 0], ["c", 1], ["c", 2]], "memory_slots": 3, "creg_sizes": [["c", 3]], "name": "circuit-3026874", "global_phase": 0.0, "metadata": {}}, "data": {"counts": {"0x0": 1483, "0x1": 346, "0x2": 408, "0x3": 141, "0x4": 952, "0x5": 357, "0x6": 307, "0x7": 102}, "snapshots": null, "memory": null, "statevector": null, "unitary": null}}, {"shots": 4096, "success": true, "status": null, "seed": null, "meas_level": 2, "meas_return": null, "header": {"qubit_labels": [["q", 0], ["q", 1], ["q", 2], ["q", 3], ["q", 4]], "n_qubits": 5, "qreg_sizes": [["q", 5]], "clbit_labels": [["c", 0], ["c", 1], ["c", 2]], "memory_slots": 3, "creg_sizes": [["c", 3]], "name": "circuit-3029738", "global_phase": 0.0, "metadata": {}}, "data": {"counts": {"0x0": 490, "0x1": 770, "0x2": 691, "0x3": 481, "0x4": 450, "0x5": 389, "0x6": 390, "0x7": 435}, "snapshots": null, "memory": null, "statevector": null, "unitary": null}}, {"shots": 4096, "success": true, "status": null, "seed": null, "meas_level": 2, "meas_return": null, "header": {"qubit_labels": [["q", 0], ["q", 1], ["q", 2], ["q", 3], ["q", 4]], "n_qubits": 5, "qreg_sizes": [["q", 5]], "clbit_labels": [["c", 0], ["c", 1], ["c", 2]], "memory_slots": 3, "creg_sizes": [["c", 3]], "name": "circuit-3029739", "global_phase": 0.0, "metadata": {}}, "data": {"counts": {"0x0": 788, "0x1": 270, "0x2": 267, "0x3": 106, "0x4": 1593, "0x5": 378, "0x6": 557, "0x7": 137}, "snapshots": null, "memory": null, "statevector": null, "unitary": null}}, {"shots": 4096, "success": true, "status": null, "seed": null, "meas_level": 2, "meas_return": null, "header": {"qubit_labels": [["q", 0], ["q", 1], ["q", 2], ["q", 3], ["q", 4]], "n_qubits": 5, "qreg_sizes": [["q", 5]], "clbit_labels": [["c", 0], ["c", 1], ["c", 2]], "memory_slots": 3, "creg_sizes": [["c", 3]], "name": "circuit-3032821", "global_phase": 0.0, "metadata": {}}, "data": {"counts": {"0x0": 1084, "0x1": 179, "0x2": 210, "0x3": 1000, "0x4": 124, "0x5": 718, "0x6": 708, "0x7": 73}, "snapshots": null, "memory": null, "statevector": null, "unitary": null}}, {"shots": 4096, "success": true, "status": null, "seed": null, "meas_level": 2, "meas_return": null, "header": {"qubit_labels": [["q", 0], ["q", 1], ["q", 2], ["q", 3], ["q", 4]], "n_qubits": 5, "qreg_sizes": [["q", 5]], "clbit_labels": [["c", 0], ["c", 1], ["c", 2]], "memory_slots": 3, "creg_sizes": [["c", 3]], "name": "circuit-3032822", "global_phase": 0.0, "metadata": {}}, "data": {"counts": {"0x0": 3677, "0x1": 82, "0x2": 178, "0x3": 8, "0x4": 106, "0x5": 33, "0x6": 12}, "snapshots": null, "memory": null, "statevector": null, "unitary": null}}, {"shots": 4096, "success": true, "status": null, "seed": null, "meas_level": 2, "meas_return": null, "header": {"qubit_labels": [["q", 0], ["q", 1], ["q", 2], ["q", 3], ["q", 4]], "n_qubits": 5, "qreg_sizes": [["q", 5]], "clbit_labels": [["c", 0], ["c", 1], ["c", 2]], "memory_slots": 3, "creg_sizes": [["c", 3]], "name": "circuit-3033172", "global_phase": 0.0, "metadata": {}}, "data": {"counts": {"0x0": 1159, "0x1": 327, "0x2": 313, "0x3": 1068, "0x4": 177, "0x5": 430, "0x6": 439, "0x7": 183}, "snapshots": null, "memory": null, "statevector": null, "unitary": null}}, {"shots": 4096, "success": true, "status": null, "seed": null, "meas_level": 2, "meas_return": null, "header": {"qubit_labels": [["q", 0], ["q", 1], ["q", 2], ["q", 3], ["q", 4]], "n_qubits": 5, "qreg_sizes": [["q", 5]], "clbit_labels": [["c", 0], ["c", 1], ["c", 2]], "memory_slots": 3, "creg_sizes": [["c", 3]], "name": "circuit-3033173", "global_phase": 0.0, "metadata": {}}, "data": {"counts": {"0x0": 3545, "0x1": 151, "0x2": 226, "0x3": 15, "0x4": 120, "0x5": 28, "0x6": 8, "0x7": 3}, "snapshots": null, "memory": null, "statevector": null, "unitary": null}}, {"shots": 4096, "success": true, "status": null, "seed": null, "meas_level": 2, "meas_return": null, "header": {"qubit_labels": [["q", 0], ["q", 1], ["q", 2], ["q", 3], ["q", 4]], "n_qubits": 5, "qreg_sizes": [["q", 5]], "clbit_labels": [["c", 0], ["c", 1], ["c", 2]], "memory_slots": 3, "creg_sizes": [["c", 3]], "name": "circuit-3033688", "global_phase": 0.0, "metadata": {}}, "data": {"counts": {"0x0": 917, "0x1": 264, "0x2": 322, "0x3": 718, "0x4": 512, "0x5": 476, "0x6": 508, "0x7": 379}, "snapshots": null, "memory": null, "statevector": null, "unitary": null}}, {"shots": 4096, "success": true, "status": null, "seed": null, "meas_level": 2, "meas_return": null, "header": {"qubit_labels": [["q", 0], ["q", 1], ["q", 2], ["q", 3], ["q", 4]], "n_qubits": 5, "qreg_sizes": [["q", 5]], "clbit_labels": [["c", 0], ["c", 1], ["c", 2]], "memory_slots": 3, "creg_sizes": [["c", 3]], "name": "circuit-3033689", "global_phase": 0.0, "metadata": {}}, "data": {"counts": {"0x0": 3157, "0x1": 165, "0x2": 264, "0x3": 17, "0x4": 385, "0x5": 73, "0x6": 31, "0x7": 4}, "snapshots": null, "memory": null, "statevector": null, "unitary": null}}, {"shots": 4096, "success": true, "status": null, "seed": null, "meas_level": 2, "meas_return": null, "header": {"qubit_labels": [["q", 0], ["q", 1], ["q", 2], ["q", 3], ["q", 4]], "n_qubits": 5, "qreg_sizes": [["q", 5]], "clbit_labels": [["c", 0], ["c", 1], ["c", 2]], "memory_slots": 3, "creg_sizes": [["c", 3]], "name": "circuit-3034309", "global_phase": 0.0, "metadata": {}}, "data": {"counts": {"0x0": 794, "0x1": 427, "0x2": 481, "0x3": 482, "0x4": 797, "0x5": 258, "0x6": 251, "0x7": 606}, "snapshots": null, "memory": null, "statevector": null, "unitary": null}}, {"shots": 4096, "success": true, "status": null, "seed": null, "meas_level": 2, "meas_return": null, "header": {"qubit_labels": [["q", 0], ["q", 1], ["q", 2], ["q", 3], ["q", 4]], "n_qubits": 5, "qreg_sizes": [["q", 5]], "clbit_labels": [["c", 0], ["c", 1], ["c", 2]], "memory_slots": 3, "creg_sizes": [["c", 3]], "name": "circuit-3034310", "global_phase": 0.0, "metadata": {}}, "data": {"counts": {"0x0": 2574, "0x1": 259, "0x2": 227, "0x3": 14, "0x4": 680, "0x5": 248, "0x6": 71, "0x7": 23}, "snapshots": null, "memory": null, "statevector": null, "unitary": null}}, {"shots": 4096, "success": true, "status": null, "seed": null, "meas_level": 2, "meas_return": null, "header": {"qubit_labels": [["q", 0], ["q", 1], ["q", 2], ["q", 3], ["q", 4]], "n_qubits": 5, "qreg_sizes": [["q", 5]], "clbit_labels": [["c", 0], ["c", 1], ["c", 2]], "memory_slots": 3, "creg_sizes": [["c", 3]], "name": "circuit-3035074", "global_phase": 0.0, "metadata": {}}, "data": {"counts": {"0x0": 656, "0x1": 530, "0x2": 546, "0x3": 431, "0x4": 682, "0x5": 253, "0x6": 335, "0x7": 663}, "snapshots": null, "memory": null, "statevector": null, "unitary": null}}, {"shots": 4096, "success": true, "status": null, "seed": null, "meas_level": 2, "meas_return": null, "header": {"qubit_labels": [["q", 0], ["q", 1], ["q", 2], ["q", 3], ["q", 4]], "n_qubits": 5, "qreg_sizes": [["q", 5]], "clbit_labels": [["c", 0], ["c", 1], ["c", 2]], "memory_slots": 3, "creg_sizes": [["c", 3]], "name": "circuit-3035075", "global_phase": 0.0, "metadata": {}}, "data": {"counts": {"0x0": 2965, "0x1": 306, "0x2": 319, "0x3": 36, "0x4": 347, "0x5": 72, "0x6": 41, "0x7": 10}, "snapshots": null, "memory": null, "statevector": null, "unitary": null}}, {"shots": 4096, "success": true, "status": null, "seed": null, "meas_level": 2, "meas_return": null, "header": {"qubit_labels": [["q", 0], ["q", 1], ["q", 2], ["q", 3], ["q", 4]], "n_qubits": 5, "qreg_sizes": [["q", 5]], "clbit_labels": [["c", 0], ["c", 1], ["c", 2]], "memory_slots": 3, "creg_sizes": [["c", 3]], "name": "circuit-3036016", "global_phase": 0.0, "metadata": {}}, "data": {"counts": {"0x0": 355, "0x1": 562, "0x2": 680, "0x3": 263, "0x4": 827, "0x5": 333, "0x6": 355, "0x7": 721}, "snapshots": null, "memory": null, "statevector": null, "unitary": null}}, {"shots": 4096, "success": true, "status": null, "seed": null, "meas_level": 2, "meas_return": null, "header": {"qubit_labels": [["q", 0], ["q", 1], ["q", 2], ["q", 3], ["q", 4]], "n_qubits": 5, "qreg_sizes": [["q", 5]], "clbit_labels": [["c", 0], ["c", 1], ["c", 2]], "memory_slots": 3, "creg_sizes": [["c", 3]], "name": "circuit-3036017", "global_phase": 0.0, "metadata": {}}, "data": {"counts": {"0x0": 2474, "0x1": 236, "0x2": 300, "0x3": 36, "0x4": 710, "0x5": 243, "0x6": 72, "0x7": 25}, "snapshots": null, "memory": null, "statevector": null, "unitary": null}}, {"shots": 4096, "success": true, "status": null, "seed": null, "meas_level": 2, "meas_return": null, "header": {"qubit_labels": [["q", 0], ["q", 1], ["q", 2], ["q", 3], ["q", 4]], "n_qubits": 5, "qreg_sizes": [["q", 5]], "clbit_labels": [["c", 0], ["c", 1], ["c", 2]], "memory_slots": 3, "creg_sizes": [["c", 3]], "name": "circuit-3037106", "global_phase": 0.0, "metadata": {}}, "data": {"counts": {"0x0": 363, "0x1": 784, "0x2": 656, "0x3": 298, "0x4": 733, "0x5": 232, "0x6": 277, "0x7": 753}, "snapshots": null, "memory": null, "statevector": null, "unitary": null}}, {"shots": 4096, "success": true, "status": null, "seed": null, "meas_level": 2, "meas_return": null, "header": {"qubit_labels": [["q", 0], ["q", 1], ["q", 2], ["q", 3], ["q", 4]], "n_qubits": 5, "qreg_sizes": [["q", 5]], "clbit_labels": [["c", 0], ["c", 1], ["c", 2]], "memory_slots": 3, "creg_sizes": [["c", 3]], "name": "circuit-3037107", "global_phase": 0.0, "metadata": {}}, "data": {"counts": {"0x0": 2076, "0x1": 260, "0x2": 297, "0x3": 35, "0x4": 1088, "0x5": 147, "0x6": 167, "0x7": 26}, "snapshots": null, "memory": null, "statevector": null, "unitary": null}}, {"shots": 4096, "success": true, "status": null, "seed": null, "meas_level": 2, "meas_return": null, "header": {"qubit_labels": [["q", 0], ["q", 1], ["q", 2], ["q", 3], ["q", 4]], "n_qubits": 5, "qreg_sizes": [["q", 5]], "clbit_labels": [["c", 0], ["c", 1], ["c", 2]], "memory_slots": 3, "creg_sizes": [["c", 3]], "name": "circuit-3038330", "global_phase": 0.0, "metadata": {}}, "data": {"counts": {"0x0": 354, "0x1": 778, "0x2": 805, "0x3": 232, "0x4": 678, "0x5": 302, "0x6": 293, "0x7": 654}, "snapshots": null, "memory": null, "statevector": null, "unitary": null}}, {"shots": 4096, "success": true, "status": null, "seed": null, "meas_level": 2, "meas_return": null, "header": {"qubit_labels": [["q", 0], ["q", 1], ["q", 2], ["q", 3], ["q", 4]], "n_qubits": 5, "qreg_sizes": [["q", 5]], "clbit_labels": [["c", 0], ["c", 1], ["c", 2]], "memory_slots": 3, "creg_sizes": [["c", 3]], "name": "circuit-3038331", "global_phase": 0.0, "metadata": {}}, "data": {"counts": {"0x0": 2629, "0x1": 439, "0x2": 417, "0x3": 69, "0x4": 318, "0x5": 154, "0x6": 54, "0x7": 16}, "snapshots": null, "memory": null, "statevector": null, "unitary": null}}, {"shots": 4096, "success": true, "status": null, "seed": null, "meas_level": 2, "meas_return": null, "header": {"qubit_labels": [["q", 0], ["q", 1], ["q", 2], ["q", 3], ["q", 4]], "n_qubits": 5, "qreg_sizes": [["q", 5]], "clbit_labels": [["c", 0], ["c", 1], ["c", 2]], "memory_slots": 3, "creg_sizes": [["c", 3]], "name": "circuit-3039706", "global_phase": 0.0, "metadata": {}}, "data": {"counts": {"0x0": 347, "0x1": 366, "0x2": 515, "0x3": 366, "0x4": 1045, "0x5": 334, "0x6": 400, "0x7": 723}, "snapshots": null, "memory": null, "statevector": null, "unitary": null}}, {"shots": 4096, "success": true, "status": null, "seed": null, "meas_level": 2, "meas_return": null, "header": {"qubit_labels": [["q", 0], ["q", 1], ["q", 2], ["q", 3], ["q", 4]], "n_qubits": 5, "qreg_sizes": [["q", 5]], "clbit_labels": [["c", 0], ["c", 1], ["c", 2]], "memory_slots": 3, "creg_sizes": [["c", 3]], "name": "circuit-3039707", "global_phase": 0.0, "metadata": {}}, "data": {"counts": {"0x0": 2491, "0x1": 433, "0x2": 429, "0x3": 70, "0x4": 416, "0x5": 164, "0x6": 60, "0x7": 33}, "snapshots": null, "memory": null, "statevector": null, "unitary": null}}, {"shots": 4096, "success": true, "status": null, "seed": null, "meas_level": 2, "meas_return": null, "header": {"qubit_labels": [["q", 0], ["q", 1], ["q", 2], ["q", 3], ["q", 4]], "n_qubits": 5, "qreg_sizes": [["q", 5]], "clbit_labels": [["c", 0], ["c", 1], ["c", 2]], "memory_slots": 3, "creg_sizes": [["c", 3]], "name": "circuit-3041183", "global_phase": 0.0, "metadata": {}}, "data": {"counts": {"0x0": 624, "0x1": 597, "0x2": 520, "0x3": 489, "0x4": 728, "0x5": 347, "0x6": 351, "0x7": 440}, "snapshots": null, "memory": null, "statevector": null, "unitary": null}}, {"shots": 4096, "success": true, "status": null, "seed": null, "meas_level": 2, "meas_return": null, "header": {"qubit_labels": [["q", 0], ["q", 1], ["q", 2], ["q", 3], ["q", 4]], "n_qubits": 5, "qreg_sizes": [["q", 5]], "clbit_labels": [["c", 0], ["c", 1], ["c", 2]], "memory_slots": 3, "creg_sizes": [["c", 3]], "name": "circuit-3041184", "global_phase": 0.0, "metadata": {}}, "data": {"counts": {"0x0": 2406, "0x1": 516, "0x2": 439, "0x3": 89, "0x4": 391, "0x5": 167, "0x6": 57, "0x7": 31}, "snapshots": null, "memory": null, "statevector": null, "unitary": null}}], "error": null}