{"backend_name": "ibmq_manila", "backend_version": "1.0.35", "qobj_id": "2e09c0b2-669e-4a21-a922-3d23bc1a037d", "job_id": "62ebe531577aabb7e24a7633", "date": "2022-08-04T16:34:45Z", "success": true, "status": "Successful completion", "execution_id": "0a380520-1413-11ed-9fb7-bc97e15b08d0", "time_taken": 132.36863923072815, "header": {"backend_name": "ibmq_manila", "backend_version": "1.0.35"}, "results": [{"shots": 4096, "success": true, "status": null, "seed": null, "meas_level": 2, "meas_return": null, "header": {"qubit_labels": [["q", 0], ["q", 1], ["q", 2], ["q", 3], ["q", 4]], "n_qubits": 5, "qreg_sizes": [["q", 5]], "clbit_labels": [["c", 0], ["c", 1], ["c", 2]], "memory_slots": 3, "creg_sizes": [["c", 3]], "name": "circuit-2964844", "global_phase": 0.0, "metadata": {}}, "data": {"counts": {"0x0": 798, "0x1": 174, "0x2": 213, "0x3": 703, "0x4": 173, "0x5": 1005, "0x6": 912, "0x7": 118}, "snapshots": null, "memory": null, "statevector": null, "unitary": null}}, {"shots": 4096, "success": true, "status": null, "seed": null, "meas_level": 2, "meas_return": null, "header": {"qubit_labels": [["q", 0], ["q", 1], ["q", 2], ["q", 3], ["q", 4]], "n_qubits": 5, "qreg_sizes": [["q", 5]], "clbit_labels": [["c", 0], ["c", 1], ["c", 2]], "memory_slots": 3, "creg_sizes": [["c", 3]], "name": "circuit-2964845", "global_phase": 0.0, "metadata": {}}, "data": {"counts": {"0x0": 3670, "0x1": 101, "0x2": 170, "0x3": 2, "0x4": 94, "0x5": 53, "0x6": 5, "0x7": 1}, "snapshots": null, "memory": null, "statevector": null, "unitary": null}}, {"shots": 4096, "success": true, "status": null, "seed": null, "meas_level": 2, "meas_return": null, "header": {"qubit_labels": [["q", 0], ["q", 1], ["q", 2], ["q", 3], ["q", 4]], "n_qubits": 5, "qreg_sizes": [["q", 5]], "clbit_labels": [["c", 0], ["c", 1], ["c", 2]], "memory_slots": 3, "creg_sizes": [["c", 3]], "name": "circuit-2965172", "global_phase": 0.0, "metadata": {}}, "data": {"counts": {"0x0": 771, "0x1": 284, "0x2": 272, "0x3": 624, "0x4": 371, "0x5": 781, "0x6": 737, "0x7": 256}, "snapshots": null, "memory": null, "statevector": null, "unitary": null}}, {"shots": 4096, "success": true, "status": null, "seed": null, "meas_level": 2, "meas_return": null, "header": {"qubit_labels": [["q", 0], ["q", 1], ["q", 2], ["q", 3], ["q", 4]], "n_qubits": 5, "qreg_sizes": [["q", 5]], "clbit_labels": [["c", 0], ["c", 1], ["c", 2]], "memory_slots": 3, "creg_sizes": [["c", 3]], "name": "circuit-2965173", "global_phase": 0.0, "metadata": {}}, "data": {"counts": {"0x0": 3507, "0x1": 158, "0x2": 229, "0x3": 9, "0x4": 151, "0x5": 23, "0x6": 15, "0x7": 4}, "snapshots": null, "memory": null, "statevector": null, "unitary": null}}, {"shots": 4096, "success": true, "status": null, "seed": null, "meas_level": 2, "meas_return": null, "header": {"qubit_labels": [["q", 0], ["q", 1], ["q", 2], ["q", 3], ["q", 4]], "n_qubits": 5, "qreg_sizes": [["q", 5]], "clbit_labels": [["c", 0], ["c", 1], ["c", 2]], "memory_slots": 3, "creg_sizes": [["c", 3]], "name": "circuit-2965654", "global_phase": 0.0, "metadata": {}}, "data": {"counts": {"0x0": 1016, "0x1": 330, "0x2": 323, "0x3": 887, "0x4": 326, "0x5": 457, "0x6": 468, "0x7": 289}, "snapshots": null, "memory": null, "statevector": null, "unitary": null}}, {"shots": 4096, "success": true, "status": null, "seed": null, "meas_level": 2, "meas_return": null, "header": {"qubit_labels": [["q", 0], ["q", 1], ["q", 2], ["q", 3], ["q", 4]], "n_qubits": 5, "qreg_sizes": [["q", 5]], "clbit_labels": [["c", 0], ["c", 1], ["c", 2]], "memory_slots": 3, "creg_sizes": [["c", 3]], "name": "circuit-2965655", "global_phase": 0.0, "metadata": {}}, "data": {"counts": {"0x0": 3368, "0x1": 231, "0x2": 251, "0x3": 15, "0x4": 165, "0x5": 49, "0x6": 10, "0x7": 7}, "snapshots": null, "memory": null, "statevector": null, "unitary": null}}, {"shots": 4096, "success": true, "status": null, "seed": null, "meas_level": 2, "meas_return": null, "header": {"qubit_labels": [["q", 0], ["q", 1], ["q", 2], ["q", 3], ["q", 4]], "n_qubits": 5, "qreg_sizes": [["q", 5]], "clbit_labels": [["c", 0], ["c", 1], ["c", 2]], "memory_slots": 3, "creg_sizes": [["c", 3]], "name": "circuit-2966290", "global_phase": 0.0, "metadata": {}}, "data": {"counts": {"0x0": 612, "0x1": 383, "0x2": 356, "0x3": 404, "0x4": 856, "0x5": 367, "0x6": 336, "0x7": 782}, "snapshots": null, "memory": null, "statevector": null, "unitary": null}}, {"shots": 4096, "success": true, "status": null, "seed": null, "meas_level": 2, "meas_return": null, "header": {"qubit_labels": [["q", 0], ["q", 1], ["q", 2], ["q", 3], ["q", 4]], "n_qubits": 5, "qreg_sizes": [["q", 5]], "clbit_labels": [["c", 0], ["c", 1], ["c", 2]], "memory_slots": 3, "creg_sizes": [["c", 3]], "name": "circuit-2966291", "global_phase": 0.0, "metadata": {}}, "data": {"counts": {"0x0": 2881, "0x1": 227, "0x2": 244, "0x3": 33, "0x4": 555, "0x5": 98, "0x6": 45, "0x7": 13}, "snapshots": null, "memory": null, "statevector": null, "unitary": null}}, {"shots": 4096, "success": true, "status": null, "seed": null, "meas_level": 2, "meas_return": null, "header": {"qubit_labels": [["q", 0], ["q", 1], ["q", 2], ["q", 3], ["q", 4]], "n_qubits": 5, "qreg_sizes": [["q", 5]], "clbit_labels": [["c", 0], ["c", 1], ["c", 2]], "memory_slots": 3, "creg_sizes": [["c", 3]], "name": "circuit-2967054", "global_phase": 0.0, "metadata": {}}, "data": {"counts": {"0x0": 456, "0x1": 506, "0x2": 666, "0x3": 281, "0x4": 597, "0x5": 517, "0x6": 461, "0x7": 612}, "snapshots": null, "memory": null, "statevector": null, "unitary": null}}, {"shots": 4096, "success": true, "status": null, "seed": null, "meas_level": 2, "meas_return": null, "header": {"qubit_labels": [["q", 0], ["q", 1], ["q", 2], ["q", 3], ["q", 4]], "n_qubits": 5, "qreg_sizes": [["q", 5]], "clbit_labels": [["c", 0], ["c", 1], ["c", 2]], "memory_slots": 3, "creg_sizes": [["c", 3]], "name": "circuit-2967055", "global_phase": 0.0, "metadata": {}}, "data": {"counts": {"0x0": 2417, "0x1": 211, "0x2": 235, "0x3": 29, "0x4": 999, "0x5": 95, "0x6": 95, "0x7": 15}, "snapshots": null, "memory": null, "statevector": null, "unitary": null}}, {"shots": 4096, "success": true, "status": null, "seed": null, "meas_level": 2, "meas_return": null, "header": {"qubit_labels": [["q", 0], ["q", 1], ["q", 2], ["q", 3], ["q", 4]], "n_qubits": 5, "qreg_sizes": [["q", 5]], "clbit_labels": [["c", 0], ["c", 1], ["c", 2]], "memory_slots": 3, "creg_sizes": [["c", 3]], "name": "circuit-2967978", "global_phase": 0.0, "metadata": {}}, "data": {"counts": {"0x0": 571, "0x1": 757, "0x2": 651, "0x3": 356, "0x4": 673, "0x5": 279, "0x6": 199, "0x7": 610}, "snapshots": null, "memory": null, "statevector": null, "unitary": null}}, {"shots": 4096, "success": true, "status": null, "seed": null, "meas_level": 2, "meas_return": null, "header": {"qubit_labels": [["q", 0], ["q", 1], ["q", 2], ["q", 3], ["q", 4]], "n_qubits": 5, "qreg_sizes": [["q", 5]], "clbit_labels": [["c", 0], ["c", 1], ["c", 2]], "memory_slots": 3, "creg_sizes": [["c", 3]], "name": "circuit-2967979", "global_phase": 0.0, "metadata": {}}, "data": {"counts": {"0x0": 2768, "0x1": 320, "0x2": 416, "0x3": 43, "0x4": 310, "0x5": 158, "0x6": 51, "0x7": 30}, "snapshots": null, "memory": null, "statevector": null, "unitary": null}}, {"shots": 4096, "success": true, "status": null, "seed": null, "meas_level": 2, "meas_return": null, "header": {"qubit_labels": [["q", 0], ["q", 1], ["q", 2], ["q", 3], ["q", 4]], "n_qubits": 5, "qreg_sizes": [["q", 5]], "clbit_labels": [["c", 0], ["c", 1], ["c", 2]], "memory_slots": 3, "creg_sizes": [["c", 3]], "name": "circuit-2969026", "global_phase": 0.0, "metadata": {}}, "data": {"counts": {"0x0": 397, "0x1": 614, "0x2": 640, "0x3": 240, "0x4": 929, "0x5": 270, "0x6": 240, "0x7": 766}, "snapshots": null, "memory": null, "statevector": null, "unitary": null}}, {"shots": 4096, "success": true, "status": null, "seed": null, "meas_level": 2, "meas_return": null, "header": {"qubit_labels": [["q", 0], ["q", 1], ["q", 2], ["q", 3], ["q", 4]], "n_qubits": 5, "qreg_sizes": [["q", 5]], "clbit_labels": [["c", 0], ["c", 1], ["c", 2]], "memory_slots": 3, "creg_sizes": [["c", 3]], "name": "circuit-2969027", "global_phase": 0.0, "metadata": {}}, "data": {"counts": {"0x0": 2806, "0x1": 371, "0x2": 389, "0x3": 53, "0x4": 317, "0x5": 100, "0x6": 40, "0x7": 20}, "snapshots": null, "memory": null, "statevector": null, "unitary": null}}, {"shots": 4096, "success": true, "status": null, "seed": null, "meas_level": 2, "meas_return": null, "header": {"qubit_labels": [["q", 0], ["q", 1], ["q", 2], ["q", 3], ["q", 4]], "n_qubits": 5, "qreg_sizes": [["q", 5]], "clbit_labels": [["c", 0], ["c", 1], ["c", 2]], "memory_slots": 3, "creg_sizes": [["c", 3]], "name": "circuit-2970230", "global_phase": 0.0, "metadata": {}}, "data": {"counts": {"0x0": 445, "0x1": 672, "0x2": 635, "0x3": 337, "0x4": 816, "0x5": 252, "0x6": 254, "0x7": 685}, "snapshots": null, "memory": null, "statevector": null, "unitary": null}}, {"shots": 4096, "success": true, "status": null, "seed": null, "meas_level": 2, "meas_return": null, "header": {"qubit_labels": [["q", 0], ["q", 1], ["q", 2], ["q", 3], ["q", 4]], "n_qubits": 5, "qreg_sizes": [["q", 5]], "clbit_labels": [["c", 0], ["c", 1], ["c", 2]], "memory_slots": 3, "creg_sizes": [["c", 3]], "name": "circuit-2970231", "global_phase": 0.0, "metadata": {}}, "data": {"counts": {"0x0": 2731, "0x1": 319, "0x2": 371, "0x3": 53, "0x4": 329, "0x5": 223, "0x6": 38, "0x7": 32}, "snapshots": null, "memory": null, "statevector": null, "unitary": null}}, {"shots": 4096, "success": true, "status": null, "seed": null, "meas_level": 2, "meas_return": null, "header": {"qubit_labels": [["q", 0], ["q", 1], ["q", 2], ["q", 3], ["q", 4]], "n_qubits": 5, "qreg_sizes": [["q", 5]], "clbit_labels": [["c", 0], ["c", 1], ["c", 2]], "memory_slots": 3, "creg_sizes": [["c", 3]], "name": "circuit-2971573", "global_phase": 0.0, "metadata": {}}, "data": {"counts": {"0x0": 427, "0x1": 752, "0x2": 695, "0x3": 417, "0x4": 729, "0x5": 278, "0x6": 284, "0x7": 514}, "snapshots": null, "memory": null, "statevector": null, "unitary": null}}, {"shots": 4096, "success": true, "status": null, "seed": null, "meas_level": 2, "meas_return": null, "header": {"qubit_labels": [["q", 0], ["q", 1], ["q", 2], ["q", 3], ["q", 4]], "n_qubits": 5, "qreg_sizes": [["q", 5]], "clbit_labels": [["c", 0], ["c", 1], ["c", 2]], "memory_slots": 3, "creg_sizes": [["c", 3]], "name": "circuit-2971574", "global_phase": 0.0, "metadata": {}}, "data": {"counts": {"0x0": 2380, "0x1": 400, "0x2": 387, "0x3": 52, "0x4": 544, "0x5": 167, "0x6": 115, "0x7": 51}, "snapshots": null, "memory": null, "statevector": null, "unitary": null}}, {"shots": 4096, "success": true, "status": null, "seed": null, "meas_level": 2, "meas_return": null, "header": {"qubit_labels": [["q", 0], ["q", 1], ["q", 2], ["q", 3], ["q", 4]], "n_qubits": 5, "qreg_sizes": [["q", 5]], "clbit_labels": [["c", 0], ["c", 1], ["c", 2]], "memory_slots": 3, "creg_sizes": [["c", 3]], "name": "circuit-2973097", "global_phase": 0.0, "metadata": {}}, "data": {"counts": {"0x0": 345, "0x1": 714, "0x2": 784, "0x3": 290, "0x4": 564, "0x5": 336, "0x6": 506, "0x7": 557}, "snapshots": null, "memory": null, "statevector": null, "unitary": null}}, {"shots": 4096, "success": true, "status": null, "seed": null, "meas_level": 2, "meas_return": null, "header": {"qubit_labels": [["q", 0], ["q", 1], ["q", 2], ["q", 3], ["q", 4]], "n_qubits": 5, "qreg_sizes": [["q", 5]], "clbit_labels": [["c", 0], ["c", 1], ["c", 2]], "memory_slots": 3, "creg_sizes": [["c", 3]], "name": "circuit-2973098", "global_phase": 0.0, "metadata": {}}, "data": {"counts": {"0x0": 2278, "0x1": 328, "0x2": 452, "0x3": 54, "0x4": 637, "0x5": 174, "0x6": 129, "0x7": 44}, "snapshots": null, "memory": null, "statevector": null, "unitary": null}}, {"shots": 4096, "success": true, "status": null, "seed": null, "meas_level": 2, "meas_return": null, "header": {"qubit_labels": [["q", 0], ["q", 1], ["q", 2], ["q", 3], ["q", 4]], "n_qubits": 5, "qreg_sizes": [["q", 5]], "clbit_labels": [["c", 0], ["c", 1], ["c", 2]], "memory_slots": 3, "creg_sizes": [["c", 3]], "name": "circuit-2974720", "global_phase": 0.0, "metadata": {}}, "data": {"counts": {"0x0": 421, "0x1": 925, "0x2": 655, "0x3": 296, "0x4": 457, "0x5": 428, "0x6": 487, "0x7": 427}, "snapshots": null, "memory": null, "statevector": null, "unitary": null}}, {"shots": 4096, "success": true, "status": null, "seed": null, "meas_level": 2, "meas_return": null, "header": {"qubit_labels": [["q", 0], ["q", 1], ["q", 2], ["q", 3], ["q", 4]], "n_qubits": 5, "qreg_sizes": [["q", 5]], "clbit_labels": [["c", 0], ["c", 1], ["c", 2]], "memory_slots": 3, "creg_sizes": [["c", 3]], "name": "circuit-2974721", "global_phase": 0.0, "metadata": {}}, "data": {"counts": {"0x0": 2113, "0x1": 405, "0x2": 420, "0x3": 95, "0x4": 704, "0x5": 187, "0x6": 134, "0x7": 38}, "snapshots": null, "memory": null, "statevector": null, "unitary": null}}, {"shots": 4096, "success": true, "status": null, "seed": null, "meas_level": 2, "meas_return": null, "header": {"qubit_labels": [["q", 0], ["q", 1], ["q", 2], ["q", 3], ["q", 4]], "n_qubits": 5, "qreg_sizes": [["q", 5]], "clbit_labels": [["c", 0], ["c", 1], ["c", 2]], "memory_slots": 3, "creg_sizes": [["c", 3]], "name": "circuit-2976478", "global_phase": 0.0, "metadata": {}}, "data": {"counts": {"0x0": 637, "0x1": 587, "0x2": 502, "0x3": 784, "0x4": 452, "0x5": 372, "0x6": 464, "0x7": 298}, "snapshots": null, "memory": null, "statevector": null, "unitary": null}}, {"shots": 4096, "success": true, "status": null, "seed": null, "meas_level": 2, "meas_return": null, "header": {"qubit_labels": [["q", 0], ["q", 1], ["q", 2], ["q", 3], ["q", 4]], "n_qubits": 5, "qreg_sizes": [["q", 5]], "clbit_labels": [["c", 0], ["c", 1], ["c", 2]], "memory_slots": 3, "creg_sizes": [["c", 3]], "name": "circuit-2976479", "global_phase": 0.0, "metadata": {}}, "data": {"counts": {"0x0": 1819, "0x1": 499, "0x2": 460, "0x3": 103, "0x4": 758, "0x5": 208, "0x6": 197, "0x7": 52}, "snapshots": null, "memory": null, "statevector": null, "unitary": null}}, {"shots": 4096, "success": true, "status": null, "seed": null, "meas_level": 2, "meas_return": null, "header": {"qubit_labels": [["q", 0], ["q", 1], ["q", 2], ["q", 3], ["q", 4]], "n_qubits": 5, "qreg_sizes": [["q", 5]], "clbit_labels": [["c", 0], ["c", 1], ["c", 2]], "memory_slots": 3, "creg_sizes": [["c", 3]], "name": "circuit-2978400", "global_phase": 0.0, "metadata": {}}, "data": {"counts": {"0x0": 723, "0x1": 430, "0x2": 434, "0x3": 581, "0x4": 619, "0x5": 337, "0x6": 490, "0x7": 482}, "snapshots": null, "memory": null, "statevector": null, "unitary": null}}, {"shots": 4096, "success": true, "status": null, "seed": null, "meas_level": 2, "meas_return": null, "header": {"qubit_labels": [["q", 0], ["q", 1], ["q", 2], ["q", 3], ["q", 4]], "n_qubits": 5, "qreg_sizes": [["q", 5]], "clbit_labels": [["c", 0], ["c", 1], ["c", 2]], "memory_slots": 3, "creg_sizes": [["c", 3]], "name": "circuit-2978401", "global_phase": 0.0, "metadata": {}}, "data": {"counts": {"0x0": 1749, "0x1": 382, "0x2": 427, "0x3": 85, "0x4": 959, "0x5": 215, "0x6": 219, "0x7": 60}, "snapshots": null, "memory": null, "statevector": null, "unitary": null}}, {"shots": 4096, "success": true, "status": null, "seed": null, "meas_level": 2, "meas_return": null, "header": {"qubit_labels": [["q", 0], ["q", 1], ["q", 2], ["q", 3], ["q", 4]], "n_qubits": 5, "qreg_sizes": [["q", 5]], "clbit_labels": [["c", 0], ["c", 1], ["c", 2]], "memory_slots": 3, "creg_sizes": [["c", 3]], "name": "circuit-2980412", "global_phase": 0.0, "metadata": {}}, "data": {"counts": {"0x0": 756, "0x1": 344, "0x2": 400, "0x3": 603, "0x4": 485, "0x5": 490, "0x6": 661, "0x7": 357}, "snapshots": null, "memory": null, "statevector": null, "unitary": null}}, {"shots": 4096, "success": true, "status": null, "seed": null, "meas_level": 2, "meas_return": null, "header": {"qubit_labels": [["q", 0], ["q", 1], ["q", 2], ["q", 3], ["q", 4]], "n_qubits": 5, "qreg_sizes": [["q", 5]], "clbit_labels": [["c", 0], ["c", 1], ["c", 2]], "memory_slots": 3, "creg_sizes": [["c", 3]], "name": "circuit-2980413", "global_phase": 0.0, "metadata": {}}, "data": {"counts": {"0x0": 1598, "0x1": 344, "0x2": 495, "0x3": 76, "0x4": 886, "0x5": 320, "0x6": 275, "0x7": 102}, "snapshots": null, "memory": null, "statevector": null, "unitary": null}}, {"shots": 4096, "success": true, "status": null, "seed": null, "meas_level": 2, "meas_return": null, "header": {"qubit_labels": [["q", 0], ["q", 1], ["q", 2], ["q", 3], ["q", 4]], "n_qubits": 5, "qreg_sizes": [["q", 5]], "clbit_labels": [["c", 0], ["c", 1], ["c", 2]], "memory_slots": 3, "creg_sizes": [["c", 3]], "name": "circuit-2982629", "global_phase": 0.0, "metadata": {}}, "data": {"counts": {"0x0": 629, "0x1": 508, "0x2": 453, "0x3": 440, "0x4": 429, "0x5": 571, "0x6": 730, "0x7": 336}, "snapshots": null, "memory": null, "statevector": null, "unitary": null}}, {"shots": 4096, "success": true, "status": null, "seed": null, "meas_level": 2, "meas_return": null, "header": {"qubit_labels": [["q", 0], ["q", 1], ["q", 2], ["q", 3], ["q", 4]], "n_qubits": 5, "qreg_sizes": [["q", 5]], "clbit_labels": [["c", 0], ["c", 1], ["c", 2]], "memory_slots": 3, "creg_sizes": [["c", 3]], "name": "circuit-2982630", "global_phase": 0.0, "metadata": {}}, "data": {"counts": {"0x0": 1445, "0x1": 443, "0x2": 404, "0x3": 120, "0x4": 1015, "0x5": 309, "0x6": 268, "0x7": 92}, "snapshots": null, "memory": null, "statevector": null, "unitary": null}}, {"shots": 4096, "success": true, "status": null, "seed": null, "meas_level": 2, "meas_return": null, "header": {"qubit_labels": [["q", 0], ["q", 1], ["q", 2], ["q", 3], ["q", 4]], "n_qubits": 5, "qreg_sizes": [["q", 5]], "clbit_labels": [["c", 0], ["c", 1], ["c", 2]], "memory_slots": 3, "creg_sizes": [["c", 3]], "name": "circuit-2984930", "global_phase": 0.0, "metadata": {}}, "data": {"counts": {"0x0": 512, "0x1": 403, "0x2": 380, "0x3": 491, "0x4": 506, "0x5": 743, "0x6": 638, "0x7": 423}, "snapshots": null, "memory": null, "statevector": null, "unitary": null}}, {"shots": 4096, "success": true, "status": null, "seed": null, "meas_level": 2, "meas_return": null, "header": {"qubit_labels": [["q", 0], ["q", 1], ["q", 2], ["q", 3], ["q", 4]], "n_qubits": 5, "qreg_sizes": [["q", 5]], "clbit_labels": [["c", 0], ["c", 1], ["c", 2]], "memory_slots": 3, "creg_sizes": [["c", 3]], "name": "circuit-2984931", "global_phase": 0.0, "metadata": {}}, "data": {"counts": {"0x0": 1407, "0x1": 698, "0x2": 491, "0x3": 197, "0x4": 663, "0x5": 348, "0x6": 201, "0x7": 91}, "snapshots": null, "memory": null, "statevector": null, "unitary": null}}, {"shots": 4096, "success": true, "status": null, "seed": null, "meas_level": 2, "meas_return": null, "header": {"qubit_labels": [["q", 0], ["q", 1], ["q", 2], ["q", 3], ["q", 4]], "n_qubits": 5, "qreg_sizes": [["q", 5]], "clbit_labels": [["c", 0], ["c", 1], ["c", 2]], "memory_slots": 3, "creg_sizes": [["c", 3]], "name": "circuit-2987467", "global_phase": 0.0, "metadata": {}}, "data": {"counts": {"0x0": 538, "0x1": 428, "0x2": 475, "0x3": 533, "0x4": 553, "0x5": 519, "0x6": 563, "0x7": 487}, "snapshots": null, "memory": null, "statevector": null, "unitary": null}}, {"shots": 4096, "success": true, "status": null, "seed": null, "meas_level": 2, "meas_return": null, "header": {"qubit_labels": [["q", 0], ["q", 1], ["q", 2], ["q", 3], ["q", 4]], "n_qubits": 5, "qreg_sizes": [["q", 5]], "clbit_labels": [["c", 0], ["c", 1], ["c", 2]], "memory_slots": 3, "creg_sizes": [["c", 3]], "name": "circuit-2987468", "global_phase": 0.0, "metadata": {}}, "data": {"counts": {"0x0": 1507, "0x1": 553, "0x2": 474, "0x3": 149, "0x4": 795, "0x5": 268, "0x6": 268, "0x7": 82}, "snapshots": null, "memory": null, "statevector": null, "unitary": null}}, {"shots": 4096, "success": true, "status": null, "seed": null, "meas_level": 2, "meas_return": null, "header": {"qubit_labels": [["q", 0], ["q", 1], ["q", 2], ["q", 3], ["q", 4]], "n_qubits": 5, "qreg_sizes": [["q", 5]], "clbit_labels": [["c", 0], ["c", 1], ["c", 2]], "memory_slots": 3, "creg_sizes": [["c", 3]], "name": "circuit-2990098", "global_phase": 0.0, "metadata": {}}, "data": {"counts": {"0x0": 555, "0x1": 542, "0x2": 597, "0x3": 508, "0x4": 493, "0x5": 443, "0x6": 576, "0x7": 382}, "snapshots": null, "memory": null, "statevector": null, "unitary": null}}, {"shots": 4096, "success": true, "status": null, "seed": null, "meas_level": 2, "meas_return": null, "header": {"qubit_labels": [["q", 0], ["q", 1], ["q", 2], ["q", 3], ["q", 4]], "n_qubits": 5, "qreg_sizes": [["q", 5]], "clbit_labels": [["c", 0], ["c", 1], ["c", 2]], "memory_slots": 3, "creg_sizes": [["c", 3]], "name": "circuit-2990099", "global_phase": 0.0, "metadata": {}}, "data": {"counts": {"0x0": 1598, "0x1": 572, "0x2": 537, "0x3": 197, "0x4": 599, "0x5": 275, "0x6": 211, "0x7": 107}, "snapshots": null, "memory": null, "statevector": null, "unitary": null}}, {"shots": 4096, "success": true, "status": null, "seed": null, "meas_level": 2, "meas_return": null, "header": {"qubit_labels": [["q", 0], ["q", 1], ["q", 2], ["q", 3], ["q", 4]], "n_qubits": 5, "qreg_sizes": [["q", 5]], "clbit_labels": [["c", 0], ["c", 1], ["c", 2]], "memory_slots": 3, "creg_sizes": [["c", 3]], "name": "circuit-2992864", "global_phase": 0.0, "metadata": {}}, "data": {"counts": {"0x0": 780, "0x1": 479, "0x2": 469, "0x3": 571, "0x4": 550, "0x5": 441, "0x6": 407, "0x7": 399}, "snapshots": null, "memory": null, "statevector": null, "unitary": null}}, {"shots": 4096, "success": true, "status": null, "seed": null, "meas_level": 2, "meas_return": null, "header": {"qubit_labels": [["q", 0], ["q", 1], ["q", 2], ["q", 3], ["q", 4]], "n_qubits": 5, "qreg_sizes": [["q", 5]], "clbit_labels": [["c", 0], ["c", 1], ["c", 2]], "memory_slots": 3, "creg_sizes": [["c", 3]], "name": "circuit-2992865", "global_phase": 0.0, "metadata": {}}, "data": {"counts": {"0x0": 1365, "0x1": 503, "0x2": 540, "0x3": 149, "0x4": 839, "0x5": 317, "0x6": 296, "0x7": 87}, "snapshots": null, "memory": null, "statevector": null, "unitary": null}}, {"shots": 4096, "success": true, "status": null, "seed": null, "meas_level": 2, "meas_return": null, "header": {"qubit_labels": [["q", 0], ["q", 1], ["q", 2], ["q", 3], ["q", 4]], "n_qubits": 5, "qreg_sizes": [["q", 5]], "clbit_labels": [["c", 0], ["c", 1], ["c", 2]], "memory_slots": 3, "creg_sizes": [["c", 3]], "name": "circuit-2995787", "global_phase": 0.0, "metadata": {}}, "data": {"counts": {"0x0": 481, "0x1": 609, "0x2": 728, "0x3": 415, "0x4": 478, "0x5": 452, "0x6": 482, "0x7": 451}, "snapshots": null, "memory": null, "statevector": null, "unitary": null}}, {"shots": 4096, "success": true, "status": null, "seed": null, "meas_level": 2, "meas_return": null, "header": {"qubit_labels": [["q", 0], ["q", 1], ["q", 2], ["q", 3], ["q", 4]], "n_qubits": 5, "qreg_sizes": [["q", 5]], "clbit_labels": [["c", 0], ["c", 1], ["c", 2]], "memory_slots": 3, "creg_sizes": [["c", 3]], "name": "circuit-2995788", "global_phase": 0.0, "metadata": {}}, "data": {"counts": {"0x0": 1430, "0x1": 475, "0x2": 631, "0x3": 168, "0x4": 674, "0x5": 302, "0x6": 314, "0x7": 102}, "snapshots": null, "memory": null, "statevector": null, "unitary": null}}, {"shots": 4096, "success": true, "status": null, "seed": null, "meas_level": 2, "meas_return": null, "header": {"qubit_labels": [["q", 0], ["q", 1], ["q", 2], ["q", 3], ["q", 4]], "n_qubits": 5, "qreg_sizes": [["q", 5]], "clbit_labels": [["c", 0], ["c", 1], ["c", 2]], "memory_slots": 3, "creg_sizes": [["c", 3]], "name": "circuit-2998754", "global_phase": 0.0, "metadata": {}}, "data": {"counts": {"0x0": 977, "0x1": 153, "0x2": 208, "0x3": 701, "0x4": 174, "0x5": 885, "0x6": 898, "0x7": 100}, "snapshots": null, "memory": null, "statevector": null, "unitary": null}}, {"shots": 4096, "success": true, "status": null, "seed": null, "meas_level": 2, "meas_return": null, "header": {"qubit_labels": [["q", 0], ["q", 1], ["q", 2], ["q", 3], ["q", 4]], "n_qubits": 5, "qreg_sizes": [["q", 5]], "clbit_labels": [["c", 0], ["c", 1], ["c", 2]], "memory_slots": 3, "creg_sizes": [["c", 3]], "name": "circuit-2998755", "global_phase": 0.0, "metadata": {}}, "data": {"counts": {"0x0": 3708, "0x1": 74, "0x2": 171, "0x3": 2, "0x4": 92, "0x5": 42, "0x6": 3, "0x7": 4}, "snapshots": null, "memory": null, "statevector": null, "unitary": null}}, {"shots": 4096, "success": true, "status": null, "seed": null, "meas_level": 2, "meas_return": null, "header": {"qubit_labels": [["q", 0], ["q", 1], ["q", 2], ["q", 3], ["q", 4]], "n_qubits": 5, "qreg_sizes": [["q", 5]], "clbit_labels": [["c", 0], ["c", 1], ["c", 2]], "memory_slots": 3, "creg_sizes": [["c", 3]], "name": "circuit-2999079", "global_phase": 0.0, "metadata": {}}, "data": {"counts": {"0x0": 1344, "0x1": 195, "0x2": 218, "0x3": 1132, "0x4": 198, "0x5": 421, "0x6": 411, "0x7": 177}, "snapshots": null, "memory": null, "statevector": null, "unitary": null}}, {"shots": 4096, "success": true, "status": null, "seed": null, "meas_level": 2, "meas_return": null, "header": {"qubit_labels": [["q", 0], ["q", 1], ["q", 2], ["q", 3], ["q", 4]], "n_qubits": 5, "qreg_sizes": [["q", 5]], "clbit_labels": [["c", 0], ["c", 1], ["c", 2]], "memory_slots": 3, "creg_sizes": [["c", 3]], "name": "circuit-2999080", "global_phase": 0.0, "metadata": {}}, "data": {"counts": {"0x0": 3422, "0x1": 185, "0x2": 197, "0x3": 16, "0x4": 227, "0x5": 32, "0x6": 15, "0x7": 2}, "snapshots": null, "memory": null, "statevector": null, "unitary": null}}, {"shots": 4096, "success": true, "status": null, "seed": null, "meas_level": 2, "meas_return": null, "header": {"qubit_labels": [["q", 0], ["q", 1], ["q", 2], ["q", 3], ["q", 4]], "n_qubits": 5, "qreg_sizes": [["q", 5]], "clbit_labels": [["c", 0], ["c", 1], ["c", 2]], "memory_slots": 3, "creg_sizes": [["c", 3]], "name": "circuit-2999594", "global_phase": 0.0, "metadata": {}}, "data": {"counts": {"0x0": 871, "0x1": 281, "0x2": 262, "0x3": 662, "0x4": 443, "0x5": 693, "0x6": 500, "0x7": 384}, "snapshots": null, "memory": null, "statevector": null, "unitary": null}}, {"shots": 4096, "success": true, "status": null, "seed": null, "meas_level": 2, "meas_return": null, "header": {"qubit_labels": [["q", 0], ["q", 1], ["q", 2], ["q", 3], ["q", 4]], "n_qubits": 5, "qreg_sizes": [["q", 5]], "clbit_labels": [["c", 0], ["c", 1], ["c", 2]], "memory_slots": 3, "creg_sizes": [["c", 3]], "name": "circuit-2999595", "global_phase": 0.0, "metadata": {}}, "data": {"counts": {"0x0": 3334, "0x1": 214, "0x2": 237, "0x3": 27, "0x4": 219, "0x5": 46, "0x6": 11, "0x7": 8}, "snapshots": null, "memory": null, "statevector": null, "unitary": null}}, {"shots": 4096, "success": true, "status": null, "seed": null, "meas_level": 2, "meas_return": null, "header": {"qubit_labels": [["q", 0], ["q", 1], ["q", 2], ["q", 3], ["q", 4]], "n_qubits": 5, "qreg_sizes": [["q", 5]], "clbit_labels": [["c", 0], ["c", 1], ["c", 2]], "memory_slots": 3, "creg_sizes": [["c", 3]], "name": "circuit-3000205", "global_phase": 0.0, "metadata": {}}, "data": {"counts": {"0x0": 606, "0x1": 530, "0x2": 540, "0x3": 387, "0x4": 599, "0x5": 556, "0x6": 399, "0x7": 479}, "snapshots": null, "memory": null, "statevector": null, "unitary": null}}, {"shots": 4096, "success": true, "status": null, "seed": null, "meas_level": 2, "meas_return": null, "header": {"qubit_labels": [["q", 0], ["q", 1], ["q", 2], ["q", 3], ["q", 4]], "n_qubits": 5, "qreg_sizes": [["q", 5]], "clbit_labels": [["c", 0], ["c", 1], ["c", 2]], "memory_slots": 3, "creg_sizes": [["c", 3]], "name": "circuit-3000206", "global_phase": 0.0, "metadata": {}}, "data": {"counts": {"0x0": 3156, "0x1": 178, "0x2": 300, "0x3": 26, "0x4": 347, "0x5": 51, "0x6": 30, "0x7": 8}, "snapshots": null, "memory": null, "statevector": null, "unitary": null}}, {"shots": 4096, "success": true, "status": null, "seed": null, "meas_level": 2, "meas_return": null, "header": {"qubit_labels": [["q", 0], ["q", 1], ["q", 2], ["q", 3], ["q", 4]], "n_qubits": 5, "qreg_sizes": [["q", 5]], "clbit_labels": [["c", 0], ["c", 1], ["c", 2]], "memory_slots": 3, "creg_sizes": [["c", 3]], "name": "circuit-3000981", "global_phase": 0.0, "metadata": {}}, "data": {"counts": {"0x0": 520, "0x1": 496, "0x2": 463, "0x3": 380, "0x4": 583, "0x5": 664, "0x6": 471, "0x7": 519}, "snapshots": null, "memory": null, "statevector": null, "unitary": null}}, {"shots": 4096, "success": true, "status": null, "seed": null, "meas_level": 2, "meas_return": null, "header": {"qubit_labels": [["q", 0], ["q", 1], ["q", 2], ["q", 3], ["q", 4]], "n_qubits": 5, "qreg_sizes": [["q", 5]], "clbit_labels": [["c", 0], ["c", 1], ["c", 2]], "memory_slots": 3, "creg_sizes": [["c", 3]], "name": "circuit-3000982", "global_phase": 0.0, "metadata": {}}, "data": {"counts": {"0x0": 2510, "0x1": 342, "0x2": 242, "0x3": 38, "0x4": 698, "0x5": 163, "0x6": 75, "0x7": 28}, "snapshots": null, "memory": null, "statevector": null, "unitary": null}}, {"shots": 4096, "success": true, "status": null, "seed": null, "meas_level": 2, "meas_return": null, "header": {"qubit_labels": [["q", 0], ["q", 1], ["q", 2], ["q", 3], ["q", 4]], "n_qubits": 5, "qreg_sizes": [["q", 5]], "clbit_labels": [["c", 0], ["c", 1], ["c", 2]], "memory_slots": 3, "creg_sizes": [["c", 3]], "name": "circuit-3001935", "global_phase": 0.0, "metadata": {}}, "data": {"counts": {"0x0": 335, "0x1": 816, "0x2": 639, "0x3": 200, "0x4": 691, "0x5": 572, "0x6": 359, "0x7": 484}, "snapshots": null, "memory": null, "statevector": null, "unitary": null}}, {"shots": 4096, "success": true, "status": null, "seed": null, "meas_level": 2, "meas_return": null, "header": {"qubit_labels": [["q", 0], ["q", 1], ["q", 2], ["q", 3], ["q", 4]], "n_qubits": 5, "qreg_sizes": [["q", 5]], "clbit_labels": [["c", 0], ["c", 1], ["c", 2]], "memory_slots": 3, "creg_sizes": [["c", 3]], "name": "circuit-3001936", "global_phase": 0.0, "metadata": {}}, "data": {"counts": {"0x0": 2743, "0x1": 397, "0x2": 346, "0x3": 49, "0x4": 372, "0x5": 126, "0x6": 43, "0x7": 20}, "snapshots": null, "memory": null, "statevector": null, "unitary": null}}, {"shots": 4096, "success": true, "status": null, "seed": null, "meas_level": 2, "meas_return": null, "header": {"qubit_labels": [["q", 0], ["q", 1], ["q", 2], ["q", 3], ["q", 4]], "n_qubits": 5, "qreg_sizes": [["q", 5]], "clbit_labels": [["c", 0], ["c", 1], ["c", 2]], "memory_slots": 3, "creg_sizes": [["c", 3]], "name": "circuit-3003028", "global_phase": 0.0, "metadata": {}}, "data": {"counts": {"0x0": 473, "0x1": 861, "0x2": 699, "0x3": 272, "0x4": 654, "0x5": 241, "0x6": 264, "0x7": 632}, "snapshots": null, "memory": null, "statevector": null, "unitary": null}}, {"shots": 4096, "success": true, "status": null, "seed": null, "meas_level": 2, "meas_return": null, "header": {"qubit_labels": [["q", 0], ["q", 1], ["q", 2], ["q", 3], ["q", 4]], "n_qubits": 5, "qreg_sizes": [["q", 5]], "clbit_labels": [["c", 0], ["c", 1], ["c", 2]], "memory_slots": 3, "creg_sizes": [["c", 3]], "name": "circuit-3003029", "global_phase": 0.0, "metadata": {}}, "data": {"counts": {"0x0": 2693, "0x1": 299, "0x2": 348, "0x3": 40, "0x4": 506, "0x5": 124, "0x6": 71, "0x7": 15}, "snapshots": null, "memory": null, "statevector": null, "unitary": null}}, {"shots": 4096, "success": true, "status": null, "seed": null, "meas_level": 2, "meas_return": null, "header": {"qubit_labels": [["q", 0], ["q", 1], ["q", 2], ["q", 3], ["q", 4]], "n_qubits": 5, "qreg_sizes": [["q", 5]], "clbit_labels": [["c", 0], ["c", 1], ["c", 2]], "memory_slots": 3, "creg_sizes": [["c", 3]], "name": "circuit-3004230", "global_phase": 0.0, "metadata": {}}, "data": {"counts": {"0x0": 362, "0x1": 1118, "0x2": 843, "0x3": 218, "0x4": 535, "0x5": 255, "0x6": 328, "0x7": 437}, "snapshots": null, "memory": null, "statevector": null, "unitary": null}}, {"shots": 4096, "success": true, "status": null, "seed": null, "meas_level": 2, "meas_return": null, "header": {"qubit_labels": [["q", 0], ["q", 1], ["q", 2], ["q", 3], ["q", 4]], "n_qubits": 5, "qreg_sizes": [["q", 5]], "clbit_labels": [["c", 0], ["c", 1], ["c", 2]], "memory_slots": 3, "creg_sizes": [["c", 3]], "name": "circuit-3004231", "global_phase": 0.0, "metadata": {}}, "data": {"counts": {"0x0": 2739, "0x1": 288, "0x2": 451, "0x3": 66, "0x4": 385, "0x5": 96, "0x6": 50, "0x7": 21}, "snapshots": null, "memory": null, "statevector": null, "unitary": null}}, {"shots": 4096, "success": true, "status": null, "seed": null, "meas_level": 2, "meas_return": null, "header": {"qubit_labels": [["q", 0], ["q", 1], ["q", 2], ["q", 3], ["q", 4]], "n_qubits": 5, "qreg_sizes": [["q", 5]], "clbit_labels": [["c", 0], ["c", 1], ["c", 2]], "memory_slots": 3, "creg_sizes": [["c", 3]], "name": "circuit-3005591", "global_phase": 0.0, "metadata": {}}, "data": {"counts": {"0x0": 353, "0x1": 439, "0x2": 400, "0x3": 284, "0x4": 1011, "0x5": 332, "0x6": 425, "0x7": 852}, "snapshots": null, "memory": null, "statevector": null, "unitary": null}}, {"shots": 4096, "success": true, "status": null, "seed": null, "meas_level": 2, "meas_return": null, "header": {"qubit_labels": [["q", 0], ["q", 1], ["q", 2], ["q", 3], ["q", 4]], "n_qubits": 5, "qreg_sizes": [["q", 5]], "clbit_labels": [["c", 0], ["c", 1], ["c", 2]], "memory_slots": 3, "creg_sizes": [["c", 3]], "name": "circuit-3005592", "global_phase": 0.0, "metadata": {}}, "data": {"counts": {"0x0": 2541, "0x1": 431, "0x2": 432, "0x3": 53, "0x4": 386, "0x5": 164, "0x6": 58, "0x7": 31}, "snapshots": null, "memory": null, "statevector": null, "unitary": null}}, {"shots": 4096, "success": true, "status": null, "seed": null, "meas_level": 2, "meas_return": null, "header": {"qubit_labels": [["q", 0], ["q", 1], ["q", 2], ["q", 3], ["q", 4]], "n_qubits": 5, "qreg_sizes": [["q", 5]], "clbit_labels": [["c", 0], ["c", 1], ["c", 2]], "memory_slots": 3, "creg_sizes": [["c", 3]], "name": "circuit-3007055", "global_phase": 0.0, "metadata": {}}, "data": {"counts": {"0x0": 456, "0x1": 809, "0x2": 595, "0x3": 300, "0x4": 691, "0x5": 384, "0x6": 438, "0x7": 423}, "snapshots": null, "memory": null, "statevector": null, "unitary": null}}, {"shots": 4096, "success": true, "status": null, "seed": null, "meas_level": 2, "meas_return": null, "header": {"qubit_labels": [["q", 0], ["q", 1], ["q", 2], ["q", 3], ["q", 4]], "n_qubits": 5, "qreg_sizes": [["q", 5]], "clbit_labels": [["c", 0], ["c", 1], ["c", 2]], "memory_slots": 3, "creg_sizes": [["c", 3]], "name": "circuit-3007056", "global_phase": 0.0, "metadata": {}}, "data": {"counts": {"0x0": 2332, "0x1": 296, "0x2": 400, "0x3": 66, "0x4": 679, "0x5": 176, "0x6": 117, "0x7": 30}, "snapshots": null, "memory": null, "statevector": null, "unitary": null}}, {"shots": 4096, "success": true, "status": null, "seed": null, "meas_level": 2, "meas_return": null, "header": {"qubit_labels": [["q", 0], ["q", 1], ["q", 2], ["q", 3], ["q", 4]], "n_qubits": 5, "qreg_sizes": [["q", 5]], "clbit_labels": [["c", 0], ["c", 1], ["c", 2]], "memory_slots": 3, "creg_sizes": [["c", 3]], "name": "circuit-3008648", "global_phase": 0.0, "metadata": {}}, "data": {"counts": {"0x0": 502, "0x1": 619, "0x2": 701, "0x3": 518, "0x4": 614, "0x5": 310, "0x6": 373, "0x7": 459}, "snapshots": null, "memory": null, "statevector": null, "unitary": null}}, {"shots": 4096, "success": true, "status": null, "seed": null, "meas_level": 2, "meas_return": null, "header": {"qubit_labels": [["q", 0], ["q", 1], ["q", 2], ["q", 3], ["q", 4]], "n_qubits": 5, "qreg_sizes": [["q", 5]], "clbit_labels": [["c", 0], ["c", 1], ["c", 2]], "memory_slots": 3, "creg_sizes": [["c", 3]], "name": "circuit-3008649", "global_phase": 0.0, "metadata": {}}, "data": {"counts": {"0x0": 2550, "0x1": 377, "0x2": 498, "0x3": 77, "0x4": 361, "0x5": 132, "0x6": 69, "0x7": 32}, "snapshots": null, "memory": null, "statevector": null, "unitary": null}}, {"shots": 4096, "success": true, "status": null, "seed": null, "meas_level": 2, "meas_return": null, "header": {"qubit_labels": [["q", 0], ["q", 1], ["q", 2], ["q", 3], ["q", 4]], "n_qubits": 5, "qreg_sizes": [["q", 5]], "clbit_labels": [["c", 0], ["c", 1], ["c", 2]], "memory_slots": 3, "creg_sizes": [["c", 3]], "name": "circuit-3010434", "global_phase": 0.0, "metadata": {}}, "data": {"counts": {"0x0": 665, "0x1": 564, "0x2": 584, "0x3": 692, "0x4": 374, "0x5": 454, "0x6": 460, "0x7": 303}, "snapshots": null, "memory": null, "statevector": null, "unitary": null}}, {"shots": 4096, "success": true, "status": null, "seed": null, "meas_level": 2, "meas_return": null, "header": {"qubit_labels": [["q", 0], ["q", 1], ["q", 2], ["q", 3], ["q", 4]], "n_qubits": 5, "qreg_sizes": [["q", 5]], "clbit_labels": [["c", 0], ["c", 1], ["c", 2]], "memory_slots": 3, "creg_sizes": [["c", 3]], "name": "circuit-3010435", "global_phase": 0.0, "metadata": {}}, "data": {"counts": {"0x0": 1568, "0x1": 283, "0x2": 421, "0x3": 54, "0x4": 1123, "0x5": 290, "0x6": 291, "0x7": 66}, "snapshots": null, "memory": null, "statevector": null, "unitary": null}}, {"shots": 4096, "success": true, "status": null, "seed": null, "meas_level": 2, "meas_return": null, "header": {"qubit_labels": [["q", 0], ["q", 1], ["q", 2], ["q", 3], ["q", 4]], "n_qubits": 5, "qreg_sizes": [["q", 5]], "clbit_labels": [["c", 0], ["c", 1], ["c", 2]], "memory_slots": 3, "creg_sizes": [["c", 3]], "name": "circuit-3012374", "global_phase": 0.0, "metadata": {}}, "data": {"counts": {"0x0": 707, "0x1": 335, "0x2": 384, "0x3": 872, "0x4": 478, "0x5": 457, "0x6": 431, "0x7": 432}, "snapshots": null, "memory": null, "statevector": null, "unitary": null}}, {"shots": 4096, "success": true, "status": null, "seed": null, "meas_level": 2, "meas_return": null, "header": {"qubit_labels": [["q", 0], ["q", 1], ["q", 2], ["q", 3], ["q", 4]], "n_qubits": 5, "qreg_sizes": [["q", 5]], "clbit_labels": [["c", 0], ["c", 1], ["c", 2]], "memory_slots": 3, "creg_sizes": [["c", 3]], "name": "circuit-3012375", "global_phase": 0.0, "metadata": {}}, "data": {"counts": {"0x0": 1422, "0x1": 323, "0x2": 349, "0x3": 96, "0x4": 1136, "0x5": 413, "0x6": 247, "0x7": 110}, "snapshots": null, "memory": null, "statevector": null, "unitary": null}}, {"shots": 4096, "success": true, "status": null, "seed": null, "meas_level": 2, "meas_return": null, "header": {"qubit_labels": [["q", 0], ["q", 1], ["q", 2], ["q", 3], ["q", 4]], "n_qubits": 5, "qreg_sizes": [["q", 5]], "clbit_labels": [["c", 0], ["c", 1], ["c", 2]], "memory_slots": 3, "creg_sizes": [["c", 3]], "name": "circuit-3014458", "global_phase": 0.0, "metadata": {}}, "data": {"counts": {"0x0": 454, "0x1": 525, "0x2": 477, "0x3": 356, "0x4": 366, "0x5": 764, "0x6": 822, "0x7": 332}, "snapshots": null, "memory": null, "statevector": null, "unitary": null}}, {"shots": 4096, "success": true, "status": null, "seed": null, "meas_level": 2, "meas_return": null, "header": {"qubit_labels": [["q", 0], ["q", 1], ["q", 2], ["q", 3], ["q", 4]], "n_qubits": 5, "qreg_sizes": [["q", 5]], "clbit_labels": [["c", 0], ["c", 1], ["c", 2]], "memory_slots": 3, "creg_sizes": [["c", 3]], "name": "circuit-3014459", "global_phase": 0.0, "metadata": {}}, "data": {"counts": {"0x0": 1367, "0x1": 425, "0x2": 339, "0x3": 93, "0x4": 907, "0x5": 546, "0x6": 280, "0x7": 139}, "snapshots": null, "memory": null, "statevector": null, "unitary": null}}, {"shots": 4096, "success": true, "status": null, "seed": null, "meas_level": 2, "meas_return": null, "header": {"qubit_labels": [["q", 0], ["q", 1], ["q", 2], ["q", 3], ["q", 4]], "n_qubits": 5, "qreg_sizes": [["q", 5]], "clbit_labels": [["c", 0], ["c", 1], ["c", 2]], "memory_slots": 3, "creg_sizes": [["c", 3]], "name": "circuit-3016659", "global_phase": 0.0, "metadata": {}}, "data": {"counts": {"0x0": 785, "0x1": 361, "0x2": 393, "0x3": 700, "0x4": 459, "0x5": 476, "0x6": 531, "0x7": 391}, "snapshots": null, "memory": null, "statevector": null, "unitary": null}}, {"shots": 4096, "success": true, "status": null, "seed": null, "meas_level": 2, "meas_return": null, "header": {"qubit_labels": [["q", 0], ["q", 1], ["q", 2], ["q", 3], ["q", 4]], "n_qubits": 5, "qreg_sizes": [["q", 5]], "clbit_labels": [["c", 0], ["c", 1], ["c", 2]], "memory_slots": 3, "creg_sizes": [["c", 3]], "name": "circuit-3016660", "global_phase": 0.0, "metadata": {}}, "data": {"counts": {"0x0": 1539, "0x1": 652, "0x2": 489, "0x3": 149, "0x4": 680, "0x5": 260, "0x6": 248, "0x7": 79}, "snapshots": null, "memory": null, "statevector": null, "unitary": null}}, {"shots": 4096, "success": true, "status": null, "seed": null, "meas_level": 2, "meas_return": null, "header": {"qubit_labels": [["q", 0], ["q", 1], ["q", 2], ["q", 3], ["q", 4]], "n_qubits": 5, "qreg_sizes": [["q", 5]], "clbit_labels": [["c", 0], ["c", 1], ["c", 2]], "memory_slots": 3, "creg_sizes": [["c", 3]], "name": "circuit-3019014", "global_phase": 0.0, "metadata": {}}, "data": {"counts": {"0x0": 673, "0x1": 367, "0x2": 432, "0x3": 573, "0x4": 463, "0x5": 505, "0x6": 667, "0x7": 416}, "snapshots": null, "memory": null, "statevector": null, "unitary": null}}, {"shots": 4096, "success": true, "status": null, "seed": null, "meas_level": 2, "meas_return": null, "header": {"qubit_labels": [["q", 0], ["q", 1], ["q", 2], ["q", 3], ["q", 4]], "n_qubits": 5, "qreg_sizes": [["q", 5]], "clbit_labels": [["c", 0], ["c", 1], ["c", 2]], "memory_slots": 3, "creg_sizes": [["c", 3]], "name": "circuit-3019015", "global_phase": 0.0, "metadata": {}}, "data": {"counts": {"0x0": 1706, "0x1": 351, "0x2": 495, "0x3": 123, "0x4": 792, "0x5": 290, "0x6": 249, "0x7": 90}, "snapshots": null, "memory": null, "statevector": null, "unitary": null}}, {"shots": 4096, "success": true, "status": null, "seed": null, "meas_level": 2, "meas_return": null, "header": {"qubit_labels": [["q", 0], ["q", 1], ["q", 2], ["q", 3], ["q", 4]], "n_qubits": 5, "qreg_sizes": [["q", 5]], "clbit_labels": [["c", 0], ["c", 1], ["c", 2]], "memory_slots": 3, "creg_sizes": [["c", 3]], "name": "circuit-3021475", "global_phase": 0.0, "metadata": {}}, "data": {"counts": {"0x0": 617, "0x1": 396, "0x2": 414, "0x3": 585, "0x4": 496, "0x5": 588, "0x6": 638, "0x7": 362}, "snapshots": null, "memory": null, "statevector": null, "unitary": null}}, {"shots": 4096, "success": true, "status": null, "seed": null, "meas_level": 2, "meas_return": null, "header": {"qubit_labels": [["q", 0], ["q", 1], ["q", 2], ["q", 3], ["q", 4]], "n_qubits": 5, "qreg_sizes": [["q", 5]], "clbit_labels": [["c", 0], ["c", 1], ["c", 2]], "memory_slots": 3, "creg_sizes": [["c", 3]], "name": "circuit-3021476", "global_phase": 0.0, "metadata": {}}, "data": {"counts": {"0x0": 1668, "0x1": 487, "0x2": 637, "0x3": 139, "0x4": 634, "0x5": 206, "0x6": 236, "0x7": 89}, "snapshots": null, "memory": null, "statevector": null, "unitary": null}}, {"shots": 4096, "success": true, "status": null, "seed": null, "meas_level": 2, "meas_return": null, "header": {"qubit_labels": [["q", 0], ["q", 1], ["q", 2], ["q", 3], ["q", 4]], "n_qubits": 5, "qreg_sizes": [["q", 5]], "clbit_labels": [["c", 0], ["c", 1], ["c", 2]], "memory_slots": 3, "creg_sizes": [["c", 3]], "name": "circuit-3024114", "global_phase": 0.0, "metadata": {}}, "data": {"counts": {"0x0": 496, "0x1": 593, "0x2": 560, "0x3": 425, "0x4": 681, "0x5": 386, "0x6": 436, "0x7": 519}, "snapshots": null, "memory": null, "statevector": null, "unitary": null}}, {"shots": 4096, "success": true, "status": null, "seed": null, "meas_level": 2, "meas_return": null, "header": {"qubit_labels": [["q", 0], ["q", 1], ["q", 2], ["q", 3], ["q", 4]], "n_qubits": 5, "qreg_sizes": [["q", 5]], "clbit_labels": [["c", 0], ["c", 1], ["c", 2]], "memory_slots": 3, "creg_sizes": [["c", 3]], "name": "circuit-3024115", "global_phase": 0.0, "metadata": {}}, "data": {"counts": {"0x0": 1483, "0x1": 481, "0x2": 535, "0x3": 139, "0x4": 640, "0x5": 459, "0x6": 244, "0x7": 115}, "snapshots": null, "memory": null, "statevector": null, "unitary": null}}, {"shots": 4096, "success": true, "status": null, "seed": null, "meas_level": 2, "meas_return": null, "header": {"qubit_labels": [["q", 0], ["q", 1], ["q", 2], ["q", 3], ["q", 4]], "n_qubits": 5, "qreg_sizes": [["q", 5]], "clbit_labels": [["c", 0], ["c", 1], ["c", 2]], "memory_slots": 3, "creg_sizes": [["c", 3]], "name": "circuit-3026873", "global_phase": 0.0, "metadata": {}}, "data": {"counts": {"0x0": 755, "0x1": 460, "0x2": 501, "0x3": 567, "0x4": 569, "0x5": 357, "0x6": 391, "0x7": 496}, "snapshots": null, "memory": null, "statevector": null, "unitary": null}}, {"shots": 4096, "success": true, "status": null, "seed": null, "meas_level": 2, "meas_return": null, "header": {"qubit_labels": [["q", 0], ["q", 1], ["q", 2], ["q", 3], ["q", 4]], "n_qubits": 5, "qreg_sizes": [["q", 5]], "clbit_labels": [["c", 0], ["c", 1], ["c", 2]], "memory_slots": 3, "creg_sizes": [["c", 3]], "name": "circuit-3026874", "global_phase": 0.0, "metadata": {}}, "data": {"counts": {"0x0": 1356, "0x1": 342, "0x2": 469, "0x3": 126, "0x4": 1011, "0x5": 338, "0x6": 338, "0x7": 116}, "snapshots": null, "memory": null, "statevector": null, "unitary": null}}, {"shots": 4096, "success": true, "status": null, "seed": null, "meas_level": 2, "meas_return": null, "header": {"qubit_labels": [["q", 0], ["q", 1], ["q", 2], ["q", 3], ["q", 4]], "n_qubits": 5, "qreg_sizes": [["q", 5]], "clbit_labels": [["c", 0], ["c", 1], ["c", 2]], "memory_slots": 3, "creg_sizes": [["c", 3]], "name": "circuit-3029738", "global_phase": 0.0, "metadata": {}}, "data": {"counts": {"0x0": 525, "0x1": 855, "0x2": 684, "0x3": 454, "0x4": 404, "0x5": 358, "0x6": 380, "0x7": 436}, "snapshots": null, "memory": null, "statevector": null, "unitary": null}}, {"shots": 4096, "success": true, "status": null, "seed": null, "meas_level": 2, "meas_return": null, "header": {"qubit_labels": [["q", 0], ["q", 1], ["q", 2], ["q", 3], ["q", 4]], "n_qubits": 5, "qreg_sizes": [["q", 5]], "clbit_labels": [["c", 0], ["c", 1], ["c", 2]], "memory_slots": 3, "creg_sizes": [["c", 3]], "name": "circuit-3029739", "global_phase": 0.0, "metadata": {}}, "data": {"counts": {"0x0": 835, "0x1": 312, "0x2": 397, "0x3": 134, "0x4": 1317, "0x5": 336, "0x6": 605, "0x7": 160}, "snapshots": null, "memory": null, "statevector": null, "unitary": null}}, {"shots": 4096, "success": true, "status": null, "seed": null, "meas_level": 2, "meas_return": null, "header": {"qubit_labels": [["q", 0], ["q", 1], ["q", 2], ["q", 3], ["q", 4]], "n_qubits": 5, "qreg_sizes": [["q", 5]], "clbit_labels": [["c", 0], ["c", 1], ["c", 2]], "memory_slots": 3, "creg_sizes": [["c", 3]], "name": "circuit-3032821", "global_phase": 0.0, "metadata": {}}, "data": {"counts": {"0x0": 1087, "0x1": 178, "0x2": 190, "0x3": 949, "0x4": 131, "0x5": 782, "0x6": 698, "0x7": 81}, "snapshots": null, "memory": null, "statevector": null, "unitary": null}}, {"shots": 4096, "success": true, "status": null, "seed": null, "meas_level": 2, "meas_return": null, "header": {"qubit_labels": [["q", 0], ["q", 1], ["q", 2], ["q", 3], ["q", 4]], "n_qubits": 5, "qreg_sizes": [["q", 5]], "clbit_labels": [["c", 0], ["c", 1], ["c", 2]], "memory_slots": 3, "creg_sizes": [["c", 3]], "name": "circuit-3032822", "global_phase": 0.0, "metadata": {}}, "data": {"counts": {"0x0": 3703, "0x1": 89, "0x2": 148, "0x3": 4, "0x4": 94, "0x5": 50, "0x6": 4, "0x7": 4}, "snapshots": null, "memory": null, "statevector": null, "unitary": null}}, {"shots": 4096, "success": true, "status": null, "seed": null, "meas_level": 2, "meas_return": null, "header": {"qubit_labels": [["q", 0], ["q", 1], ["q", 2], ["q", 3], ["q", 4]], "n_qubits": 5, "qreg_sizes": [["q", 5]], "clbit_labels": [["c", 0], ["c", 1], ["c", 2]], "memory_slots": 3, "creg_sizes": [["c", 3]], "name": "circuit-3033172", "global_phase": 0.0, "metadata": {}}, "data": {"counts": {"0x0": 1274, "0x1": 334, "0x2": 377, "0x3": 1072, "0x4": 166, "0x5": 358, "0x6": 354, "0x7": 161}, "snapshots": null, "memory": null, "statevector": null, "unitary": null}}, {"shots": 4096, "success": true, "status": null, "seed": null, "meas_level": 2, "meas_return": null, "header": {"qubit_labels": [["q", 0], ["q", 1], ["q", 2], ["q", 3], ["q", 4]], "n_qubits": 5, "qreg_sizes": [["q", 5]], "clbit_labels": [["c", 0], ["c", 1], ["c", 2]], "memory_slots": 3, "creg_sizes": [["c", 3]], "name": "circuit-3033173", "global_phase": 0.0, "metadata": {}}, "data": {"counts": {"0x0": 3513, "0x1": 151, "0x2": 210, "0x3": 19, "0x4": 158, "0x5": 28, "0x6": 15, "0x7": 2}, "snapshots": null, "memory": null, "statevector": null, "unitary": null}}, {"shots": 4096, "success": true, "status": null, "seed": null, "meas_level": 2, "meas_return": null, "header": {"qubit_labels": [["q", 0], ["q", 1], ["q", 2], ["q", 3], ["q", 4]], "n_qubits": 5, "qreg_sizes": [["q", 5]], "clbit_labels": [["c", 0], ["c", 1], ["c", 2]], "memory_slots": 3, "creg_sizes": [["c", 3]], "name": "circuit-3033688", "global_phase": 0.0, "metadata": {}}, "data": {"counts": {"0x0": 981, "0x1": 342, "0x2": 378, "0x3": 740, "0x4": 607, "0x5": 314, "0x6": 302, "0x7": 432}, "snapshots": null, "memory": null, "statevector": null, "unitary": null}}, {"shots": 4096, "success": true, "status": null, "seed": null, "meas_level": 2, "meas_return": null, "header": {"qubit_labels": [["q", 0], ["q", 1], ["q", 2], ["q", 3], ["q", 4]], "n_qubits": 5, "qreg_sizes": [["q", 5]], "clbit_labels": [["c", 0], ["c", 1], ["c", 2]], "memory_slots": 3, "creg_sizes": [["c", 3]], "name": "circuit-3033689", "global_phase": 0.0, "metadata": {}}, "data": {"counts": {"0x0": 3311, "0x1": 152, "0x2": 241, "0x3": 18, "0x4": 274, "0x5": 63, "0x6": 30, "0x7": 7}, "snapshots": null, "memory": null, "statevector": null, "unitary": null}}, {"shots": 4096, "success": true, "status": null, "seed": null, "meas_level": 2, "meas_return": null, "header": {"qubit_labels": [["q", 0], ["q", 1], ["q", 2], ["q", 3], ["q", 4]], "n_qubits": 5, "qreg_sizes": [["q", 5]], "clbit_labels": [["c", 0], ["c", 1], ["c", 2]], "memory_slots": 3, "creg_sizes": [["c", 3]], "name": "circuit-3034309", "global_phase": 0.0, "metadata": {}}, "data": {"counts": {"0x0": 791, "0x1": 394, "0x2": 314, "0x3": 555, "0x4": 719, "0x5": 318, "0x6": 287, "0x7": 718}, "snapshots": null, "memory": null, "statevector": null, "unitary": null}}, {"shots": 4096, "success": true, "status": null, "seed": null, "meas_level": 2, "meas_return": null, "header": {"qubit_labels": [["q", 0], ["q", 1], ["q", 2], ["q", 3], ["q", 4]], "n_qubits": 5, "qreg_sizes": [["q", 5]], "clbit_labels": [["c", 0], ["c", 1], ["c", 2]], "memory_slots": 3, "creg_sizes": [["c", 3]], "name": "circuit-3034310", "global_phase": 0.0, "metadata": {}}, "data": {"counts": {"0x0": 2750, "0x1": 195, "0x2": 245, "0x3": 17, "0x4": 671, "0x5": 150, "0x6": 59, "0x7": 9}, "snapshots": null, "memory": null, "statevector": null, "unitary": null}}, {"shots": 4096, "success": true, "status": null, "seed": null, "meas_level": 2, "meas_return": null, "header": {"qubit_labels": [["q", 0], ["q", 1], ["q", 2], ["q", 3], ["q", 4]], "n_qubits": 5, "qreg_sizes": [["q", 5]], "clbit_labels": [["c", 0], ["c", 1], ["c", 2]], "memory_slots": 3, "creg_sizes": [["c", 3]], "name": "circuit-3035074", "global_phase": 0.0, "metadata": {}}, "data": {"counts": {"0x0": 659, "0x1": 540, "0x2": 551, "0x3": 406, "0x4": 749, "0x5": 355, "0x6": 285, "0x7": 551}, "snapshots": null, "memory": null, "statevector": null, "unitary": null}}, {"shots": 4096, "success": true, "status": null, "seed": null, "meas_level": 2, "meas_return": null, "header": {"qubit_labels": [["q", 0], ["q", 1], ["q", 2], ["q", 3], ["q", 4]], "n_qubits": 5, "qreg_sizes": [["q", 5]], "clbit_labels": [["c", 0], ["c", 1], ["c", 2]], "memory_slots": 3, "creg_sizes": [["c", 3]], "name": "circuit-3035075", "global_phase": 0.0, "metadata": {}}, "data": {"counts": {"0x0": 2946, "0x1": 250, "0x2": 325, "0x3": 34, "0x4": 407, "0x5": 80, "0x6": 42, "0x7": 12}, "snapshots": null, "memory": null, "statevector": null, "unitary": null}}, {"shots": 4096, "success": true, "status": null, "seed": null, "meas_level": 2, "meas_return": null, "header": {"qubit_labels": [["q", 0], ["q", 1], ["q", 2], ["q", 3], ["q", 4]], "n_qubits": 5, "qreg_sizes": [["q", 5]], "clbit_labels": [["c", 0], ["c", 1], ["c", 2]], "memory_slots": 3, "creg_sizes": [["c", 3]], "name": "circuit-3036016", "global_phase": 0.0, "metadata": {}}, "data": {"counts": {"0x0": 329, "0x1": 657, "0x2": 671, "0x3": 233, "0x4": 893, "0x5": 358, "0x6": 382, "0x7": 573}, "snapshots": null, "memory": null, "statevector": null, "unitary": null}}, {"shots": 4096, "success": true, "status": null, "seed": null, "meas_level": 2, "meas_return": null, "header": {"qubit_labels": [["q", 0], ["q", 1], ["q", 2], ["q", 3], ["q", 4]], "n_qubits": 5, "qreg_sizes": [["q", 5]], "clbit_labels": [["c", 0], ["c", 1], ["c", 2]], "memory_slots": 3, "creg_sizes": [["c", 3]], "name": "circuit-3036017", "global_phase": 0.0, "metadata": {}}, "data": {"counts": {"0x0": 2467, "0x1": 332, "0x2": 365, "0x3": 44, "0x4": 623, "0x5": 155, "0x6": 91, "0x7": 19}, "snapshots": null, "memory": null, "statevector": null, "unitary": null}}, {"shots": 4096, "success": true, "status": null, "seed": null, "meas_level": 2, "meas_return": null, "header": {"qubit_labels": [["q", 0], ["q", 1], ["q", 2], ["q", 3], ["q", 4]], "n_qubits": 5, "qreg_sizes": [["q", 5]], "clbit_labels": [["c", 0], ["c", 1], ["c", 2]], "memory_slots": 3, "creg_sizes": [["c", 3]], "name": "circuit-3037106", "global_phase": 0.0, "metadata": {}}, "data": {"counts": {"0x0": 329, "0x1": 736, "0x2": 515, "0x3": 299, "0x4": 870, "0x5": 263, "0x6": 302, "0x7": 782}, "snapshots": null, "memory": null, "statevector": null, "unitary": null}}, {"shots": 4096, "success": true, "status": null, "seed": null, "meas_level": 2, "meas_return": null, "header": {"qubit_labels": [["q", 0], ["q", 1], ["q", 2], ["q", 3], ["q", 4]], "n_qubits": 5, "qreg_sizes": [["q", 5]], "clbit_labels": [["c", 0], ["c", 1], ["c", 2]], "memory_slots": 3, "creg_sizes": [["c", 3]], "name": "circuit-3037107", "global_phase": 0.0, "metadata": {}}, "data": {"counts": {"0x0": 2090, "0x1": 355, "0x2": 282, "0x3": 70, "0x4": 962, "0x5": 155, "0x6": 152, "0x7": 30}, "snapshots": null, "memory": null, "statevector": null, "unitary": null}}, {"shots": 4096, "success": true, "status": null, "seed": null, "meas_level": 2, "meas_return": null, "header": {"qubit_labels": [["q", 0], ["q", 1], ["q", 2], ["q", 3], ["q", 4]], "n_qubits": 5, "qreg_sizes": [["q", 5]], "clbit_labels": [["c", 0], ["c", 1], ["c", 2]], "memory_slots": 3, "creg_sizes": [["c", 3]], "name": "circuit-3038330", "global_phase": 0.0, "metadata": {}}, "data": {"counts": {"0x0": 351, "0x1": 690, "0x2": 668, "0x3": 263, "0x4": 785, "0x5": 272, "0x6": 365, "0x7": 702}, "snapshots": null, "memory": null, "statevector": null, "unitary": null}}, {"shots": 4096, "success": true, "status": null, "seed": null, "meas_level": 2, "meas_return": null, "header": {"qubit_labels": [["q", 0], ["q", 1], ["q", 2], ["q", 3], ["q", 4]], "n_qubits": 5, "qreg_sizes": [["q", 5]], "clbit_labels": [["c", 0], ["c", 1], ["c", 2]], "memory_slots": 3, "creg_sizes": [["c", 3]], "name": "circuit-3038331", "global_phase": 0.0, "metadata": {}}, "data": {"counts": {"0x0": 2671, "0x1": 359, "0x2": 481, "0x3": 78, "0x4": 310, "0x5": 115, "0x6": 52, "0x7": 30}, "snapshots": null, "memory": null, "statevector": null, "unitary": null}}, {"shots": 4096, "success": true, "status": null, "seed": null, "meas_level": 2, "meas_return": null, "header": {"qubit_labels": [["q", 0], ["q", 1], ["q", 2], ["q", 3], ["q", 4]], "n_qubits": 5, "qreg_sizes": [["q", 5]], "clbit_labels": [["c", 0], ["c", 1], ["c", 2]], "memory_slots": 3, "creg_sizes": [["c", 3]], "name": "circuit-3039706", "global_phase": 0.0, "metadata": {}}, "data": {"counts": {"0x0": 412, "0x1": 622, "0x2": 645, "0x3": 328, "0x4": 816, "0x5": 344, "0x6": 369, "0x7": 560}, "snapshots": null, "memory": null, "statevector": null, "unitary": null}}, {"shots": 4096, "success": true, "status": null, "seed": null, "meas_level": 2, "meas_return": null, "header": {"qubit_labels": [["q", 0], ["q", 1], ["q", 2], ["q", 3], ["q", 4]], "n_qubits": 5, "qreg_sizes": [["q", 5]], "clbit_labels": [["c", 0], ["c", 1], ["c", 2]], "memory_slots": 3, "creg_sizes": [["c", 3]], "name": "circuit-3039707", "global_phase": 0.0, "metadata": {}}, "data": {"counts": {"0x0": 2605, "0x1": 308, "0x2": 416, "0x3": 46, "0x4": 408, "0x5": 170, "0x6": 99, "0x7": 44}, "snapshots": null, "memory": null, "statevector": null, "unitary": null}}, {"shots": 4096, "success": true, "status": null, "seed": null, "meas_level": 2, "meas_return": null, "header": {"qubit_labels": [["q", 0], ["q", 1], ["q", 2], ["q", 3], ["q", 4]], "n_qubits": 5, "qreg_sizes": [["q", 5]], "clbit_labels": [["c", 0], ["c", 1], ["c", 2]], "memory_slots": 3, "creg_sizes": [["c", 3]], "name": "circuit-3041183", "global_phase": 0.0, "metadata": {}}, "data": {"counts": {"0x0": 509, "0x1": 703, "0x2": 486, "0x3": 483, "0x4": 759, "0x5": 340, "0x6": 335, "0x7": 481}, "snapshots": null, "memory": null, "statevector": null, "unitary": null}}, {"shots": 4096, "success": true, "status": null, "seed": null, "meas_level": 2, "meas_return": null, "header": {"qubit_labels": [["q", 0], ["q", 1], ["q", 2], ["q", 3], ["q", 4]], "n_qubits": 5, "qreg_sizes": [["q", 5]], "clbit_labels": [["c", 0], ["c", 1], ["c", 2]], "memory_slots": 3, "creg_sizes": [["c", 3]], "name": "circuit-3041184", "global_phase": 0.0, "metadata": {}}, "data": {"counts": {"0x0": 2346, "0x1": 464, "0x2": 477, "0x3": 111, "0x4": 432, "0x5": 148, "0x6": 77, "0x7": 41}, "snapshots": null, "memory": null, "statevector": null, "unitary": null}}], "error": null}